
-- Country
INSERT INTO COUNTRY (ID, ISO_CODE, NAME) VALUES( 1, 'BE', 'Belgium' );
INSERT INTO COUNTRY (ID, ISO_CODE, NAME) VALUES( 2, 'FR', 'France' );
INSERT INTO COUNTRY (ID, ISO_CODE, NAME) VALUES( 3, 'IT', 'Italy' );

-- Customer
INSERT INTO CUSTOMER (ID, USERNAME, PASSWORD, LAST_NAME, FIRST_NAME, BIRTHDAY, COUNTRY_ID, CREATED_ON, UPDATED_ON)
VALUES (1, 'Anthony', 'dummy', 'Feron', 'Anthony', TO_DATE('1983-01-01', 'YYYY-MM-DD'), 1 /*BE*/, LOCALTIMESTAMP, LOCALTIMESTAMP);

INSERT INTO CUSTOMER (ID, USERNAME, PASSWORD, LAST_NAME, FIRST_NAME, BIRTHDAY, COUNTRY_ID, CREATED_ON, UPDATED_ON)
VALUES (2, 'Hercule', 'poo', 'Poirot', 'Hercule', TO_DATE('1920-10-01', 'YYYY-MM-DD'), 1 /*BE*/, LOCALTIMESTAMP, LOCALTIMESTAMP);

INSERT INTO CUSTOMER (ID, USERNAME, PASSWORD, LAST_NAME, FIRST_NAME, BIRTHDAY, COUNTRY_ID, CREATED_ON, UPDATED_ON)
VALUES (3, 'Elon', 'Awe$omePa$$w0rd', 'Musk', 'Elon', TO_DATE('1971-06-28', 'YYYY-MM-DD'), 1 /*BE*/, LOCALTIMESTAMP, LOCALTIMESTAMP);

INSERT INTO CUSTOMER (ID, USERNAME, PASSWORD, LAST_NAME, FIRST_NAME, BIRTHDAY, COUNTRY_ID, CREATED_ON, UPDATED_ON)
VALUES (4, 'John', 'villadeste', 'Smith', 'John', TO_DATE('1945-07-15', 'YYYY-MM-DD'), 1 /*BE*/, LOCALTIMESTAMP, LOCALTIMESTAMP);

INSERT INTO CUSTOMER (ID, USERNAME, PASSWORD, LAST_NAME, FIRST_NAME, BIRTHDAY, COUNTRY_ID, CREATED_ON, UPDATED_ON)
VALUES (5, 'Joe', 'anonymous', 'Tiger', 'Joe', TO_DATE('1966-06-06', 'YYYY-MM-DD'), 1 /*BE*/, DATE_SUB(LOCALTIMESTAMP, INTERVAL 90 DAY), DATE_SUB(LOCALTIMESTAMP, INTERVAL 70 DAY));

-- Customer Address

INSERT INTO CUST_ADDRESS (ID, CUSTOMER_ID, STREET, STREET_NBR, CITY, ZIP_CODE, COUNTRY_ID, PHONE, MOBILE, TYPE)
VALUES (1, 1, 'Place du Champs de Mars', '5', 'Ixelles', '1050', 1 /*BE*/, NULL, '0470/27.71.83', 'INVOICE');

INSERT INTO CUST_ADDRESS (ID, CUSTOMER_ID, STREET, STREET_NBR, CITY, ZIP_CODE, COUNTRY_ID, PHONE, MOBILE, TYPE)
VALUES (2, 2, 'Avenue Louise', '15', 'Bruxelles', '1000', 1 /*BE*/, NULL, NULL, 'INVOICE');

INSERT INTO CUST_ADDRESS (ID, CUSTOMER_ID, STREET, STREET_NBR, CITY, ZIP_CODE, COUNTRY_ID, PHONE, MOBILE, TYPE)
VALUES (3, 3, 'Grand Place', '1', 'Bruxelles', '1000', 1 /*BE*/, NULL, NULL, 'DELIVERY');

INSERT INTO CUST_ADDRESS (ID, CUSTOMER_ID, STREET, STREET_NBR, CITY, ZIP_CODE, COUNTRY_ID, PHONE, MOBILE, TYPE)
VALUES (4, 4, 'Rue de Nazareth', '2', 'Ath', '7800', 1 /*BE*/, NULL, NULL, 'DELIVERY');

INSERT INTO CUST_ADDRESS (ID, CUSTOMER_ID, STREET, STREET_NBR, CITY, ZIP_CODE, COUNTRY_ID, PHONE, MOBILE, TYPE)
VALUES (5, 5, 'Rue Sainte-Louise', '82', 'Hornu', '7301', 1 /*BE*/, NULL, NULL, 'INVOICE');

-- Customer Payment

INSERT INTO CUST_PAYMENT(ID, CUSTOMER_ID, PROVIDER, ACCOUNT_NBR, EXPIRATION_DATE)
VALUES (1, 1, 'VISA', '1234 5678 9012 3456', TO_DATE('2023-12', 'YYYY-MM'));

INSERT INTO CUST_PAYMENT(ID, CUSTOMER_ID, PROVIDER, ACCOUNT_NBR, EXPIRATION_DATE)
VALUES (2, 2, 'MASTERCARD', '0000 5678 9012 3456', TO_DATE('2024-11', 'YYYY-MM'));

INSERT INTO CUST_PAYMENT(ID, CUSTOMER_ID, PROVIDER, ACCOUNT_NBR, EXPIRATION_DATE)
VALUES (3, 3, 'PAYPAL', '5555 5678 9012 3456', TO_DATE('2022-10', 'YYYY-MM'));

INSERT INTO CUST_PAYMENT(ID, CUSTOMER_ID, PROVIDER, ACCOUNT_NBR, EXPIRATION_DATE)
VALUES (4, 4, 'CRYPTO', '9999 9999 9999 9999', TO_DATE('2030-6', 'YYYY-MM'));

INSERT INTO CUST_PAYMENT(ID, CUSTOMER_ID, PROVIDER, ACCOUNT_NBR, EXPIRATION_DATE)
VALUES (5, 5, 'ICARD', '3333 5678 9012 3456', TO_DATE('2027-07', 'YYYY-MM'));


-- Product Category

INSERT INTO PRODUCT_CATEGORY(ID, NAME, DESCRIPTION, CREATED_ON, UPDATED_ON)
VALUES (1, 'Monitor', 'This the Monitor category''s description', LOCALTIMESTAMP, LOCALTIMESTAMP);

INSERT INTO PRODUCT_CATEGORY(ID, NAME, DESCRIPTION, CREATED_ON, UPDATED_ON)
VALUES (2, 'Keyboard', 'This the Keyboard category''s description', LOCALTIMESTAMP, LOCALTIMESTAMP);

INSERT INTO PRODUCT_CATEGORY(ID, NAME, DESCRIPTION, CREATED_ON, UPDATED_ON)
VALUES (3, 'Laptop', 'This the Laptop category''s description', LOCALTIMESTAMP, LOCALTIMESTAMP);

INSERT INTO PRODUCT_CATEGORY(ID, NAME, DESCRIPTION, CREATED_ON, UPDATED_ON)
VALUES (4, 'Printer', 'This the Printer category''s description', LOCALTIMESTAMP, LOCALTIMESTAMP);

INSERT INTO PRODUCT_CATEGORY(ID, NAME, DESCRIPTION, CREATED_ON, UPDATED_ON)
VALUES (5, 'Tablet', 'This the Tablet category''s description', DATE_SUB(LOCALTIMESTAMP, INTERVAL 45 DAY), DATE_SUB(LOCALTIMESTAMP, INTERVAL 45 DAY));


-- Product Inventory
INSERT INTO PRODUCT_INVENTORY (ID, QUANTITY, CREATED_ON, UPDATED_ON) VALUES (1, 1, LOCALTIMESTAMP, LOCALTIMESTAMP);
INSERT INTO PRODUCT_INVENTORY (ID, QUANTITY, CREATED_ON, UPDATED_ON) VALUES (2, 21, LOCALTIMESTAMP, LOCALTIMESTAMP);
INSERT INTO PRODUCT_INVENTORY (ID, QUANTITY, CREATED_ON, UPDATED_ON) VALUES (3, 31, LOCALTIMESTAMP, LOCALTIMESTAMP);
INSERT INTO PRODUCT_INVENTORY (ID, QUANTITY, CREATED_ON, UPDATED_ON) VALUES (4, 41, LOCALTIMESTAMP, LOCALTIMESTAMP);
INSERT INTO PRODUCT_INVENTORY (ID, QUANTITY, CREATED_ON, UPDATED_ON) VALUES (5, 51, LOCALTIMESTAMP, LOCALTIMESTAMP);
INSERT INTO PRODUCT_INVENTORY (ID, QUANTITY, CREATED_ON, UPDATED_ON) VALUES (6, 61, LOCALTIMESTAMP, LOCALTIMESTAMP);
INSERT INTO PRODUCT_INVENTORY (ID, QUANTITY, CREATED_ON, UPDATED_ON) VALUES (7, 71, LOCALTIMESTAMP, LOCALTIMESTAMP);
INSERT INTO PRODUCT_INVENTORY (ID, QUANTITY, CREATED_ON, UPDATED_ON) VALUES (8, 81, LOCALTIMESTAMP, LOCALTIMESTAMP);
INSERT INTO PRODUCT_INVENTORY (ID, QUANTITY, CREATED_ON, UPDATED_ON) VALUES (9, 0, LOCALTIMESTAMP, LOCALTIMESTAMP);
INSERT INTO PRODUCT_INVENTORY (ID, QUANTITY, CREATED_ON, UPDATED_ON) VALUES (10, 3, LOCALTIMESTAMP, LOCALTIMESTAMP);

-- Product

INSERT INTO PRODUCT(ID, NAME, DESCRIPTION, PRICE, SKU, STATUS, CATEGORY_ID, INVENTORY_ID, CREATED_ON, UPDATED_ON)
VALUES (1, 'Samsung LS24R650', 'Samsung LS24R650 description', 179.0, 'LS24R650', 'PUBLISHED', 1, 1, LOCALTIMESTAMP, LOCALTIMESTAMP);

INSERT INTO PRODUCT(ID, NAME, DESCRIPTION, PRICE, SKU, STATUS, CATEGORY_ID, INVENTORY_ID, CREATED_ON, UPDATED_ON)
VALUES (2, 'Philips 346E2CUAE/00', 'Philips 346E2CUAE/00 description', 449.0, '346E2CUAE/00', 'PUBLISHED', 1, 2, LOCALTIMESTAMP, LOCALTIMESTAMP);

INSERT INTO PRODUCT(ID, NAME, DESCRIPTION, PRICE, SKU, STATUS, CATEGORY_ID, INVENTORY_ID, CREATED_ON, UPDATED_ON)
VALUES (3, 'LG UltraWide 34WP65C', 'LG UltraWide 34WP65C description', 374.0, '34WP65C', 'PUBLISHED', 1, 3, LOCALTIMESTAMP, LOCALTIMESTAMP);


INSERT INTO PRODUCT(ID, NAME, DESCRIPTION, PRICE, SKU, STATUS, CATEGORY_ID, INVENTORY_ID, CREATED_ON, UPDATED_ON)
VALUES (4, 'HP Pavilion Clavier Sans Fil 600 AZERTY', 'HP Pavilion Clavier Sans Fil 600 AZERTY description', 69.99, 'HP600AZERTY', 'PUBLISHED', 2, 4, LOCALTIMESTAMP, LOCALTIMESTAMP);

INSERT INTO PRODUCT(ID, NAME, DESCRIPTION, PRICE, SKU, STATUS, CATEGORY_ID, INVENTORY_ID, CREATED_ON, UPDATED_ON)
VALUES (5, 'Apple Magic Keyboard avec Pavé Numérique et Touch ID AZERTY', 'Apple Magic Keyboard avec Pavé Numérique et Touch ID AZERTY description', 176.0, 'AppleMKAZERTY', 'PUBLISHED', 2, 5, LOCALTIMESTAMP, LOCALTIMESTAMP);

INSERT INTO PRODUCT(ID, NAME, DESCRIPTION, PRICE, SKU, STATUS, CATEGORY_ID, INVENTORY_ID, CREATED_ON, UPDATED_ON)
VALUES (6, 'Lenovo IdeaPad 3', 'Lenovo IdeaPad 3 description', 714.0, '81WE0160MB', 'PUBLISHED', 3, 6, LOCALTIMESTAMP, LOCALTIMESTAMP);

INSERT INTO PRODUCT(ID, NAME, DESCRIPTION, PRICE, SKU, STATUS, CATEGORY_ID, INVENTORY_ID, CREATED_ON, UPDATED_ON)
VALUES (7, 'HP Pavilion 15', 'HP Pavilion 15 description', 899.0, 'eg1037nb', 'PUBLISHED', 3, 7, LOCALTIMESTAMP, LOCALTIMESTAMP);

INSERT INTO PRODUCT(ID, NAME, DESCRIPTION, PRICE, SKU, STATUS, CATEGORY_ID, INVENTORY_ID, CREATED_ON, UPDATED_ON)
VALUES (8, 'Apple MacBook Pro 14" M1 Pro', 'Apple MacBook Pro 14" M1 Pro description', 3209.0, 'M1ProSideral', 'PUBLISHED', 3, 8, LOCALTIMESTAMP, LOCALTIMESTAMP);

INSERT INTO PRODUCT(ID, NAME, DESCRIPTION, PRICE, SKU, STATUS, CATEGORY_ID, INVENTORY_ID, CREATED_ON, UPDATED_ON)
VALUES (9, 'Acer Aspire XC-1760', 'Acer Aspire XC-1760 description', 549.0, 'I5408', 'OUT_OF_CATALOG', 4, 9, LOCALTIMESTAMP, LOCALTIMESTAMP);

INSERT INTO PRODUCT(ID, NAME, DESCRIPTION, PRICE, SKU, STATUS, CATEGORY_ID, INVENTORY_ID, CREATED_ON, UPDATED_ON)
VALUES (10, 'Lenovo Legion T5', 'Lenovo Legion T5 description', 1499.0, '90RC019TMH', 'DRAFT', 4, 10, LOCALTIMESTAMP, LOCALTIMESTAMP);

-- Payment Details

INSERT INTO PAYMENT_DETAIL(ID, AMOUNT, PROVIDER, PROVIDER_PAYMENT_UUID)
VALUES (1, 179.0, 'VISA', '1423641cdfv');

INSERT INTO PAYMENT_DETAIL(ID, AMOUNT, PROVIDER, PROVIDER_PAYMENT_UUID)
VALUES (2, 540.0, 'VISA', '4152489vfbg');

INSERT INTO PAYMENT_DETAIL(ID, AMOUNT, PROVIDER, PROVIDER_PAYMENT_UUID)
VALUES (3, 3000.0, 'MASTERCARD', 'cdvfbgnh785');

-- Orders

INSERT INTO ORDERS (ID, CUST_ID, PAYMENT_ID, STATUS, AMOUNT, CREATED_ON, UPDATED_ON)
VALUES (1, 1, 1, 'DELIVERED', 179.0, LOCALTIMESTAMP, LOCALTIMESTAMP);

INSERT INTO ORDERS (ID, CUST_ID, PAYMENT_ID, STATUS, AMOUNT, CREATED_ON, UPDATED_ON)
VALUES (2, 1, 2, 'DELIVERED', 540, LOCALTIMESTAMP, LOCALTIMESTAMP);

INSERT INTO ORDERS (ID, CUST_ID, PAYMENT_ID, STATUS, AMOUNT, CREATED_ON, UPDATED_ON)
VALUES (3, 2, 3, 'DELIVERED', 3000, LOCALTIMESTAMP, LOCALTIMESTAMP);

-- Order Items

INSERT INTO ORDER_ITEM (ID, ORDER_ID, PRODUCT_ID, QUANTITY)
VALUES (1, 1, 1, 1);

INSERT INTO ORDER_ITEM (ID, ORDER_ID, PRODUCT_ID, QUANTITY)
VALUES (2, 2, 9, 1);

INSERT INTO ORDER_ITEM (ID, ORDER_ID, PRODUCT_ID, QUANTITY)
VALUES (3, 3, 6, 1);
INSERT INTO ORDER_ITEM (ID, ORDER_ID, PRODUCT_ID, QUANTITY)
VALUES (4, 3, 9, 2);
INSERT INTO ORDER_ITEM (ID, ORDER_ID, PRODUCT_ID, QUANTITY)
VALUES (5, 3, 10, 1);

--
--    CUSTOMER 777
--
INSERT INTO CUSTOMER (ID, USERNAME, PASSWORD, LAST_NAME, FIRST_NAME, BIRTHDAY, COUNTRY_ID, CREATED_ON, UPDATED_ON)
VALUES (777, 'jackpot', 'dummy', 'Mister', 'Casino', TO_DATE('2000-01-01', 'YYYY-MM-DD'), 1 /*BE*/, LOCALTIMESTAMP, LOCALTIMESTAMP);

-- ####################################
-- CATEGORY
-- ####################################
INSERT INTO PRODUCT_CATEGORY(ID, NAME, DESCRIPTION, CREATED_ON, UPDATED_ON)
VALUES (11, 'Category A', 'This the Category A category''s description', LOCALTIMESTAMP, LOCALTIMESTAMP);
INSERT INTO PRODUCT_CATEGORY(ID, NAME, DESCRIPTION, CREATED_ON, UPDATED_ON)
VALUES (12, 'Category B', 'This the Category B category''s description', LOCALTIMESTAMP, LOCALTIMESTAMP);
INSERT INTO PRODUCT_CATEGORY(ID, NAME, DESCRIPTION, CREATED_ON, UPDATED_ON)
VALUES (13, 'Category C', 'This the Category C category''s description', LOCALTIMESTAMP, LOCALTIMESTAMP);
INSERT INTO PRODUCT_CATEGORY(ID, NAME, DESCRIPTION, CREATED_ON, UPDATED_ON)
VALUES (14, 'Category D', 'This the Category D category''s description', LOCALTIMESTAMP, LOCALTIMESTAMP);
INSERT INTO PRODUCT_CATEGORY(ID, NAME, DESCRIPTION, CREATED_ON, UPDATED_ON)
VALUES (15, 'Category E', 'This the Category E category''s description', LOCALTIMESTAMP, LOCALTIMESTAMP);
INSERT INTO PRODUCT_CATEGORY(ID, NAME, DESCRIPTION, CREATED_ON, UPDATED_ON)
VALUES (16, 'Category F', 'This the Category F category''s description', LOCALTIMESTAMP, LOCALTIMESTAMP);
INSERT INTO PRODUCT_CATEGORY(ID, NAME, DESCRIPTION, CREATED_ON, UPDATED_ON)
VALUES (17, 'Category G', 'This the Category G category''s description', LOCALTIMESTAMP, LOCALTIMESTAMP);
INSERT INTO PRODUCT_CATEGORY(ID, NAME, DESCRIPTION, CREATED_ON, UPDATED_ON)
VALUES (18, 'Category H', 'This the Category H category''s description', LOCALTIMESTAMP, LOCALTIMESTAMP);
INSERT INTO PRODUCT_CATEGORY(ID, NAME, DESCRIPTION, CREATED_ON, UPDATED_ON)
VALUES (19, 'Category I', 'This the Category I category''s description', LOCALTIMESTAMP, LOCALTIMESTAMP);
INSERT INTO PRODUCT_CATEGORY(ID, NAME, DESCRIPTION, CREATED_ON, UPDATED_ON)
VALUES (20, 'Category J', 'This the Category J category''s description', LOCALTIMESTAMP, LOCALTIMESTAMP);
INSERT INTO PRODUCT_CATEGORY(ID, NAME, DESCRIPTION, CREATED_ON, UPDATED_ON)
VALUES (21, 'Category K', 'This the Category K category''s description', LOCALTIMESTAMP, LOCALTIMESTAMP);
INSERT INTO PRODUCT_CATEGORY(ID, NAME, DESCRIPTION, CREATED_ON, UPDATED_ON)
VALUES (22, 'Category L', 'This the Category L category''s description', LOCALTIMESTAMP, LOCALTIMESTAMP);
INSERT INTO PRODUCT_CATEGORY(ID, NAME, DESCRIPTION, CREATED_ON, UPDATED_ON)
VALUES (23, 'Category M', 'This the Category M category''s description', LOCALTIMESTAMP, LOCALTIMESTAMP);
INSERT INTO PRODUCT_CATEGORY(ID, NAME, DESCRIPTION, CREATED_ON, UPDATED_ON)
VALUES (24, 'Category N', 'This the Category N category''s description', LOCALTIMESTAMP, LOCALTIMESTAMP);
INSERT INTO PRODUCT_CATEGORY(ID, NAME, DESCRIPTION, CREATED_ON, UPDATED_ON)
VALUES (25, 'Category O', 'This the Category O category''s description', LOCALTIMESTAMP, LOCALTIMESTAMP);
INSERT INTO PRODUCT_CATEGORY(ID, NAME, DESCRIPTION, CREATED_ON, UPDATED_ON)
VALUES (26, 'Category P', 'This the Category P category''s description', LOCALTIMESTAMP, LOCALTIMESTAMP);
INSERT INTO PRODUCT_CATEGORY(ID, NAME, DESCRIPTION, CREATED_ON, UPDATED_ON)
VALUES (27, 'Category Q', 'This the Category Q category''s description', LOCALTIMESTAMP, LOCALTIMESTAMP);
INSERT INTO PRODUCT_CATEGORY(ID, NAME, DESCRIPTION, CREATED_ON, UPDATED_ON)
VALUES (28, 'Category R', 'This the Category R category''s description', LOCALTIMESTAMP, LOCALTIMESTAMP);
INSERT INTO PRODUCT_CATEGORY(ID, NAME, DESCRIPTION, CREATED_ON, UPDATED_ON)
VALUES (29, 'Category S', 'This the Category S category''s description', LOCALTIMESTAMP, LOCALTIMESTAMP);
INSERT INTO PRODUCT_CATEGORY(ID, NAME, DESCRIPTION, CREATED_ON, UPDATED_ON)
VALUES (30, 'Category T', 'This the Category T category''s description', LOCALTIMESTAMP, LOCALTIMESTAMP);
INSERT INTO PRODUCT_CATEGORY(ID, NAME, DESCRIPTION, CREATED_ON, UPDATED_ON)
VALUES (31, 'Category U', 'This the Category U category''s description', LOCALTIMESTAMP, LOCALTIMESTAMP);
INSERT INTO PRODUCT_CATEGORY(ID, NAME, DESCRIPTION, CREATED_ON, UPDATED_ON)
VALUES (32, 'Category V', 'This the Category V category''s description', LOCALTIMESTAMP, LOCALTIMESTAMP);
INSERT INTO PRODUCT_CATEGORY(ID, NAME, DESCRIPTION, CREATED_ON, UPDATED_ON)
VALUES (33, 'Category W', 'This the Category W category''s description', LOCALTIMESTAMP, LOCALTIMESTAMP);
INSERT INTO PRODUCT_CATEGORY(ID, NAME, DESCRIPTION, CREATED_ON, UPDATED_ON)
VALUES (34, 'Category X', 'This the Category X category''s description', LOCALTIMESTAMP, LOCALTIMESTAMP);
INSERT INTO PRODUCT_CATEGORY(ID, NAME, DESCRIPTION, CREATED_ON, UPDATED_ON)
VALUES (35, 'Category Y', 'This the Category Y category''s description', LOCALTIMESTAMP, LOCALTIMESTAMP);
INSERT INTO PRODUCT_CATEGORY(ID, NAME, DESCRIPTION, CREATED_ON, UPDATED_ON)
VALUES (36, 'Category AZ', 'This the Category AZ category''s description', LOCALTIMESTAMP, LOCALTIMESTAMP);
INSERT INTO PRODUCT_CATEGORY(ID, NAME, DESCRIPTION, CREATED_ON, UPDATED_ON)
VALUES (37, 'Category AA', 'This the Category AA category''s description', LOCALTIMESTAMP, LOCALTIMESTAMP);
INSERT INTO PRODUCT_CATEGORY(ID, NAME, DESCRIPTION, CREATED_ON, UPDATED_ON)
VALUES (38, 'Category AB', 'This the Category AB category''s description', LOCALTIMESTAMP, LOCALTIMESTAMP);
INSERT INTO PRODUCT_CATEGORY(ID, NAME, DESCRIPTION, CREATED_ON, UPDATED_ON)
VALUES (39, 'Category AC', 'This the Category AC category''s description', LOCALTIMESTAMP, LOCALTIMESTAMP);
INSERT INTO PRODUCT_CATEGORY(ID, NAME, DESCRIPTION, CREATED_ON, UPDATED_ON)
VALUES (40, 'Category AD', 'This the Category AD category''s description', LOCALTIMESTAMP, LOCALTIMESTAMP);
INSERT INTO PRODUCT_CATEGORY(ID, NAME, DESCRIPTION, CREATED_ON, UPDATED_ON)
VALUES (41, 'Category AE', 'This the Category AE category''s description', LOCALTIMESTAMP, LOCALTIMESTAMP);
INSERT INTO PRODUCT_CATEGORY(ID, NAME, DESCRIPTION, CREATED_ON, UPDATED_ON)
VALUES (42, 'Category AF', 'This the Category AF category''s description', LOCALTIMESTAMP, LOCALTIMESTAMP);
INSERT INTO PRODUCT_CATEGORY(ID, NAME, DESCRIPTION, CREATED_ON, UPDATED_ON)
VALUES (43, 'Category AG', 'This the Category AG category''s description', LOCALTIMESTAMP, LOCALTIMESTAMP);
INSERT INTO PRODUCT_CATEGORY(ID, NAME, DESCRIPTION, CREATED_ON, UPDATED_ON)
VALUES (44, 'Category AH', 'This the Category AH category''s description', LOCALTIMESTAMP, LOCALTIMESTAMP);
INSERT INTO PRODUCT_CATEGORY(ID, NAME, DESCRIPTION, CREATED_ON, UPDATED_ON)
VALUES (45, 'Category AI', 'This the Category AI category''s description', LOCALTIMESTAMP, LOCALTIMESTAMP);
INSERT INTO PRODUCT_CATEGORY(ID, NAME, DESCRIPTION, CREATED_ON, UPDATED_ON)
VALUES (46, 'Category AJ', 'This the Category AJ category''s description', LOCALTIMESTAMP, LOCALTIMESTAMP);
INSERT INTO PRODUCT_CATEGORY(ID, NAME, DESCRIPTION, CREATED_ON, UPDATED_ON)
VALUES (47, 'Category AK', 'This the Category AK category''s description', LOCALTIMESTAMP, LOCALTIMESTAMP);
INSERT INTO PRODUCT_CATEGORY(ID, NAME, DESCRIPTION, CREATED_ON, UPDATED_ON)
VALUES (48, 'Category AL', 'This the Category AL category''s description', LOCALTIMESTAMP, LOCALTIMESTAMP);
INSERT INTO PRODUCT_CATEGORY(ID, NAME, DESCRIPTION, CREATED_ON, UPDATED_ON)
VALUES (49, 'Category AM', 'This the Category AM category''s description', LOCALTIMESTAMP, LOCALTIMESTAMP);
INSERT INTO PRODUCT_CATEGORY(ID, NAME, DESCRIPTION, CREATED_ON, UPDATED_ON)
VALUES (50, 'Category AN', 'This the Category AN category''s description', LOCALTIMESTAMP, LOCALTIMESTAMP);
INSERT INTO PRODUCT_CATEGORY(ID, NAME, DESCRIPTION, CREATED_ON, UPDATED_ON)
VALUES (51, 'Category AO', 'This the Category AO category''s description', LOCALTIMESTAMP, LOCALTIMESTAMP);
INSERT INTO PRODUCT_CATEGORY(ID, NAME, DESCRIPTION, CREATED_ON, UPDATED_ON)
VALUES (52, 'Category AP', 'This the Category AP category''s description', LOCALTIMESTAMP, LOCALTIMESTAMP);
INSERT INTO PRODUCT_CATEGORY(ID, NAME, DESCRIPTION, CREATED_ON, UPDATED_ON)
VALUES (53, 'Category AQ', 'This the Category AQ category''s description', LOCALTIMESTAMP, LOCALTIMESTAMP);
INSERT INTO PRODUCT_CATEGORY(ID, NAME, DESCRIPTION, CREATED_ON, UPDATED_ON)
VALUES (54, 'Category AR', 'This the Category AR category''s description', LOCALTIMESTAMP, LOCALTIMESTAMP);
INSERT INTO PRODUCT_CATEGORY(ID, NAME, DESCRIPTION, CREATED_ON, UPDATED_ON)
VALUES (55, 'Category AS', 'This the Category AS category''s description', LOCALTIMESTAMP, LOCALTIMESTAMP);
INSERT INTO PRODUCT_CATEGORY(ID, NAME, DESCRIPTION, CREATED_ON, UPDATED_ON)
VALUES (56, 'Category AT', 'This the Category AT category''s description', LOCALTIMESTAMP, LOCALTIMESTAMP);
INSERT INTO PRODUCT_CATEGORY(ID, NAME, DESCRIPTION, CREATED_ON, UPDATED_ON)
VALUES (57, 'Category AU', 'This the Category AU category''s description', LOCALTIMESTAMP, LOCALTIMESTAMP);
INSERT INTO PRODUCT_CATEGORY(ID, NAME, DESCRIPTION, CREATED_ON, UPDATED_ON)
VALUES (58, 'Category AV', 'This the Category AV category''s description', LOCALTIMESTAMP, LOCALTIMESTAMP);
INSERT INTO PRODUCT_CATEGORY(ID, NAME, DESCRIPTION, CREATED_ON, UPDATED_ON)
VALUES (59, 'Category AW', 'This the Category AW category''s description', LOCALTIMESTAMP, LOCALTIMESTAMP);
INSERT INTO PRODUCT_CATEGORY(ID, NAME, DESCRIPTION, CREATED_ON, UPDATED_ON)
VALUES (60, 'Category AX', 'This the Category AX category''s description', LOCALTIMESTAMP, LOCALTIMESTAMP);
INSERT INTO PRODUCT_CATEGORY(ID, NAME, DESCRIPTION, CREATED_ON, UPDATED_ON)
VALUES (61, 'Category AY', 'This the Category AY category''s description', LOCALTIMESTAMP, LOCALTIMESTAMP);
INSERT INTO PRODUCT_CATEGORY(ID, NAME, DESCRIPTION, CREATED_ON, UPDATED_ON)
VALUES (62, 'Category BZ', 'This the Category BZ category''s description', LOCALTIMESTAMP, LOCALTIMESTAMP);
INSERT INTO PRODUCT_CATEGORY(ID, NAME, DESCRIPTION, CREATED_ON, UPDATED_ON)
VALUES (63, 'Category BA', 'This the Category BA category''s description', LOCALTIMESTAMP, LOCALTIMESTAMP);
INSERT INTO PRODUCT_CATEGORY(ID, NAME, DESCRIPTION, CREATED_ON, UPDATED_ON)
VALUES (64, 'Category BB', 'This the Category BB category''s description', LOCALTIMESTAMP, LOCALTIMESTAMP);
INSERT INTO PRODUCT_CATEGORY(ID, NAME, DESCRIPTION, CREATED_ON, UPDATED_ON)
VALUES (65, 'Category BC', 'This the Category BC category''s description', LOCALTIMESTAMP, LOCALTIMESTAMP);
INSERT INTO PRODUCT_CATEGORY(ID, NAME, DESCRIPTION, CREATED_ON, UPDATED_ON)
VALUES (66, 'Category BD', 'This the Category BD category''s description', LOCALTIMESTAMP, LOCALTIMESTAMP);
INSERT INTO PRODUCT_CATEGORY(ID, NAME, DESCRIPTION, CREATED_ON, UPDATED_ON)
VALUES (67, 'Category BE', 'This the Category BE category''s description', LOCALTIMESTAMP, LOCALTIMESTAMP);
INSERT INTO PRODUCT_CATEGORY(ID, NAME, DESCRIPTION, CREATED_ON, UPDATED_ON)
VALUES (68, 'Category BF', 'This the Category BF category''s description', LOCALTIMESTAMP, LOCALTIMESTAMP);
INSERT INTO PRODUCT_CATEGORY(ID, NAME, DESCRIPTION, CREATED_ON, UPDATED_ON)
VALUES (69, 'Category BG', 'This the Category BG category''s description', LOCALTIMESTAMP, LOCALTIMESTAMP);
INSERT INTO PRODUCT_CATEGORY(ID, NAME, DESCRIPTION, CREATED_ON, UPDATED_ON)
VALUES (70, 'Category BH', 'This the Category BH category''s description', LOCALTIMESTAMP, LOCALTIMESTAMP);
-- ####################################
-- PRODUCT
-- ####################################
INSERT INTO PRODUCT_INVENTORY (ID, QUANTITY, CREATED_ON, UPDATED_ON) VALUES (11, 9, LOCALTIMESTAMP, LOCALTIMESTAMP);
INSERT INTO PRODUCT(ID, NAME, DESCRIPTION, PRICE, SKU, STATUS, CATEGORY_ID, INVENTORY_ID, CREATED_ON, UPDATED_ON)
VALUES (11, 'Product A', 'Product A description', 100.0, '89971883', 'PUBLISHED', 69, 11, LOCALTIMESTAMP, LOCALTIMESTAMP);
INSERT INTO PRODUCT_INVENTORY (ID, QUANTITY, CREATED_ON, UPDATED_ON) VALUES (12, 1, LOCALTIMESTAMP, LOCALTIMESTAMP);
INSERT INTO PRODUCT(ID, NAME, DESCRIPTION, PRICE, SKU, STATUS, CATEGORY_ID, INVENTORY_ID, CREATED_ON, UPDATED_ON)
VALUES (12, 'Product B', 'Product B description', 100.0, '5114667', 'PUBLISHED', 40, 12, LOCALTIMESTAMP, LOCALTIMESTAMP);
INSERT INTO PRODUCT_INVENTORY (ID, QUANTITY, CREATED_ON, UPDATED_ON) VALUES (13, 3, LOCALTIMESTAMP, LOCALTIMESTAMP);
INSERT INTO PRODUCT(ID, NAME, DESCRIPTION, PRICE, SKU, STATUS, CATEGORY_ID, INVENTORY_ID, CREATED_ON, UPDATED_ON)
VALUES (13, 'Product C', 'Product C description', 100.0, '32513131', 'PUBLISHED', 56, 13, LOCALTIMESTAMP, LOCALTIMESTAMP);
INSERT INTO PRODUCT_INVENTORY (ID, QUANTITY, CREATED_ON, UPDATED_ON) VALUES (14, 6, LOCALTIMESTAMP, LOCALTIMESTAMP);
INSERT INTO PRODUCT(ID, NAME, DESCRIPTION, PRICE, SKU, STATUS, CATEGORY_ID, INVENTORY_ID, CREATED_ON, UPDATED_ON)
VALUES (14, 'Product D', 'Product D description', 100.0, '49027734', 'PUBLISHED', 56, 14, LOCALTIMESTAMP, LOCALTIMESTAMP);
INSERT INTO PRODUCT_INVENTORY (ID, QUANTITY, CREATED_ON, UPDATED_ON) VALUES (15, 3, LOCALTIMESTAMP, LOCALTIMESTAMP);
INSERT INTO PRODUCT(ID, NAME, DESCRIPTION, PRICE, SKU, STATUS, CATEGORY_ID, INVENTORY_ID, CREATED_ON, UPDATED_ON)
VALUES (15, 'Product E', 'Product E description', 100.0, '10020756', 'PUBLISHED', 31, 15, LOCALTIMESTAMP, LOCALTIMESTAMP);
INSERT INTO PRODUCT_INVENTORY (ID, QUANTITY, CREATED_ON, UPDATED_ON) VALUES (16, 13, LOCALTIMESTAMP, LOCALTIMESTAMP);
INSERT INTO PRODUCT(ID, NAME, DESCRIPTION, PRICE, SKU, STATUS, CATEGORY_ID, INVENTORY_ID, CREATED_ON, UPDATED_ON)
VALUES (16, 'Product F', 'Product F description', 100.0, '36034221', 'PUBLISHED', 68, 16, LOCALTIMESTAMP, LOCALTIMESTAMP);
INSERT INTO PRODUCT_INVENTORY (ID, QUANTITY, CREATED_ON, UPDATED_ON) VALUES (17, 12, LOCALTIMESTAMP, LOCALTIMESTAMP);
INSERT INTO PRODUCT(ID, NAME, DESCRIPTION, PRICE, SKU, STATUS, CATEGORY_ID, INVENTORY_ID, CREATED_ON, UPDATED_ON)
VALUES (17, 'Product G', 'Product G description', 100.0, '75376731', 'PUBLISHED', 33, 17, LOCALTIMESTAMP, LOCALTIMESTAMP);
INSERT INTO PRODUCT_INVENTORY (ID, QUANTITY, CREATED_ON, UPDATED_ON) VALUES (18, 7, LOCALTIMESTAMP, LOCALTIMESTAMP);
INSERT INTO PRODUCT(ID, NAME, DESCRIPTION, PRICE, SKU, STATUS, CATEGORY_ID, INVENTORY_ID, CREATED_ON, UPDATED_ON)
VALUES (18, 'Product H', 'Product H description', 100.0, '40987645', 'PUBLISHED', 69, 18, LOCALTIMESTAMP, LOCALTIMESTAMP);
INSERT INTO PRODUCT_INVENTORY (ID, QUANTITY, CREATED_ON, UPDATED_ON) VALUES (19, 10, LOCALTIMESTAMP, LOCALTIMESTAMP);
INSERT INTO PRODUCT(ID, NAME, DESCRIPTION, PRICE, SKU, STATUS, CATEGORY_ID, INVENTORY_ID, CREATED_ON, UPDATED_ON)
VALUES (19, 'Product I', 'Product I description', 100.0, '59078102', 'PUBLISHED', 47, 19, LOCALTIMESTAMP, LOCALTIMESTAMP);
INSERT INTO PRODUCT_INVENTORY (ID, QUANTITY, CREATED_ON, UPDATED_ON) VALUES (20, 11, LOCALTIMESTAMP, LOCALTIMESTAMP);
INSERT INTO PRODUCT(ID, NAME, DESCRIPTION, PRICE, SKU, STATUS, CATEGORY_ID, INVENTORY_ID, CREATED_ON, UPDATED_ON)
VALUES (20, 'Product J', 'Product J description', 100.0, '93855493', 'PUBLISHED', 47, 20, LOCALTIMESTAMP, LOCALTIMESTAMP);
INSERT INTO PRODUCT_INVENTORY (ID, QUANTITY, CREATED_ON, UPDATED_ON) VALUES (21, 7, LOCALTIMESTAMP, LOCALTIMESTAMP);
INSERT INTO PRODUCT(ID, NAME, DESCRIPTION, PRICE, SKU, STATUS, CATEGORY_ID, INVENTORY_ID, CREATED_ON, UPDATED_ON)
VALUES (21, 'Product K', 'Product K description', 100.0, '77593764', 'PUBLISHED', 57, 21, LOCALTIMESTAMP, LOCALTIMESTAMP);
INSERT INTO PRODUCT_INVENTORY (ID, QUANTITY, CREATED_ON, UPDATED_ON) VALUES (22, 10, LOCALTIMESTAMP, LOCALTIMESTAMP);
INSERT INTO PRODUCT(ID, NAME, DESCRIPTION, PRICE, SKU, STATUS, CATEGORY_ID, INVENTORY_ID, CREATED_ON, UPDATED_ON)
VALUES (22, 'Product L', 'Product L description', 100.0, '56342613', 'PUBLISHED', 41, 22, LOCALTIMESTAMP, LOCALTIMESTAMP);
INSERT INTO PRODUCT_INVENTORY (ID, QUANTITY, CREATED_ON, UPDATED_ON) VALUES (23, 13, LOCALTIMESTAMP, LOCALTIMESTAMP);
INSERT INTO PRODUCT(ID, NAME, DESCRIPTION, PRICE, SKU, STATUS, CATEGORY_ID, INVENTORY_ID, CREATED_ON, UPDATED_ON)
VALUES (23, 'Product M', 'Product M description', 100.0, '82293747', 'PUBLISHED', 39, 23, LOCALTIMESTAMP, LOCALTIMESTAMP);
INSERT INTO PRODUCT_INVENTORY (ID, QUANTITY, CREATED_ON, UPDATED_ON) VALUES (24, 10, LOCALTIMESTAMP, LOCALTIMESTAMP);
INSERT INTO PRODUCT(ID, NAME, DESCRIPTION, PRICE, SKU, STATUS, CATEGORY_ID, INVENTORY_ID, CREATED_ON, UPDATED_ON)
VALUES (24, 'Product N', 'Product N description', 100.0, '1497077', 'PUBLISHED', 58, 24, LOCALTIMESTAMP, LOCALTIMESTAMP);
INSERT INTO PRODUCT_INVENTORY (ID, QUANTITY, CREATED_ON, UPDATED_ON) VALUES (25, 13, LOCALTIMESTAMP, LOCALTIMESTAMP);
INSERT INTO PRODUCT(ID, NAME, DESCRIPTION, PRICE, SKU, STATUS, CATEGORY_ID, INVENTORY_ID, CREATED_ON, UPDATED_ON)
VALUES (25, 'Product O', 'Product O description', 100.0, '90014401', 'PUBLISHED', 49, 25, LOCALTIMESTAMP, LOCALTIMESTAMP);
INSERT INTO PRODUCT_INVENTORY (ID, QUANTITY, CREATED_ON, UPDATED_ON) VALUES (26, 8, LOCALTIMESTAMP, LOCALTIMESTAMP);
INSERT INTO PRODUCT(ID, NAME, DESCRIPTION, PRICE, SKU, STATUS, CATEGORY_ID, INVENTORY_ID, CREATED_ON, UPDATED_ON)
VALUES (26, 'Product P', 'Product P description', 100.0, '71769650', 'PUBLISHED', 61, 26, LOCALTIMESTAMP, LOCALTIMESTAMP);
INSERT INTO PRODUCT_INVENTORY (ID, QUANTITY, CREATED_ON, UPDATED_ON) VALUES (27, 6, LOCALTIMESTAMP, LOCALTIMESTAMP);
INSERT INTO PRODUCT(ID, NAME, DESCRIPTION, PRICE, SKU, STATUS, CATEGORY_ID, INVENTORY_ID, CREATED_ON, UPDATED_ON)
VALUES (27, 'Product Q', 'Product Q description', 100.0, '41559984', 'PUBLISHED', 60, 27, LOCALTIMESTAMP, LOCALTIMESTAMP);
INSERT INTO PRODUCT_INVENTORY (ID, QUANTITY, CREATED_ON, UPDATED_ON) VALUES (28, 7, LOCALTIMESTAMP, LOCALTIMESTAMP);
INSERT INTO PRODUCT(ID, NAME, DESCRIPTION, PRICE, SKU, STATUS, CATEGORY_ID, INVENTORY_ID, CREATED_ON, UPDATED_ON)
VALUES (28, 'Product R', 'Product R description', 100.0, '57300772', 'PUBLISHED', 36, 28, LOCALTIMESTAMP, LOCALTIMESTAMP);
INSERT INTO PRODUCT_INVENTORY (ID, QUANTITY, CREATED_ON, UPDATED_ON) VALUES (29, 10, LOCALTIMESTAMP, LOCALTIMESTAMP);
INSERT INTO PRODUCT(ID, NAME, DESCRIPTION, PRICE, SKU, STATUS, CATEGORY_ID, INVENTORY_ID, CREATED_ON, UPDATED_ON)
VALUES (29, 'Product S', 'Product S description', 100.0, '57595589', 'PUBLISHED', 28, 29, LOCALTIMESTAMP, LOCALTIMESTAMP);
INSERT INTO PRODUCT_INVENTORY (ID, QUANTITY, CREATED_ON, UPDATED_ON) VALUES (30, 1, LOCALTIMESTAMP, LOCALTIMESTAMP);
INSERT INTO PRODUCT(ID, NAME, DESCRIPTION, PRICE, SKU, STATUS, CATEGORY_ID, INVENTORY_ID, CREATED_ON, UPDATED_ON)
VALUES (30, 'Product T', 'Product T description', 100.0, '16644930', 'PUBLISHED', 16, 30, LOCALTIMESTAMP, LOCALTIMESTAMP);
INSERT INTO PRODUCT_INVENTORY (ID, QUANTITY, CREATED_ON, UPDATED_ON) VALUES (31, 7, LOCALTIMESTAMP, LOCALTIMESTAMP);
INSERT INTO PRODUCT(ID, NAME, DESCRIPTION, PRICE, SKU, STATUS, CATEGORY_ID, INVENTORY_ID, CREATED_ON, UPDATED_ON)
VALUES (31, 'Product U', 'Product U description', 100.0, '81453258', 'PUBLISHED', 51, 31, LOCALTIMESTAMP, LOCALTIMESTAMP);
INSERT INTO PRODUCT_INVENTORY (ID, QUANTITY, CREATED_ON, UPDATED_ON) VALUES (32, 14, LOCALTIMESTAMP, LOCALTIMESTAMP);
INSERT INTO PRODUCT(ID, NAME, DESCRIPTION, PRICE, SKU, STATUS, CATEGORY_ID, INVENTORY_ID, CREATED_ON, UPDATED_ON)
VALUES (32, 'Product V', 'Product V description', 100.0, '35773839', 'PUBLISHED', 22, 32, LOCALTIMESTAMP, LOCALTIMESTAMP);
INSERT INTO PRODUCT_INVENTORY (ID, QUANTITY, CREATED_ON, UPDATED_ON) VALUES (33, 4, LOCALTIMESTAMP, LOCALTIMESTAMP);
INSERT INTO PRODUCT(ID, NAME, DESCRIPTION, PRICE, SKU, STATUS, CATEGORY_ID, INVENTORY_ID, CREATED_ON, UPDATED_ON)
VALUES (33, 'Product W', 'Product W description', 100.0, '14658435', 'PUBLISHED', 51, 33, LOCALTIMESTAMP, LOCALTIMESTAMP);
INSERT INTO PRODUCT_INVENTORY (ID, QUANTITY, CREATED_ON, UPDATED_ON) VALUES (34, 2, LOCALTIMESTAMP, LOCALTIMESTAMP);
INSERT INTO PRODUCT(ID, NAME, DESCRIPTION, PRICE, SKU, STATUS, CATEGORY_ID, INVENTORY_ID, CREATED_ON, UPDATED_ON)
VALUES (34, 'Product X', 'Product X description', 100.0, '15671244', 'PUBLISHED', 59, 34, LOCALTIMESTAMP, LOCALTIMESTAMP);
INSERT INTO PRODUCT_INVENTORY (ID, QUANTITY, CREATED_ON, UPDATED_ON) VALUES (35, 7, LOCALTIMESTAMP, LOCALTIMESTAMP);
INSERT INTO PRODUCT(ID, NAME, DESCRIPTION, PRICE, SKU, STATUS, CATEGORY_ID, INVENTORY_ID, CREATED_ON, UPDATED_ON)
VALUES (35, 'Product Y', 'Product Y description', 100.0, '48372942', 'PUBLISHED', 50, 35, LOCALTIMESTAMP, LOCALTIMESTAMP);
INSERT INTO PRODUCT_INVENTORY (ID, QUANTITY, CREATED_ON, UPDATED_ON) VALUES (36, 1, LOCALTIMESTAMP, LOCALTIMESTAMP);
INSERT INTO PRODUCT(ID, NAME, DESCRIPTION, PRICE, SKU, STATUS, CATEGORY_ID, INVENTORY_ID, CREATED_ON, UPDATED_ON)
VALUES (36, 'Product AZ', 'Product AZ description', 100.0, '10067002', 'PUBLISHED', 50, 36, LOCALTIMESTAMP, LOCALTIMESTAMP);
INSERT INTO PRODUCT_INVENTORY (ID, QUANTITY, CREATED_ON, UPDATED_ON) VALUES (37, 11, LOCALTIMESTAMP, LOCALTIMESTAMP);
INSERT INTO PRODUCT(ID, NAME, DESCRIPTION, PRICE, SKU, STATUS, CATEGORY_ID, INVENTORY_ID, CREATED_ON, UPDATED_ON)
VALUES (37, 'Product AA', 'Product AA description', 100.0, '11205579', 'PUBLISHED', 29, 37, LOCALTIMESTAMP, LOCALTIMESTAMP);
INSERT INTO PRODUCT_INVENTORY (ID, QUANTITY, CREATED_ON, UPDATED_ON) VALUES (38, 11, LOCALTIMESTAMP, LOCALTIMESTAMP);
INSERT INTO PRODUCT(ID, NAME, DESCRIPTION, PRICE, SKU, STATUS, CATEGORY_ID, INVENTORY_ID, CREATED_ON, UPDATED_ON)
VALUES (38, 'Product AB', 'Product AB description', 100.0, '72416246', 'PUBLISHED', 17, 38, LOCALTIMESTAMP, LOCALTIMESTAMP);
INSERT INTO PRODUCT_INVENTORY (ID, QUANTITY, CREATED_ON, UPDATED_ON) VALUES (39, 7, LOCALTIMESTAMP, LOCALTIMESTAMP);
INSERT INTO PRODUCT(ID, NAME, DESCRIPTION, PRICE, SKU, STATUS, CATEGORY_ID, INVENTORY_ID, CREATED_ON, UPDATED_ON)
VALUES (39, 'Product AC', 'Product AC description', 100.0, '35487334', 'PUBLISHED', 15, 39, LOCALTIMESTAMP, LOCALTIMESTAMP);
INSERT INTO PRODUCT_INVENTORY (ID, QUANTITY, CREATED_ON, UPDATED_ON) VALUES (40, 2, LOCALTIMESTAMP, LOCALTIMESTAMP);
INSERT INTO PRODUCT(ID, NAME, DESCRIPTION, PRICE, SKU, STATUS, CATEGORY_ID, INVENTORY_ID, CREATED_ON, UPDATED_ON)
VALUES (40, 'Product AD', 'Product AD description', 100.0, '74992677', 'PUBLISHED', 34, 40, LOCALTIMESTAMP, LOCALTIMESTAMP);
INSERT INTO PRODUCT_INVENTORY (ID, QUANTITY, CREATED_ON, UPDATED_ON) VALUES (41, 3, LOCALTIMESTAMP, LOCALTIMESTAMP);
INSERT INTO PRODUCT(ID, NAME, DESCRIPTION, PRICE, SKU, STATUS, CATEGORY_ID, INVENTORY_ID, CREATED_ON, UPDATED_ON)
VALUES (41, 'Product AE', 'Product AE description', 100.0, '47635005', 'PUBLISHED', 59, 41, LOCALTIMESTAMP, LOCALTIMESTAMP);
INSERT INTO PRODUCT_INVENTORY (ID, QUANTITY, CREATED_ON, UPDATED_ON) VALUES (42, 4, LOCALTIMESTAMP, LOCALTIMESTAMP);
INSERT INTO PRODUCT(ID, NAME, DESCRIPTION, PRICE, SKU, STATUS, CATEGORY_ID, INVENTORY_ID, CREATED_ON, UPDATED_ON)
VALUES (42, 'Product AF', 'Product AF description', 100.0, '94776905', 'PUBLISHED', 70, 42, LOCALTIMESTAMP, LOCALTIMESTAMP);
INSERT INTO PRODUCT_INVENTORY (ID, QUANTITY, CREATED_ON, UPDATED_ON) VALUES (43, 1, LOCALTIMESTAMP, LOCALTIMESTAMP);
INSERT INTO PRODUCT(ID, NAME, DESCRIPTION, PRICE, SKU, STATUS, CATEGORY_ID, INVENTORY_ID, CREATED_ON, UPDATED_ON)
VALUES (43, 'Product AG', 'Product AG description', 100.0, '14844199', 'PUBLISHED', 20, 43, LOCALTIMESTAMP, LOCALTIMESTAMP);
INSERT INTO PRODUCT_INVENTORY (ID, QUANTITY, CREATED_ON, UPDATED_ON) VALUES (44, 8, LOCALTIMESTAMP, LOCALTIMESTAMP);
INSERT INTO PRODUCT(ID, NAME, DESCRIPTION, PRICE, SKU, STATUS, CATEGORY_ID, INVENTORY_ID, CREATED_ON, UPDATED_ON)
VALUES (44, 'Product AH', 'Product AH description', 100.0, '21828165', 'PUBLISHED', 34, 44, LOCALTIMESTAMP, LOCALTIMESTAMP);
INSERT INTO PRODUCT_INVENTORY (ID, QUANTITY, CREATED_ON, UPDATED_ON) VALUES (45, 6, LOCALTIMESTAMP, LOCALTIMESTAMP);
INSERT INTO PRODUCT(ID, NAME, DESCRIPTION, PRICE, SKU, STATUS, CATEGORY_ID, INVENTORY_ID, CREATED_ON, UPDATED_ON)
VALUES (45, 'Product AI', 'Product AI description', 100.0, '96760176', 'PUBLISHED', 22, 45, LOCALTIMESTAMP, LOCALTIMESTAMP);
INSERT INTO PRODUCT_INVENTORY (ID, QUANTITY, CREATED_ON, UPDATED_ON) VALUES (46, 1, LOCALTIMESTAMP, LOCALTIMESTAMP);
INSERT INTO PRODUCT(ID, NAME, DESCRIPTION, PRICE, SKU, STATUS, CATEGORY_ID, INVENTORY_ID, CREATED_ON, UPDATED_ON)
VALUES (46, 'Product AJ', 'Product AJ description', 100.0, '38229389', 'PUBLISHED', 12, 46, LOCALTIMESTAMP, LOCALTIMESTAMP);
INSERT INTO PRODUCT_INVENTORY (ID, QUANTITY, CREATED_ON, UPDATED_ON) VALUES (47, 0, LOCALTIMESTAMP, LOCALTIMESTAMP);
INSERT INTO PRODUCT(ID, NAME, DESCRIPTION, PRICE, SKU, STATUS, CATEGORY_ID, INVENTORY_ID, CREATED_ON, UPDATED_ON)
VALUES (47, 'Product AK', 'Product AK description', 100.0, '94180703', 'PUBLISHED', 33, 47, LOCALTIMESTAMP, LOCALTIMESTAMP);
INSERT INTO PRODUCT_INVENTORY (ID, QUANTITY, CREATED_ON, UPDATED_ON) VALUES (48, 12, LOCALTIMESTAMP, LOCALTIMESTAMP);
INSERT INTO PRODUCT(ID, NAME, DESCRIPTION, PRICE, SKU, STATUS, CATEGORY_ID, INVENTORY_ID, CREATED_ON, UPDATED_ON)
VALUES (48, 'Product AL', 'Product AL description', 100.0, '59061257', 'PUBLISHED', 21, 48, LOCALTIMESTAMP, LOCALTIMESTAMP);
INSERT INTO PRODUCT_INVENTORY (ID, QUANTITY, CREATED_ON, UPDATED_ON) VALUES (49, 3, LOCALTIMESTAMP, LOCALTIMESTAMP);
INSERT INTO PRODUCT(ID, NAME, DESCRIPTION, PRICE, SKU, STATUS, CATEGORY_ID, INVENTORY_ID, CREATED_ON, UPDATED_ON)
VALUES (49, 'Product AM', 'Product AM description', 100.0, '48793035', 'PUBLISHED', 48, 49, LOCALTIMESTAMP, LOCALTIMESTAMP);
INSERT INTO PRODUCT_INVENTORY (ID, QUANTITY, CREATED_ON, UPDATED_ON) VALUES (50, 2, LOCALTIMESTAMP, LOCALTIMESTAMP);
INSERT INTO PRODUCT(ID, NAME, DESCRIPTION, PRICE, SKU, STATUS, CATEGORY_ID, INVENTORY_ID, CREATED_ON, UPDATED_ON)
VALUES (50, 'Product AN', 'Product AN description', 100.0, '74695472', 'PUBLISHED', 66, 50, LOCALTIMESTAMP, LOCALTIMESTAMP);
INSERT INTO PRODUCT_INVENTORY (ID, QUANTITY, CREATED_ON, UPDATED_ON) VALUES (51, 0, LOCALTIMESTAMP, LOCALTIMESTAMP);
INSERT INTO PRODUCT(ID, NAME, DESCRIPTION, PRICE, SKU, STATUS, CATEGORY_ID, INVENTORY_ID, CREATED_ON, UPDATED_ON)
VALUES (51, 'Product AO', 'Product AO description', 100.0, '11747944', 'PUBLISHED', 49, 51, LOCALTIMESTAMP, LOCALTIMESTAMP);
INSERT INTO PRODUCT_INVENTORY (ID, QUANTITY, CREATED_ON, UPDATED_ON) VALUES (52, 12, LOCALTIMESTAMP, LOCALTIMESTAMP);
INSERT INTO PRODUCT(ID, NAME, DESCRIPTION, PRICE, SKU, STATUS, CATEGORY_ID, INVENTORY_ID, CREATED_ON, UPDATED_ON)
VALUES (52, 'Product AP', 'Product AP description', 100.0, '47388254', 'PUBLISHED', 11, 52, LOCALTIMESTAMP, LOCALTIMESTAMP);
INSERT INTO PRODUCT_INVENTORY (ID, QUANTITY, CREATED_ON, UPDATED_ON) VALUES (53, 7, LOCALTIMESTAMP, LOCALTIMESTAMP);
INSERT INTO PRODUCT(ID, NAME, DESCRIPTION, PRICE, SKU, STATUS, CATEGORY_ID, INVENTORY_ID, CREATED_ON, UPDATED_ON)
VALUES (53, 'Product AQ', 'Product AQ description', 100.0, '45982151', 'PUBLISHED', 66, 53, LOCALTIMESTAMP, LOCALTIMESTAMP);
INSERT INTO PRODUCT_INVENTORY (ID, QUANTITY, CREATED_ON, UPDATED_ON) VALUES (54, 4, LOCALTIMESTAMP, LOCALTIMESTAMP);
INSERT INTO PRODUCT(ID, NAME, DESCRIPTION, PRICE, SKU, STATUS, CATEGORY_ID, INVENTORY_ID, CREATED_ON, UPDATED_ON)
VALUES (54, 'Product AR', 'Product AR description', 100.0, '15002462', 'PUBLISHED', 35, 54, LOCALTIMESTAMP, LOCALTIMESTAMP);
INSERT INTO PRODUCT_INVENTORY (ID, QUANTITY, CREATED_ON, UPDATED_ON) VALUES (55, 14, LOCALTIMESTAMP, LOCALTIMESTAMP);
INSERT INTO PRODUCT(ID, NAME, DESCRIPTION, PRICE, SKU, STATUS, CATEGORY_ID, INVENTORY_ID, CREATED_ON, UPDATED_ON)
VALUES (55, 'Product AS', 'Product AS description', 100.0, '89220313', 'PUBLISHED', 11, 55, LOCALTIMESTAMP, LOCALTIMESTAMP);
INSERT INTO PRODUCT_INVENTORY (ID, QUANTITY, CREATED_ON, UPDATED_ON) VALUES (56, 7, LOCALTIMESTAMP, LOCALTIMESTAMP);
INSERT INTO PRODUCT(ID, NAME, DESCRIPTION, PRICE, SKU, STATUS, CATEGORY_ID, INVENTORY_ID, CREATED_ON, UPDATED_ON)
VALUES (56, 'Product AT', 'Product AT description', 100.0, '8413861', 'PUBLISHED', 56, 56, LOCALTIMESTAMP, LOCALTIMESTAMP);
INSERT INTO PRODUCT_INVENTORY (ID, QUANTITY, CREATED_ON, UPDATED_ON) VALUES (57, 4, LOCALTIMESTAMP, LOCALTIMESTAMP);
INSERT INTO PRODUCT(ID, NAME, DESCRIPTION, PRICE, SKU, STATUS, CATEGORY_ID, INVENTORY_ID, CREATED_ON, UPDATED_ON)
VALUES (57, 'Product AU', 'Product AU description', 100.0, '80548890', 'PUBLISHED', 31, 57, LOCALTIMESTAMP, LOCALTIMESTAMP);
INSERT INTO PRODUCT_INVENTORY (ID, QUANTITY, CREATED_ON, UPDATED_ON) VALUES (58, 2, LOCALTIMESTAMP, LOCALTIMESTAMP);
INSERT INTO PRODUCT(ID, NAME, DESCRIPTION, PRICE, SKU, STATUS, CATEGORY_ID, INVENTORY_ID, CREATED_ON, UPDATED_ON)
VALUES (58, 'Product AV', 'Product AV description', 100.0, '45521124', 'PUBLISHED', 24, 58, LOCALTIMESTAMP, LOCALTIMESTAMP);
INSERT INTO PRODUCT_INVENTORY (ID, QUANTITY, CREATED_ON, UPDATED_ON) VALUES (59, 11, LOCALTIMESTAMP, LOCALTIMESTAMP);
INSERT INTO PRODUCT(ID, NAME, DESCRIPTION, PRICE, SKU, STATUS, CATEGORY_ID, INVENTORY_ID, CREATED_ON, UPDATED_ON)
VALUES (59, 'Product AW', 'Product AW description', 100.0, '6416300', 'PUBLISHED', 14, 59, LOCALTIMESTAMP, LOCALTIMESTAMP);
INSERT INTO PRODUCT_INVENTORY (ID, QUANTITY, CREATED_ON, UPDATED_ON) VALUES (60, 1, LOCALTIMESTAMP, LOCALTIMESTAMP);
INSERT INTO PRODUCT(ID, NAME, DESCRIPTION, PRICE, SKU, STATUS, CATEGORY_ID, INVENTORY_ID, CREATED_ON, UPDATED_ON)
VALUES (60, 'Product AX', 'Product AX description', 100.0, '49519918', 'PUBLISHED', 59, 60, LOCALTIMESTAMP, LOCALTIMESTAMP);
-- ####################################
-- ORDERS
-- ####################################
-- ### ORDER 1
INSERT INTO PAYMENT_DETAIL(ID, AMOUNT, PROVIDER, PROVIDER_PAYMENT_UUID)
VALUES (11, 3570.0, 'CRYPTO', '107235998');
INSERT INTO ORDERS (ID, CUST_ID, PAYMENT_ID, STATUS, AMOUNT, CREATED_ON, UPDATED_ON)
VALUES (11, 777, 11, 'DELIVERED', 3570.0, LOCALTIMESTAMP, LOCALTIMESTAMP);
INSERT INTO ORDER_ITEM (ID, ORDER_ID, PRODUCT_ID, QUANTITY)
VALUES (11, 11, 48, 10);
INSERT INTO ORDER_ITEM (ID, ORDER_ID, PRODUCT_ID, QUANTITY)
VALUES (12, 11, 19, 11);
INSERT INTO ORDER_ITEM (ID, ORDER_ID, PRODUCT_ID, QUANTITY)
VALUES (13, 11, 43, 11);
INSERT INTO ORDER_ITEM (ID, ORDER_ID, PRODUCT_ID, QUANTITY)
VALUES (14, 11, 27, 8);
INSERT INTO ORDER_ITEM (ID, ORDER_ID, PRODUCT_ID, QUANTITY)
VALUES (15, 11, 51, 7);
INSERT INTO ORDER_ITEM (ID, ORDER_ID, PRODUCT_ID, QUANTITY)
VALUES (16, 11, 22, 10);
INSERT INTO ORDER_ITEM (ID, ORDER_ID, PRODUCT_ID, QUANTITY)
VALUES (17, 11, 57, 5);
INSERT INTO ORDER_ITEM (ID, ORDER_ID, PRODUCT_ID, QUANTITY)
VALUES (18, 11, 30, 19);
INSERT INTO ORDER_ITEM (ID, ORDER_ID, PRODUCT_ID, QUANTITY)
VALUES (19, 11, 21, 19);
INSERT INTO ORDER_ITEM (ID, ORDER_ID, PRODUCT_ID, QUANTITY)
VALUES (20, 11, 20, 12);
INSERT INTO ORDER_ITEM (ID, ORDER_ID, PRODUCT_ID, QUANTITY)
VALUES (21, 11, 49, 18);
INSERT INTO ORDER_ITEM (ID, ORDER_ID, PRODUCT_ID, QUANTITY)
VALUES (22, 11, 17, 13);
INSERT INTO ORDER_ITEM (ID, ORDER_ID, PRODUCT_ID, QUANTITY)
VALUES (23, 11, 46, 12);
INSERT INTO ORDER_ITEM (ID, ORDER_ID, PRODUCT_ID, QUANTITY)
VALUES (24, 11, 16, 8);
INSERT INTO ORDER_ITEM (ID, ORDER_ID, PRODUCT_ID, QUANTITY)
VALUES (25, 11, 53, 17);
INSERT INTO ORDER_ITEM (ID, ORDER_ID, PRODUCT_ID, QUANTITY)
VALUES (26, 11, 25, 6);
INSERT INTO ORDER_ITEM (ID, ORDER_ID, PRODUCT_ID, QUANTITY)
VALUES (27, 11, 23, 11);
INSERT INTO ORDER_ITEM (ID, ORDER_ID, PRODUCT_ID, QUANTITY)
VALUES (28, 11, 14, 5);
INSERT INTO ORDER_ITEM (ID, ORDER_ID, PRODUCT_ID, QUANTITY)
VALUES (29, 11, 12, 2);
INSERT INTO ORDER_ITEM (ID, ORDER_ID, PRODUCT_ID, QUANTITY)
VALUES (30, 11, 52, 11);
INSERT INTO ORDER_ITEM (ID, ORDER_ID, PRODUCT_ID, QUANTITY)
VALUES (31, 11, 42, 20);
INSERT INTO ORDER_ITEM (ID, ORDER_ID, PRODUCT_ID, QUANTITY)
VALUES (32, 11, 24, 1);
INSERT INTO ORDER_ITEM (ID, ORDER_ID, PRODUCT_ID, QUANTITY)
VALUES (33, 11, 45, 2);
INSERT INTO ORDER_ITEM (ID, ORDER_ID, PRODUCT_ID, QUANTITY)
VALUES (34, 11, 44, 20);
INSERT INTO ORDER_ITEM (ID, ORDER_ID, PRODUCT_ID, QUANTITY)
VALUES (35, 11, 35, 12);
INSERT INTO ORDER_ITEM (ID, ORDER_ID, PRODUCT_ID, QUANTITY)
VALUES (36, 11, 11, 12);
INSERT INTO ORDER_ITEM (ID, ORDER_ID, PRODUCT_ID, QUANTITY)
VALUES (37, 11, 56, 8);
INSERT INTO ORDER_ITEM (ID, ORDER_ID, PRODUCT_ID, QUANTITY)
VALUES (38, 11, 60, 10);
-- ### ORDER 2
INSERT INTO PAYMENT_DETAIL(ID, AMOUNT, PROVIDER, PROVIDER_PAYMENT_UUID)
VALUES (12, 4495.0, 'CRYPTO', '813866908');
INSERT INTO ORDERS (ID, CUST_ID, PAYMENT_ID, STATUS, AMOUNT, CREATED_ON, UPDATED_ON)
VALUES (12, 777, 12, 'DELIVERED', 4495.0, LOCALTIMESTAMP, LOCALTIMESTAMP);
INSERT INTO ORDER_ITEM (ID, ORDER_ID, PRODUCT_ID, QUANTITY)
VALUES (39, 12, 14, 2);
INSERT INTO ORDER_ITEM (ID, ORDER_ID, PRODUCT_ID, QUANTITY)
VALUES (40, 12, 33, 11);
INSERT INTO ORDER_ITEM (ID, ORDER_ID, PRODUCT_ID, QUANTITY)
VALUES (41, 12, 12, 12);
INSERT INTO ORDER_ITEM (ID, ORDER_ID, PRODUCT_ID, QUANTITY)
VALUES (42, 12, 29, 17);
INSERT INTO ORDER_ITEM (ID, ORDER_ID, PRODUCT_ID, QUANTITY)
VALUES (43, 12, 46, 6);
INSERT INTO ORDER_ITEM (ID, ORDER_ID, PRODUCT_ID, QUANTITY)
VALUES (44, 12, 27, 5);
INSERT INTO ORDER_ITEM (ID, ORDER_ID, PRODUCT_ID, QUANTITY)
VALUES (45, 12, 22, 3);
INSERT INTO ORDER_ITEM (ID, ORDER_ID, PRODUCT_ID, QUANTITY)
VALUES (46, 12, 43, 0);
INSERT INTO ORDER_ITEM (ID, ORDER_ID, PRODUCT_ID, QUANTITY)
VALUES (47, 12, 38, 3);
INSERT INTO ORDER_ITEM (ID, ORDER_ID, PRODUCT_ID, QUANTITY)
VALUES (48, 12, 28, 17);
-- ### ORDER 3
INSERT INTO PAYMENT_DETAIL(ID, AMOUNT, PROVIDER, PROVIDER_PAYMENT_UUID)
VALUES (13, 4430.0, 'MASTERCARD', '42330156');
INSERT INTO ORDERS (ID, CUST_ID, PAYMENT_ID, STATUS, AMOUNT, CREATED_ON, UPDATED_ON)
VALUES (13, 777, 13, 'DELIVERED', 4430.0, LOCALTIMESTAMP, LOCALTIMESTAMP);
INSERT INTO ORDER_ITEM (ID, ORDER_ID, PRODUCT_ID, QUANTITY)
VALUES (49, 13, 45, 14);
INSERT INTO ORDER_ITEM (ID, ORDER_ID, PRODUCT_ID, QUANTITY)
VALUES (50, 13, 60, 12);
INSERT INTO ORDER_ITEM (ID, ORDER_ID, PRODUCT_ID, QUANTITY)
VALUES (51, 13, 53, 13);
INSERT INTO ORDER_ITEM (ID, ORDER_ID, PRODUCT_ID, QUANTITY)
VALUES (52, 13, 15, 4);
INSERT INTO ORDER_ITEM (ID, ORDER_ID, PRODUCT_ID, QUANTITY)
VALUES (53, 13, 26, 18);
-- ### ORDER 4
INSERT INTO PAYMENT_DETAIL(ID, AMOUNT, PROVIDER, PROVIDER_PAYMENT_UUID)
VALUES (14, 125.0, 'MASTERCARD', '434769877');
INSERT INTO ORDERS (ID, CUST_ID, PAYMENT_ID, STATUS, AMOUNT, CREATED_ON, UPDATED_ON)
VALUES (14, 777, 14, 'DELIVERED', 125.0, LOCALTIMESTAMP, LOCALTIMESTAMP);
INSERT INTO ORDER_ITEM (ID, ORDER_ID, PRODUCT_ID, QUANTITY)
VALUES (54, 14, 45, 19);
INSERT INTO ORDER_ITEM (ID, ORDER_ID, PRODUCT_ID, QUANTITY)
VALUES (55, 14, 14, 15);
INSERT INTO ORDER_ITEM (ID, ORDER_ID, PRODUCT_ID, QUANTITY)
VALUES (56, 14, 57, 11);
INSERT INTO ORDER_ITEM (ID, ORDER_ID, PRODUCT_ID, QUANTITY)
VALUES (57, 14, 40, 2);
INSERT INTO ORDER_ITEM (ID, ORDER_ID, PRODUCT_ID, QUANTITY)
VALUES (58, 14, 48, 9);
INSERT INTO ORDER_ITEM (ID, ORDER_ID, PRODUCT_ID, QUANTITY)
VALUES (59, 14, 16, 6);
INSERT INTO ORDER_ITEM (ID, ORDER_ID, PRODUCT_ID, QUANTITY)
VALUES (60, 14, 51, 17);
INSERT INTO ORDER_ITEM (ID, ORDER_ID, PRODUCT_ID, QUANTITY)
VALUES (61, 14, 37, 15);
INSERT INTO ORDER_ITEM (ID, ORDER_ID, PRODUCT_ID, QUANTITY)
VALUES (62, 14, 11, 4);
INSERT INTO ORDER_ITEM (ID, ORDER_ID, PRODUCT_ID, QUANTITY)
VALUES (63, 14, 50, 7);
INSERT INTO ORDER_ITEM (ID, ORDER_ID, PRODUCT_ID, QUANTITY)
VALUES (64, 14, 13, 0);
INSERT INTO ORDER_ITEM (ID, ORDER_ID, PRODUCT_ID, QUANTITY)
VALUES (65, 14, 24, 15);
INSERT INTO ORDER_ITEM (ID, ORDER_ID, PRODUCT_ID, QUANTITY)
VALUES (66, 14, 56, 11);
INSERT INTO ORDER_ITEM (ID, ORDER_ID, PRODUCT_ID, QUANTITY)
VALUES (67, 14, 55, 0);
INSERT INTO ORDER_ITEM (ID, ORDER_ID, PRODUCT_ID, QUANTITY)
VALUES (68, 14, 54, 13);
INSERT INTO ORDER_ITEM (ID, ORDER_ID, PRODUCT_ID, QUANTITY)
VALUES (69, 14, 28, 19);
INSERT INTO ORDER_ITEM (ID, ORDER_ID, PRODUCT_ID, QUANTITY)
VALUES (70, 14, 19, 9);
INSERT INTO ORDER_ITEM (ID, ORDER_ID, PRODUCT_ID, QUANTITY)
VALUES (71, 14, 12, 8);
INSERT INTO ORDER_ITEM (ID, ORDER_ID, PRODUCT_ID, QUANTITY)
VALUES (72, 14, 21, 13);
INSERT INTO ORDER_ITEM (ID, ORDER_ID, PRODUCT_ID, QUANTITY)
VALUES (73, 14, 25, 5);
INSERT INTO ORDER_ITEM (ID, ORDER_ID, PRODUCT_ID, QUANTITY)
VALUES (74, 14, 23, 6);
INSERT INTO ORDER_ITEM (ID, ORDER_ID, PRODUCT_ID, QUANTITY)
VALUES (75, 14, 43, 19);
INSERT INTO ORDER_ITEM (ID, ORDER_ID, PRODUCT_ID, QUANTITY)
VALUES (76, 14, 33, 0);
INSERT INTO ORDER_ITEM (ID, ORDER_ID, PRODUCT_ID, QUANTITY)
VALUES (77, 14, 34, 1);
INSERT INTO ORDER_ITEM (ID, ORDER_ID, PRODUCT_ID, QUANTITY)
VALUES (78, 14, 20, 4);
INSERT INTO ORDER_ITEM (ID, ORDER_ID, PRODUCT_ID, QUANTITY)
VALUES (79, 14, 38, 11);
INSERT INTO ORDER_ITEM (ID, ORDER_ID, PRODUCT_ID, QUANTITY)
VALUES (80, 14, 30, 14);
INSERT INTO ORDER_ITEM (ID, ORDER_ID, PRODUCT_ID, QUANTITY)
VALUES (81, 14, 18, 3);
INSERT INTO ORDER_ITEM (ID, ORDER_ID, PRODUCT_ID, QUANTITY)
VALUES (82, 14, 15, 18);
INSERT INTO ORDER_ITEM (ID, ORDER_ID, PRODUCT_ID, QUANTITY)
VALUES (83, 14, 27, 12);
INSERT INTO ORDER_ITEM (ID, ORDER_ID, PRODUCT_ID, QUANTITY)
VALUES (84, 14, 42, 6);
INSERT INTO ORDER_ITEM (ID, ORDER_ID, PRODUCT_ID, QUANTITY)
VALUES (85, 14, 47, 3);
INSERT INTO ORDER_ITEM (ID, ORDER_ID, PRODUCT_ID, QUANTITY)
VALUES (86, 14, 53, 7);
INSERT INTO ORDER_ITEM (ID, ORDER_ID, PRODUCT_ID, QUANTITY)
VALUES (87, 14, 59, 3);
INSERT INTO ORDER_ITEM (ID, ORDER_ID, PRODUCT_ID, QUANTITY)
VALUES (88, 14, 58, 16);
INSERT INTO ORDER_ITEM (ID, ORDER_ID, PRODUCT_ID, QUANTITY)
VALUES (89, 14, 52, 8);
INSERT INTO ORDER_ITEM (ID, ORDER_ID, PRODUCT_ID, QUANTITY)
VALUES (90, 14, 44, 3);
INSERT INTO ORDER_ITEM (ID, ORDER_ID, PRODUCT_ID, QUANTITY)
VALUES (91, 14, 35, 8);
INSERT INTO ORDER_ITEM (ID, ORDER_ID, PRODUCT_ID, QUANTITY)
VALUES (92, 14, 22, 20);
INSERT INTO ORDER_ITEM (ID, ORDER_ID, PRODUCT_ID, QUANTITY)
VALUES (93, 14, 60, 11);
INSERT INTO ORDER_ITEM (ID, ORDER_ID, PRODUCT_ID, QUANTITY)
VALUES (94, 14, 26, 8);
INSERT INTO ORDER_ITEM (ID, ORDER_ID, PRODUCT_ID, QUANTITY)
VALUES (95, 14, 46, 10);
INSERT INTO ORDER_ITEM (ID, ORDER_ID, PRODUCT_ID, QUANTITY)
VALUES (96, 14, 31, 4);
-- ### ORDER 5
INSERT INTO PAYMENT_DETAIL(ID, AMOUNT, PROVIDER, PROVIDER_PAYMENT_UUID)
VALUES (15, 3662.0, 'ICARD', '404047443');
INSERT INTO ORDERS (ID, CUST_ID, PAYMENT_ID, STATUS, AMOUNT, CREATED_ON, UPDATED_ON)
VALUES (15, 777, 15, 'DELIVERED', 3662.0, LOCALTIMESTAMP, LOCALTIMESTAMP);
INSERT INTO ORDER_ITEM (ID, ORDER_ID, PRODUCT_ID, QUANTITY)
VALUES (97, 15, 49, 20);
INSERT INTO ORDER_ITEM (ID, ORDER_ID, PRODUCT_ID, QUANTITY)
VALUES (98, 15, 14, 18);
INSERT INTO ORDER_ITEM (ID, ORDER_ID, PRODUCT_ID, QUANTITY)
VALUES (99, 15, 46, 6);
INSERT INTO ORDER_ITEM (ID, ORDER_ID, PRODUCT_ID, QUANTITY)
VALUES (100, 15, 20, 3);
INSERT INTO ORDER_ITEM (ID, ORDER_ID, PRODUCT_ID, QUANTITY)
VALUES (101, 15, 41, 4);
INSERT INTO ORDER_ITEM (ID, ORDER_ID, PRODUCT_ID, QUANTITY)
VALUES (102, 15, 30, 6);
INSERT INTO ORDER_ITEM (ID, ORDER_ID, PRODUCT_ID, QUANTITY)
VALUES (103, 15, 51, 12);
INSERT INTO ORDER_ITEM (ID, ORDER_ID, PRODUCT_ID, QUANTITY)
VALUES (104, 15, 13, 16);
INSERT INTO ORDER_ITEM (ID, ORDER_ID, PRODUCT_ID, QUANTITY)
VALUES (105, 15, 42, 0);
INSERT INTO ORDER_ITEM (ID, ORDER_ID, PRODUCT_ID, QUANTITY)
VALUES (106, 15, 22, 5);
INSERT INTO ORDER_ITEM (ID, ORDER_ID, PRODUCT_ID, QUANTITY)
VALUES (107, 15, 21, 20);
INSERT INTO ORDER_ITEM (ID, ORDER_ID, PRODUCT_ID, QUANTITY)
VALUES (108, 15, 29, 0);
INSERT INTO ORDER_ITEM (ID, ORDER_ID, PRODUCT_ID, QUANTITY)
VALUES (109, 15, 54, 16);
INSERT INTO ORDER_ITEM (ID, ORDER_ID, PRODUCT_ID, QUANTITY)
VALUES (110, 15, 17, 19);
INSERT INTO ORDER_ITEM (ID, ORDER_ID, PRODUCT_ID, QUANTITY)
VALUES (111, 15, 11, 3);
INSERT INTO ORDER_ITEM (ID, ORDER_ID, PRODUCT_ID, QUANTITY)
VALUES (112, 15, 25, 0);
INSERT INTO ORDER_ITEM (ID, ORDER_ID, PRODUCT_ID, QUANTITY)
VALUES (113, 15, 26, 2);
INSERT INTO ORDER_ITEM (ID, ORDER_ID, PRODUCT_ID, QUANTITY)
VALUES (114, 15, 45, 19);
INSERT INTO ORDER_ITEM (ID, ORDER_ID, PRODUCT_ID, QUANTITY)
VALUES (115, 15, 57, 2);
INSERT INTO ORDER_ITEM (ID, ORDER_ID, PRODUCT_ID, QUANTITY)
VALUES (116, 15, 55, 0);
INSERT INTO ORDER_ITEM (ID, ORDER_ID, PRODUCT_ID, QUANTITY)
VALUES (117, 15, 40, 1);
INSERT INTO ORDER_ITEM (ID, ORDER_ID, PRODUCT_ID, QUANTITY)
VALUES (118, 15, 32, 3);
INSERT INTO ORDER_ITEM (ID, ORDER_ID, PRODUCT_ID, QUANTITY)
VALUES (119, 15, 58, 19);
INSERT INTO ORDER_ITEM (ID, ORDER_ID, PRODUCT_ID, QUANTITY)
VALUES (120, 15, 34, 14);
INSERT INTO ORDER_ITEM (ID, ORDER_ID, PRODUCT_ID, QUANTITY)
VALUES (121, 15, 52, 3);
INSERT INTO ORDER_ITEM (ID, ORDER_ID, PRODUCT_ID, QUANTITY)
VALUES (122, 15, 50, 0);
INSERT INTO ORDER_ITEM (ID, ORDER_ID, PRODUCT_ID, QUANTITY)
VALUES (123, 15, 33, 1);
INSERT INTO ORDER_ITEM (ID, ORDER_ID, PRODUCT_ID, QUANTITY)
VALUES (124, 15, 47, 17);
INSERT INTO ORDER_ITEM (ID, ORDER_ID, PRODUCT_ID, QUANTITY)
VALUES (125, 15, 37, 8);
INSERT INTO ORDER_ITEM (ID, ORDER_ID, PRODUCT_ID, QUANTITY)
VALUES (126, 15, 39, 18);
INSERT INTO ORDER_ITEM (ID, ORDER_ID, PRODUCT_ID, QUANTITY)
VALUES (127, 15, 48, 16);
-- ### ORDER 6
INSERT INTO PAYMENT_DETAIL(ID, AMOUNT, PROVIDER, PROVIDER_PAYMENT_UUID)
VALUES (16, 3000.0, 'MASTERCARD', '868703997');
INSERT INTO ORDERS (ID, CUST_ID, PAYMENT_ID, STATUS, AMOUNT, CREATED_ON, UPDATED_ON)
VALUES (16, 777, 16, 'DELIVERED', 3000.0, LOCALTIMESTAMP, LOCALTIMESTAMP);
INSERT INTO ORDER_ITEM (ID, ORDER_ID, PRODUCT_ID, QUANTITY)
VALUES (128, 16, 58, 16);
INSERT INTO ORDER_ITEM (ID, ORDER_ID, PRODUCT_ID, QUANTITY)
VALUES (129, 16, 57, 11);
INSERT INTO ORDER_ITEM (ID, ORDER_ID, PRODUCT_ID, QUANTITY)
VALUES (130, 16, 44, 15);
INSERT INTO ORDER_ITEM (ID, ORDER_ID, PRODUCT_ID, QUANTITY)
VALUES (131, 16, 15, 3);
INSERT INTO ORDER_ITEM (ID, ORDER_ID, PRODUCT_ID, QUANTITY)
VALUES (132, 16, 49, 10);
INSERT INTO ORDER_ITEM (ID, ORDER_ID, PRODUCT_ID, QUANTITY)
VALUES (133, 16, 42, 17);
INSERT INTO ORDER_ITEM (ID, ORDER_ID, PRODUCT_ID, QUANTITY)
VALUES (134, 16, 31, 9);
INSERT INTO ORDER_ITEM (ID, ORDER_ID, PRODUCT_ID, QUANTITY)
VALUES (135, 16, 59, 13);
INSERT INTO ORDER_ITEM (ID, ORDER_ID, PRODUCT_ID, QUANTITY)
VALUES (136, 16, 60, 4);
INSERT INTO ORDER_ITEM (ID, ORDER_ID, PRODUCT_ID, QUANTITY)
VALUES (137, 16, 47, 7);
INSERT INTO ORDER_ITEM (ID, ORDER_ID, PRODUCT_ID, QUANTITY)
VALUES (138, 16, 14, 5);
INSERT INTO ORDER_ITEM (ID, ORDER_ID, PRODUCT_ID, QUANTITY)
VALUES (139, 16, 11, 4);
INSERT INTO ORDER_ITEM (ID, ORDER_ID, PRODUCT_ID, QUANTITY)
VALUES (140, 16, 32, 8);
INSERT INTO ORDER_ITEM (ID, ORDER_ID, PRODUCT_ID, QUANTITY)
VALUES (141, 16, 17, 14);
INSERT INTO ORDER_ITEM (ID, ORDER_ID, PRODUCT_ID, QUANTITY)
VALUES (142, 16, 16, 20);
INSERT INTO ORDER_ITEM (ID, ORDER_ID, PRODUCT_ID, QUANTITY)
VALUES (143, 16, 13, 12);
INSERT INTO ORDER_ITEM (ID, ORDER_ID, PRODUCT_ID, QUANTITY)
VALUES (144, 16, 54, 12);
INSERT INTO ORDER_ITEM (ID, ORDER_ID, PRODUCT_ID, QUANTITY)
VALUES (145, 16, 30, 20);
INSERT INTO ORDER_ITEM (ID, ORDER_ID, PRODUCT_ID, QUANTITY)
VALUES (146, 16, 19, 17);
INSERT INTO ORDER_ITEM (ID, ORDER_ID, PRODUCT_ID, QUANTITY)
VALUES (147, 16, 27, 13);
INSERT INTO ORDER_ITEM (ID, ORDER_ID, PRODUCT_ID, QUANTITY)
VALUES (148, 16, 56, 6);
INSERT INTO ORDER_ITEM (ID, ORDER_ID, PRODUCT_ID, QUANTITY)
VALUES (149, 16, 33, 13);
INSERT INTO ORDER_ITEM (ID, ORDER_ID, PRODUCT_ID, QUANTITY)
VALUES (150, 16, 23, 13);
INSERT INTO ORDER_ITEM (ID, ORDER_ID, PRODUCT_ID, QUANTITY)
VALUES (151, 16, 50, 4);
INSERT INTO ORDER_ITEM (ID, ORDER_ID, PRODUCT_ID, QUANTITY)
VALUES (152, 16, 39, 7);
INSERT INTO ORDER_ITEM (ID, ORDER_ID, PRODUCT_ID, QUANTITY)
VALUES (153, 16, 45, 8);
INSERT INTO ORDER_ITEM (ID, ORDER_ID, PRODUCT_ID, QUANTITY)
VALUES (154, 16, 20, 6);
INSERT INTO ORDER_ITEM (ID, ORDER_ID, PRODUCT_ID, QUANTITY)
VALUES (155, 16, 51, 19);
INSERT INTO ORDER_ITEM (ID, ORDER_ID, PRODUCT_ID, QUANTITY)
VALUES (156, 16, 48, 7);
INSERT INTO ORDER_ITEM (ID, ORDER_ID, PRODUCT_ID, QUANTITY)
VALUES (157, 16, 35, 18);
INSERT INTO ORDER_ITEM (ID, ORDER_ID, PRODUCT_ID, QUANTITY)
VALUES (158, 16, 29, 5);
INSERT INTO ORDER_ITEM (ID, ORDER_ID, PRODUCT_ID, QUANTITY)
VALUES (159, 16, 41, 17);
INSERT INTO ORDER_ITEM (ID, ORDER_ID, PRODUCT_ID, QUANTITY)
VALUES (160, 16, 37, 15);
INSERT INTO ORDER_ITEM (ID, ORDER_ID, PRODUCT_ID, QUANTITY)
VALUES (161, 16, 38, 9);
INSERT INTO ORDER_ITEM (ID, ORDER_ID, PRODUCT_ID, QUANTITY)
VALUES (162, 16, 52, 3);
INSERT INTO ORDER_ITEM (ID, ORDER_ID, PRODUCT_ID, QUANTITY)
VALUES (163, 16, 18, 15);
INSERT INTO ORDER_ITEM (ID, ORDER_ID, PRODUCT_ID, QUANTITY)
VALUES (164, 16, 28, 5);
INSERT INTO ORDER_ITEM (ID, ORDER_ID, PRODUCT_ID, QUANTITY)
VALUES (165, 16, 22, 6);
INSERT INTO ORDER_ITEM (ID, ORDER_ID, PRODUCT_ID, QUANTITY)
VALUES (166, 16, 24, 6);
INSERT INTO ORDER_ITEM (ID, ORDER_ID, PRODUCT_ID, QUANTITY)
VALUES (167, 16, 21, 18);
INSERT INTO ORDER_ITEM (ID, ORDER_ID, PRODUCT_ID, QUANTITY)
VALUES (168, 16, 53, 4);
INSERT INTO ORDER_ITEM (ID, ORDER_ID, PRODUCT_ID, QUANTITY)
VALUES (169, 16, 26, 17);
-- ### ORDER 7
INSERT INTO PAYMENT_DETAIL(ID, AMOUNT, PROVIDER, PROVIDER_PAYMENT_UUID)
VALUES (17, 3811.0, 'CRYPTO', '504251106');
INSERT INTO ORDERS (ID, CUST_ID, PAYMENT_ID, STATUS, AMOUNT, CREATED_ON, UPDATED_ON)
VALUES (17, 777, 17, 'DELIVERED', 3811.0, LOCALTIMESTAMP, LOCALTIMESTAMP);
INSERT INTO ORDER_ITEM (ID, ORDER_ID, PRODUCT_ID, QUANTITY)
VALUES (170, 17, 19, 12);
INSERT INTO ORDER_ITEM (ID, ORDER_ID, PRODUCT_ID, QUANTITY)
VALUES (171, 17, 27, 16);
INSERT INTO ORDER_ITEM (ID, ORDER_ID, PRODUCT_ID, QUANTITY)
VALUES (172, 17, 30, 7);
INSERT INTO ORDER_ITEM (ID, ORDER_ID, PRODUCT_ID, QUANTITY)
VALUES (173, 17, 42, 6);
INSERT INTO ORDER_ITEM (ID, ORDER_ID, PRODUCT_ID, QUANTITY)
VALUES (174, 17, 47, 5);
INSERT INTO ORDER_ITEM (ID, ORDER_ID, PRODUCT_ID, QUANTITY)
VALUES (175, 17, 32, 3);
INSERT INTO ORDER_ITEM (ID, ORDER_ID, PRODUCT_ID, QUANTITY)
VALUES (176, 17, 44, 10);
INSERT INTO ORDER_ITEM (ID, ORDER_ID, PRODUCT_ID, QUANTITY)
VALUES (177, 17, 35, 13);
INSERT INTO ORDER_ITEM (ID, ORDER_ID, PRODUCT_ID, QUANTITY)
VALUES (178, 17, 31, 5);
INSERT INTO ORDER_ITEM (ID, ORDER_ID, PRODUCT_ID, QUANTITY)
VALUES (179, 17, 20, 19);
INSERT INTO ORDER_ITEM (ID, ORDER_ID, PRODUCT_ID, QUANTITY)
VALUES (180, 17, 51, 8);
INSERT INTO ORDER_ITEM (ID, ORDER_ID, PRODUCT_ID, QUANTITY)
VALUES (181, 17, 34, 11);
INSERT INTO ORDER_ITEM (ID, ORDER_ID, PRODUCT_ID, QUANTITY)
VALUES (182, 17, 45, 1);
INSERT INTO ORDER_ITEM (ID, ORDER_ID, PRODUCT_ID, QUANTITY)
VALUES (183, 17, 54, 17);
INSERT INTO ORDER_ITEM (ID, ORDER_ID, PRODUCT_ID, QUANTITY)
VALUES (184, 17, 56, 10);
INSERT INTO ORDER_ITEM (ID, ORDER_ID, PRODUCT_ID, QUANTITY)
VALUES (185, 17, 13, 16);
-- ### ORDER 8
INSERT INTO PAYMENT_DETAIL(ID, AMOUNT, PROVIDER, PROVIDER_PAYMENT_UUID)
VALUES (18, 1573.0, 'ICARD', '149018759');
INSERT INTO ORDERS (ID, CUST_ID, PAYMENT_ID, STATUS, AMOUNT, CREATED_ON, UPDATED_ON)
VALUES (18, 777, 18, 'DELIVERED', 1573.0, LOCALTIMESTAMP, LOCALTIMESTAMP);
INSERT INTO ORDER_ITEM (ID, ORDER_ID, PRODUCT_ID, QUANTITY)
VALUES (186, 18, 41, 18);
INSERT INTO ORDER_ITEM (ID, ORDER_ID, PRODUCT_ID, QUANTITY)
VALUES (187, 18, 44, 16);
INSERT INTO ORDER_ITEM (ID, ORDER_ID, PRODUCT_ID, QUANTITY)
VALUES (188, 18, 23, 2);
INSERT INTO ORDER_ITEM (ID, ORDER_ID, PRODUCT_ID, QUANTITY)
VALUES (189, 18, 58, 1);
INSERT INTO ORDER_ITEM (ID, ORDER_ID, PRODUCT_ID, QUANTITY)
VALUES (190, 18, 39, 1);
INSERT INTO ORDER_ITEM (ID, ORDER_ID, PRODUCT_ID, QUANTITY)
VALUES (191, 18, 16, 8);
INSERT INTO ORDER_ITEM (ID, ORDER_ID, PRODUCT_ID, QUANTITY)
VALUES (192, 18, 24, 17);
INSERT INTO ORDER_ITEM (ID, ORDER_ID, PRODUCT_ID, QUANTITY)
VALUES (193, 18, 49, 16);
INSERT INTO ORDER_ITEM (ID, ORDER_ID, PRODUCT_ID, QUANTITY)
VALUES (194, 18, 55, 9);
INSERT INTO ORDER_ITEM (ID, ORDER_ID, PRODUCT_ID, QUANTITY)
VALUES (195, 18, 21, 3);
INSERT INTO ORDER_ITEM (ID, ORDER_ID, PRODUCT_ID, QUANTITY)
VALUES (196, 18, 36, 0);
INSERT INTO ORDER_ITEM (ID, ORDER_ID, PRODUCT_ID, QUANTITY)
VALUES (197, 18, 22, 5);
INSERT INTO ORDER_ITEM (ID, ORDER_ID, PRODUCT_ID, QUANTITY)
VALUES (198, 18, 50, 15);
INSERT INTO ORDER_ITEM (ID, ORDER_ID, PRODUCT_ID, QUANTITY)
VALUES (199, 18, 45, 13);
INSERT INTO ORDER_ITEM (ID, ORDER_ID, PRODUCT_ID, QUANTITY)
VALUES (200, 18, 14, 16);
INSERT INTO ORDER_ITEM (ID, ORDER_ID, PRODUCT_ID, QUANTITY)
VALUES (201, 18, 26, 20);
INSERT INTO ORDER_ITEM (ID, ORDER_ID, PRODUCT_ID, QUANTITY)
VALUES (202, 18, 40, 18);
INSERT INTO ORDER_ITEM (ID, ORDER_ID, PRODUCT_ID, QUANTITY)
VALUES (203, 18, 15, 1);
INSERT INTO ORDER_ITEM (ID, ORDER_ID, PRODUCT_ID, QUANTITY)
VALUES (204, 18, 56, 4);
INSERT INTO ORDER_ITEM (ID, ORDER_ID, PRODUCT_ID, QUANTITY)
VALUES (205, 18, 34, 0);
INSERT INTO ORDER_ITEM (ID, ORDER_ID, PRODUCT_ID, QUANTITY)
VALUES (206, 18, 33, 15);
INSERT INTO ORDER_ITEM (ID, ORDER_ID, PRODUCT_ID, QUANTITY)
VALUES (207, 18, 47, 18);
INSERT INTO ORDER_ITEM (ID, ORDER_ID, PRODUCT_ID, QUANTITY)
VALUES (208, 18, 48, 14);
INSERT INTO ORDER_ITEM (ID, ORDER_ID, PRODUCT_ID, QUANTITY)
VALUES (209, 18, 46, 10);
INSERT INTO ORDER_ITEM (ID, ORDER_ID, PRODUCT_ID, QUANTITY)
VALUES (210, 18, 59, 7);
-- ### ORDER 9
INSERT INTO PAYMENT_DETAIL(ID, AMOUNT, PROVIDER, PROVIDER_PAYMENT_UUID)
VALUES (19, 132.0, 'ICARD', '699272010');
INSERT INTO ORDERS (ID, CUST_ID, PAYMENT_ID, STATUS, AMOUNT, CREATED_ON, UPDATED_ON)
VALUES (19, 777, 19, 'DELIVERED', 132.0, LOCALTIMESTAMP, LOCALTIMESTAMP);
INSERT INTO ORDER_ITEM (ID, ORDER_ID, PRODUCT_ID, QUANTITY)
VALUES (211, 19, 22, 12);
INSERT INTO ORDER_ITEM (ID, ORDER_ID, PRODUCT_ID, QUANTITY)
VALUES (212, 19, 43, 18);
INSERT INTO ORDER_ITEM (ID, ORDER_ID, PRODUCT_ID, QUANTITY)
VALUES (213, 19, 24, 12);
INSERT INTO ORDER_ITEM (ID, ORDER_ID, PRODUCT_ID, QUANTITY)
VALUES (214, 19, 58, 9);
INSERT INTO ORDER_ITEM (ID, ORDER_ID, PRODUCT_ID, QUANTITY)
VALUES (215, 19, 21, 10);
INSERT INTO ORDER_ITEM (ID, ORDER_ID, PRODUCT_ID, QUANTITY)
VALUES (216, 19, 20, 19);
INSERT INTO ORDER_ITEM (ID, ORDER_ID, PRODUCT_ID, QUANTITY)
VALUES (217, 19, 31, 19);
INSERT INTO ORDER_ITEM (ID, ORDER_ID, PRODUCT_ID, QUANTITY)
VALUES (218, 19, 12, 7);
INSERT INTO ORDER_ITEM (ID, ORDER_ID, PRODUCT_ID, QUANTITY)
VALUES (219, 19, 55, 18);
INSERT INTO ORDER_ITEM (ID, ORDER_ID, PRODUCT_ID, QUANTITY)
VALUES (220, 19, 47, 10);
INSERT INTO ORDER_ITEM (ID, ORDER_ID, PRODUCT_ID, QUANTITY)
VALUES (221, 19, 57, 14);
INSERT INTO ORDER_ITEM (ID, ORDER_ID, PRODUCT_ID, QUANTITY)
VALUES (222, 19, 39, 1);
INSERT INTO ORDER_ITEM (ID, ORDER_ID, PRODUCT_ID, QUANTITY)
VALUES (223, 19, 46, 1);
INSERT INTO ORDER_ITEM (ID, ORDER_ID, PRODUCT_ID, QUANTITY)
VALUES (224, 19, 38, 4);
INSERT INTO ORDER_ITEM (ID, ORDER_ID, PRODUCT_ID, QUANTITY)
VALUES (225, 19, 34, 0);
INSERT INTO ORDER_ITEM (ID, ORDER_ID, PRODUCT_ID, QUANTITY)
VALUES (226, 19, 27, 5);
INSERT INTO ORDER_ITEM (ID, ORDER_ID, PRODUCT_ID, QUANTITY)
VALUES (227, 19, 52, 8);
INSERT INTO ORDER_ITEM (ID, ORDER_ID, PRODUCT_ID, QUANTITY)
VALUES (228, 19, 33, 11);
INSERT INTO ORDER_ITEM (ID, ORDER_ID, PRODUCT_ID, QUANTITY)
VALUES (229, 19, 40, 14);
INSERT INTO ORDER_ITEM (ID, ORDER_ID, PRODUCT_ID, QUANTITY)
VALUES (230, 19, 60, 19);
INSERT INTO ORDER_ITEM (ID, ORDER_ID, PRODUCT_ID, QUANTITY)
VALUES (231, 19, 42, 12);
INSERT INTO ORDER_ITEM (ID, ORDER_ID, PRODUCT_ID, QUANTITY)
VALUES (232, 19, 23, 7);
INSERT INTO ORDER_ITEM (ID, ORDER_ID, PRODUCT_ID, QUANTITY)
VALUES (233, 19, 51, 17);
INSERT INTO ORDER_ITEM (ID, ORDER_ID, PRODUCT_ID, QUANTITY)
VALUES (234, 19, 56, 10);
INSERT INTO ORDER_ITEM (ID, ORDER_ID, PRODUCT_ID, QUANTITY)
VALUES (235, 19, 37, 4);
INSERT INTO ORDER_ITEM (ID, ORDER_ID, PRODUCT_ID, QUANTITY)
VALUES (236, 19, 18, 0);
INSERT INTO ORDER_ITEM (ID, ORDER_ID, PRODUCT_ID, QUANTITY)
VALUES (237, 19, 50, 0);
INSERT INTO ORDER_ITEM (ID, ORDER_ID, PRODUCT_ID, QUANTITY)
VALUES (238, 19, 14, 20);
INSERT INTO ORDER_ITEM (ID, ORDER_ID, PRODUCT_ID, QUANTITY)
VALUES (239, 19, 25, 11);
INSERT INTO ORDER_ITEM (ID, ORDER_ID, PRODUCT_ID, QUANTITY)
VALUES (240, 19, 32, 16);
INSERT INTO ORDER_ITEM (ID, ORDER_ID, PRODUCT_ID, QUANTITY)
VALUES (241, 19, 48, 10);
INSERT INTO ORDER_ITEM (ID, ORDER_ID, PRODUCT_ID, QUANTITY)
VALUES (242, 19, 54, 8);
INSERT INTO ORDER_ITEM (ID, ORDER_ID, PRODUCT_ID, QUANTITY)
VALUES (243, 19, 45, 0);
INSERT INTO ORDER_ITEM (ID, ORDER_ID, PRODUCT_ID, QUANTITY)
VALUES (244, 19, 44, 3);
INSERT INTO ORDER_ITEM (ID, ORDER_ID, PRODUCT_ID, QUANTITY)
VALUES (245, 19, 41, 6);
-- ### ORDER 10
INSERT INTO PAYMENT_DETAIL(ID, AMOUNT, PROVIDER, PROVIDER_PAYMENT_UUID)
VALUES (20, 1861.0, 'PAYPAL', '227940268');
INSERT INTO ORDERS (ID, CUST_ID, PAYMENT_ID, STATUS, AMOUNT, CREATED_ON, UPDATED_ON)
VALUES (20, 777, 20, 'DELIVERED', 1861.0, LOCALTIMESTAMP, LOCALTIMESTAMP);
INSERT INTO ORDER_ITEM (ID, ORDER_ID, PRODUCT_ID, QUANTITY)
VALUES (246, 20, 25, 2);
INSERT INTO ORDER_ITEM (ID, ORDER_ID, PRODUCT_ID, QUANTITY)
VALUES (247, 20, 12, 20);
INSERT INTO ORDER_ITEM (ID, ORDER_ID, PRODUCT_ID, QUANTITY)
VALUES (248, 20, 11, 8);
INSERT INTO ORDER_ITEM (ID, ORDER_ID, PRODUCT_ID, QUANTITY)
VALUES (249, 20, 23, 4);
INSERT INTO ORDER_ITEM (ID, ORDER_ID, PRODUCT_ID, QUANTITY)
VALUES (250, 20, 45, 6);
INSERT INTO ORDER_ITEM (ID, ORDER_ID, PRODUCT_ID, QUANTITY)
VALUES (251, 20, 54, 6);
INSERT INTO ORDER_ITEM (ID, ORDER_ID, PRODUCT_ID, QUANTITY)
VALUES (252, 20, 31, 18);
INSERT INTO ORDER_ITEM (ID, ORDER_ID, PRODUCT_ID, QUANTITY)
VALUES (253, 20, 15, 4);
INSERT INTO ORDER_ITEM (ID, ORDER_ID, PRODUCT_ID, QUANTITY)
VALUES (254, 20, 57, 18);
INSERT INTO ORDER_ITEM (ID, ORDER_ID, PRODUCT_ID, QUANTITY)
VALUES (255, 20, 44, 13);
INSERT INTO ORDER_ITEM (ID, ORDER_ID, PRODUCT_ID, QUANTITY)
VALUES (256, 20, 51, 18);
INSERT INTO ORDER_ITEM (ID, ORDER_ID, PRODUCT_ID, QUANTITY)
VALUES (257, 20, 19, 19);
INSERT INTO ORDER_ITEM (ID, ORDER_ID, PRODUCT_ID, QUANTITY)
VALUES (258, 20, 24, 10);
-- ### ORDER 11
INSERT INTO PAYMENT_DETAIL(ID, AMOUNT, PROVIDER, PROVIDER_PAYMENT_UUID)
VALUES (21, 2478.0, 'ICARD', '104816520');
INSERT INTO ORDERS (ID, CUST_ID, PAYMENT_ID, STATUS, AMOUNT, CREATED_ON, UPDATED_ON)
VALUES (21, 777, 21, 'DELIVERED', 2478.0, LOCALTIMESTAMP, LOCALTIMESTAMP);
INSERT INTO ORDER_ITEM (ID, ORDER_ID, PRODUCT_ID, QUANTITY)
VALUES (259, 21, 25, 10);
INSERT INTO ORDER_ITEM (ID, ORDER_ID, PRODUCT_ID, QUANTITY)
VALUES (260, 21, 35, 6);
INSERT INTO ORDER_ITEM (ID, ORDER_ID, PRODUCT_ID, QUANTITY)
VALUES (261, 21, 13, 4);
INSERT INTO ORDER_ITEM (ID, ORDER_ID, PRODUCT_ID, QUANTITY)
VALUES (262, 21, 32, 12);
INSERT INTO ORDER_ITEM (ID, ORDER_ID, PRODUCT_ID, QUANTITY)
VALUES (263, 21, 22, 1);
INSERT INTO ORDER_ITEM (ID, ORDER_ID, PRODUCT_ID, QUANTITY)
VALUES (264, 21, 46, 17);
INSERT INTO ORDER_ITEM (ID, ORDER_ID, PRODUCT_ID, QUANTITY)
VALUES (265, 21, 49, 15);
INSERT INTO ORDER_ITEM (ID, ORDER_ID, PRODUCT_ID, QUANTITY)
VALUES (266, 21, 26, 14);
INSERT INTO ORDER_ITEM (ID, ORDER_ID, PRODUCT_ID, QUANTITY)
VALUES (267, 21, 31, 20);
INSERT INTO ORDER_ITEM (ID, ORDER_ID, PRODUCT_ID, QUANTITY)
VALUES (268, 21, 53, 4);
INSERT INTO ORDER_ITEM (ID, ORDER_ID, PRODUCT_ID, QUANTITY)
VALUES (269, 21, 47, 11);
INSERT INTO ORDER_ITEM (ID, ORDER_ID, PRODUCT_ID, QUANTITY)
VALUES (270, 21, 38, 13);
INSERT INTO ORDER_ITEM (ID, ORDER_ID, PRODUCT_ID, QUANTITY)
VALUES (271, 21, 44, 15);
INSERT INTO ORDER_ITEM (ID, ORDER_ID, PRODUCT_ID, QUANTITY)
VALUES (272, 21, 24, 12);
INSERT INTO ORDER_ITEM (ID, ORDER_ID, PRODUCT_ID, QUANTITY)
VALUES (273, 21, 15, 19);
INSERT INTO ORDER_ITEM (ID, ORDER_ID, PRODUCT_ID, QUANTITY)
VALUES (274, 21, 37, 11);
INSERT INTO ORDER_ITEM (ID, ORDER_ID, PRODUCT_ID, QUANTITY)
VALUES (275, 21, 57, 17);
INSERT INTO ORDER_ITEM (ID, ORDER_ID, PRODUCT_ID, QUANTITY)
VALUES (276, 21, 18, 0);
INSERT INTO ORDER_ITEM (ID, ORDER_ID, PRODUCT_ID, QUANTITY)
VALUES (277, 21, 21, 0);
INSERT INTO ORDER_ITEM (ID, ORDER_ID, PRODUCT_ID, QUANTITY)
VALUES (278, 21, 51, 3);
INSERT INTO ORDER_ITEM (ID, ORDER_ID, PRODUCT_ID, QUANTITY)
VALUES (279, 21, 20, 10);
-- ### ORDER 12
INSERT INTO PAYMENT_DETAIL(ID, AMOUNT, PROVIDER, PROVIDER_PAYMENT_UUID)
VALUES (22, 3158.0, 'ICARD', '47667506');
INSERT INTO ORDERS (ID, CUST_ID, PAYMENT_ID, STATUS, AMOUNT, CREATED_ON, UPDATED_ON)
VALUES (22, 777, 22, 'DELIVERED', 3158.0, LOCALTIMESTAMP, LOCALTIMESTAMP);
INSERT INTO ORDER_ITEM (ID, ORDER_ID, PRODUCT_ID, QUANTITY)
VALUES (280, 22, 21, 11);
INSERT INTO ORDER_ITEM (ID, ORDER_ID, PRODUCT_ID, QUANTITY)
VALUES (281, 22, 46, 14);
INSERT INTO ORDER_ITEM (ID, ORDER_ID, PRODUCT_ID, QUANTITY)
VALUES (282, 22, 27, 15);
INSERT INTO ORDER_ITEM (ID, ORDER_ID, PRODUCT_ID, QUANTITY)
VALUES (283, 22, 39, 6);
INSERT INTO ORDER_ITEM (ID, ORDER_ID, PRODUCT_ID, QUANTITY)
VALUES (284, 22, 48, 18);
INSERT INTO ORDER_ITEM (ID, ORDER_ID, PRODUCT_ID, QUANTITY)
VALUES (285, 22, 32, 17);
INSERT INTO ORDER_ITEM (ID, ORDER_ID, PRODUCT_ID, QUANTITY)
VALUES (286, 22, 11, 6);
INSERT INTO ORDER_ITEM (ID, ORDER_ID, PRODUCT_ID, QUANTITY)
VALUES (287, 22, 44, 11);
INSERT INTO ORDER_ITEM (ID, ORDER_ID, PRODUCT_ID, QUANTITY)
VALUES (288, 22, 55, 6);
INSERT INTO ORDER_ITEM (ID, ORDER_ID, PRODUCT_ID, QUANTITY)
VALUES (289, 22, 28, 0);
INSERT INTO ORDER_ITEM (ID, ORDER_ID, PRODUCT_ID, QUANTITY)
VALUES (290, 22, 20, 18);
INSERT INTO ORDER_ITEM (ID, ORDER_ID, PRODUCT_ID, QUANTITY)
VALUES (291, 22, 40, 13);
INSERT INTO ORDER_ITEM (ID, ORDER_ID, PRODUCT_ID, QUANTITY)
VALUES (292, 22, 23, 12);
INSERT INTO ORDER_ITEM (ID, ORDER_ID, PRODUCT_ID, QUANTITY)
VALUES (293, 22, 37, 20);
INSERT INTO ORDER_ITEM (ID, ORDER_ID, PRODUCT_ID, QUANTITY)
VALUES (294, 22, 19, 13);
-- ### ORDER 13
INSERT INTO PAYMENT_DETAIL(ID, AMOUNT, PROVIDER, PROVIDER_PAYMENT_UUID)
VALUES (23, 501.0, 'CRYPTO', '323305116');
INSERT INTO ORDERS (ID, CUST_ID, PAYMENT_ID, STATUS, AMOUNT, CREATED_ON, UPDATED_ON)
VALUES (23, 777, 23, 'DELIVERED', 501.0, LOCALTIMESTAMP, LOCALTIMESTAMP);
INSERT INTO ORDER_ITEM (ID, ORDER_ID, PRODUCT_ID, QUANTITY)
VALUES (295, 23, 27, 4);
INSERT INTO ORDER_ITEM (ID, ORDER_ID, PRODUCT_ID, QUANTITY)
VALUES (296, 23, 13, 7);
INSERT INTO ORDER_ITEM (ID, ORDER_ID, PRODUCT_ID, QUANTITY)
VALUES (297, 23, 53, 15);
INSERT INTO ORDER_ITEM (ID, ORDER_ID, PRODUCT_ID, QUANTITY)
VALUES (298, 23, 15, 3);
INSERT INTO ORDER_ITEM (ID, ORDER_ID, PRODUCT_ID, QUANTITY)
VALUES (299, 23, 29, 8);
-- ### ORDER 14
INSERT INTO PAYMENT_DETAIL(ID, AMOUNT, PROVIDER, PROVIDER_PAYMENT_UUID)
VALUES (24, 900.0, 'ICARD', '498778486');
INSERT INTO ORDERS (ID, CUST_ID, PAYMENT_ID, STATUS, AMOUNT, CREATED_ON, UPDATED_ON)
VALUES (24, 777, 24, 'DELIVERED', 900.0, LOCALTIMESTAMP, LOCALTIMESTAMP);
INSERT INTO ORDER_ITEM (ID, ORDER_ID, PRODUCT_ID, QUANTITY)
VALUES (300, 24, 58, 19);
INSERT INTO ORDER_ITEM (ID, ORDER_ID, PRODUCT_ID, QUANTITY)
VALUES (301, 24, 32, 16);
INSERT INTO ORDER_ITEM (ID, ORDER_ID, PRODUCT_ID, QUANTITY)
VALUES (302, 24, 50, 20);
INSERT INTO ORDER_ITEM (ID, ORDER_ID, PRODUCT_ID, QUANTITY)
VALUES (303, 24, 19, 11);
INSERT INTO ORDER_ITEM (ID, ORDER_ID, PRODUCT_ID, QUANTITY)
VALUES (304, 24, 27, 2);
INSERT INTO ORDER_ITEM (ID, ORDER_ID, PRODUCT_ID, QUANTITY)
VALUES (305, 24, 51, 17);
INSERT INTO ORDER_ITEM (ID, ORDER_ID, PRODUCT_ID, QUANTITY)
VALUES (306, 24, 15, 0);
INSERT INTO ORDER_ITEM (ID, ORDER_ID, PRODUCT_ID, QUANTITY)
VALUES (307, 24, 57, 12);
INSERT INTO ORDER_ITEM (ID, ORDER_ID, PRODUCT_ID, QUANTITY)
VALUES (308, 24, 45, 19);
INSERT INTO ORDER_ITEM (ID, ORDER_ID, PRODUCT_ID, QUANTITY)
VALUES (309, 24, 46, 3);
INSERT INTO ORDER_ITEM (ID, ORDER_ID, PRODUCT_ID, QUANTITY)
VALUES (310, 24, 28, 9);
INSERT INTO ORDER_ITEM (ID, ORDER_ID, PRODUCT_ID, QUANTITY)
VALUES (311, 24, 48, 18);
INSERT INTO ORDER_ITEM (ID, ORDER_ID, PRODUCT_ID, QUANTITY)
VALUES (312, 24, 53, 10);
INSERT INTO ORDER_ITEM (ID, ORDER_ID, PRODUCT_ID, QUANTITY)
VALUES (313, 24, 43, 14);
INSERT INTO ORDER_ITEM (ID, ORDER_ID, PRODUCT_ID, QUANTITY)
VALUES (314, 24, 40, 1);
INSERT INTO ORDER_ITEM (ID, ORDER_ID, PRODUCT_ID, QUANTITY)
VALUES (315, 24, 60, 17);
INSERT INTO ORDER_ITEM (ID, ORDER_ID, PRODUCT_ID, QUANTITY)
VALUES (316, 24, 34, 1);
INSERT INTO ORDER_ITEM (ID, ORDER_ID, PRODUCT_ID, QUANTITY)
VALUES (317, 24, 59, 8);
INSERT INTO ORDER_ITEM (ID, ORDER_ID, PRODUCT_ID, QUANTITY)
VALUES (318, 24, 42, 7);
INSERT INTO ORDER_ITEM (ID, ORDER_ID, PRODUCT_ID, QUANTITY)
VALUES (319, 24, 47, 9);
INSERT INTO ORDER_ITEM (ID, ORDER_ID, PRODUCT_ID, QUANTITY)
VALUES (320, 24, 49, 19);
INSERT INTO ORDER_ITEM (ID, ORDER_ID, PRODUCT_ID, QUANTITY)
VALUES (321, 24, 20, 12);
INSERT INTO ORDER_ITEM (ID, ORDER_ID, PRODUCT_ID, QUANTITY)
VALUES (322, 24, 41, 18);
INSERT INTO ORDER_ITEM (ID, ORDER_ID, PRODUCT_ID, QUANTITY)
VALUES (323, 24, 12, 9);
INSERT INTO ORDER_ITEM (ID, ORDER_ID, PRODUCT_ID, QUANTITY)
VALUES (324, 24, 13, 6);
INSERT INTO ORDER_ITEM (ID, ORDER_ID, PRODUCT_ID, QUANTITY)
VALUES (325, 24, 37, 13);
INSERT INTO ORDER_ITEM (ID, ORDER_ID, PRODUCT_ID, QUANTITY)
VALUES (326, 24, 23, 4);
INSERT INTO ORDER_ITEM (ID, ORDER_ID, PRODUCT_ID, QUANTITY)
VALUES (327, 24, 30, 0);
INSERT INTO ORDER_ITEM (ID, ORDER_ID, PRODUCT_ID, QUANTITY)
VALUES (328, 24, 26, 3);
INSERT INTO ORDER_ITEM (ID, ORDER_ID, PRODUCT_ID, QUANTITY)
VALUES (329, 24, 29, 19);
INSERT INTO ORDER_ITEM (ID, ORDER_ID, PRODUCT_ID, QUANTITY)
VALUES (330, 24, 21, 5);
INSERT INTO ORDER_ITEM (ID, ORDER_ID, PRODUCT_ID, QUANTITY)
VALUES (331, 24, 16, 2);
INSERT INTO ORDER_ITEM (ID, ORDER_ID, PRODUCT_ID, QUANTITY)
VALUES (332, 24, 11, 4);
INSERT INTO ORDER_ITEM (ID, ORDER_ID, PRODUCT_ID, QUANTITY)
VALUES (333, 24, 54, 5);
INSERT INTO ORDER_ITEM (ID, ORDER_ID, PRODUCT_ID, QUANTITY)
VALUES (334, 24, 31, 3);
INSERT INTO ORDER_ITEM (ID, ORDER_ID, PRODUCT_ID, QUANTITY)
VALUES (335, 24, 22, 18);
INSERT INTO ORDER_ITEM (ID, ORDER_ID, PRODUCT_ID, QUANTITY)
VALUES (336, 24, 38, 2);
INSERT INTO ORDER_ITEM (ID, ORDER_ID, PRODUCT_ID, QUANTITY)
VALUES (337, 24, 18, 2);
INSERT INTO ORDER_ITEM (ID, ORDER_ID, PRODUCT_ID, QUANTITY)
VALUES (338, 24, 14, 7);
INSERT INTO ORDER_ITEM (ID, ORDER_ID, PRODUCT_ID, QUANTITY)
VALUES (339, 24, 36, 19);
INSERT INTO ORDER_ITEM (ID, ORDER_ID, PRODUCT_ID, QUANTITY)
VALUES (340, 24, 55, 4);
INSERT INTO ORDER_ITEM (ID, ORDER_ID, PRODUCT_ID, QUANTITY)
VALUES (341, 24, 17, 3);
INSERT INTO ORDER_ITEM (ID, ORDER_ID, PRODUCT_ID, QUANTITY)
VALUES (342, 24, 52, 19);
INSERT INTO ORDER_ITEM (ID, ORDER_ID, PRODUCT_ID, QUANTITY)
VALUES (343, 24, 24, 3);
-- ### ORDER 15
INSERT INTO PAYMENT_DETAIL(ID, AMOUNT, PROVIDER, PROVIDER_PAYMENT_UUID)
VALUES (25, 2667.0, 'PAYPAL', '707451932');
INSERT INTO ORDERS (ID, CUST_ID, PAYMENT_ID, STATUS, AMOUNT, CREATED_ON, UPDATED_ON)
VALUES (25, 777, 25, 'DELIVERED', 2667.0, LOCALTIMESTAMP, LOCALTIMESTAMP);
INSERT INTO ORDER_ITEM (ID, ORDER_ID, PRODUCT_ID, QUANTITY)
VALUES (344, 25, 52, 17);
INSERT INTO ORDER_ITEM (ID, ORDER_ID, PRODUCT_ID, QUANTITY)
VALUES (345, 25, 32, 14);
INSERT INTO ORDER_ITEM (ID, ORDER_ID, PRODUCT_ID, QUANTITY)
VALUES (346, 25, 56, 7);
INSERT INTO ORDER_ITEM (ID, ORDER_ID, PRODUCT_ID, QUANTITY)
VALUES (347, 25, 45, 7);
INSERT INTO ORDER_ITEM (ID, ORDER_ID, PRODUCT_ID, QUANTITY)
VALUES (348, 25, 34, 18);
INSERT INTO ORDER_ITEM (ID, ORDER_ID, PRODUCT_ID, QUANTITY)
VALUES (349, 25, 38, 16);
INSERT INTO ORDER_ITEM (ID, ORDER_ID, PRODUCT_ID, QUANTITY)
VALUES (350, 25, 42, 11);
INSERT INTO ORDER_ITEM (ID, ORDER_ID, PRODUCT_ID, QUANTITY)
VALUES (351, 25, 55, 19);
INSERT INTO ORDER_ITEM (ID, ORDER_ID, PRODUCT_ID, QUANTITY)
VALUES (352, 25, 50, 13);
INSERT INTO ORDER_ITEM (ID, ORDER_ID, PRODUCT_ID, QUANTITY)
VALUES (353, 25, 46, 12);
INSERT INTO ORDER_ITEM (ID, ORDER_ID, PRODUCT_ID, QUANTITY)
VALUES (354, 25, 39, 11);
INSERT INTO ORDER_ITEM (ID, ORDER_ID, PRODUCT_ID, QUANTITY)
VALUES (355, 25, 16, 7);
INSERT INTO ORDER_ITEM (ID, ORDER_ID, PRODUCT_ID, QUANTITY)
VALUES (356, 25, 47, 12);
INSERT INTO ORDER_ITEM (ID, ORDER_ID, PRODUCT_ID, QUANTITY)
VALUES (357, 25, 33, 10);
INSERT INTO ORDER_ITEM (ID, ORDER_ID, PRODUCT_ID, QUANTITY)
VALUES (358, 25, 13, 14);
INSERT INTO ORDER_ITEM (ID, ORDER_ID, PRODUCT_ID, QUANTITY)
VALUES (359, 25, 48, 15);
INSERT INTO ORDER_ITEM (ID, ORDER_ID, PRODUCT_ID, QUANTITY)
VALUES (360, 25, 57, 2);
INSERT INTO ORDER_ITEM (ID, ORDER_ID, PRODUCT_ID, QUANTITY)
VALUES (361, 25, 53, 11);
INSERT INTO ORDER_ITEM (ID, ORDER_ID, PRODUCT_ID, QUANTITY)
VALUES (362, 25, 18, 20);
INSERT INTO ORDER_ITEM (ID, ORDER_ID, PRODUCT_ID, QUANTITY)
VALUES (363, 25, 28, 11);
INSERT INTO ORDER_ITEM (ID, ORDER_ID, PRODUCT_ID, QUANTITY)
VALUES (364, 25, 21, 7);
INSERT INTO ORDER_ITEM (ID, ORDER_ID, PRODUCT_ID, QUANTITY)
VALUES (365, 25, 26, 14);
INSERT INTO ORDER_ITEM (ID, ORDER_ID, PRODUCT_ID, QUANTITY)
VALUES (366, 25, 25, 19);
INSERT INTO ORDER_ITEM (ID, ORDER_ID, PRODUCT_ID, QUANTITY)
VALUES (367, 25, 41, 16);
INSERT INTO ORDER_ITEM (ID, ORDER_ID, PRODUCT_ID, QUANTITY)
VALUES (368, 25, 22, 16);
INSERT INTO ORDER_ITEM (ID, ORDER_ID, PRODUCT_ID, QUANTITY)
VALUES (369, 25, 31, 5);
INSERT INTO ORDER_ITEM (ID, ORDER_ID, PRODUCT_ID, QUANTITY)
VALUES (370, 25, 51, 15);
INSERT INTO ORDER_ITEM (ID, ORDER_ID, PRODUCT_ID, QUANTITY)
VALUES (371, 25, 36, 8);
INSERT INTO ORDER_ITEM (ID, ORDER_ID, PRODUCT_ID, QUANTITY)
VALUES (372, 25, 44, 18);
INSERT INTO ORDER_ITEM (ID, ORDER_ID, PRODUCT_ID, QUANTITY)
VALUES (373, 25, 30, 18);
INSERT INTO ORDER_ITEM (ID, ORDER_ID, PRODUCT_ID, QUANTITY)
VALUES (374, 25, 27, 18);
INSERT INTO ORDER_ITEM (ID, ORDER_ID, PRODUCT_ID, QUANTITY)
VALUES (375, 25, 17, 3);
INSERT INTO ORDER_ITEM (ID, ORDER_ID, PRODUCT_ID, QUANTITY)
VALUES (376, 25, 11, 13);
INSERT INTO ORDER_ITEM (ID, ORDER_ID, PRODUCT_ID, QUANTITY)
VALUES (377, 25, 54, 4);
INSERT INTO ORDER_ITEM (ID, ORDER_ID, PRODUCT_ID, QUANTITY)
VALUES (378, 25, 23, 0);
INSERT INTO ORDER_ITEM (ID, ORDER_ID, PRODUCT_ID, QUANTITY)
VALUES (379, 25, 20, 10);
INSERT INTO ORDER_ITEM (ID, ORDER_ID, PRODUCT_ID, QUANTITY)
VALUES (380, 25, 12, 4);
INSERT INTO ORDER_ITEM (ID, ORDER_ID, PRODUCT_ID, QUANTITY)
VALUES (381, 25, 49, 1);
INSERT INTO ORDER_ITEM (ID, ORDER_ID, PRODUCT_ID, QUANTITY)
VALUES (382, 25, 29, 7);
INSERT INTO ORDER_ITEM (ID, ORDER_ID, PRODUCT_ID, QUANTITY)
VALUES (383, 25, 24, 2);
INSERT INTO ORDER_ITEM (ID, ORDER_ID, PRODUCT_ID, QUANTITY)
VALUES (384, 25, 40, 17);
INSERT INTO ORDER_ITEM (ID, ORDER_ID, PRODUCT_ID, QUANTITY)
VALUES (385, 25, 15, 19);
INSERT INTO ORDER_ITEM (ID, ORDER_ID, PRODUCT_ID, QUANTITY)
VALUES (386, 25, 14, 2);
INSERT INTO ORDER_ITEM (ID, ORDER_ID, PRODUCT_ID, QUANTITY)
VALUES (387, 25, 35, 12);
INSERT INTO ORDER_ITEM (ID, ORDER_ID, PRODUCT_ID, QUANTITY)
VALUES (388, 25, 60, 3);
INSERT INTO ORDER_ITEM (ID, ORDER_ID, PRODUCT_ID, QUANTITY)
VALUES (389, 25, 59, 7);
INSERT INTO ORDER_ITEM (ID, ORDER_ID, PRODUCT_ID, QUANTITY)
VALUES (390, 25, 37, 19);
INSERT INTO ORDER_ITEM (ID, ORDER_ID, PRODUCT_ID, QUANTITY)
VALUES (391, 25, 58, 9);
INSERT INTO ORDER_ITEM (ID, ORDER_ID, PRODUCT_ID, QUANTITY)
VALUES (392, 25, 19, 16);
-- ### ORDER 16
INSERT INTO PAYMENT_DETAIL(ID, AMOUNT, PROVIDER, PROVIDER_PAYMENT_UUID)
VALUES (26, 743.0, 'VISA', '887009990');
INSERT INTO ORDERS (ID, CUST_ID, PAYMENT_ID, STATUS, AMOUNT, CREATED_ON, UPDATED_ON)
VALUES (26, 777, 26, 'DELIVERED', 743.0, LOCALTIMESTAMP, LOCALTIMESTAMP);
INSERT INTO ORDER_ITEM (ID, ORDER_ID, PRODUCT_ID, QUANTITY)
VALUES (393, 26, 45, 1);
INSERT INTO ORDER_ITEM (ID, ORDER_ID, PRODUCT_ID, QUANTITY)
VALUES (394, 26, 42, 18);
INSERT INTO ORDER_ITEM (ID, ORDER_ID, PRODUCT_ID, QUANTITY)
VALUES (395, 26, 48, 14);
INSERT INTO ORDER_ITEM (ID, ORDER_ID, PRODUCT_ID, QUANTITY)
VALUES (396, 26, 58, 16);
INSERT INTO ORDER_ITEM (ID, ORDER_ID, PRODUCT_ID, QUANTITY)
VALUES (397, 26, 17, 12);
INSERT INTO ORDER_ITEM (ID, ORDER_ID, PRODUCT_ID, QUANTITY)
VALUES (398, 26, 16, 12);
-- ### ORDER 17
INSERT INTO PAYMENT_DETAIL(ID, AMOUNT, PROVIDER, PROVIDER_PAYMENT_UUID)
VALUES (27, 688.0, 'PAYPAL', '90934318');
INSERT INTO ORDERS (ID, CUST_ID, PAYMENT_ID, STATUS, AMOUNT, CREATED_ON, UPDATED_ON)
VALUES (27, 777, 27, 'DELIVERED', 688.0, LOCALTIMESTAMP, LOCALTIMESTAMP);
INSERT INTO ORDER_ITEM (ID, ORDER_ID, PRODUCT_ID, QUANTITY)
VALUES (399, 27, 45, 19);
INSERT INTO ORDER_ITEM (ID, ORDER_ID, PRODUCT_ID, QUANTITY)
VALUES (400, 27, 22, 2);
INSERT INTO ORDER_ITEM (ID, ORDER_ID, PRODUCT_ID, QUANTITY)
VALUES (401, 27, 42, 20);
INSERT INTO ORDER_ITEM (ID, ORDER_ID, PRODUCT_ID, QUANTITY)
VALUES (402, 27, 12, 6);
INSERT INTO ORDER_ITEM (ID, ORDER_ID, PRODUCT_ID, QUANTITY)
VALUES (403, 27, 16, 8);
INSERT INTO ORDER_ITEM (ID, ORDER_ID, PRODUCT_ID, QUANTITY)
VALUES (404, 27, 11, 10);
INSERT INTO ORDER_ITEM (ID, ORDER_ID, PRODUCT_ID, QUANTITY)
VALUES (405, 27, 27, 17);
INSERT INTO ORDER_ITEM (ID, ORDER_ID, PRODUCT_ID, QUANTITY)
VALUES (406, 27, 30, 3);
INSERT INTO ORDER_ITEM (ID, ORDER_ID, PRODUCT_ID, QUANTITY)
VALUES (407, 27, 25, 19);
INSERT INTO ORDER_ITEM (ID, ORDER_ID, PRODUCT_ID, QUANTITY)
VALUES (408, 27, 19, 0);
INSERT INTO ORDER_ITEM (ID, ORDER_ID, PRODUCT_ID, QUANTITY)
VALUES (409, 27, 57, 17);
INSERT INTO ORDER_ITEM (ID, ORDER_ID, PRODUCT_ID, QUANTITY)
VALUES (410, 27, 47, 3);
INSERT INTO ORDER_ITEM (ID, ORDER_ID, PRODUCT_ID, QUANTITY)
VALUES (411, 27, 32, 8);
INSERT INTO ORDER_ITEM (ID, ORDER_ID, PRODUCT_ID, QUANTITY)
VALUES (412, 27, 26, 3);
INSERT INTO ORDER_ITEM (ID, ORDER_ID, PRODUCT_ID, QUANTITY)
VALUES (413, 27, 54, 20);
INSERT INTO ORDER_ITEM (ID, ORDER_ID, PRODUCT_ID, QUANTITY)
VALUES (414, 27, 34, 13);
INSERT INTO ORDER_ITEM (ID, ORDER_ID, PRODUCT_ID, QUANTITY)
VALUES (415, 27, 52, 3);
INSERT INTO ORDER_ITEM (ID, ORDER_ID, PRODUCT_ID, QUANTITY)
VALUES (416, 27, 40, 18);
INSERT INTO ORDER_ITEM (ID, ORDER_ID, PRODUCT_ID, QUANTITY)
VALUES (417, 27, 37, 9);
INSERT INTO ORDER_ITEM (ID, ORDER_ID, PRODUCT_ID, QUANTITY)
VALUES (418, 27, 38, 3);
INSERT INTO ORDER_ITEM (ID, ORDER_ID, PRODUCT_ID, QUANTITY)
VALUES (419, 27, 60, 19);
INSERT INTO ORDER_ITEM (ID, ORDER_ID, PRODUCT_ID, QUANTITY)
VALUES (420, 27, 56, 12);
INSERT INTO ORDER_ITEM (ID, ORDER_ID, PRODUCT_ID, QUANTITY)
VALUES (421, 27, 17, 13);
INSERT INTO ORDER_ITEM (ID, ORDER_ID, PRODUCT_ID, QUANTITY)
VALUES (422, 27, 46, 19);
INSERT INTO ORDER_ITEM (ID, ORDER_ID, PRODUCT_ID, QUANTITY)
VALUES (423, 27, 14, 6);
INSERT INTO ORDER_ITEM (ID, ORDER_ID, PRODUCT_ID, QUANTITY)
VALUES (424, 27, 55, 19);
INSERT INTO ORDER_ITEM (ID, ORDER_ID, PRODUCT_ID, QUANTITY)
VALUES (425, 27, 53, 5);
INSERT INTO ORDER_ITEM (ID, ORDER_ID, PRODUCT_ID, QUANTITY)
VALUES (426, 27, 24, 7);
INSERT INTO ORDER_ITEM (ID, ORDER_ID, PRODUCT_ID, QUANTITY)
VALUES (427, 27, 36, 3);
INSERT INTO ORDER_ITEM (ID, ORDER_ID, PRODUCT_ID, QUANTITY)
VALUES (428, 27, 33, 12);
INSERT INTO ORDER_ITEM (ID, ORDER_ID, PRODUCT_ID, QUANTITY)
VALUES (429, 27, 15, 4);
INSERT INTO ORDER_ITEM (ID, ORDER_ID, PRODUCT_ID, QUANTITY)
VALUES (430, 27, 50, 14);
INSERT INTO ORDER_ITEM (ID, ORDER_ID, PRODUCT_ID, QUANTITY)
VALUES (431, 27, 49, 18);
-- ### ORDER 18
INSERT INTO PAYMENT_DETAIL(ID, AMOUNT, PROVIDER, PROVIDER_PAYMENT_UUID)
VALUES (28, 90.0, 'MASTERCARD', '107147732');
INSERT INTO ORDERS (ID, CUST_ID, PAYMENT_ID, STATUS, AMOUNT, CREATED_ON, UPDATED_ON)
VALUES (28, 777, 28, 'DELIVERED', 90.0, LOCALTIMESTAMP, LOCALTIMESTAMP);
INSERT INTO ORDER_ITEM (ID, ORDER_ID, PRODUCT_ID, QUANTITY)
VALUES (432, 28, 54, 8);
INSERT INTO ORDER_ITEM (ID, ORDER_ID, PRODUCT_ID, QUANTITY)
VALUES (433, 28, 53, 11);
INSERT INTO ORDER_ITEM (ID, ORDER_ID, PRODUCT_ID, QUANTITY)
VALUES (434, 28, 24, 8);
INSERT INTO ORDER_ITEM (ID, ORDER_ID, PRODUCT_ID, QUANTITY)
VALUES (435, 28, 48, 6);
INSERT INTO ORDER_ITEM (ID, ORDER_ID, PRODUCT_ID, QUANTITY)
VALUES (436, 28, 31, 3);
INSERT INTO ORDER_ITEM (ID, ORDER_ID, PRODUCT_ID, QUANTITY)
VALUES (437, 28, 29, 1);
INSERT INTO ORDER_ITEM (ID, ORDER_ID, PRODUCT_ID, QUANTITY)
VALUES (438, 28, 16, 19);
INSERT INTO ORDER_ITEM (ID, ORDER_ID, PRODUCT_ID, QUANTITY)
VALUES (439, 28, 42, 14);
INSERT INTO ORDER_ITEM (ID, ORDER_ID, PRODUCT_ID, QUANTITY)
VALUES (440, 28, 41, 20);
INSERT INTO ORDER_ITEM (ID, ORDER_ID, PRODUCT_ID, QUANTITY)
VALUES (441, 28, 14, 17);
INSERT INTO ORDER_ITEM (ID, ORDER_ID, PRODUCT_ID, QUANTITY)
VALUES (442, 28, 51, 5);
INSERT INTO ORDER_ITEM (ID, ORDER_ID, PRODUCT_ID, QUANTITY)
VALUES (443, 28, 35, 7);
INSERT INTO ORDER_ITEM (ID, ORDER_ID, PRODUCT_ID, QUANTITY)
VALUES (444, 28, 36, 16);
INSERT INTO ORDER_ITEM (ID, ORDER_ID, PRODUCT_ID, QUANTITY)
VALUES (445, 28, 23, 5);
INSERT INTO ORDER_ITEM (ID, ORDER_ID, PRODUCT_ID, QUANTITY)
VALUES (446, 28, 39, 4);
INSERT INTO ORDER_ITEM (ID, ORDER_ID, PRODUCT_ID, QUANTITY)
VALUES (447, 28, 57, 20);
INSERT INTO ORDER_ITEM (ID, ORDER_ID, PRODUCT_ID, QUANTITY)
VALUES (448, 28, 40, 11);
INSERT INTO ORDER_ITEM (ID, ORDER_ID, PRODUCT_ID, QUANTITY)
VALUES (449, 28, 18, 6);
INSERT INTO ORDER_ITEM (ID, ORDER_ID, PRODUCT_ID, QUANTITY)
VALUES (450, 28, 11, 6);
INSERT INTO ORDER_ITEM (ID, ORDER_ID, PRODUCT_ID, QUANTITY)
VALUES (451, 28, 56, 20);
INSERT INTO ORDER_ITEM (ID, ORDER_ID, PRODUCT_ID, QUANTITY)
VALUES (452, 28, 37, 3);
INSERT INTO ORDER_ITEM (ID, ORDER_ID, PRODUCT_ID, QUANTITY)
VALUES (453, 28, 28, 16);
INSERT INTO ORDER_ITEM (ID, ORDER_ID, PRODUCT_ID, QUANTITY)
VALUES (454, 28, 30, 5);
INSERT INTO ORDER_ITEM (ID, ORDER_ID, PRODUCT_ID, QUANTITY)
VALUES (455, 28, 26, 3);
INSERT INTO ORDER_ITEM (ID, ORDER_ID, PRODUCT_ID, QUANTITY)
VALUES (456, 28, 22, 18);
INSERT INTO ORDER_ITEM (ID, ORDER_ID, PRODUCT_ID, QUANTITY)
VALUES (457, 28, 52, 12);
INSERT INTO ORDER_ITEM (ID, ORDER_ID, PRODUCT_ID, QUANTITY)
VALUES (458, 28, 43, 8);
INSERT INTO ORDER_ITEM (ID, ORDER_ID, PRODUCT_ID, QUANTITY)
VALUES (459, 28, 19, 7);
INSERT INTO ORDER_ITEM (ID, ORDER_ID, PRODUCT_ID, QUANTITY)
VALUES (460, 28, 38, 1);
INSERT INTO ORDER_ITEM (ID, ORDER_ID, PRODUCT_ID, QUANTITY)
VALUES (461, 28, 25, 16);
INSERT INTO ORDER_ITEM (ID, ORDER_ID, PRODUCT_ID, QUANTITY)
VALUES (462, 28, 33, 11);
-- ### ORDER 19
INSERT INTO PAYMENT_DETAIL(ID, AMOUNT, PROVIDER, PROVIDER_PAYMENT_UUID)
VALUES (29, 3620.0, 'MASTERCARD', '445256258');
INSERT INTO ORDERS (ID, CUST_ID, PAYMENT_ID, STATUS, AMOUNT, CREATED_ON, UPDATED_ON)
VALUES (29, 777, 29, 'DELIVERED', 3620.0, LOCALTIMESTAMP, LOCALTIMESTAMP);
INSERT INTO ORDER_ITEM (ID, ORDER_ID, PRODUCT_ID, QUANTITY)
VALUES (463, 29, 49, 9);
INSERT INTO ORDER_ITEM (ID, ORDER_ID, PRODUCT_ID, QUANTITY)
VALUES (464, 29, 60, 18);
INSERT INTO ORDER_ITEM (ID, ORDER_ID, PRODUCT_ID, QUANTITY)
VALUES (465, 29, 28, 6);
INSERT INTO ORDER_ITEM (ID, ORDER_ID, PRODUCT_ID, QUANTITY)
VALUES (466, 29, 29, 13);
INSERT INTO ORDER_ITEM (ID, ORDER_ID, PRODUCT_ID, QUANTITY)
VALUES (467, 29, 25, 1);
INSERT INTO ORDER_ITEM (ID, ORDER_ID, PRODUCT_ID, QUANTITY)
VALUES (468, 29, 37, 12);
INSERT INTO ORDER_ITEM (ID, ORDER_ID, PRODUCT_ID, QUANTITY)
VALUES (469, 29, 30, 11);
INSERT INTO ORDER_ITEM (ID, ORDER_ID, PRODUCT_ID, QUANTITY)
VALUES (470, 29, 47, 9);
INSERT INTO ORDER_ITEM (ID, ORDER_ID, PRODUCT_ID, QUANTITY)
VALUES (471, 29, 52, 4);
INSERT INTO ORDER_ITEM (ID, ORDER_ID, PRODUCT_ID, QUANTITY)
VALUES (472, 29, 45, 16);
INSERT INTO ORDER_ITEM (ID, ORDER_ID, PRODUCT_ID, QUANTITY)
VALUES (473, 29, 51, 10);
INSERT INTO ORDER_ITEM (ID, ORDER_ID, PRODUCT_ID, QUANTITY)
VALUES (474, 29, 41, 4);
INSERT INTO ORDER_ITEM (ID, ORDER_ID, PRODUCT_ID, QUANTITY)
VALUES (475, 29, 24, 13);
INSERT INTO ORDER_ITEM (ID, ORDER_ID, PRODUCT_ID, QUANTITY)
VALUES (476, 29, 48, 14);
INSERT INTO ORDER_ITEM (ID, ORDER_ID, PRODUCT_ID, QUANTITY)
VALUES (477, 29, 16, 6);
INSERT INTO ORDER_ITEM (ID, ORDER_ID, PRODUCT_ID, QUANTITY)
VALUES (478, 29, 21, 1);
INSERT INTO ORDER_ITEM (ID, ORDER_ID, PRODUCT_ID, QUANTITY)
VALUES (479, 29, 54, 5);
INSERT INTO ORDER_ITEM (ID, ORDER_ID, PRODUCT_ID, QUANTITY)
VALUES (480, 29, 55, 4);
INSERT INTO ORDER_ITEM (ID, ORDER_ID, PRODUCT_ID, QUANTITY)
VALUES (481, 29, 32, 4);
INSERT INTO ORDER_ITEM (ID, ORDER_ID, PRODUCT_ID, QUANTITY)
VALUES (482, 29, 31, 6);
INSERT INTO ORDER_ITEM (ID, ORDER_ID, PRODUCT_ID, QUANTITY)
VALUES (483, 29, 36, 6);
INSERT INTO ORDER_ITEM (ID, ORDER_ID, PRODUCT_ID, QUANTITY)
VALUES (484, 29, 15, 8);
INSERT INTO ORDER_ITEM (ID, ORDER_ID, PRODUCT_ID, QUANTITY)
VALUES (485, 29, 13, 9);
INSERT INTO ORDER_ITEM (ID, ORDER_ID, PRODUCT_ID, QUANTITY)
VALUES (486, 29, 35, 1);
INSERT INTO ORDER_ITEM (ID, ORDER_ID, PRODUCT_ID, QUANTITY)
VALUES (487, 29, 33, 9);
INSERT INTO ORDER_ITEM (ID, ORDER_ID, PRODUCT_ID, QUANTITY)
VALUES (488, 29, 40, 9);
INSERT INTO ORDER_ITEM (ID, ORDER_ID, PRODUCT_ID, QUANTITY)
VALUES (489, 29, 57, 10);
INSERT INTO ORDER_ITEM (ID, ORDER_ID, PRODUCT_ID, QUANTITY)
VALUES (490, 29, 50, 18);
INSERT INTO ORDER_ITEM (ID, ORDER_ID, PRODUCT_ID, QUANTITY)
VALUES (491, 29, 56, 17);
INSERT INTO ORDER_ITEM (ID, ORDER_ID, PRODUCT_ID, QUANTITY)
VALUES (492, 29, 59, 9);
INSERT INTO ORDER_ITEM (ID, ORDER_ID, PRODUCT_ID, QUANTITY)
VALUES (493, 29, 12, 19);
-- ### ORDER 20
INSERT INTO PAYMENT_DETAIL(ID, AMOUNT, PROVIDER, PROVIDER_PAYMENT_UUID)
VALUES (30, 4243.0, 'MASTERCARD', '857631026');
INSERT INTO ORDERS (ID, CUST_ID, PAYMENT_ID, STATUS, AMOUNT, CREATED_ON, UPDATED_ON)
VALUES (30, 777, 30, 'DELIVERED', 4243.0, LOCALTIMESTAMP, LOCALTIMESTAMP);
INSERT INTO ORDER_ITEM (ID, ORDER_ID, PRODUCT_ID, QUANTITY)
VALUES (494, 30, 47, 5);
INSERT INTO ORDER_ITEM (ID, ORDER_ID, PRODUCT_ID, QUANTITY)
VALUES (495, 30, 51, 6);
INSERT INTO ORDER_ITEM (ID, ORDER_ID, PRODUCT_ID, QUANTITY)
VALUES (496, 30, 18, 12);
INSERT INTO ORDER_ITEM (ID, ORDER_ID, PRODUCT_ID, QUANTITY)
VALUES (497, 30, 12, 0);
INSERT INTO ORDER_ITEM (ID, ORDER_ID, PRODUCT_ID, QUANTITY)
VALUES (498, 30, 38, 8);
INSERT INTO ORDER_ITEM (ID, ORDER_ID, PRODUCT_ID, QUANTITY)
VALUES (499, 30, 39, 3);
INSERT INTO ORDER_ITEM (ID, ORDER_ID, PRODUCT_ID, QUANTITY)
VALUES (500, 30, 46, 8);
INSERT INTO ORDER_ITEM (ID, ORDER_ID, PRODUCT_ID, QUANTITY)
VALUES (501, 30, 37, 3);
INSERT INTO ORDER_ITEM (ID, ORDER_ID, PRODUCT_ID, QUANTITY)
VALUES (502, 30, 44, 3);
INSERT INTO ORDER_ITEM (ID, ORDER_ID, PRODUCT_ID, QUANTITY)
VALUES (503, 30, 52, 5);
INSERT INTO ORDER_ITEM (ID, ORDER_ID, PRODUCT_ID, QUANTITY)
VALUES (504, 30, 50, 16);
-- ### ORDER 21
INSERT INTO PAYMENT_DETAIL(ID, AMOUNT, PROVIDER, PROVIDER_PAYMENT_UUID)
VALUES (31, 4147.0, 'PAYPAL', '576537542');
INSERT INTO ORDERS (ID, CUST_ID, PAYMENT_ID, STATUS, AMOUNT, CREATED_ON, UPDATED_ON)
VALUES (31, 777, 31, 'DELIVERED', 4147.0, LOCALTIMESTAMP, LOCALTIMESTAMP);
INSERT INTO ORDER_ITEM (ID, ORDER_ID, PRODUCT_ID, QUANTITY)
VALUES (505, 31, 43, 18);
INSERT INTO ORDER_ITEM (ID, ORDER_ID, PRODUCT_ID, QUANTITY)
VALUES (506, 31, 11, 8);
INSERT INTO ORDER_ITEM (ID, ORDER_ID, PRODUCT_ID, QUANTITY)
VALUES (507, 31, 31, 7);
INSERT INTO ORDER_ITEM (ID, ORDER_ID, PRODUCT_ID, QUANTITY)
VALUES (508, 31, 55, 12);
INSERT INTO ORDER_ITEM (ID, ORDER_ID, PRODUCT_ID, QUANTITY)
VALUES (509, 31, 38, 7);
INSERT INTO ORDER_ITEM (ID, ORDER_ID, PRODUCT_ID, QUANTITY)
VALUES (510, 31, 19, 2);
INSERT INTO ORDER_ITEM (ID, ORDER_ID, PRODUCT_ID, QUANTITY)
VALUES (511, 31, 60, 19);
INSERT INTO ORDER_ITEM (ID, ORDER_ID, PRODUCT_ID, QUANTITY)
VALUES (512, 31, 32, 0);
INSERT INTO ORDER_ITEM (ID, ORDER_ID, PRODUCT_ID, QUANTITY)
VALUES (513, 31, 52, 9);
INSERT INTO ORDER_ITEM (ID, ORDER_ID, PRODUCT_ID, QUANTITY)
VALUES (514, 31, 59, 5);
INSERT INTO ORDER_ITEM (ID, ORDER_ID, PRODUCT_ID, QUANTITY)
VALUES (515, 31, 21, 4);
INSERT INTO ORDER_ITEM (ID, ORDER_ID, PRODUCT_ID, QUANTITY)
VALUES (516, 31, 28, 8);
INSERT INTO ORDER_ITEM (ID, ORDER_ID, PRODUCT_ID, QUANTITY)
VALUES (517, 31, 39, 17);
INSERT INTO ORDER_ITEM (ID, ORDER_ID, PRODUCT_ID, QUANTITY)
VALUES (518, 31, 30, 19);
INSERT INTO ORDER_ITEM (ID, ORDER_ID, PRODUCT_ID, QUANTITY)
VALUES (519, 31, 47, 1);
INSERT INTO ORDER_ITEM (ID, ORDER_ID, PRODUCT_ID, QUANTITY)
VALUES (520, 31, 53, 14);
INSERT INTO ORDER_ITEM (ID, ORDER_ID, PRODUCT_ID, QUANTITY)
VALUES (521, 31, 16, 6);
INSERT INTO ORDER_ITEM (ID, ORDER_ID, PRODUCT_ID, QUANTITY)
VALUES (522, 31, 57, 5);
INSERT INTO ORDER_ITEM (ID, ORDER_ID, PRODUCT_ID, QUANTITY)
VALUES (523, 31, 54, 4);
INSERT INTO ORDER_ITEM (ID, ORDER_ID, PRODUCT_ID, QUANTITY)
VALUES (524, 31, 36, 19);
INSERT INTO ORDER_ITEM (ID, ORDER_ID, PRODUCT_ID, QUANTITY)
VALUES (525, 31, 37, 4);
INSERT INTO ORDER_ITEM (ID, ORDER_ID, PRODUCT_ID, QUANTITY)
VALUES (526, 31, 29, 9);
INSERT INTO ORDER_ITEM (ID, ORDER_ID, PRODUCT_ID, QUANTITY)
VALUES (527, 31, 44, 3);
INSERT INTO ORDER_ITEM (ID, ORDER_ID, PRODUCT_ID, QUANTITY)
VALUES (528, 31, 13, 8);
INSERT INTO ORDER_ITEM (ID, ORDER_ID, PRODUCT_ID, QUANTITY)
VALUES (529, 31, 49, 2);
INSERT INTO ORDER_ITEM (ID, ORDER_ID, PRODUCT_ID, QUANTITY)
VALUES (530, 31, 17, 12);
INSERT INTO ORDER_ITEM (ID, ORDER_ID, PRODUCT_ID, QUANTITY)
VALUES (531, 31, 56, 16);
INSERT INTO ORDER_ITEM (ID, ORDER_ID, PRODUCT_ID, QUANTITY)
VALUES (532, 31, 45, 12);
INSERT INTO ORDER_ITEM (ID, ORDER_ID, PRODUCT_ID, QUANTITY)
VALUES (533, 31, 42, 11);
INSERT INTO ORDER_ITEM (ID, ORDER_ID, PRODUCT_ID, QUANTITY)
VALUES (534, 31, 15, 3);
INSERT INTO ORDER_ITEM (ID, ORDER_ID, PRODUCT_ID, QUANTITY)
VALUES (535, 31, 46, 14);
INSERT INTO ORDER_ITEM (ID, ORDER_ID, PRODUCT_ID, QUANTITY)
VALUES (536, 31, 48, 6);
INSERT INTO ORDER_ITEM (ID, ORDER_ID, PRODUCT_ID, QUANTITY)
VALUES (537, 31, 12, 8);
INSERT INTO ORDER_ITEM (ID, ORDER_ID, PRODUCT_ID, QUANTITY)
VALUES (538, 31, 24, 6);
INSERT INTO ORDER_ITEM (ID, ORDER_ID, PRODUCT_ID, QUANTITY)
VALUES (539, 31, 33, 3);
INSERT INTO ORDER_ITEM (ID, ORDER_ID, PRODUCT_ID, QUANTITY)
VALUES (540, 31, 40, 7);
INSERT INTO ORDER_ITEM (ID, ORDER_ID, PRODUCT_ID, QUANTITY)
VALUES (541, 31, 18, 13);
INSERT INTO ORDER_ITEM (ID, ORDER_ID, PRODUCT_ID, QUANTITY)
VALUES (542, 31, 22, 14);
INSERT INTO ORDER_ITEM (ID, ORDER_ID, PRODUCT_ID, QUANTITY)
VALUES (543, 31, 25, 20);
INSERT INTO ORDER_ITEM (ID, ORDER_ID, PRODUCT_ID, QUANTITY)
VALUES (544, 31, 14, 19);
INSERT INTO ORDER_ITEM (ID, ORDER_ID, PRODUCT_ID, QUANTITY)
VALUES (545, 31, 20, 10);
INSERT INTO ORDER_ITEM (ID, ORDER_ID, PRODUCT_ID, QUANTITY)
VALUES (546, 31, 27, 3);
INSERT INTO ORDER_ITEM (ID, ORDER_ID, PRODUCT_ID, QUANTITY)
VALUES (547, 31, 50, 17);
INSERT INTO ORDER_ITEM (ID, ORDER_ID, PRODUCT_ID, QUANTITY)
VALUES (548, 31, 23, 18);
INSERT INTO ORDER_ITEM (ID, ORDER_ID, PRODUCT_ID, QUANTITY)
VALUES (549, 31, 34, 17);
INSERT INTO ORDER_ITEM (ID, ORDER_ID, PRODUCT_ID, QUANTITY)
VALUES (550, 31, 41, 5);
INSERT INTO ORDER_ITEM (ID, ORDER_ID, PRODUCT_ID, QUANTITY)
VALUES (551, 31, 58, 19);
INSERT INTO ORDER_ITEM (ID, ORDER_ID, PRODUCT_ID, QUANTITY)
VALUES (552, 31, 51, 1);
-- ### ORDER 22
INSERT INTO PAYMENT_DETAIL(ID, AMOUNT, PROVIDER, PROVIDER_PAYMENT_UUID)
VALUES (32, 689.0, 'MASTERCARD', '714411249');
INSERT INTO ORDERS (ID, CUST_ID, PAYMENT_ID, STATUS, AMOUNT, CREATED_ON, UPDATED_ON)
VALUES (32, 777, 32, 'DELIVERED', 689.0, LOCALTIMESTAMP, LOCALTIMESTAMP);
-- ### ORDER 23
INSERT INTO PAYMENT_DETAIL(ID, AMOUNT, PROVIDER, PROVIDER_PAYMENT_UUID)
VALUES (33, 4365.0, 'ICARD', '526011666');
INSERT INTO ORDERS (ID, CUST_ID, PAYMENT_ID, STATUS, AMOUNT, CREATED_ON, UPDATED_ON)
VALUES (33, 777, 33, 'DELIVERED', 4365.0, LOCALTIMESTAMP, LOCALTIMESTAMP);
-- ### ORDER 24
INSERT INTO PAYMENT_DETAIL(ID, AMOUNT, PROVIDER, PROVIDER_PAYMENT_UUID)
VALUES (34, 1433.0, 'CRYPTO', '874096278');
INSERT INTO ORDERS (ID, CUST_ID, PAYMENT_ID, STATUS, AMOUNT, CREATED_ON, UPDATED_ON)
VALUES (34, 777, 34, 'DELIVERED', 1433.0, LOCALTIMESTAMP, LOCALTIMESTAMP);
INSERT INTO ORDER_ITEM (ID, ORDER_ID, PRODUCT_ID, QUANTITY)
VALUES (553, 34, 29, 19);
INSERT INTO ORDER_ITEM (ID, ORDER_ID, PRODUCT_ID, QUANTITY)
VALUES (554, 34, 35, 17);
INSERT INTO ORDER_ITEM (ID, ORDER_ID, PRODUCT_ID, QUANTITY)
VALUES (555, 34, 16, 18);
INSERT INTO ORDER_ITEM (ID, ORDER_ID, PRODUCT_ID, QUANTITY)
VALUES (556, 34, 20, 8);
INSERT INTO ORDER_ITEM (ID, ORDER_ID, PRODUCT_ID, QUANTITY)
VALUES (557, 34, 18, 7);
INSERT INTO ORDER_ITEM (ID, ORDER_ID, PRODUCT_ID, QUANTITY)
VALUES (558, 34, 14, 20);
INSERT INTO ORDER_ITEM (ID, ORDER_ID, PRODUCT_ID, QUANTITY)
VALUES (559, 34, 52, 19);
INSERT INTO ORDER_ITEM (ID, ORDER_ID, PRODUCT_ID, QUANTITY)
VALUES (560, 34, 40, 4);
INSERT INTO ORDER_ITEM (ID, ORDER_ID, PRODUCT_ID, QUANTITY)
VALUES (561, 34, 37, 6);
INSERT INTO ORDER_ITEM (ID, ORDER_ID, PRODUCT_ID, QUANTITY)
VALUES (562, 34, 45, 10);
INSERT INTO ORDER_ITEM (ID, ORDER_ID, PRODUCT_ID, QUANTITY)
VALUES (563, 34, 38, 20);
INSERT INTO ORDER_ITEM (ID, ORDER_ID, PRODUCT_ID, QUANTITY)
VALUES (564, 34, 50, 12);
INSERT INTO ORDER_ITEM (ID, ORDER_ID, PRODUCT_ID, QUANTITY)
VALUES (565, 34, 22, 2);
INSERT INTO ORDER_ITEM (ID, ORDER_ID, PRODUCT_ID, QUANTITY)
VALUES (566, 34, 39, 8);
INSERT INTO ORDER_ITEM (ID, ORDER_ID, PRODUCT_ID, QUANTITY)
VALUES (567, 34, 34, 9);
INSERT INTO ORDER_ITEM (ID, ORDER_ID, PRODUCT_ID, QUANTITY)
VALUES (568, 34, 36, 12);
INSERT INTO ORDER_ITEM (ID, ORDER_ID, PRODUCT_ID, QUANTITY)
VALUES (569, 34, 11, 1);
INSERT INTO ORDER_ITEM (ID, ORDER_ID, PRODUCT_ID, QUANTITY)
VALUES (570, 34, 56, 12);
INSERT INTO ORDER_ITEM (ID, ORDER_ID, PRODUCT_ID, QUANTITY)
VALUES (571, 34, 25, 15);
INSERT INTO ORDER_ITEM (ID, ORDER_ID, PRODUCT_ID, QUANTITY)
VALUES (572, 34, 33, 14);
INSERT INTO ORDER_ITEM (ID, ORDER_ID, PRODUCT_ID, QUANTITY)
VALUES (573, 34, 19, 11);
-- ### ORDER 25
INSERT INTO PAYMENT_DETAIL(ID, AMOUNT, PROVIDER, PROVIDER_PAYMENT_UUID)
VALUES (35, 2282.0, 'PAYPAL', '210623931');
INSERT INTO ORDERS (ID, CUST_ID, PAYMENT_ID, STATUS, AMOUNT, CREATED_ON, UPDATED_ON)
VALUES (35, 777, 35, 'DELIVERED', 2282.0, LOCALTIMESTAMP, LOCALTIMESTAMP);
INSERT INTO ORDER_ITEM (ID, ORDER_ID, PRODUCT_ID, QUANTITY)
VALUES (574, 35, 34, 2);
INSERT INTO ORDER_ITEM (ID, ORDER_ID, PRODUCT_ID, QUANTITY)
VALUES (575, 35, 56, 12);
INSERT INTO ORDER_ITEM (ID, ORDER_ID, PRODUCT_ID, QUANTITY)
VALUES (576, 35, 53, 12);
INSERT INTO ORDER_ITEM (ID, ORDER_ID, PRODUCT_ID, QUANTITY)
VALUES (577, 35, 24, 0);
INSERT INTO ORDER_ITEM (ID, ORDER_ID, PRODUCT_ID, QUANTITY)
VALUES (578, 35, 48, 11);
INSERT INTO ORDER_ITEM (ID, ORDER_ID, PRODUCT_ID, QUANTITY)
VALUES (579, 35, 11, 7);
INSERT INTO ORDER_ITEM (ID, ORDER_ID, PRODUCT_ID, QUANTITY)
VALUES (580, 35, 15, 7);
INSERT INTO ORDER_ITEM (ID, ORDER_ID, PRODUCT_ID, QUANTITY)
VALUES (581, 35, 18, 20);
INSERT INTO ORDER_ITEM (ID, ORDER_ID, PRODUCT_ID, QUANTITY)
VALUES (582, 35, 40, 7);
INSERT INTO ORDER_ITEM (ID, ORDER_ID, PRODUCT_ID, QUANTITY)
VALUES (583, 35, 28, 11);
INSERT INTO ORDER_ITEM (ID, ORDER_ID, PRODUCT_ID, QUANTITY)
VALUES (584, 35, 58, 20);
INSERT INTO ORDER_ITEM (ID, ORDER_ID, PRODUCT_ID, QUANTITY)
VALUES (585, 35, 20, 7);
INSERT INTO ORDER_ITEM (ID, ORDER_ID, PRODUCT_ID, QUANTITY)
VALUES (586, 35, 38, 2);
INSERT INTO ORDER_ITEM (ID, ORDER_ID, PRODUCT_ID, QUANTITY)
VALUES (587, 35, 52, 7);
INSERT INTO ORDER_ITEM (ID, ORDER_ID, PRODUCT_ID, QUANTITY)
VALUES (588, 35, 55, 10);
INSERT INTO ORDER_ITEM (ID, ORDER_ID, PRODUCT_ID, QUANTITY)
VALUES (589, 35, 39, 2);
INSERT INTO ORDER_ITEM (ID, ORDER_ID, PRODUCT_ID, QUANTITY)
VALUES (590, 35, 17, 7);
INSERT INTO ORDER_ITEM (ID, ORDER_ID, PRODUCT_ID, QUANTITY)
VALUES (591, 35, 60, 11);
INSERT INTO ORDER_ITEM (ID, ORDER_ID, PRODUCT_ID, QUANTITY)
VALUES (592, 35, 43, 6);
INSERT INTO ORDER_ITEM (ID, ORDER_ID, PRODUCT_ID, QUANTITY)
VALUES (593, 35, 59, 19);
INSERT INTO ORDER_ITEM (ID, ORDER_ID, PRODUCT_ID, QUANTITY)
VALUES (594, 35, 57, 16);
INSERT INTO ORDER_ITEM (ID, ORDER_ID, PRODUCT_ID, QUANTITY)
VALUES (595, 35, 46, 11);
INSERT INTO ORDER_ITEM (ID, ORDER_ID, PRODUCT_ID, QUANTITY)
VALUES (596, 35, 16, 17);
INSERT INTO ORDER_ITEM (ID, ORDER_ID, PRODUCT_ID, QUANTITY)
VALUES (597, 35, 12, 13);
INSERT INTO ORDER_ITEM (ID, ORDER_ID, PRODUCT_ID, QUANTITY)
VALUES (598, 35, 54, 15);
INSERT INTO ORDER_ITEM (ID, ORDER_ID, PRODUCT_ID, QUANTITY)
VALUES (599, 35, 45, 19);
INSERT INTO ORDER_ITEM (ID, ORDER_ID, PRODUCT_ID, QUANTITY)
VALUES (600, 35, 22, 1);
INSERT INTO ORDER_ITEM (ID, ORDER_ID, PRODUCT_ID, QUANTITY)
VALUES (601, 35, 33, 11);
INSERT INTO ORDER_ITEM (ID, ORDER_ID, PRODUCT_ID, QUANTITY)
VALUES (602, 35, 31, 9);
INSERT INTO ORDER_ITEM (ID, ORDER_ID, PRODUCT_ID, QUANTITY)
VALUES (603, 35, 41, 18);
INSERT INTO ORDER_ITEM (ID, ORDER_ID, PRODUCT_ID, QUANTITY)
VALUES (604, 35, 51, 16);
INSERT INTO ORDER_ITEM (ID, ORDER_ID, PRODUCT_ID, QUANTITY)
VALUES (605, 35, 36, 4);
INSERT INTO ORDER_ITEM (ID, ORDER_ID, PRODUCT_ID, QUANTITY)
VALUES (606, 35, 47, 12);
INSERT INTO ORDER_ITEM (ID, ORDER_ID, PRODUCT_ID, QUANTITY)
VALUES (607, 35, 29, 17);
INSERT INTO ORDER_ITEM (ID, ORDER_ID, PRODUCT_ID, QUANTITY)
VALUES (608, 35, 23, 20);
INSERT INTO ORDER_ITEM (ID, ORDER_ID, PRODUCT_ID, QUANTITY)
VALUES (609, 35, 35, 11);
INSERT INTO ORDER_ITEM (ID, ORDER_ID, PRODUCT_ID, QUANTITY)
VALUES (610, 35, 13, 4);
INSERT INTO ORDER_ITEM (ID, ORDER_ID, PRODUCT_ID, QUANTITY)
VALUES (611, 35, 32, 2);
-- ### ORDER 26
INSERT INTO PAYMENT_DETAIL(ID, AMOUNT, PROVIDER, PROVIDER_PAYMENT_UUID)
VALUES (36, 3338.0, 'VISA', '977264640');
INSERT INTO ORDERS (ID, CUST_ID, PAYMENT_ID, STATUS, AMOUNT, CREATED_ON, UPDATED_ON)
VALUES (36, 777, 36, 'DELIVERED', 3338.0, LOCALTIMESTAMP, LOCALTIMESTAMP);
INSERT INTO ORDER_ITEM (ID, ORDER_ID, PRODUCT_ID, QUANTITY)
VALUES (612, 36, 52, 20);
INSERT INTO ORDER_ITEM (ID, ORDER_ID, PRODUCT_ID, QUANTITY)
VALUES (613, 36, 47, 15);
INSERT INTO ORDER_ITEM (ID, ORDER_ID, PRODUCT_ID, QUANTITY)
VALUES (614, 36, 40, 12);
INSERT INTO ORDER_ITEM (ID, ORDER_ID, PRODUCT_ID, QUANTITY)
VALUES (615, 36, 46, 3);
INSERT INTO ORDER_ITEM (ID, ORDER_ID, PRODUCT_ID, QUANTITY)
VALUES (616, 36, 26, 19);
INSERT INTO ORDER_ITEM (ID, ORDER_ID, PRODUCT_ID, QUANTITY)
VALUES (617, 36, 55, 16);
INSERT INTO ORDER_ITEM (ID, ORDER_ID, PRODUCT_ID, QUANTITY)
VALUES (618, 36, 29, 19);
INSERT INTO ORDER_ITEM (ID, ORDER_ID, PRODUCT_ID, QUANTITY)
VALUES (619, 36, 18, 11);
INSERT INTO ORDER_ITEM (ID, ORDER_ID, PRODUCT_ID, QUANTITY)
VALUES (620, 36, 35, 0);
INSERT INTO ORDER_ITEM (ID, ORDER_ID, PRODUCT_ID, QUANTITY)
VALUES (621, 36, 45, 18);
INSERT INTO ORDER_ITEM (ID, ORDER_ID, PRODUCT_ID, QUANTITY)
VALUES (622, 36, 59, 13);
INSERT INTO ORDER_ITEM (ID, ORDER_ID, PRODUCT_ID, QUANTITY)
VALUES (623, 36, 38, 13);
INSERT INTO ORDER_ITEM (ID, ORDER_ID, PRODUCT_ID, QUANTITY)
VALUES (624, 36, 15, 2);
INSERT INTO ORDER_ITEM (ID, ORDER_ID, PRODUCT_ID, QUANTITY)
VALUES (625, 36, 51, 4);
INSERT INTO ORDER_ITEM (ID, ORDER_ID, PRODUCT_ID, QUANTITY)
VALUES (626, 36, 14, 6);
INSERT INTO ORDER_ITEM (ID, ORDER_ID, PRODUCT_ID, QUANTITY)
VALUES (627, 36, 28, 20);
INSERT INTO ORDER_ITEM (ID, ORDER_ID, PRODUCT_ID, QUANTITY)
VALUES (628, 36, 48, 3);
INSERT INTO ORDER_ITEM (ID, ORDER_ID, PRODUCT_ID, QUANTITY)
VALUES (629, 36, 37, 17);
INSERT INTO ORDER_ITEM (ID, ORDER_ID, PRODUCT_ID, QUANTITY)
VALUES (630, 36, 34, 5);
INSERT INTO ORDER_ITEM (ID, ORDER_ID, PRODUCT_ID, QUANTITY)
VALUES (631, 36, 33, 4);
INSERT INTO ORDER_ITEM (ID, ORDER_ID, PRODUCT_ID, QUANTITY)
VALUES (632, 36, 22, 0);
INSERT INTO ORDER_ITEM (ID, ORDER_ID, PRODUCT_ID, QUANTITY)
VALUES (633, 36, 41, 7);
INSERT INTO ORDER_ITEM (ID, ORDER_ID, PRODUCT_ID, QUANTITY)
VALUES (634, 36, 53, 19);
INSERT INTO ORDER_ITEM (ID, ORDER_ID, PRODUCT_ID, QUANTITY)
VALUES (635, 36, 44, 9);
INSERT INTO ORDER_ITEM (ID, ORDER_ID, PRODUCT_ID, QUANTITY)
VALUES (636, 36, 31, 2);
INSERT INTO ORDER_ITEM (ID, ORDER_ID, PRODUCT_ID, QUANTITY)
VALUES (637, 36, 13, 4);
INSERT INTO ORDER_ITEM (ID, ORDER_ID, PRODUCT_ID, QUANTITY)
VALUES (638, 36, 57, 12);
INSERT INTO ORDER_ITEM (ID, ORDER_ID, PRODUCT_ID, QUANTITY)
VALUES (639, 36, 30, 10);
INSERT INTO ORDER_ITEM (ID, ORDER_ID, PRODUCT_ID, QUANTITY)
VALUES (640, 36, 17, 2);
INSERT INTO ORDER_ITEM (ID, ORDER_ID, PRODUCT_ID, QUANTITY)
VALUES (641, 36, 43, 10);
INSERT INTO ORDER_ITEM (ID, ORDER_ID, PRODUCT_ID, QUANTITY)
VALUES (642, 36, 11, 3);
INSERT INTO ORDER_ITEM (ID, ORDER_ID, PRODUCT_ID, QUANTITY)
VALUES (643, 36, 25, 2);
INSERT INTO ORDER_ITEM (ID, ORDER_ID, PRODUCT_ID, QUANTITY)
VALUES (644, 36, 23, 7);
INSERT INTO ORDER_ITEM (ID, ORDER_ID, PRODUCT_ID, QUANTITY)
VALUES (645, 36, 56, 6);
INSERT INTO ORDER_ITEM (ID, ORDER_ID, PRODUCT_ID, QUANTITY)
VALUES (646, 36, 12, 15);
INSERT INTO ORDER_ITEM (ID, ORDER_ID, PRODUCT_ID, QUANTITY)
VALUES (647, 36, 49, 8);
INSERT INTO ORDER_ITEM (ID, ORDER_ID, PRODUCT_ID, QUANTITY)
VALUES (648, 36, 16, 3);
INSERT INTO ORDER_ITEM (ID, ORDER_ID, PRODUCT_ID, QUANTITY)
VALUES (649, 36, 60, 14);
INSERT INTO ORDER_ITEM (ID, ORDER_ID, PRODUCT_ID, QUANTITY)
VALUES (650, 36, 24, 15);
INSERT INTO ORDER_ITEM (ID, ORDER_ID, PRODUCT_ID, QUANTITY)
VALUES (651, 36, 21, 0);
INSERT INTO ORDER_ITEM (ID, ORDER_ID, PRODUCT_ID, QUANTITY)
VALUES (652, 36, 19, 17);
INSERT INTO ORDER_ITEM (ID, ORDER_ID, PRODUCT_ID, QUANTITY)
VALUES (653, 36, 32, 12);
INSERT INTO ORDER_ITEM (ID, ORDER_ID, PRODUCT_ID, QUANTITY)
VALUES (654, 36, 36, 5);
-- ### ORDER 27
INSERT INTO PAYMENT_DETAIL(ID, AMOUNT, PROVIDER, PROVIDER_PAYMENT_UUID)
VALUES (37, 1909.0, 'VISA', '456654353');
INSERT INTO ORDERS (ID, CUST_ID, PAYMENT_ID, STATUS, AMOUNT, CREATED_ON, UPDATED_ON)
VALUES (37, 777, 37, 'DELIVERED', 1909.0, LOCALTIMESTAMP, LOCALTIMESTAMP);
INSERT INTO ORDER_ITEM (ID, ORDER_ID, PRODUCT_ID, QUANTITY)
VALUES (655, 37, 13, 14);
INSERT INTO ORDER_ITEM (ID, ORDER_ID, PRODUCT_ID, QUANTITY)
VALUES (656, 37, 60, 15);
INSERT INTO ORDER_ITEM (ID, ORDER_ID, PRODUCT_ID, QUANTITY)
VALUES (657, 37, 54, 3);
INSERT INTO ORDER_ITEM (ID, ORDER_ID, PRODUCT_ID, QUANTITY)
VALUES (658, 37, 51, 8);
INSERT INTO ORDER_ITEM (ID, ORDER_ID, PRODUCT_ID, QUANTITY)
VALUES (659, 37, 48, 14);
INSERT INTO ORDER_ITEM (ID, ORDER_ID, PRODUCT_ID, QUANTITY)
VALUES (660, 37, 23, 0);
INSERT INTO ORDER_ITEM (ID, ORDER_ID, PRODUCT_ID, QUANTITY)
VALUES (661, 37, 41, 0);
INSERT INTO ORDER_ITEM (ID, ORDER_ID, PRODUCT_ID, QUANTITY)
VALUES (662, 37, 52, 3);
INSERT INTO ORDER_ITEM (ID, ORDER_ID, PRODUCT_ID, QUANTITY)
VALUES (663, 37, 49, 15);
INSERT INTO ORDER_ITEM (ID, ORDER_ID, PRODUCT_ID, QUANTITY)
VALUES (664, 37, 58, 10);
INSERT INTO ORDER_ITEM (ID, ORDER_ID, PRODUCT_ID, QUANTITY)
VALUES (665, 37, 19, 3);
INSERT INTO ORDER_ITEM (ID, ORDER_ID, PRODUCT_ID, QUANTITY)
VALUES (666, 37, 25, 20);
INSERT INTO ORDER_ITEM (ID, ORDER_ID, PRODUCT_ID, QUANTITY)
VALUES (667, 37, 27, 14);
INSERT INTO ORDER_ITEM (ID, ORDER_ID, PRODUCT_ID, QUANTITY)
VALUES (668, 37, 30, 5);
INSERT INTO ORDER_ITEM (ID, ORDER_ID, PRODUCT_ID, QUANTITY)
VALUES (669, 37, 34, 3);
INSERT INTO ORDER_ITEM (ID, ORDER_ID, PRODUCT_ID, QUANTITY)
VALUES (670, 37, 56, 3);
-- ### ORDER 28
INSERT INTO PAYMENT_DETAIL(ID, AMOUNT, PROVIDER, PROVIDER_PAYMENT_UUID)
VALUES (38, 3835.0, 'PAYPAL', '539171779');
INSERT INTO ORDERS (ID, CUST_ID, PAYMENT_ID, STATUS, AMOUNT, CREATED_ON, UPDATED_ON)
VALUES (38, 777, 38, 'DELIVERED', 3835.0, LOCALTIMESTAMP, LOCALTIMESTAMP);
INSERT INTO ORDER_ITEM (ID, ORDER_ID, PRODUCT_ID, QUANTITY)
VALUES (671, 38, 57, 1);
INSERT INTO ORDER_ITEM (ID, ORDER_ID, PRODUCT_ID, QUANTITY)
VALUES (672, 38, 30, 2);
INSERT INTO ORDER_ITEM (ID, ORDER_ID, PRODUCT_ID, QUANTITY)
VALUES (673, 38, 39, 0);
INSERT INTO ORDER_ITEM (ID, ORDER_ID, PRODUCT_ID, QUANTITY)
VALUES (674, 38, 14, 9);
INSERT INTO ORDER_ITEM (ID, ORDER_ID, PRODUCT_ID, QUANTITY)
VALUES (675, 38, 38, 6);
INSERT INTO ORDER_ITEM (ID, ORDER_ID, PRODUCT_ID, QUANTITY)
VALUES (676, 38, 58, 10);
INSERT INTO ORDER_ITEM (ID, ORDER_ID, PRODUCT_ID, QUANTITY)
VALUES (677, 38, 48, 19);
INSERT INTO ORDER_ITEM (ID, ORDER_ID, PRODUCT_ID, QUANTITY)
VALUES (678, 38, 47, 7);
INSERT INTO ORDER_ITEM (ID, ORDER_ID, PRODUCT_ID, QUANTITY)
VALUES (679, 38, 21, 18);
INSERT INTO ORDER_ITEM (ID, ORDER_ID, PRODUCT_ID, QUANTITY)
VALUES (680, 38, 13, 3);
INSERT INTO ORDER_ITEM (ID, ORDER_ID, PRODUCT_ID, QUANTITY)
VALUES (681, 38, 12, 1);
INSERT INTO ORDER_ITEM (ID, ORDER_ID, PRODUCT_ID, QUANTITY)
VALUES (682, 38, 28, 19);
INSERT INTO ORDER_ITEM (ID, ORDER_ID, PRODUCT_ID, QUANTITY)
VALUES (683, 38, 25, 9);
INSERT INTO ORDER_ITEM (ID, ORDER_ID, PRODUCT_ID, QUANTITY)
VALUES (684, 38, 34, 9);
INSERT INTO ORDER_ITEM (ID, ORDER_ID, PRODUCT_ID, QUANTITY)
VALUES (685, 38, 32, 7);
INSERT INTO ORDER_ITEM (ID, ORDER_ID, PRODUCT_ID, QUANTITY)
VALUES (686, 38, 20, 13);
INSERT INTO ORDER_ITEM (ID, ORDER_ID, PRODUCT_ID, QUANTITY)
VALUES (687, 38, 22, 11);
INSERT INTO ORDER_ITEM (ID, ORDER_ID, PRODUCT_ID, QUANTITY)
VALUES (688, 38, 43, 14);
INSERT INTO ORDER_ITEM (ID, ORDER_ID, PRODUCT_ID, QUANTITY)
VALUES (689, 38, 36, 0);
INSERT INTO ORDER_ITEM (ID, ORDER_ID, PRODUCT_ID, QUANTITY)
VALUES (690, 38, 16, 11);
INSERT INTO ORDER_ITEM (ID, ORDER_ID, PRODUCT_ID, QUANTITY)
VALUES (691, 38, 35, 9);
INSERT INTO ORDER_ITEM (ID, ORDER_ID, PRODUCT_ID, QUANTITY)
VALUES (692, 38, 29, 11);
INSERT INTO ORDER_ITEM (ID, ORDER_ID, PRODUCT_ID, QUANTITY)
VALUES (693, 38, 46, 17);
INSERT INTO ORDER_ITEM (ID, ORDER_ID, PRODUCT_ID, QUANTITY)
VALUES (694, 38, 53, 20);
INSERT INTO ORDER_ITEM (ID, ORDER_ID, PRODUCT_ID, QUANTITY)
VALUES (695, 38, 42, 12);
INSERT INTO ORDER_ITEM (ID, ORDER_ID, PRODUCT_ID, QUANTITY)
VALUES (696, 38, 40, 1);
INSERT INTO ORDER_ITEM (ID, ORDER_ID, PRODUCT_ID, QUANTITY)
VALUES (697, 38, 50, 9);
INSERT INTO ORDER_ITEM (ID, ORDER_ID, PRODUCT_ID, QUANTITY)
VALUES (698, 38, 49, 0);
INSERT INTO ORDER_ITEM (ID, ORDER_ID, PRODUCT_ID, QUANTITY)
VALUES (699, 38, 60, 3);
INSERT INTO ORDER_ITEM (ID, ORDER_ID, PRODUCT_ID, QUANTITY)
VALUES (700, 38, 59, 16);
INSERT INTO ORDER_ITEM (ID, ORDER_ID, PRODUCT_ID, QUANTITY)
VALUES (701, 38, 11, 19);
INSERT INTO ORDER_ITEM (ID, ORDER_ID, PRODUCT_ID, QUANTITY)
VALUES (702, 38, 26, 9);
INSERT INTO ORDER_ITEM (ID, ORDER_ID, PRODUCT_ID, QUANTITY)
VALUES (703, 38, 27, 16);
INSERT INTO ORDER_ITEM (ID, ORDER_ID, PRODUCT_ID, QUANTITY)
VALUES (704, 38, 55, 9);
INSERT INTO ORDER_ITEM (ID, ORDER_ID, PRODUCT_ID, QUANTITY)
VALUES (705, 38, 23, 3);
INSERT INTO ORDER_ITEM (ID, ORDER_ID, PRODUCT_ID, QUANTITY)
VALUES (706, 38, 56, 11);
INSERT INTO ORDER_ITEM (ID, ORDER_ID, PRODUCT_ID, QUANTITY)
VALUES (707, 38, 24, 10);
INSERT INTO ORDER_ITEM (ID, ORDER_ID, PRODUCT_ID, QUANTITY)
VALUES (708, 38, 17, 11);
INSERT INTO ORDER_ITEM (ID, ORDER_ID, PRODUCT_ID, QUANTITY)
VALUES (709, 38, 51, 14);
INSERT INTO ORDER_ITEM (ID, ORDER_ID, PRODUCT_ID, QUANTITY)
VALUES (710, 38, 18, 14);
INSERT INTO ORDER_ITEM (ID, ORDER_ID, PRODUCT_ID, QUANTITY)
VALUES (711, 38, 15, 6);
INSERT INTO ORDER_ITEM (ID, ORDER_ID, PRODUCT_ID, QUANTITY)
VALUES (712, 38, 52, 8);
INSERT INTO ORDER_ITEM (ID, ORDER_ID, PRODUCT_ID, QUANTITY)
VALUES (713, 38, 54, 17);
INSERT INTO ORDER_ITEM (ID, ORDER_ID, PRODUCT_ID, QUANTITY)
VALUES (714, 38, 33, 2);
INSERT INTO ORDER_ITEM (ID, ORDER_ID, PRODUCT_ID, QUANTITY)
VALUES (715, 38, 37, 0);
INSERT INTO ORDER_ITEM (ID, ORDER_ID, PRODUCT_ID, QUANTITY)
VALUES (716, 38, 41, 15);
INSERT INTO ORDER_ITEM (ID, ORDER_ID, PRODUCT_ID, QUANTITY)
VALUES (717, 38, 19, 10);
INSERT INTO ORDER_ITEM (ID, ORDER_ID, PRODUCT_ID, QUANTITY)
VALUES (718, 38, 31, 10);
-- ### ORDER 29
INSERT INTO PAYMENT_DETAIL(ID, AMOUNT, PROVIDER, PROVIDER_PAYMENT_UUID)
VALUES (39, 4387.0, 'MASTERCARD', '252434419');
INSERT INTO ORDERS (ID, CUST_ID, PAYMENT_ID, STATUS, AMOUNT, CREATED_ON, UPDATED_ON)
VALUES (39, 777, 39, 'DELIVERED', 4387.0, LOCALTIMESTAMP, LOCALTIMESTAMP);
INSERT INTO ORDER_ITEM (ID, ORDER_ID, PRODUCT_ID, QUANTITY)
VALUES (719, 39, 20, 11);
INSERT INTO ORDER_ITEM (ID, ORDER_ID, PRODUCT_ID, QUANTITY)
VALUES (720, 39, 30, 6);
INSERT INTO ORDER_ITEM (ID, ORDER_ID, PRODUCT_ID, QUANTITY)
VALUES (721, 39, 45, 6);
INSERT INTO ORDER_ITEM (ID, ORDER_ID, PRODUCT_ID, QUANTITY)
VALUES (722, 39, 18, 20);
INSERT INTO ORDER_ITEM (ID, ORDER_ID, PRODUCT_ID, QUANTITY)
VALUES (723, 39, 24, 1);
INSERT INTO ORDER_ITEM (ID, ORDER_ID, PRODUCT_ID, QUANTITY)
VALUES (724, 39, 35, 17);
INSERT INTO ORDER_ITEM (ID, ORDER_ID, PRODUCT_ID, QUANTITY)
VALUES (725, 39, 39, 12);
INSERT INTO ORDER_ITEM (ID, ORDER_ID, PRODUCT_ID, QUANTITY)
VALUES (726, 39, 50, 3);
INSERT INTO ORDER_ITEM (ID, ORDER_ID, PRODUCT_ID, QUANTITY)
VALUES (727, 39, 32, 12);
INSERT INTO ORDER_ITEM (ID, ORDER_ID, PRODUCT_ID, QUANTITY)
VALUES (728, 39, 36, 17);
INSERT INTO ORDER_ITEM (ID, ORDER_ID, PRODUCT_ID, QUANTITY)
VALUES (729, 39, 52, 20);
INSERT INTO ORDER_ITEM (ID, ORDER_ID, PRODUCT_ID, QUANTITY)
VALUES (730, 39, 22, 20);
INSERT INTO ORDER_ITEM (ID, ORDER_ID, PRODUCT_ID, QUANTITY)
VALUES (731, 39, 58, 4);
INSERT INTO ORDER_ITEM (ID, ORDER_ID, PRODUCT_ID, QUANTITY)
VALUES (732, 39, 19, 1);
INSERT INTO ORDER_ITEM (ID, ORDER_ID, PRODUCT_ID, QUANTITY)
VALUES (733, 39, 17, 7);
INSERT INTO ORDER_ITEM (ID, ORDER_ID, PRODUCT_ID, QUANTITY)
VALUES (734, 39, 33, 5);
INSERT INTO ORDER_ITEM (ID, ORDER_ID, PRODUCT_ID, QUANTITY)
VALUES (735, 39, 49, 17);
INSERT INTO ORDER_ITEM (ID, ORDER_ID, PRODUCT_ID, QUANTITY)
VALUES (736, 39, 59, 17);
INSERT INTO ORDER_ITEM (ID, ORDER_ID, PRODUCT_ID, QUANTITY)
VALUES (737, 39, 38, 16);
INSERT INTO ORDER_ITEM (ID, ORDER_ID, PRODUCT_ID, QUANTITY)
VALUES (738, 39, 41, 16);
INSERT INTO ORDER_ITEM (ID, ORDER_ID, PRODUCT_ID, QUANTITY)
VALUES (739, 39, 51, 14);
INSERT INTO ORDER_ITEM (ID, ORDER_ID, PRODUCT_ID, QUANTITY)
VALUES (740, 39, 29, 6);
INSERT INTO ORDER_ITEM (ID, ORDER_ID, PRODUCT_ID, QUANTITY)
VALUES (741, 39, 25, 5);
INSERT INTO ORDER_ITEM (ID, ORDER_ID, PRODUCT_ID, QUANTITY)
VALUES (742, 39, 11, 0);
-- ### ORDER 30
INSERT INTO PAYMENT_DETAIL(ID, AMOUNT, PROVIDER, PROVIDER_PAYMENT_UUID)
VALUES (40, 1028.0, 'CRYPTO', '923141501');
INSERT INTO ORDERS (ID, CUST_ID, PAYMENT_ID, STATUS, AMOUNT, CREATED_ON, UPDATED_ON)
VALUES (40, 777, 40, 'DELIVERED', 1028.0, LOCALTIMESTAMP, LOCALTIMESTAMP);
INSERT INTO ORDER_ITEM (ID, ORDER_ID, PRODUCT_ID, QUANTITY)
VALUES (743, 40, 37, 16);
INSERT INTO ORDER_ITEM (ID, ORDER_ID, PRODUCT_ID, QUANTITY)
VALUES (744, 40, 15, 8);
INSERT INTO ORDER_ITEM (ID, ORDER_ID, PRODUCT_ID, QUANTITY)
VALUES (745, 40, 28, 17);
INSERT INTO ORDER_ITEM (ID, ORDER_ID, PRODUCT_ID, QUANTITY)
VALUES (746, 40, 41, 12);
INSERT INTO ORDER_ITEM (ID, ORDER_ID, PRODUCT_ID, QUANTITY)
VALUES (747, 40, 54, 3);
INSERT INTO ORDER_ITEM (ID, ORDER_ID, PRODUCT_ID, QUANTITY)
VALUES (748, 40, 35, 20);
INSERT INTO ORDER_ITEM (ID, ORDER_ID, PRODUCT_ID, QUANTITY)
VALUES (749, 40, 57, 2);
INSERT INTO ORDER_ITEM (ID, ORDER_ID, PRODUCT_ID, QUANTITY)
VALUES (750, 40, 55, 3);
INSERT INTO ORDER_ITEM (ID, ORDER_ID, PRODUCT_ID, QUANTITY)
VALUES (751, 40, 46, 0);
INSERT INTO ORDER_ITEM (ID, ORDER_ID, PRODUCT_ID, QUANTITY)
VALUES (752, 40, 53, 8);
INSERT INTO ORDER_ITEM (ID, ORDER_ID, PRODUCT_ID, QUANTITY)
VALUES (753, 40, 31, 11);
INSERT INTO ORDER_ITEM (ID, ORDER_ID, PRODUCT_ID, QUANTITY)
VALUES (754, 40, 52, 5);
INSERT INTO ORDER_ITEM (ID, ORDER_ID, PRODUCT_ID, QUANTITY)
VALUES (755, 40, 12, 18);
INSERT INTO ORDER_ITEM (ID, ORDER_ID, PRODUCT_ID, QUANTITY)
VALUES (756, 40, 42, 15);
-- ### ORDER 31
INSERT INTO PAYMENT_DETAIL(ID, AMOUNT, PROVIDER, PROVIDER_PAYMENT_UUID)
VALUES (41, 2639.0, 'CRYPTO', '622941386');
INSERT INTO ORDERS (ID, CUST_ID, PAYMENT_ID, STATUS, AMOUNT, CREATED_ON, UPDATED_ON)
VALUES (41, 777, 41, 'DELIVERED', 2639.0, LOCALTIMESTAMP, LOCALTIMESTAMP);
INSERT INTO ORDER_ITEM (ID, ORDER_ID, PRODUCT_ID, QUANTITY)
VALUES (757, 41, 34, 15);
INSERT INTO ORDER_ITEM (ID, ORDER_ID, PRODUCT_ID, QUANTITY)
VALUES (758, 41, 30, 3);
INSERT INTO ORDER_ITEM (ID, ORDER_ID, PRODUCT_ID, QUANTITY)
VALUES (759, 41, 45, 9);
INSERT INTO ORDER_ITEM (ID, ORDER_ID, PRODUCT_ID, QUANTITY)
VALUES (760, 41, 58, 18);
INSERT INTO ORDER_ITEM (ID, ORDER_ID, PRODUCT_ID, QUANTITY)
VALUES (761, 41, 56, 6);
INSERT INTO ORDER_ITEM (ID, ORDER_ID, PRODUCT_ID, QUANTITY)
VALUES (762, 41, 35, 1);
-- ### ORDER 32
INSERT INTO PAYMENT_DETAIL(ID, AMOUNT, PROVIDER, PROVIDER_PAYMENT_UUID)
VALUES (42, 2128.0, 'ICARD', '985460961');
INSERT INTO ORDERS (ID, CUST_ID, PAYMENT_ID, STATUS, AMOUNT, CREATED_ON, UPDATED_ON)
VALUES (42, 777, 42, 'DELIVERED', 2128.0, LOCALTIMESTAMP, LOCALTIMESTAMP);
INSERT INTO ORDER_ITEM (ID, ORDER_ID, PRODUCT_ID, QUANTITY)
VALUES (763, 42, 48, 14);
INSERT INTO ORDER_ITEM (ID, ORDER_ID, PRODUCT_ID, QUANTITY)
VALUES (764, 42, 16, 10);
INSERT INTO ORDER_ITEM (ID, ORDER_ID, PRODUCT_ID, QUANTITY)
VALUES (765, 42, 50, 18);
INSERT INTO ORDER_ITEM (ID, ORDER_ID, PRODUCT_ID, QUANTITY)
VALUES (766, 42, 56, 5);
INSERT INTO ORDER_ITEM (ID, ORDER_ID, PRODUCT_ID, QUANTITY)
VALUES (767, 42, 20, 19);
INSERT INTO ORDER_ITEM (ID, ORDER_ID, PRODUCT_ID, QUANTITY)
VALUES (768, 42, 28, 19);
INSERT INTO ORDER_ITEM (ID, ORDER_ID, PRODUCT_ID, QUANTITY)
VALUES (769, 42, 42, 1);
INSERT INTO ORDER_ITEM (ID, ORDER_ID, PRODUCT_ID, QUANTITY)
VALUES (770, 42, 54, 19);
INSERT INTO ORDER_ITEM (ID, ORDER_ID, PRODUCT_ID, QUANTITY)
VALUES (771, 42, 14, 20);
INSERT INTO ORDER_ITEM (ID, ORDER_ID, PRODUCT_ID, QUANTITY)
VALUES (772, 42, 22, 16);
INSERT INTO ORDER_ITEM (ID, ORDER_ID, PRODUCT_ID, QUANTITY)
VALUES (773, 42, 32, 12);
INSERT INTO ORDER_ITEM (ID, ORDER_ID, PRODUCT_ID, QUANTITY)
VALUES (774, 42, 30, 18);
INSERT INTO ORDER_ITEM (ID, ORDER_ID, PRODUCT_ID, QUANTITY)
VALUES (775, 42, 41, 18);
-- ### ORDER 33
INSERT INTO PAYMENT_DETAIL(ID, AMOUNT, PROVIDER, PROVIDER_PAYMENT_UUID)
VALUES (43, 3287.0, 'CRYPTO', '73325808');
INSERT INTO ORDERS (ID, CUST_ID, PAYMENT_ID, STATUS, AMOUNT, CREATED_ON, UPDATED_ON)
VALUES (43, 777, 43, 'DELIVERED', 3287.0, LOCALTIMESTAMP, LOCALTIMESTAMP);
INSERT INTO ORDER_ITEM (ID, ORDER_ID, PRODUCT_ID, QUANTITY)
VALUES (776, 43, 29, 18);
-- ### ORDER 34
INSERT INTO PAYMENT_DETAIL(ID, AMOUNT, PROVIDER, PROVIDER_PAYMENT_UUID)
VALUES (44, 1448.0, 'ICARD', '892011903');
INSERT INTO ORDERS (ID, CUST_ID, PAYMENT_ID, STATUS, AMOUNT, CREATED_ON, UPDATED_ON)
VALUES (44, 777, 44, 'DELIVERED', 1448.0, LOCALTIMESTAMP, LOCALTIMESTAMP);
INSERT INTO ORDER_ITEM (ID, ORDER_ID, PRODUCT_ID, QUANTITY)
VALUES (777, 44, 51, 12);
INSERT INTO ORDER_ITEM (ID, ORDER_ID, PRODUCT_ID, QUANTITY)
VALUES (778, 44, 58, 8);
INSERT INTO ORDER_ITEM (ID, ORDER_ID, PRODUCT_ID, QUANTITY)
VALUES (779, 44, 42, 7);
INSERT INTO ORDER_ITEM (ID, ORDER_ID, PRODUCT_ID, QUANTITY)
VALUES (780, 44, 27, 1);
INSERT INTO ORDER_ITEM (ID, ORDER_ID, PRODUCT_ID, QUANTITY)
VALUES (781, 44, 43, 10);
INSERT INTO ORDER_ITEM (ID, ORDER_ID, PRODUCT_ID, QUANTITY)
VALUES (782, 44, 39, 10);
INSERT INTO ORDER_ITEM (ID, ORDER_ID, PRODUCT_ID, QUANTITY)
VALUES (783, 44, 44, 0);
INSERT INTO ORDER_ITEM (ID, ORDER_ID, PRODUCT_ID, QUANTITY)
VALUES (784, 44, 18, 15);
INSERT INTO ORDER_ITEM (ID, ORDER_ID, PRODUCT_ID, QUANTITY)
VALUES (785, 44, 21, 4);
INSERT INTO ORDER_ITEM (ID, ORDER_ID, PRODUCT_ID, QUANTITY)
VALUES (786, 44, 50, 9);
INSERT INTO ORDER_ITEM (ID, ORDER_ID, PRODUCT_ID, QUANTITY)
VALUES (787, 44, 11, 9);
INSERT INTO ORDER_ITEM (ID, ORDER_ID, PRODUCT_ID, QUANTITY)
VALUES (788, 44, 25, 17);
INSERT INTO ORDER_ITEM (ID, ORDER_ID, PRODUCT_ID, QUANTITY)
VALUES (789, 44, 31, 4);
INSERT INTO ORDER_ITEM (ID, ORDER_ID, PRODUCT_ID, QUANTITY)
VALUES (790, 44, 45, 0);
INSERT INTO ORDER_ITEM (ID, ORDER_ID, PRODUCT_ID, QUANTITY)
VALUES (791, 44, 59, 13);
INSERT INTO ORDER_ITEM (ID, ORDER_ID, PRODUCT_ID, QUANTITY)
VALUES (792, 44, 49, 7);
INSERT INTO ORDER_ITEM (ID, ORDER_ID, PRODUCT_ID, QUANTITY)
VALUES (793, 44, 33, 17);
INSERT INTO ORDER_ITEM (ID, ORDER_ID, PRODUCT_ID, QUANTITY)
VALUES (794, 44, 14, 13);
INSERT INTO ORDER_ITEM (ID, ORDER_ID, PRODUCT_ID, QUANTITY)
VALUES (795, 44, 12, 9);
INSERT INTO ORDER_ITEM (ID, ORDER_ID, PRODUCT_ID, QUANTITY)
VALUES (796, 44, 55, 2);
INSERT INTO ORDER_ITEM (ID, ORDER_ID, PRODUCT_ID, QUANTITY)
VALUES (797, 44, 15, 11);
INSERT INTO ORDER_ITEM (ID, ORDER_ID, PRODUCT_ID, QUANTITY)
VALUES (798, 44, 48, 7);
INSERT INTO ORDER_ITEM (ID, ORDER_ID, PRODUCT_ID, QUANTITY)
VALUES (799, 44, 54, 2);
INSERT INTO ORDER_ITEM (ID, ORDER_ID, PRODUCT_ID, QUANTITY)
VALUES (800, 44, 35, 2);
INSERT INTO ORDER_ITEM (ID, ORDER_ID, PRODUCT_ID, QUANTITY)
VALUES (801, 44, 28, 18);
INSERT INTO ORDER_ITEM (ID, ORDER_ID, PRODUCT_ID, QUANTITY)
VALUES (802, 44, 24, 14);
INSERT INTO ORDER_ITEM (ID, ORDER_ID, PRODUCT_ID, QUANTITY)
VALUES (803, 44, 57, 10);
INSERT INTO ORDER_ITEM (ID, ORDER_ID, PRODUCT_ID, QUANTITY)
VALUES (804, 44, 38, 13);
INSERT INTO ORDER_ITEM (ID, ORDER_ID, PRODUCT_ID, QUANTITY)
VALUES (805, 44, 46, 3);
INSERT INTO ORDER_ITEM (ID, ORDER_ID, PRODUCT_ID, QUANTITY)
VALUES (806, 44, 22, 13);
INSERT INTO ORDER_ITEM (ID, ORDER_ID, PRODUCT_ID, QUANTITY)
VALUES (807, 44, 23, 13);
INSERT INTO ORDER_ITEM (ID, ORDER_ID, PRODUCT_ID, QUANTITY)
VALUES (808, 44, 29, 20);
INSERT INTO ORDER_ITEM (ID, ORDER_ID, PRODUCT_ID, QUANTITY)
VALUES (809, 44, 26, 19);
INSERT INTO ORDER_ITEM (ID, ORDER_ID, PRODUCT_ID, QUANTITY)
VALUES (810, 44, 37, 9);
INSERT INTO ORDER_ITEM (ID, ORDER_ID, PRODUCT_ID, QUANTITY)
VALUES (811, 44, 36, 5);
INSERT INTO ORDER_ITEM (ID, ORDER_ID, PRODUCT_ID, QUANTITY)
VALUES (812, 44, 41, 20);
INSERT INTO ORDER_ITEM (ID, ORDER_ID, PRODUCT_ID, QUANTITY)
VALUES (813, 44, 16, 7);
INSERT INTO ORDER_ITEM (ID, ORDER_ID, PRODUCT_ID, QUANTITY)
VALUES (814, 44, 17, 4);
INSERT INTO ORDER_ITEM (ID, ORDER_ID, PRODUCT_ID, QUANTITY)
VALUES (815, 44, 40, 0);
INSERT INTO ORDER_ITEM (ID, ORDER_ID, PRODUCT_ID, QUANTITY)
VALUES (816, 44, 30, 18);
INSERT INTO ORDER_ITEM (ID, ORDER_ID, PRODUCT_ID, QUANTITY)
VALUES (817, 44, 56, 10);
-- ### ORDER 35
INSERT INTO PAYMENT_DETAIL(ID, AMOUNT, PROVIDER, PROVIDER_PAYMENT_UUID)
VALUES (45, 1195.0, 'MASTERCARD', '641144173');
INSERT INTO ORDERS (ID, CUST_ID, PAYMENT_ID, STATUS, AMOUNT, CREATED_ON, UPDATED_ON)
VALUES (45, 777, 45, 'DELIVERED', 1195.0, LOCALTIMESTAMP, LOCALTIMESTAMP);
INSERT INTO ORDER_ITEM (ID, ORDER_ID, PRODUCT_ID, QUANTITY)
VALUES (818, 45, 51, 11);
INSERT INTO ORDER_ITEM (ID, ORDER_ID, PRODUCT_ID, QUANTITY)
VALUES (819, 45, 43, 16);
INSERT INTO ORDER_ITEM (ID, ORDER_ID, PRODUCT_ID, QUANTITY)
VALUES (820, 45, 55, 19);
INSERT INTO ORDER_ITEM (ID, ORDER_ID, PRODUCT_ID, QUANTITY)
VALUES (821, 45, 27, 9);
INSERT INTO ORDER_ITEM (ID, ORDER_ID, PRODUCT_ID, QUANTITY)
VALUES (822, 45, 54, 8);
INSERT INTO ORDER_ITEM (ID, ORDER_ID, PRODUCT_ID, QUANTITY)
VALUES (823, 45, 56, 20);
INSERT INTO ORDER_ITEM (ID, ORDER_ID, PRODUCT_ID, QUANTITY)
VALUES (824, 45, 20, 1);
INSERT INTO ORDER_ITEM (ID, ORDER_ID, PRODUCT_ID, QUANTITY)
VALUES (825, 45, 46, 5);
INSERT INTO ORDER_ITEM (ID, ORDER_ID, PRODUCT_ID, QUANTITY)
VALUES (826, 45, 48, 17);
INSERT INTO ORDER_ITEM (ID, ORDER_ID, PRODUCT_ID, QUANTITY)
VALUES (827, 45, 40, 10);
INSERT INTO ORDER_ITEM (ID, ORDER_ID, PRODUCT_ID, QUANTITY)
VALUES (828, 45, 30, 15);
INSERT INTO ORDER_ITEM (ID, ORDER_ID, PRODUCT_ID, QUANTITY)
VALUES (829, 45, 57, 7);
INSERT INTO ORDER_ITEM (ID, ORDER_ID, PRODUCT_ID, QUANTITY)
VALUES (830, 45, 32, 4);
INSERT INTO ORDER_ITEM (ID, ORDER_ID, PRODUCT_ID, QUANTITY)
VALUES (831, 45, 31, 10);
INSERT INTO ORDER_ITEM (ID, ORDER_ID, PRODUCT_ID, QUANTITY)
VALUES (832, 45, 37, 4);
INSERT INTO ORDER_ITEM (ID, ORDER_ID, PRODUCT_ID, QUANTITY)
VALUES (833, 45, 53, 19);
INSERT INTO ORDER_ITEM (ID, ORDER_ID, PRODUCT_ID, QUANTITY)
VALUES (834, 45, 52, 13);
INSERT INTO ORDER_ITEM (ID, ORDER_ID, PRODUCT_ID, QUANTITY)
VALUES (835, 45, 34, 0);
INSERT INTO ORDER_ITEM (ID, ORDER_ID, PRODUCT_ID, QUANTITY)
VALUES (836, 45, 41, 2);
-- ### ORDER 36
INSERT INTO PAYMENT_DETAIL(ID, AMOUNT, PROVIDER, PROVIDER_PAYMENT_UUID)
VALUES (46, 3752.0, 'PAYPAL', '75537957');
INSERT INTO ORDERS (ID, CUST_ID, PAYMENT_ID, STATUS, AMOUNT, CREATED_ON, UPDATED_ON)
VALUES (46, 777, 46, 'DELIVERED', 3752.0, LOCALTIMESTAMP, LOCALTIMESTAMP);
INSERT INTO ORDER_ITEM (ID, ORDER_ID, PRODUCT_ID, QUANTITY)
VALUES (837, 46, 36, 3);
INSERT INTO ORDER_ITEM (ID, ORDER_ID, PRODUCT_ID, QUANTITY)
VALUES (838, 46, 33, 17);
INSERT INTO ORDER_ITEM (ID, ORDER_ID, PRODUCT_ID, QUANTITY)
VALUES (839, 46, 17, 9);
INSERT INTO ORDER_ITEM (ID, ORDER_ID, PRODUCT_ID, QUANTITY)
VALUES (840, 46, 18, 9);
INSERT INTO ORDER_ITEM (ID, ORDER_ID, PRODUCT_ID, QUANTITY)
VALUES (841, 46, 11, 5);
INSERT INTO ORDER_ITEM (ID, ORDER_ID, PRODUCT_ID, QUANTITY)
VALUES (842, 46, 43, 17);
INSERT INTO ORDER_ITEM (ID, ORDER_ID, PRODUCT_ID, QUANTITY)
VALUES (843, 46, 49, 1);
INSERT INTO ORDER_ITEM (ID, ORDER_ID, PRODUCT_ID, QUANTITY)
VALUES (844, 46, 30, 6);
INSERT INTO ORDER_ITEM (ID, ORDER_ID, PRODUCT_ID, QUANTITY)
VALUES (845, 46, 48, 10);
INSERT INTO ORDER_ITEM (ID, ORDER_ID, PRODUCT_ID, QUANTITY)
VALUES (846, 46, 22, 8);
INSERT INTO ORDER_ITEM (ID, ORDER_ID, PRODUCT_ID, QUANTITY)
VALUES (847, 46, 29, 20);
INSERT INTO ORDER_ITEM (ID, ORDER_ID, PRODUCT_ID, QUANTITY)
VALUES (848, 46, 55, 4);
INSERT INTO ORDER_ITEM (ID, ORDER_ID, PRODUCT_ID, QUANTITY)
VALUES (849, 46, 47, 15);
INSERT INTO ORDER_ITEM (ID, ORDER_ID, PRODUCT_ID, QUANTITY)
VALUES (850, 46, 37, 7);
INSERT INTO ORDER_ITEM (ID, ORDER_ID, PRODUCT_ID, QUANTITY)
VALUES (851, 46, 52, 16);
INSERT INTO ORDER_ITEM (ID, ORDER_ID, PRODUCT_ID, QUANTITY)
VALUES (852, 46, 58, 9);
INSERT INTO ORDER_ITEM (ID, ORDER_ID, PRODUCT_ID, QUANTITY)
VALUES (853, 46, 28, 17);
INSERT INTO ORDER_ITEM (ID, ORDER_ID, PRODUCT_ID, QUANTITY)
VALUES (854, 46, 23, 4);
INSERT INTO ORDER_ITEM (ID, ORDER_ID, PRODUCT_ID, QUANTITY)
VALUES (855, 46, 25, 19);
INSERT INTO ORDER_ITEM (ID, ORDER_ID, PRODUCT_ID, QUANTITY)
VALUES (856, 46, 20, 15);
INSERT INTO ORDER_ITEM (ID, ORDER_ID, PRODUCT_ID, QUANTITY)
VALUES (857, 46, 46, 12);
INSERT INTO ORDER_ITEM (ID, ORDER_ID, PRODUCT_ID, QUANTITY)
VALUES (858, 46, 27, 16);
-- ### ORDER 37
INSERT INTO PAYMENT_DETAIL(ID, AMOUNT, PROVIDER, PROVIDER_PAYMENT_UUID)
VALUES (47, 2745.0, 'MASTERCARD', '51108310');
INSERT INTO ORDERS (ID, CUST_ID, PAYMENT_ID, STATUS, AMOUNT, CREATED_ON, UPDATED_ON)
VALUES (47, 777, 47, 'DELIVERED', 2745.0, LOCALTIMESTAMP, LOCALTIMESTAMP);
INSERT INTO ORDER_ITEM (ID, ORDER_ID, PRODUCT_ID, QUANTITY)
VALUES (859, 47, 53, 11);
INSERT INTO ORDER_ITEM (ID, ORDER_ID, PRODUCT_ID, QUANTITY)
VALUES (860, 47, 11, 11);
INSERT INTO ORDER_ITEM (ID, ORDER_ID, PRODUCT_ID, QUANTITY)
VALUES (861, 47, 52, 13);
INSERT INTO ORDER_ITEM (ID, ORDER_ID, PRODUCT_ID, QUANTITY)
VALUES (862, 47, 23, 13);
INSERT INTO ORDER_ITEM (ID, ORDER_ID, PRODUCT_ID, QUANTITY)
VALUES (863, 47, 40, 0);
INSERT INTO ORDER_ITEM (ID, ORDER_ID, PRODUCT_ID, QUANTITY)
VALUES (864, 47, 25, 4);
INSERT INTO ORDER_ITEM (ID, ORDER_ID, PRODUCT_ID, QUANTITY)
VALUES (865, 47, 49, 1);
INSERT INTO ORDER_ITEM (ID, ORDER_ID, PRODUCT_ID, QUANTITY)
VALUES (866, 47, 19, 9);
INSERT INTO ORDER_ITEM (ID, ORDER_ID, PRODUCT_ID, QUANTITY)
VALUES (867, 47, 51, 11);
INSERT INTO ORDER_ITEM (ID, ORDER_ID, PRODUCT_ID, QUANTITY)
VALUES (868, 47, 32, 7);
INSERT INTO ORDER_ITEM (ID, ORDER_ID, PRODUCT_ID, QUANTITY)
VALUES (869, 47, 34, 19);
INSERT INTO ORDER_ITEM (ID, ORDER_ID, PRODUCT_ID, QUANTITY)
VALUES (870, 47, 18, 18);
INSERT INTO ORDER_ITEM (ID, ORDER_ID, PRODUCT_ID, QUANTITY)
VALUES (871, 47, 31, 11);
INSERT INTO ORDER_ITEM (ID, ORDER_ID, PRODUCT_ID, QUANTITY)
VALUES (872, 47, 39, 11);
INSERT INTO ORDER_ITEM (ID, ORDER_ID, PRODUCT_ID, QUANTITY)
VALUES (873, 47, 28, 4);
INSERT INTO ORDER_ITEM (ID, ORDER_ID, PRODUCT_ID, QUANTITY)
VALUES (874, 47, 44, 7);
INSERT INTO ORDER_ITEM (ID, ORDER_ID, PRODUCT_ID, QUANTITY)
VALUES (875, 47, 46, 18);
INSERT INTO ORDER_ITEM (ID, ORDER_ID, PRODUCT_ID, QUANTITY)
VALUES (876, 47, 24, 15);
INSERT INTO ORDER_ITEM (ID, ORDER_ID, PRODUCT_ID, QUANTITY)
VALUES (877, 47, 35, 12);
-- ### ORDER 38
INSERT INTO PAYMENT_DETAIL(ID, AMOUNT, PROVIDER, PROVIDER_PAYMENT_UUID)
VALUES (48, 1469.0, 'MASTERCARD', '992511745');
INSERT INTO ORDERS (ID, CUST_ID, PAYMENT_ID, STATUS, AMOUNT, CREATED_ON, UPDATED_ON)
VALUES (48, 777, 48, 'DELIVERED', 1469.0, LOCALTIMESTAMP, LOCALTIMESTAMP);
INSERT INTO ORDER_ITEM (ID, ORDER_ID, PRODUCT_ID, QUANTITY)
VALUES (878, 48, 20, 15);
INSERT INTO ORDER_ITEM (ID, ORDER_ID, PRODUCT_ID, QUANTITY)
VALUES (879, 48, 31, 18);
INSERT INTO ORDER_ITEM (ID, ORDER_ID, PRODUCT_ID, QUANTITY)
VALUES (880, 48, 42, 4);
INSERT INTO ORDER_ITEM (ID, ORDER_ID, PRODUCT_ID, QUANTITY)
VALUES (881, 48, 24, 20);
INSERT INTO ORDER_ITEM (ID, ORDER_ID, PRODUCT_ID, QUANTITY)
VALUES (882, 48, 35, 4);
INSERT INTO ORDER_ITEM (ID, ORDER_ID, PRODUCT_ID, QUANTITY)
VALUES (883, 48, 13, 1);
INSERT INTO ORDER_ITEM (ID, ORDER_ID, PRODUCT_ID, QUANTITY)
VALUES (884, 48, 39, 16);
INSERT INTO ORDER_ITEM (ID, ORDER_ID, PRODUCT_ID, QUANTITY)
VALUES (885, 48, 49, 1);
INSERT INTO ORDER_ITEM (ID, ORDER_ID, PRODUCT_ID, QUANTITY)
VALUES (886, 48, 21, 20);
INSERT INTO ORDER_ITEM (ID, ORDER_ID, PRODUCT_ID, QUANTITY)
VALUES (887, 48, 55, 18);
INSERT INTO ORDER_ITEM (ID, ORDER_ID, PRODUCT_ID, QUANTITY)
VALUES (888, 48, 51, 13);
INSERT INTO ORDER_ITEM (ID, ORDER_ID, PRODUCT_ID, QUANTITY)
VALUES (889, 48, 60, 17);
INSERT INTO ORDER_ITEM (ID, ORDER_ID, PRODUCT_ID, QUANTITY)
VALUES (890, 48, 15, 0);
INSERT INTO ORDER_ITEM (ID, ORDER_ID, PRODUCT_ID, QUANTITY)
VALUES (891, 48, 27, 10);
INSERT INTO ORDER_ITEM (ID, ORDER_ID, PRODUCT_ID, QUANTITY)
VALUES (892, 48, 33, 2);
INSERT INTO ORDER_ITEM (ID, ORDER_ID, PRODUCT_ID, QUANTITY)
VALUES (893, 48, 26, 14);
INSERT INTO ORDER_ITEM (ID, ORDER_ID, PRODUCT_ID, QUANTITY)
VALUES (894, 48, 22, 16);
INSERT INTO ORDER_ITEM (ID, ORDER_ID, PRODUCT_ID, QUANTITY)
VALUES (895, 48, 18, 0);
INSERT INTO ORDER_ITEM (ID, ORDER_ID, PRODUCT_ID, QUANTITY)
VALUES (896, 48, 57, 7);
INSERT INTO ORDER_ITEM (ID, ORDER_ID, PRODUCT_ID, QUANTITY)
VALUES (897, 48, 14, 7);
INSERT INTO ORDER_ITEM (ID, ORDER_ID, PRODUCT_ID, QUANTITY)
VALUES (898, 48, 34, 12);
INSERT INTO ORDER_ITEM (ID, ORDER_ID, PRODUCT_ID, QUANTITY)
VALUES (899, 48, 28, 17);
INSERT INTO ORDER_ITEM (ID, ORDER_ID, PRODUCT_ID, QUANTITY)
VALUES (900, 48, 48, 0);
INSERT INTO ORDER_ITEM (ID, ORDER_ID, PRODUCT_ID, QUANTITY)
VALUES (901, 48, 53, 0);
INSERT INTO ORDER_ITEM (ID, ORDER_ID, PRODUCT_ID, QUANTITY)
VALUES (902, 48, 29, 6);
INSERT INTO ORDER_ITEM (ID, ORDER_ID, PRODUCT_ID, QUANTITY)
VALUES (903, 48, 58, 7);
INSERT INTO ORDER_ITEM (ID, ORDER_ID, PRODUCT_ID, QUANTITY)
VALUES (904, 48, 30, 14);
INSERT INTO ORDER_ITEM (ID, ORDER_ID, PRODUCT_ID, QUANTITY)
VALUES (905, 48, 44, 20);
INSERT INTO ORDER_ITEM (ID, ORDER_ID, PRODUCT_ID, QUANTITY)
VALUES (906, 48, 56, 3);
INSERT INTO ORDER_ITEM (ID, ORDER_ID, PRODUCT_ID, QUANTITY)
VALUES (907, 48, 59, 0);
INSERT INTO ORDER_ITEM (ID, ORDER_ID, PRODUCT_ID, QUANTITY)
VALUES (908, 48, 25, 6);
INSERT INTO ORDER_ITEM (ID, ORDER_ID, PRODUCT_ID, QUANTITY)
VALUES (909, 48, 41, 9);
INSERT INTO ORDER_ITEM (ID, ORDER_ID, PRODUCT_ID, QUANTITY)
VALUES (910, 48, 19, 19);
INSERT INTO ORDER_ITEM (ID, ORDER_ID, PRODUCT_ID, QUANTITY)
VALUES (911, 48, 45, 19);
INSERT INTO ORDER_ITEM (ID, ORDER_ID, PRODUCT_ID, QUANTITY)
VALUES (912, 48, 50, 14);
INSERT INTO ORDER_ITEM (ID, ORDER_ID, PRODUCT_ID, QUANTITY)
VALUES (913, 48, 46, 19);
INSERT INTO ORDER_ITEM (ID, ORDER_ID, PRODUCT_ID, QUANTITY)
VALUES (914, 48, 32, 20);
INSERT INTO ORDER_ITEM (ID, ORDER_ID, PRODUCT_ID, QUANTITY)
VALUES (915, 48, 47, 10);
INSERT INTO ORDER_ITEM (ID, ORDER_ID, PRODUCT_ID, QUANTITY)
VALUES (916, 48, 38, 16);
INSERT INTO ORDER_ITEM (ID, ORDER_ID, PRODUCT_ID, QUANTITY)
VALUES (917, 48, 40, 18);
INSERT INTO ORDER_ITEM (ID, ORDER_ID, PRODUCT_ID, QUANTITY)
VALUES (918, 48, 43, 8);
INSERT INTO ORDER_ITEM (ID, ORDER_ID, PRODUCT_ID, QUANTITY)
VALUES (919, 48, 36, 19);
-- ### ORDER 39
INSERT INTO PAYMENT_DETAIL(ID, AMOUNT, PROVIDER, PROVIDER_PAYMENT_UUID)
VALUES (49, 3546.0, 'MASTERCARD', '105582820');
INSERT INTO ORDERS (ID, CUST_ID, PAYMENT_ID, STATUS, AMOUNT, CREATED_ON, UPDATED_ON)
VALUES (49, 777, 49, 'DELIVERED', 3546.0, LOCALTIMESTAMP, LOCALTIMESTAMP);
INSERT INTO ORDER_ITEM (ID, ORDER_ID, PRODUCT_ID, QUANTITY)
VALUES (920, 49, 30, 15);
INSERT INTO ORDER_ITEM (ID, ORDER_ID, PRODUCT_ID, QUANTITY)
VALUES (921, 49, 42, 10);
INSERT INTO ORDER_ITEM (ID, ORDER_ID, PRODUCT_ID, QUANTITY)
VALUES (922, 49, 17, 17);
INSERT INTO ORDER_ITEM (ID, ORDER_ID, PRODUCT_ID, QUANTITY)
VALUES (923, 49, 34, 14);
INSERT INTO ORDER_ITEM (ID, ORDER_ID, PRODUCT_ID, QUANTITY)
VALUES (924, 49, 44, 6);
INSERT INTO ORDER_ITEM (ID, ORDER_ID, PRODUCT_ID, QUANTITY)
VALUES (925, 49, 41, 2);
INSERT INTO ORDER_ITEM (ID, ORDER_ID, PRODUCT_ID, QUANTITY)
VALUES (926, 49, 49, 15);
INSERT INTO ORDER_ITEM (ID, ORDER_ID, PRODUCT_ID, QUANTITY)
VALUES (927, 49, 54, 10);
INSERT INTO ORDER_ITEM (ID, ORDER_ID, PRODUCT_ID, QUANTITY)
VALUES (928, 49, 24, 17);
INSERT INTO ORDER_ITEM (ID, ORDER_ID, PRODUCT_ID, QUANTITY)
VALUES (929, 49, 28, 11);
INSERT INTO ORDER_ITEM (ID, ORDER_ID, PRODUCT_ID, QUANTITY)
VALUES (930, 49, 46, 20);
INSERT INTO ORDER_ITEM (ID, ORDER_ID, PRODUCT_ID, QUANTITY)
VALUES (931, 49, 38, 15);
INSERT INTO ORDER_ITEM (ID, ORDER_ID, PRODUCT_ID, QUANTITY)
VALUES (932, 49, 27, 3);
INSERT INTO ORDER_ITEM (ID, ORDER_ID, PRODUCT_ID, QUANTITY)
VALUES (933, 49, 23, 12);
INSERT INTO ORDER_ITEM (ID, ORDER_ID, PRODUCT_ID, QUANTITY)
VALUES (934, 49, 50, 17);
INSERT INTO ORDER_ITEM (ID, ORDER_ID, PRODUCT_ID, QUANTITY)
VALUES (935, 49, 56, 8);
INSERT INTO ORDER_ITEM (ID, ORDER_ID, PRODUCT_ID, QUANTITY)
VALUES (936, 49, 51, 13);
INSERT INTO ORDER_ITEM (ID, ORDER_ID, PRODUCT_ID, QUANTITY)
VALUES (937, 49, 29, 16);
INSERT INTO ORDER_ITEM (ID, ORDER_ID, PRODUCT_ID, QUANTITY)
VALUES (938, 49, 14, 15);
INSERT INTO ORDER_ITEM (ID, ORDER_ID, PRODUCT_ID, QUANTITY)
VALUES (939, 49, 15, 10);
INSERT INTO ORDER_ITEM (ID, ORDER_ID, PRODUCT_ID, QUANTITY)
VALUES (940, 49, 11, 6);
INSERT INTO ORDER_ITEM (ID, ORDER_ID, PRODUCT_ID, QUANTITY)
VALUES (941, 49, 12, 7);
-- ### ORDER 40
INSERT INTO PAYMENT_DETAIL(ID, AMOUNT, PROVIDER, PROVIDER_PAYMENT_UUID)
VALUES (50, 1280.0, 'VISA', '975659547');
INSERT INTO ORDERS (ID, CUST_ID, PAYMENT_ID, STATUS, AMOUNT, CREATED_ON, UPDATED_ON)
VALUES (50, 777, 50, 'DELIVERED', 1280.0, LOCALTIMESTAMP, LOCALTIMESTAMP);
INSERT INTO ORDER_ITEM (ID, ORDER_ID, PRODUCT_ID, QUANTITY)
VALUES (942, 50, 28, 16);
INSERT INTO ORDER_ITEM (ID, ORDER_ID, PRODUCT_ID, QUANTITY)
VALUES (943, 50, 17, 3);
INSERT INTO ORDER_ITEM (ID, ORDER_ID, PRODUCT_ID, QUANTITY)
VALUES (944, 50, 31, 15);
INSERT INTO ORDER_ITEM (ID, ORDER_ID, PRODUCT_ID, QUANTITY)
VALUES (945, 50, 40, 20);
INSERT INTO ORDER_ITEM (ID, ORDER_ID, PRODUCT_ID, QUANTITY)
VALUES (946, 50, 58, 4);
INSERT INTO ORDER_ITEM (ID, ORDER_ID, PRODUCT_ID, QUANTITY)
VALUES (947, 50, 53, 2);
INSERT INTO ORDER_ITEM (ID, ORDER_ID, PRODUCT_ID, QUANTITY)
VALUES (948, 50, 42, 5);
INSERT INTO ORDER_ITEM (ID, ORDER_ID, PRODUCT_ID, QUANTITY)
VALUES (949, 50, 60, 18);
INSERT INTO ORDER_ITEM (ID, ORDER_ID, PRODUCT_ID, QUANTITY)
VALUES (950, 50, 25, 9);
INSERT INTO ORDER_ITEM (ID, ORDER_ID, PRODUCT_ID, QUANTITY)
VALUES (951, 50, 18, 8);
INSERT INTO ORDER_ITEM (ID, ORDER_ID, PRODUCT_ID, QUANTITY)
VALUES (952, 50, 29, 19);
INSERT INTO ORDER_ITEM (ID, ORDER_ID, PRODUCT_ID, QUANTITY)
VALUES (953, 50, 27, 8);
INSERT INTO ORDER_ITEM (ID, ORDER_ID, PRODUCT_ID, QUANTITY)
VALUES (954, 50, 21, 6);
INSERT INTO ORDER_ITEM (ID, ORDER_ID, PRODUCT_ID, QUANTITY)
VALUES (955, 50, 51, 14);
INSERT INTO ORDER_ITEM (ID, ORDER_ID, PRODUCT_ID, QUANTITY)
VALUES (956, 50, 50, 5);
-- ### ORDER 41
INSERT INTO PAYMENT_DETAIL(ID, AMOUNT, PROVIDER, PROVIDER_PAYMENT_UUID)
VALUES (51, 1452.0, 'CRYPTO', '932390952');
INSERT INTO ORDERS (ID, CUST_ID, PAYMENT_ID, STATUS, AMOUNT, CREATED_ON, UPDATED_ON)
VALUES (51, 777, 51, 'DELIVERED', 1452.0, LOCALTIMESTAMP, LOCALTIMESTAMP);
INSERT INTO ORDER_ITEM (ID, ORDER_ID, PRODUCT_ID, QUANTITY)
VALUES (957, 51, 15, 14);
INSERT INTO ORDER_ITEM (ID, ORDER_ID, PRODUCT_ID, QUANTITY)
VALUES (958, 51, 53, 15);
INSERT INTO ORDER_ITEM (ID, ORDER_ID, PRODUCT_ID, QUANTITY)
VALUES (959, 51, 11, 11);
INSERT INTO ORDER_ITEM (ID, ORDER_ID, PRODUCT_ID, QUANTITY)
VALUES (960, 51, 46, 19);
INSERT INTO ORDER_ITEM (ID, ORDER_ID, PRODUCT_ID, QUANTITY)
VALUES (961, 51, 33, 9);
INSERT INTO ORDER_ITEM (ID, ORDER_ID, PRODUCT_ID, QUANTITY)
VALUES (962, 51, 21, 13);
INSERT INTO ORDER_ITEM (ID, ORDER_ID, PRODUCT_ID, QUANTITY)
VALUES (963, 51, 56, 20);
INSERT INTO ORDER_ITEM (ID, ORDER_ID, PRODUCT_ID, QUANTITY)
VALUES (964, 51, 39, 4);
INSERT INTO ORDER_ITEM (ID, ORDER_ID, PRODUCT_ID, QUANTITY)
VALUES (965, 51, 42, 2);
INSERT INTO ORDER_ITEM (ID, ORDER_ID, PRODUCT_ID, QUANTITY)
VALUES (966, 51, 49, 0);
INSERT INTO ORDER_ITEM (ID, ORDER_ID, PRODUCT_ID, QUANTITY)
VALUES (967, 51, 23, 17);
INSERT INTO ORDER_ITEM (ID, ORDER_ID, PRODUCT_ID, QUANTITY)
VALUES (968, 51, 50, 3);
INSERT INTO ORDER_ITEM (ID, ORDER_ID, PRODUCT_ID, QUANTITY)
VALUES (969, 51, 17, 2);
INSERT INTO ORDER_ITEM (ID, ORDER_ID, PRODUCT_ID, QUANTITY)
VALUES (970, 51, 20, 18);
INSERT INTO ORDER_ITEM (ID, ORDER_ID, PRODUCT_ID, QUANTITY)
VALUES (971, 51, 12, 13);
INSERT INTO ORDER_ITEM (ID, ORDER_ID, PRODUCT_ID, QUANTITY)
VALUES (972, 51, 43, 12);
INSERT INTO ORDER_ITEM (ID, ORDER_ID, PRODUCT_ID, QUANTITY)
VALUES (973, 51, 40, 11);
INSERT INTO ORDER_ITEM (ID, ORDER_ID, PRODUCT_ID, QUANTITY)
VALUES (974, 51, 28, 13);
INSERT INTO ORDER_ITEM (ID, ORDER_ID, PRODUCT_ID, QUANTITY)
VALUES (975, 51, 60, 3);
INSERT INTO ORDER_ITEM (ID, ORDER_ID, PRODUCT_ID, QUANTITY)
VALUES (976, 51, 51, 4);
INSERT INTO ORDER_ITEM (ID, ORDER_ID, PRODUCT_ID, QUANTITY)
VALUES (977, 51, 34, 5);
INSERT INTO ORDER_ITEM (ID, ORDER_ID, PRODUCT_ID, QUANTITY)
VALUES (978, 51, 47, 14);
INSERT INTO ORDER_ITEM (ID, ORDER_ID, PRODUCT_ID, QUANTITY)
VALUES (979, 51, 57, 16);
INSERT INTO ORDER_ITEM (ID, ORDER_ID, PRODUCT_ID, QUANTITY)
VALUES (980, 51, 54, 16);
INSERT INTO ORDER_ITEM (ID, ORDER_ID, PRODUCT_ID, QUANTITY)
VALUES (981, 51, 59, 1);
INSERT INTO ORDER_ITEM (ID, ORDER_ID, PRODUCT_ID, QUANTITY)
VALUES (982, 51, 38, 16);
INSERT INTO ORDER_ITEM (ID, ORDER_ID, PRODUCT_ID, QUANTITY)
VALUES (983, 51, 35, 7);
INSERT INTO ORDER_ITEM (ID, ORDER_ID, PRODUCT_ID, QUANTITY)
VALUES (984, 51, 45, 11);
INSERT INTO ORDER_ITEM (ID, ORDER_ID, PRODUCT_ID, QUANTITY)
VALUES (985, 51, 27, 18);
INSERT INTO ORDER_ITEM (ID, ORDER_ID, PRODUCT_ID, QUANTITY)
VALUES (986, 51, 58, 2);
INSERT INTO ORDER_ITEM (ID, ORDER_ID, PRODUCT_ID, QUANTITY)
VALUES (987, 51, 31, 19);
INSERT INTO ORDER_ITEM (ID, ORDER_ID, PRODUCT_ID, QUANTITY)
VALUES (988, 51, 30, 0);
INSERT INTO ORDER_ITEM (ID, ORDER_ID, PRODUCT_ID, QUANTITY)
VALUES (989, 51, 55, 20);
INSERT INTO ORDER_ITEM (ID, ORDER_ID, PRODUCT_ID, QUANTITY)
VALUES (990, 51, 14, 7);
INSERT INTO ORDER_ITEM (ID, ORDER_ID, PRODUCT_ID, QUANTITY)
VALUES (991, 51, 16, 10);
INSERT INTO ORDER_ITEM (ID, ORDER_ID, PRODUCT_ID, QUANTITY)
VALUES (992, 51, 36, 11);
INSERT INTO ORDER_ITEM (ID, ORDER_ID, PRODUCT_ID, QUANTITY)
VALUES (993, 51, 22, 3);
INSERT INTO ORDER_ITEM (ID, ORDER_ID, PRODUCT_ID, QUANTITY)
VALUES (994, 51, 19, 15);
INSERT INTO ORDER_ITEM (ID, ORDER_ID, PRODUCT_ID, QUANTITY)
VALUES (995, 51, 41, 7);
INSERT INTO ORDER_ITEM (ID, ORDER_ID, PRODUCT_ID, QUANTITY)
VALUES (996, 51, 52, 19);
INSERT INTO ORDER_ITEM (ID, ORDER_ID, PRODUCT_ID, QUANTITY)
VALUES (997, 51, 25, 9);
INSERT INTO ORDER_ITEM (ID, ORDER_ID, PRODUCT_ID, QUANTITY)
VALUES (998, 51, 24, 7);
INSERT INTO ORDER_ITEM (ID, ORDER_ID, PRODUCT_ID, QUANTITY)
VALUES (999, 51, 48, 2);
INSERT INTO ORDER_ITEM (ID, ORDER_ID, PRODUCT_ID, QUANTITY)
VALUES (1000, 51, 18, 3);
-- ### ORDER 42
INSERT INTO PAYMENT_DETAIL(ID, AMOUNT, PROVIDER, PROVIDER_PAYMENT_UUID)
VALUES (52, 2142.0, 'ICARD', '227915850');
INSERT INTO ORDERS (ID, CUST_ID, PAYMENT_ID, STATUS, AMOUNT, CREATED_ON, UPDATED_ON)
VALUES (52, 777, 52, 'DELIVERED', 2142.0, LOCALTIMESTAMP, LOCALTIMESTAMP);
INSERT INTO ORDER_ITEM (ID, ORDER_ID, PRODUCT_ID, QUANTITY)
VALUES (1001, 52, 59, 7);
INSERT INTO ORDER_ITEM (ID, ORDER_ID, PRODUCT_ID, QUANTITY)
VALUES (1002, 52, 49, 7);
INSERT INTO ORDER_ITEM (ID, ORDER_ID, PRODUCT_ID, QUANTITY)
VALUES (1003, 52, 17, 6);
INSERT INTO ORDER_ITEM (ID, ORDER_ID, PRODUCT_ID, QUANTITY)
VALUES (1004, 52, 25, 11);
INSERT INTO ORDER_ITEM (ID, ORDER_ID, PRODUCT_ID, QUANTITY)
VALUES (1005, 52, 13, 20);
INSERT INTO ORDER_ITEM (ID, ORDER_ID, PRODUCT_ID, QUANTITY)
VALUES (1006, 52, 16, 4);
INSERT INTO ORDER_ITEM (ID, ORDER_ID, PRODUCT_ID, QUANTITY)
VALUES (1007, 52, 33, 8);
INSERT INTO ORDER_ITEM (ID, ORDER_ID, PRODUCT_ID, QUANTITY)
VALUES (1008, 52, 30, 16);
INSERT INTO ORDER_ITEM (ID, ORDER_ID, PRODUCT_ID, QUANTITY)
VALUES (1009, 52, 38, 1);
INSERT INTO ORDER_ITEM (ID, ORDER_ID, PRODUCT_ID, QUANTITY)
VALUES (1010, 52, 39, 3);
INSERT INTO ORDER_ITEM (ID, ORDER_ID, PRODUCT_ID, QUANTITY)
VALUES (1011, 52, 54, 18);
INSERT INTO ORDER_ITEM (ID, ORDER_ID, PRODUCT_ID, QUANTITY)
VALUES (1012, 52, 11, 17);
-- ### ORDER 43
INSERT INTO PAYMENT_DETAIL(ID, AMOUNT, PROVIDER, PROVIDER_PAYMENT_UUID)
VALUES (53, 2741.0, 'MASTERCARD', '884017578');
INSERT INTO ORDERS (ID, CUST_ID, PAYMENT_ID, STATUS, AMOUNT, CREATED_ON, UPDATED_ON)
VALUES (53, 777, 53, 'DELIVERED', 2741.0, LOCALTIMESTAMP, LOCALTIMESTAMP);
INSERT INTO ORDER_ITEM (ID, ORDER_ID, PRODUCT_ID, QUANTITY)
VALUES (1013, 53, 52, 7);
INSERT INTO ORDER_ITEM (ID, ORDER_ID, PRODUCT_ID, QUANTITY)
VALUES (1014, 53, 42, 19);
INSERT INTO ORDER_ITEM (ID, ORDER_ID, PRODUCT_ID, QUANTITY)
VALUES (1015, 53, 14, 11);
INSERT INTO ORDER_ITEM (ID, ORDER_ID, PRODUCT_ID, QUANTITY)
VALUES (1016, 53, 25, 5);
INSERT INTO ORDER_ITEM (ID, ORDER_ID, PRODUCT_ID, QUANTITY)
VALUES (1017, 53, 37, 5);
INSERT INTO ORDER_ITEM (ID, ORDER_ID, PRODUCT_ID, QUANTITY)
VALUES (1018, 53, 31, 6);
INSERT INTO ORDER_ITEM (ID, ORDER_ID, PRODUCT_ID, QUANTITY)
VALUES (1019, 53, 49, 20);
INSERT INTO ORDER_ITEM (ID, ORDER_ID, PRODUCT_ID, QUANTITY)
VALUES (1020, 53, 21, 9);
INSERT INTO ORDER_ITEM (ID, ORDER_ID, PRODUCT_ID, QUANTITY)
VALUES (1021, 53, 23, 14);
INSERT INTO ORDER_ITEM (ID, ORDER_ID, PRODUCT_ID, QUANTITY)
VALUES (1022, 53, 13, 13);
INSERT INTO ORDER_ITEM (ID, ORDER_ID, PRODUCT_ID, QUANTITY)
VALUES (1023, 53, 48, 13);
INSERT INTO ORDER_ITEM (ID, ORDER_ID, PRODUCT_ID, QUANTITY)
VALUES (1024, 53, 54, 3);
INSERT INTO ORDER_ITEM (ID, ORDER_ID, PRODUCT_ID, QUANTITY)
VALUES (1025, 53, 17, 2);
INSERT INTO ORDER_ITEM (ID, ORDER_ID, PRODUCT_ID, QUANTITY)
VALUES (1026, 53, 22, 5);
INSERT INTO ORDER_ITEM (ID, ORDER_ID, PRODUCT_ID, QUANTITY)
VALUES (1027, 53, 60, 4);
INSERT INTO ORDER_ITEM (ID, ORDER_ID, PRODUCT_ID, QUANTITY)
VALUES (1028, 53, 38, 8);
INSERT INTO ORDER_ITEM (ID, ORDER_ID, PRODUCT_ID, QUANTITY)
VALUES (1029, 53, 53, 7);
-- ### ORDER 44
INSERT INTO PAYMENT_DETAIL(ID, AMOUNT, PROVIDER, PROVIDER_PAYMENT_UUID)
VALUES (54, 1811.0, 'MASTERCARD', '449273574');
INSERT INTO ORDERS (ID, CUST_ID, PAYMENT_ID, STATUS, AMOUNT, CREATED_ON, UPDATED_ON)
VALUES (54, 777, 54, 'DELIVERED', 1811.0, LOCALTIMESTAMP, LOCALTIMESTAMP);
INSERT INTO ORDER_ITEM (ID, ORDER_ID, PRODUCT_ID, QUANTITY)
VALUES (1030, 54, 52, 17);
INSERT INTO ORDER_ITEM (ID, ORDER_ID, PRODUCT_ID, QUANTITY)
VALUES (1031, 54, 32, 20);
INSERT INTO ORDER_ITEM (ID, ORDER_ID, PRODUCT_ID, QUANTITY)
VALUES (1032, 54, 55, 5);
INSERT INTO ORDER_ITEM (ID, ORDER_ID, PRODUCT_ID, QUANTITY)
VALUES (1033, 54, 31, 11);
INSERT INTO ORDER_ITEM (ID, ORDER_ID, PRODUCT_ID, QUANTITY)
VALUES (1034, 54, 16, 17);
INSERT INTO ORDER_ITEM (ID, ORDER_ID, PRODUCT_ID, QUANTITY)
VALUES (1035, 54, 40, 18);
INSERT INTO ORDER_ITEM (ID, ORDER_ID, PRODUCT_ID, QUANTITY)
VALUES (1036, 54, 50, 10);
INSERT INTO ORDER_ITEM (ID, ORDER_ID, PRODUCT_ID, QUANTITY)
VALUES (1037, 54, 12, 10);
INSERT INTO ORDER_ITEM (ID, ORDER_ID, PRODUCT_ID, QUANTITY)
VALUES (1038, 54, 38, 6);
INSERT INTO ORDER_ITEM (ID, ORDER_ID, PRODUCT_ID, QUANTITY)
VALUES (1039, 54, 18, 1);
INSERT INTO ORDER_ITEM (ID, ORDER_ID, PRODUCT_ID, QUANTITY)
VALUES (1040, 54, 37, 0);
INSERT INTO ORDER_ITEM (ID, ORDER_ID, PRODUCT_ID, QUANTITY)
VALUES (1041, 54, 22, 7);
INSERT INTO ORDER_ITEM (ID, ORDER_ID, PRODUCT_ID, QUANTITY)
VALUES (1042, 54, 53, 17);
INSERT INTO ORDER_ITEM (ID, ORDER_ID, PRODUCT_ID, QUANTITY)
VALUES (1043, 54, 19, 7);
INSERT INTO ORDER_ITEM (ID, ORDER_ID, PRODUCT_ID, QUANTITY)
VALUES (1044, 54, 13, 2);
INSERT INTO ORDER_ITEM (ID, ORDER_ID, PRODUCT_ID, QUANTITY)
VALUES (1045, 54, 26, 8);
INSERT INTO ORDER_ITEM (ID, ORDER_ID, PRODUCT_ID, QUANTITY)
VALUES (1046, 54, 24, 14);
INSERT INTO ORDER_ITEM (ID, ORDER_ID, PRODUCT_ID, QUANTITY)
VALUES (1047, 54, 47, 13);
INSERT INTO ORDER_ITEM (ID, ORDER_ID, PRODUCT_ID, QUANTITY)
VALUES (1048, 54, 30, 18);
INSERT INTO ORDER_ITEM (ID, ORDER_ID, PRODUCT_ID, QUANTITY)
VALUES (1049, 54, 11, 6);
-- ### ORDER 45
INSERT INTO PAYMENT_DETAIL(ID, AMOUNT, PROVIDER, PROVIDER_PAYMENT_UUID)
VALUES (55, 946.0, 'VISA', '191436691');
INSERT INTO ORDERS (ID, CUST_ID, PAYMENT_ID, STATUS, AMOUNT, CREATED_ON, UPDATED_ON)
VALUES (55, 777, 55, 'DELIVERED', 946.0, LOCALTIMESTAMP, LOCALTIMESTAMP);
INSERT INTO ORDER_ITEM (ID, ORDER_ID, PRODUCT_ID, QUANTITY)
VALUES (1050, 55, 32, 11);
INSERT INTO ORDER_ITEM (ID, ORDER_ID, PRODUCT_ID, QUANTITY)
VALUES (1051, 55, 47, 8);
INSERT INTO ORDER_ITEM (ID, ORDER_ID, PRODUCT_ID, QUANTITY)
VALUES (1052, 55, 16, 1);
INSERT INTO ORDER_ITEM (ID, ORDER_ID, PRODUCT_ID, QUANTITY)
VALUES (1053, 55, 39, 3);
INSERT INTO ORDER_ITEM (ID, ORDER_ID, PRODUCT_ID, QUANTITY)
VALUES (1054, 55, 11, 18);
INSERT INTO ORDER_ITEM (ID, ORDER_ID, PRODUCT_ID, QUANTITY)
VALUES (1055, 55, 33, 6);
INSERT INTO ORDER_ITEM (ID, ORDER_ID, PRODUCT_ID, QUANTITY)
VALUES (1056, 55, 54, 11);
INSERT INTO ORDER_ITEM (ID, ORDER_ID, PRODUCT_ID, QUANTITY)
VALUES (1057, 55, 24, 10);
INSERT INTO ORDER_ITEM (ID, ORDER_ID, PRODUCT_ID, QUANTITY)
VALUES (1058, 55, 21, 11);
INSERT INTO ORDER_ITEM (ID, ORDER_ID, PRODUCT_ID, QUANTITY)
VALUES (1059, 55, 23, 16);
INSERT INTO ORDER_ITEM (ID, ORDER_ID, PRODUCT_ID, QUANTITY)
VALUES (1060, 55, 14, 19);
INSERT INTO ORDER_ITEM (ID, ORDER_ID, PRODUCT_ID, QUANTITY)
VALUES (1061, 55, 37, 2);
INSERT INTO ORDER_ITEM (ID, ORDER_ID, PRODUCT_ID, QUANTITY)
VALUES (1062, 55, 27, 15);
INSERT INTO ORDER_ITEM (ID, ORDER_ID, PRODUCT_ID, QUANTITY)
VALUES (1063, 55, 30, 18);
INSERT INTO ORDER_ITEM (ID, ORDER_ID, PRODUCT_ID, QUANTITY)
VALUES (1064, 55, 18, 5);
INSERT INTO ORDER_ITEM (ID, ORDER_ID, PRODUCT_ID, QUANTITY)
VALUES (1065, 55, 12, 4);
INSERT INTO ORDER_ITEM (ID, ORDER_ID, PRODUCT_ID, QUANTITY)
VALUES (1066, 55, 60, 11);
INSERT INTO ORDER_ITEM (ID, ORDER_ID, PRODUCT_ID, QUANTITY)
VALUES (1067, 55, 52, 14);
INSERT INTO ORDER_ITEM (ID, ORDER_ID, PRODUCT_ID, QUANTITY)
VALUES (1068, 55, 49, 14);
INSERT INTO ORDER_ITEM (ID, ORDER_ID, PRODUCT_ID, QUANTITY)
VALUES (1069, 55, 43, 0);
INSERT INTO ORDER_ITEM (ID, ORDER_ID, PRODUCT_ID, QUANTITY)
VALUES (1070, 55, 53, 5);
INSERT INTO ORDER_ITEM (ID, ORDER_ID, PRODUCT_ID, QUANTITY)
VALUES (1071, 55, 58, 20);
INSERT INTO ORDER_ITEM (ID, ORDER_ID, PRODUCT_ID, QUANTITY)
VALUES (1072, 55, 56, 13);
INSERT INTO ORDER_ITEM (ID, ORDER_ID, PRODUCT_ID, QUANTITY)
VALUES (1073, 55, 45, 9);
INSERT INTO ORDER_ITEM (ID, ORDER_ID, PRODUCT_ID, QUANTITY)
VALUES (1074, 55, 15, 11);
INSERT INTO ORDER_ITEM (ID, ORDER_ID, PRODUCT_ID, QUANTITY)
VALUES (1075, 55, 25, 20);
INSERT INTO ORDER_ITEM (ID, ORDER_ID, PRODUCT_ID, QUANTITY)
VALUES (1076, 55, 17, 6);
INSERT INTO ORDER_ITEM (ID, ORDER_ID, PRODUCT_ID, QUANTITY)
VALUES (1077, 55, 44, 8);
INSERT INTO ORDER_ITEM (ID, ORDER_ID, PRODUCT_ID, QUANTITY)
VALUES (1078, 55, 48, 7);
-- ### ORDER 46
INSERT INTO PAYMENT_DETAIL(ID, AMOUNT, PROVIDER, PROVIDER_PAYMENT_UUID)
VALUES (56, 270.0, 'ICARD', '982729022');
INSERT INTO ORDERS (ID, CUST_ID, PAYMENT_ID, STATUS, AMOUNT, CREATED_ON, UPDATED_ON)
VALUES (56, 777, 56, 'DELIVERED', 270.0, LOCALTIMESTAMP, LOCALTIMESTAMP);
INSERT INTO ORDER_ITEM (ID, ORDER_ID, PRODUCT_ID, QUANTITY)
VALUES (1079, 56, 23, 18);
INSERT INTO ORDER_ITEM (ID, ORDER_ID, PRODUCT_ID, QUANTITY)
VALUES (1080, 56, 43, 14);
INSERT INTO ORDER_ITEM (ID, ORDER_ID, PRODUCT_ID, QUANTITY)
VALUES (1081, 56, 47, 6);
INSERT INTO ORDER_ITEM (ID, ORDER_ID, PRODUCT_ID, QUANTITY)
VALUES (1082, 56, 33, 20);
INSERT INTO ORDER_ITEM (ID, ORDER_ID, PRODUCT_ID, QUANTITY)
VALUES (1083, 56, 52, 15);
INSERT INTO ORDER_ITEM (ID, ORDER_ID, PRODUCT_ID, QUANTITY)
VALUES (1084, 56, 42, 7);
INSERT INTO ORDER_ITEM (ID, ORDER_ID, PRODUCT_ID, QUANTITY)
VALUES (1085, 56, 56, 17);
INSERT INTO ORDER_ITEM (ID, ORDER_ID, PRODUCT_ID, QUANTITY)
VALUES (1086, 56, 55, 0);
INSERT INTO ORDER_ITEM (ID, ORDER_ID, PRODUCT_ID, QUANTITY)
VALUES (1087, 56, 28, 1);
INSERT INTO ORDER_ITEM (ID, ORDER_ID, PRODUCT_ID, QUANTITY)
VALUES (1088, 56, 44, 4);
INSERT INTO ORDER_ITEM (ID, ORDER_ID, PRODUCT_ID, QUANTITY)
VALUES (1089, 56, 57, 19);
-- ### ORDER 47
INSERT INTO PAYMENT_DETAIL(ID, AMOUNT, PROVIDER, PROVIDER_PAYMENT_UUID)
VALUES (57, 1799.0, 'PAYPAL', '901034105');
INSERT INTO ORDERS (ID, CUST_ID, PAYMENT_ID, STATUS, AMOUNT, CREATED_ON, UPDATED_ON)
VALUES (57, 777, 57, 'DELIVERED', 1799.0, LOCALTIMESTAMP, LOCALTIMESTAMP);
INSERT INTO ORDER_ITEM (ID, ORDER_ID, PRODUCT_ID, QUANTITY)
VALUES (1090, 57, 26, 11);
INSERT INTO ORDER_ITEM (ID, ORDER_ID, PRODUCT_ID, QUANTITY)
VALUES (1091, 57, 19, 3);
INSERT INTO ORDER_ITEM (ID, ORDER_ID, PRODUCT_ID, QUANTITY)
VALUES (1092, 57, 11, 14);
INSERT INTO ORDER_ITEM (ID, ORDER_ID, PRODUCT_ID, QUANTITY)
VALUES (1093, 57, 28, 0);
INSERT INTO ORDER_ITEM (ID, ORDER_ID, PRODUCT_ID, QUANTITY)
VALUES (1094, 57, 12, 6);
INSERT INTO ORDER_ITEM (ID, ORDER_ID, PRODUCT_ID, QUANTITY)
VALUES (1095, 57, 18, 2);
INSERT INTO ORDER_ITEM (ID, ORDER_ID, PRODUCT_ID, QUANTITY)
VALUES (1096, 57, 23, 18);
INSERT INTO ORDER_ITEM (ID, ORDER_ID, PRODUCT_ID, QUANTITY)
VALUES (1097, 57, 55, 16);
INSERT INTO ORDER_ITEM (ID, ORDER_ID, PRODUCT_ID, QUANTITY)
VALUES (1098, 57, 27, 17);
INSERT INTO ORDER_ITEM (ID, ORDER_ID, PRODUCT_ID, QUANTITY)
VALUES (1099, 57, 49, 14);
INSERT INTO ORDER_ITEM (ID, ORDER_ID, PRODUCT_ID, QUANTITY)
VALUES (1100, 57, 25, 10);
INSERT INTO ORDER_ITEM (ID, ORDER_ID, PRODUCT_ID, QUANTITY)
VALUES (1101, 57, 44, 11);
INSERT INTO ORDER_ITEM (ID, ORDER_ID, PRODUCT_ID, QUANTITY)
VALUES (1102, 57, 41, 18);
INSERT INTO ORDER_ITEM (ID, ORDER_ID, PRODUCT_ID, QUANTITY)
VALUES (1103, 57, 15, 15);
INSERT INTO ORDER_ITEM (ID, ORDER_ID, PRODUCT_ID, QUANTITY)
VALUES (1104, 57, 21, 8);
INSERT INTO ORDER_ITEM (ID, ORDER_ID, PRODUCT_ID, QUANTITY)
VALUES (1105, 57, 53, 11);
INSERT INTO ORDER_ITEM (ID, ORDER_ID, PRODUCT_ID, QUANTITY)
VALUES (1106, 57, 59, 6);
INSERT INTO ORDER_ITEM (ID, ORDER_ID, PRODUCT_ID, QUANTITY)
VALUES (1107, 57, 54, 7);
INSERT INTO ORDER_ITEM (ID, ORDER_ID, PRODUCT_ID, QUANTITY)
VALUES (1108, 57, 20, 7);
INSERT INTO ORDER_ITEM (ID, ORDER_ID, PRODUCT_ID, QUANTITY)
VALUES (1109, 57, 56, 19);
INSERT INTO ORDER_ITEM (ID, ORDER_ID, PRODUCT_ID, QUANTITY)
VALUES (1110, 57, 16, 5);
INSERT INTO ORDER_ITEM (ID, ORDER_ID, PRODUCT_ID, QUANTITY)
VALUES (1111, 57, 60, 3);
INSERT INTO ORDER_ITEM (ID, ORDER_ID, PRODUCT_ID, QUANTITY)
VALUES (1112, 57, 40, 7);
INSERT INTO ORDER_ITEM (ID, ORDER_ID, PRODUCT_ID, QUANTITY)
VALUES (1113, 57, 48, 9);
INSERT INTO ORDER_ITEM (ID, ORDER_ID, PRODUCT_ID, QUANTITY)
VALUES (1114, 57, 36, 11);
INSERT INTO ORDER_ITEM (ID, ORDER_ID, PRODUCT_ID, QUANTITY)
VALUES (1115, 57, 31, 12);
INSERT INTO ORDER_ITEM (ID, ORDER_ID, PRODUCT_ID, QUANTITY)
VALUES (1116, 57, 24, 13);
INSERT INTO ORDER_ITEM (ID, ORDER_ID, PRODUCT_ID, QUANTITY)
VALUES (1117, 57, 30, 7);
INSERT INTO ORDER_ITEM (ID, ORDER_ID, PRODUCT_ID, QUANTITY)
VALUES (1118, 57, 34, 6);
INSERT INTO ORDER_ITEM (ID, ORDER_ID, PRODUCT_ID, QUANTITY)
VALUES (1119, 57, 57, 11);
INSERT INTO ORDER_ITEM (ID, ORDER_ID, PRODUCT_ID, QUANTITY)
VALUES (1120, 57, 47, 5);
INSERT INTO ORDER_ITEM (ID, ORDER_ID, PRODUCT_ID, QUANTITY)
VALUES (1121, 57, 13, 13);
INSERT INTO ORDER_ITEM (ID, ORDER_ID, PRODUCT_ID, QUANTITY)
VALUES (1122, 57, 32, 10);
INSERT INTO ORDER_ITEM (ID, ORDER_ID, PRODUCT_ID, QUANTITY)
VALUES (1123, 57, 43, 2);
INSERT INTO ORDER_ITEM (ID, ORDER_ID, PRODUCT_ID, QUANTITY)
VALUES (1124, 57, 22, 1);
INSERT INTO ORDER_ITEM (ID, ORDER_ID, PRODUCT_ID, QUANTITY)
VALUES (1125, 57, 46, 17);
INSERT INTO ORDER_ITEM (ID, ORDER_ID, PRODUCT_ID, QUANTITY)
VALUES (1126, 57, 37, 13);
INSERT INTO ORDER_ITEM (ID, ORDER_ID, PRODUCT_ID, QUANTITY)
VALUES (1127, 57, 50, 10);
INSERT INTO ORDER_ITEM (ID, ORDER_ID, PRODUCT_ID, QUANTITY)
VALUES (1128, 57, 14, 0);
INSERT INTO ORDER_ITEM (ID, ORDER_ID, PRODUCT_ID, QUANTITY)
VALUES (1129, 57, 29, 12);
INSERT INTO ORDER_ITEM (ID, ORDER_ID, PRODUCT_ID, QUANTITY)
VALUES (1130, 57, 52, 2);
INSERT INTO ORDER_ITEM (ID, ORDER_ID, PRODUCT_ID, QUANTITY)
VALUES (1131, 57, 45, 4);
INSERT INTO ORDER_ITEM (ID, ORDER_ID, PRODUCT_ID, QUANTITY)
VALUES (1132, 57, 51, 11);
INSERT INTO ORDER_ITEM (ID, ORDER_ID, PRODUCT_ID, QUANTITY)
VALUES (1133, 57, 33, 13);
INSERT INTO ORDER_ITEM (ID, ORDER_ID, PRODUCT_ID, QUANTITY)
VALUES (1134, 57, 39, 18);
INSERT INTO ORDER_ITEM (ID, ORDER_ID, PRODUCT_ID, QUANTITY)
VALUES (1135, 57, 42, 1);
-- ### ORDER 48
INSERT INTO PAYMENT_DETAIL(ID, AMOUNT, PROVIDER, PROVIDER_PAYMENT_UUID)
VALUES (58, 3778.0, 'ICARD', '538003322');
INSERT INTO ORDERS (ID, CUST_ID, PAYMENT_ID, STATUS, AMOUNT, CREATED_ON, UPDATED_ON)
VALUES (58, 777, 58, 'DELIVERED', 3778.0, LOCALTIMESTAMP, LOCALTIMESTAMP);
INSERT INTO ORDER_ITEM (ID, ORDER_ID, PRODUCT_ID, QUANTITY)
VALUES (1136, 58, 31, 0);
INSERT INTO ORDER_ITEM (ID, ORDER_ID, PRODUCT_ID, QUANTITY)
VALUES (1137, 58, 53, 18);
INSERT INTO ORDER_ITEM (ID, ORDER_ID, PRODUCT_ID, QUANTITY)
VALUES (1138, 58, 56, 17);
INSERT INTO ORDER_ITEM (ID, ORDER_ID, PRODUCT_ID, QUANTITY)
VALUES (1139, 58, 28, 15);
INSERT INTO ORDER_ITEM (ID, ORDER_ID, PRODUCT_ID, QUANTITY)
VALUES (1140, 58, 55, 1);
INSERT INTO ORDER_ITEM (ID, ORDER_ID, PRODUCT_ID, QUANTITY)
VALUES (1141, 58, 46, 19);
INSERT INTO ORDER_ITEM (ID, ORDER_ID, PRODUCT_ID, QUANTITY)
VALUES (1142, 58, 25, 14);
INSERT INTO ORDER_ITEM (ID, ORDER_ID, PRODUCT_ID, QUANTITY)
VALUES (1143, 58, 33, 0);
INSERT INTO ORDER_ITEM (ID, ORDER_ID, PRODUCT_ID, QUANTITY)
VALUES (1144, 58, 27, 20);
INSERT INTO ORDER_ITEM (ID, ORDER_ID, PRODUCT_ID, QUANTITY)
VALUES (1145, 58, 29, 4);
INSERT INTO ORDER_ITEM (ID, ORDER_ID, PRODUCT_ID, QUANTITY)
VALUES (1146, 58, 35, 3);
INSERT INTO ORDER_ITEM (ID, ORDER_ID, PRODUCT_ID, QUANTITY)
VALUES (1147, 58, 14, 5);
INSERT INTO ORDER_ITEM (ID, ORDER_ID, PRODUCT_ID, QUANTITY)
VALUES (1148, 58, 42, 20);
INSERT INTO ORDER_ITEM (ID, ORDER_ID, PRODUCT_ID, QUANTITY)
VALUES (1149, 58, 48, 5);
INSERT INTO ORDER_ITEM (ID, ORDER_ID, PRODUCT_ID, QUANTITY)
VALUES (1150, 58, 21, 18);
INSERT INTO ORDER_ITEM (ID, ORDER_ID, PRODUCT_ID, QUANTITY)
VALUES (1151, 58, 13, 14);
INSERT INTO ORDER_ITEM (ID, ORDER_ID, PRODUCT_ID, QUANTITY)
VALUES (1152, 58, 24, 20);
INSERT INTO ORDER_ITEM (ID, ORDER_ID, PRODUCT_ID, QUANTITY)
VALUES (1153, 58, 20, 20);
INSERT INTO ORDER_ITEM (ID, ORDER_ID, PRODUCT_ID, QUANTITY)
VALUES (1154, 58, 12, 16);
INSERT INTO ORDER_ITEM (ID, ORDER_ID, PRODUCT_ID, QUANTITY)
VALUES (1155, 58, 26, 19);
INSERT INTO ORDER_ITEM (ID, ORDER_ID, PRODUCT_ID, QUANTITY)
VALUES (1156, 58, 23, 17);
-- ### ORDER 49
INSERT INTO PAYMENT_DETAIL(ID, AMOUNT, PROVIDER, PROVIDER_PAYMENT_UUID)
VALUES (59, 461.0, 'CRYPTO', '810746638');
INSERT INTO ORDERS (ID, CUST_ID, PAYMENT_ID, STATUS, AMOUNT, CREATED_ON, UPDATED_ON)
VALUES (59, 777, 59, 'DELIVERED', 461.0, LOCALTIMESTAMP, LOCALTIMESTAMP);
INSERT INTO ORDER_ITEM (ID, ORDER_ID, PRODUCT_ID, QUANTITY)
VALUES (1157, 59, 58, 13);
INSERT INTO ORDER_ITEM (ID, ORDER_ID, PRODUCT_ID, QUANTITY)
VALUES (1158, 59, 14, 14);
INSERT INTO ORDER_ITEM (ID, ORDER_ID, PRODUCT_ID, QUANTITY)
VALUES (1159, 59, 36, 19);
INSERT INTO ORDER_ITEM (ID, ORDER_ID, PRODUCT_ID, QUANTITY)
VALUES (1160, 59, 40, 9);
INSERT INTO ORDER_ITEM (ID, ORDER_ID, PRODUCT_ID, QUANTITY)
VALUES (1161, 59, 26, 8);
INSERT INTO ORDER_ITEM (ID, ORDER_ID, PRODUCT_ID, QUANTITY)
VALUES (1162, 59, 49, 9);
INSERT INTO ORDER_ITEM (ID, ORDER_ID, PRODUCT_ID, QUANTITY)
VALUES (1163, 59, 39, 1);
-- ### ORDER 50
INSERT INTO PAYMENT_DETAIL(ID, AMOUNT, PROVIDER, PROVIDER_PAYMENT_UUID)
VALUES (60, 150.0, 'VISA', '311726073');
INSERT INTO ORDERS (ID, CUST_ID, PAYMENT_ID, STATUS, AMOUNT, CREATED_ON, UPDATED_ON)
VALUES (60, 777, 60, 'DELIVERED', 150.0, LOCALTIMESTAMP, LOCALTIMESTAMP);
INSERT INTO ORDER_ITEM (ID, ORDER_ID, PRODUCT_ID, QUANTITY)
VALUES (1164, 60, 48, 12);
INSERT INTO ORDER_ITEM (ID, ORDER_ID, PRODUCT_ID, QUANTITY)
VALUES (1165, 60, 23, 6);
INSERT INTO ORDER_ITEM (ID, ORDER_ID, PRODUCT_ID, QUANTITY)
VALUES (1166, 60, 19, 12);
INSERT INTO ORDER_ITEM (ID, ORDER_ID, PRODUCT_ID, QUANTITY)
VALUES (1167, 60, 36, 2);
INSERT INTO ORDER_ITEM (ID, ORDER_ID, PRODUCT_ID, QUANTITY)
VALUES (1168, 60, 56, 2);
INSERT INTO ORDER_ITEM (ID, ORDER_ID, PRODUCT_ID, QUANTITY)
VALUES (1169, 60, 11, 3);
INSERT INTO ORDER_ITEM (ID, ORDER_ID, PRODUCT_ID, QUANTITY)
VALUES (1170, 60, 22, 20);
INSERT INTO ORDER_ITEM (ID, ORDER_ID, PRODUCT_ID, QUANTITY)
VALUES (1171, 60, 41, 8);
INSERT INTO ORDER_ITEM (ID, ORDER_ID, PRODUCT_ID, QUANTITY)
VALUES (1172, 60, 50, 13);
INSERT INTO ORDER_ITEM (ID, ORDER_ID, PRODUCT_ID, QUANTITY)
VALUES (1173, 60, 49, 1);
INSERT INTO ORDER_ITEM (ID, ORDER_ID, PRODUCT_ID, QUANTITY)
VALUES (1174, 60, 32, 19);
INSERT INTO ORDER_ITEM (ID, ORDER_ID, PRODUCT_ID, QUANTITY)
VALUES (1175, 60, 52, 0);
INSERT INTO ORDER_ITEM (ID, ORDER_ID, PRODUCT_ID, QUANTITY)
VALUES (1176, 60, 58, 0);
INSERT INTO ORDER_ITEM (ID, ORDER_ID, PRODUCT_ID, QUANTITY)
VALUES (1177, 60, 30, 20);
INSERT INTO ORDER_ITEM (ID, ORDER_ID, PRODUCT_ID, QUANTITY)
VALUES (1178, 60, 59, 20);
INSERT INTO ORDER_ITEM (ID, ORDER_ID, PRODUCT_ID, QUANTITY)
VALUES (1179, 60, 24, 16);
INSERT INTO ORDER_ITEM (ID, ORDER_ID, PRODUCT_ID, QUANTITY)
VALUES (1180, 60, 37, 10);
INSERT INTO ORDER_ITEM (ID, ORDER_ID, PRODUCT_ID, QUANTITY)
VALUES (1181, 60, 29, 13);
INSERT INTO ORDER_ITEM (ID, ORDER_ID, PRODUCT_ID, QUANTITY)
VALUES (1182, 60, 47, 5);
-- ### ORDER 51
INSERT INTO PAYMENT_DETAIL(ID, AMOUNT, PROVIDER, PROVIDER_PAYMENT_UUID)
VALUES (61, 1709.0, 'VISA', '174194518');
INSERT INTO ORDERS (ID, CUST_ID, PAYMENT_ID, STATUS, AMOUNT, CREATED_ON, UPDATED_ON)
VALUES (61, 777, 61, 'DELIVERED', 1709.0, LOCALTIMESTAMP, LOCALTIMESTAMP);
INSERT INTO ORDER_ITEM (ID, ORDER_ID, PRODUCT_ID, QUANTITY)
VALUES (1183, 61, 52, 13);
INSERT INTO ORDER_ITEM (ID, ORDER_ID, PRODUCT_ID, QUANTITY)
VALUES (1184, 61, 49, 4);
INSERT INTO ORDER_ITEM (ID, ORDER_ID, PRODUCT_ID, QUANTITY)
VALUES (1185, 61, 28, 7);
INSERT INTO ORDER_ITEM (ID, ORDER_ID, PRODUCT_ID, QUANTITY)
VALUES (1186, 61, 22, 19);
INSERT INTO ORDER_ITEM (ID, ORDER_ID, PRODUCT_ID, QUANTITY)
VALUES (1187, 61, 42, 15);
INSERT INTO ORDER_ITEM (ID, ORDER_ID, PRODUCT_ID, QUANTITY)
VALUES (1188, 61, 26, 8);
INSERT INTO ORDER_ITEM (ID, ORDER_ID, PRODUCT_ID, QUANTITY)
VALUES (1189, 61, 59, 9);
INSERT INTO ORDER_ITEM (ID, ORDER_ID, PRODUCT_ID, QUANTITY)
VALUES (1190, 61, 13, 19);
INSERT INTO ORDER_ITEM (ID, ORDER_ID, PRODUCT_ID, QUANTITY)
VALUES (1191, 61, 29, 9);
INSERT INTO ORDER_ITEM (ID, ORDER_ID, PRODUCT_ID, QUANTITY)
VALUES (1192, 61, 19, 1);
INSERT INTO ORDER_ITEM (ID, ORDER_ID, PRODUCT_ID, QUANTITY)
VALUES (1193, 61, 27, 18);
INSERT INTO ORDER_ITEM (ID, ORDER_ID, PRODUCT_ID, QUANTITY)
VALUES (1194, 61, 20, 6);
INSERT INTO ORDER_ITEM (ID, ORDER_ID, PRODUCT_ID, QUANTITY)
VALUES (1195, 61, 54, 20);
INSERT INTO ORDER_ITEM (ID, ORDER_ID, PRODUCT_ID, QUANTITY)
VALUES (1196, 61, 12, 0);
INSERT INTO ORDER_ITEM (ID, ORDER_ID, PRODUCT_ID, QUANTITY)
VALUES (1197, 61, 21, 0);
INSERT INTO ORDER_ITEM (ID, ORDER_ID, PRODUCT_ID, QUANTITY)
VALUES (1198, 61, 51, 14);
INSERT INTO ORDER_ITEM (ID, ORDER_ID, PRODUCT_ID, QUANTITY)
VALUES (1199, 61, 33, 9);
INSERT INTO ORDER_ITEM (ID, ORDER_ID, PRODUCT_ID, QUANTITY)
VALUES (1200, 61, 31, 4);
INSERT INTO ORDER_ITEM (ID, ORDER_ID, PRODUCT_ID, QUANTITY)
VALUES (1201, 61, 57, 13);
INSERT INTO ORDER_ITEM (ID, ORDER_ID, PRODUCT_ID, QUANTITY)
VALUES (1202, 61, 58, 14);
INSERT INTO ORDER_ITEM (ID, ORDER_ID, PRODUCT_ID, QUANTITY)
VALUES (1203, 61, 34, 15);
INSERT INTO ORDER_ITEM (ID, ORDER_ID, PRODUCT_ID, QUANTITY)
VALUES (1204, 61, 30, 12);
INSERT INTO ORDER_ITEM (ID, ORDER_ID, PRODUCT_ID, QUANTITY)
VALUES (1205, 61, 16, 11);
INSERT INTO ORDER_ITEM (ID, ORDER_ID, PRODUCT_ID, QUANTITY)
VALUES (1206, 61, 44, 13);
-- ### ORDER 52
INSERT INTO PAYMENT_DETAIL(ID, AMOUNT, PROVIDER, PROVIDER_PAYMENT_UUID)
VALUES (62, 2837.0, 'VISA', '946040875');
INSERT INTO ORDERS (ID, CUST_ID, PAYMENT_ID, STATUS, AMOUNT, CREATED_ON, UPDATED_ON)
VALUES (62, 777, 62, 'DELIVERED', 2837.0, LOCALTIMESTAMP, LOCALTIMESTAMP);
INSERT INTO ORDER_ITEM (ID, ORDER_ID, PRODUCT_ID, QUANTITY)
VALUES (1207, 62, 24, 10);
INSERT INTO ORDER_ITEM (ID, ORDER_ID, PRODUCT_ID, QUANTITY)
VALUES (1208, 62, 18, 12);
INSERT INTO ORDER_ITEM (ID, ORDER_ID, PRODUCT_ID, QUANTITY)
VALUES (1209, 62, 14, 5);
INSERT INTO ORDER_ITEM (ID, ORDER_ID, PRODUCT_ID, QUANTITY)
VALUES (1210, 62, 37, 14);
INSERT INTO ORDER_ITEM (ID, ORDER_ID, PRODUCT_ID, QUANTITY)
VALUES (1211, 62, 28, 8);
INSERT INTO ORDER_ITEM (ID, ORDER_ID, PRODUCT_ID, QUANTITY)
VALUES (1212, 62, 40, 6);
INSERT INTO ORDER_ITEM (ID, ORDER_ID, PRODUCT_ID, QUANTITY)
VALUES (1213, 62, 50, 10);
INSERT INTO ORDER_ITEM (ID, ORDER_ID, PRODUCT_ID, QUANTITY)
VALUES (1214, 62, 49, 8);
INSERT INTO ORDER_ITEM (ID, ORDER_ID, PRODUCT_ID, QUANTITY)
VALUES (1215, 62, 33, 15);
INSERT INTO ORDER_ITEM (ID, ORDER_ID, PRODUCT_ID, QUANTITY)
VALUES (1216, 62, 41, 5);
INSERT INTO ORDER_ITEM (ID, ORDER_ID, PRODUCT_ID, QUANTITY)
VALUES (1217, 62, 20, 17);
INSERT INTO ORDER_ITEM (ID, ORDER_ID, PRODUCT_ID, QUANTITY)
VALUES (1218, 62, 38, 7);
INSERT INTO ORDER_ITEM (ID, ORDER_ID, PRODUCT_ID, QUANTITY)
VALUES (1219, 62, 56, 1);
INSERT INTO ORDER_ITEM (ID, ORDER_ID, PRODUCT_ID, QUANTITY)
VALUES (1220, 62, 57, 0);
INSERT INTO ORDER_ITEM (ID, ORDER_ID, PRODUCT_ID, QUANTITY)
VALUES (1221, 62, 44, 8);
INSERT INTO ORDER_ITEM (ID, ORDER_ID, PRODUCT_ID, QUANTITY)
VALUES (1222, 62, 54, 16);
INSERT INTO ORDER_ITEM (ID, ORDER_ID, PRODUCT_ID, QUANTITY)
VALUES (1223, 62, 39, 4);
INSERT INTO ORDER_ITEM (ID, ORDER_ID, PRODUCT_ID, QUANTITY)
VALUES (1224, 62, 58, 18);
INSERT INTO ORDER_ITEM (ID, ORDER_ID, PRODUCT_ID, QUANTITY)
VALUES (1225, 62, 17, 8);
INSERT INTO ORDER_ITEM (ID, ORDER_ID, PRODUCT_ID, QUANTITY)
VALUES (1226, 62, 43, 10);
INSERT INTO ORDER_ITEM (ID, ORDER_ID, PRODUCT_ID, QUANTITY)
VALUES (1227, 62, 25, 5);
INSERT INTO ORDER_ITEM (ID, ORDER_ID, PRODUCT_ID, QUANTITY)
VALUES (1228, 62, 51, 9);
INSERT INTO ORDER_ITEM (ID, ORDER_ID, PRODUCT_ID, QUANTITY)
VALUES (1229, 62, 19, 15);
INSERT INTO ORDER_ITEM (ID, ORDER_ID, PRODUCT_ID, QUANTITY)
VALUES (1230, 62, 42, 1);
INSERT INTO ORDER_ITEM (ID, ORDER_ID, PRODUCT_ID, QUANTITY)
VALUES (1231, 62, 52, 2);
INSERT INTO ORDER_ITEM (ID, ORDER_ID, PRODUCT_ID, QUANTITY)
VALUES (1232, 62, 12, 5);
INSERT INTO ORDER_ITEM (ID, ORDER_ID, PRODUCT_ID, QUANTITY)
VALUES (1233, 62, 55, 9);
INSERT INTO ORDER_ITEM (ID, ORDER_ID, PRODUCT_ID, QUANTITY)
VALUES (1234, 62, 60, 17);
-- ### ORDER 53
INSERT INTO PAYMENT_DETAIL(ID, AMOUNT, PROVIDER, PROVIDER_PAYMENT_UUID)
VALUES (63, 3101.0, 'ICARD', '12211405');
INSERT INTO ORDERS (ID, CUST_ID, PAYMENT_ID, STATUS, AMOUNT, CREATED_ON, UPDATED_ON)
VALUES (63, 777, 63, 'DELIVERED', 3101.0, LOCALTIMESTAMP, LOCALTIMESTAMP);
INSERT INTO ORDER_ITEM (ID, ORDER_ID, PRODUCT_ID, QUANTITY)
VALUES (1235, 63, 30, 9);
INSERT INTO ORDER_ITEM (ID, ORDER_ID, PRODUCT_ID, QUANTITY)
VALUES (1236, 63, 59, 17);
INSERT INTO ORDER_ITEM (ID, ORDER_ID, PRODUCT_ID, QUANTITY)
VALUES (1237, 63, 35, 20);
INSERT INTO ORDER_ITEM (ID, ORDER_ID, PRODUCT_ID, QUANTITY)
VALUES (1238, 63, 11, 8);
INSERT INTO ORDER_ITEM (ID, ORDER_ID, PRODUCT_ID, QUANTITY)
VALUES (1239, 63, 18, 18);
INSERT INTO ORDER_ITEM (ID, ORDER_ID, PRODUCT_ID, QUANTITY)
VALUES (1240, 63, 14, 14);
INSERT INTO ORDER_ITEM (ID, ORDER_ID, PRODUCT_ID, QUANTITY)
VALUES (1241, 63, 16, 14);
INSERT INTO ORDER_ITEM (ID, ORDER_ID, PRODUCT_ID, QUANTITY)
VALUES (1242, 63, 44, 0);
INSERT INTO ORDER_ITEM (ID, ORDER_ID, PRODUCT_ID, QUANTITY)
VALUES (1243, 63, 45, 11);
INSERT INTO ORDER_ITEM (ID, ORDER_ID, PRODUCT_ID, QUANTITY)
VALUES (1244, 63, 26, 9);
INSERT INTO ORDER_ITEM (ID, ORDER_ID, PRODUCT_ID, QUANTITY)
VALUES (1245, 63, 20, 1);
INSERT INTO ORDER_ITEM (ID, ORDER_ID, PRODUCT_ID, QUANTITY)
VALUES (1246, 63, 53, 13);
INSERT INTO ORDER_ITEM (ID, ORDER_ID, PRODUCT_ID, QUANTITY)
VALUES (1247, 63, 19, 12);
INSERT INTO ORDER_ITEM (ID, ORDER_ID, PRODUCT_ID, QUANTITY)
VALUES (1248, 63, 54, 18);
INSERT INTO ORDER_ITEM (ID, ORDER_ID, PRODUCT_ID, QUANTITY)
VALUES (1249, 63, 32, 11);
INSERT INTO ORDER_ITEM (ID, ORDER_ID, PRODUCT_ID, QUANTITY)
VALUES (1250, 63, 27, 19);
INSERT INTO ORDER_ITEM (ID, ORDER_ID, PRODUCT_ID, QUANTITY)
VALUES (1251, 63, 39, 16);
INSERT INTO ORDER_ITEM (ID, ORDER_ID, PRODUCT_ID, QUANTITY)
VALUES (1252, 63, 15, 1);
INSERT INTO ORDER_ITEM (ID, ORDER_ID, PRODUCT_ID, QUANTITY)
VALUES (1253, 63, 34, 0);
INSERT INTO ORDER_ITEM (ID, ORDER_ID, PRODUCT_ID, QUANTITY)
VALUES (1254, 63, 23, 6);
INSERT INTO ORDER_ITEM (ID, ORDER_ID, PRODUCT_ID, QUANTITY)
VALUES (1255, 63, 57, 0);
-- ### ORDER 54
INSERT INTO PAYMENT_DETAIL(ID, AMOUNT, PROVIDER, PROVIDER_PAYMENT_UUID)
VALUES (64, 1324.0, 'MASTERCARD', '979458584');
INSERT INTO ORDERS (ID, CUST_ID, PAYMENT_ID, STATUS, AMOUNT, CREATED_ON, UPDATED_ON)
VALUES (64, 777, 64, 'DELIVERED', 1324.0, LOCALTIMESTAMP, LOCALTIMESTAMP);
INSERT INTO ORDER_ITEM (ID, ORDER_ID, PRODUCT_ID, QUANTITY)
VALUES (1256, 64, 43, 17);
INSERT INTO ORDER_ITEM (ID, ORDER_ID, PRODUCT_ID, QUANTITY)
VALUES (1257, 64, 39, 11);
INSERT INTO ORDER_ITEM (ID, ORDER_ID, PRODUCT_ID, QUANTITY)
VALUES (1258, 64, 19, 0);
INSERT INTO ORDER_ITEM (ID, ORDER_ID, PRODUCT_ID, QUANTITY)
VALUES (1259, 64, 17, 18);
INSERT INTO ORDER_ITEM (ID, ORDER_ID, PRODUCT_ID, QUANTITY)
VALUES (1260, 64, 48, 5);
INSERT INTO ORDER_ITEM (ID, ORDER_ID, PRODUCT_ID, QUANTITY)
VALUES (1261, 64, 26, 19);
INSERT INTO ORDER_ITEM (ID, ORDER_ID, PRODUCT_ID, QUANTITY)
VALUES (1262, 64, 47, 6);
INSERT INTO ORDER_ITEM (ID, ORDER_ID, PRODUCT_ID, QUANTITY)
VALUES (1263, 64, 25, 20);
INSERT INTO ORDER_ITEM (ID, ORDER_ID, PRODUCT_ID, QUANTITY)
VALUES (1264, 64, 13, 17);
INSERT INTO ORDER_ITEM (ID, ORDER_ID, PRODUCT_ID, QUANTITY)
VALUES (1265, 64, 31, 20);
INSERT INTO ORDER_ITEM (ID, ORDER_ID, PRODUCT_ID, QUANTITY)
VALUES (1266, 64, 56, 2);
INSERT INTO ORDER_ITEM (ID, ORDER_ID, PRODUCT_ID, QUANTITY)
VALUES (1267, 64, 12, 11);
INSERT INTO ORDER_ITEM (ID, ORDER_ID, PRODUCT_ID, QUANTITY)
VALUES (1268, 64, 44, 12);
INSERT INTO ORDER_ITEM (ID, ORDER_ID, PRODUCT_ID, QUANTITY)
VALUES (1269, 64, 14, 3);
INSERT INTO ORDER_ITEM (ID, ORDER_ID, PRODUCT_ID, QUANTITY)
VALUES (1270, 64, 32, 11);
INSERT INTO ORDER_ITEM (ID, ORDER_ID, PRODUCT_ID, QUANTITY)
VALUES (1271, 64, 35, 10);
INSERT INTO ORDER_ITEM (ID, ORDER_ID, PRODUCT_ID, QUANTITY)
VALUES (1272, 64, 36, 19);
INSERT INTO ORDER_ITEM (ID, ORDER_ID, PRODUCT_ID, QUANTITY)
VALUES (1273, 64, 22, 7);
INSERT INTO ORDER_ITEM (ID, ORDER_ID, PRODUCT_ID, QUANTITY)
VALUES (1274, 64, 55, 8);
INSERT INTO ORDER_ITEM (ID, ORDER_ID, PRODUCT_ID, QUANTITY)
VALUES (1275, 64, 51, 16);
INSERT INTO ORDER_ITEM (ID, ORDER_ID, PRODUCT_ID, QUANTITY)
VALUES (1276, 64, 38, 9);
INSERT INTO ORDER_ITEM (ID, ORDER_ID, PRODUCT_ID, QUANTITY)
VALUES (1277, 64, 52, 8);
INSERT INTO ORDER_ITEM (ID, ORDER_ID, PRODUCT_ID, QUANTITY)
VALUES (1278, 64, 53, 13);
INSERT INTO ORDER_ITEM (ID, ORDER_ID, PRODUCT_ID, QUANTITY)
VALUES (1279, 64, 54, 19);
INSERT INTO ORDER_ITEM (ID, ORDER_ID, PRODUCT_ID, QUANTITY)
VALUES (1280, 64, 46, 6);
INSERT INTO ORDER_ITEM (ID, ORDER_ID, PRODUCT_ID, QUANTITY)
VALUES (1281, 64, 58, 10);
INSERT INTO ORDER_ITEM (ID, ORDER_ID, PRODUCT_ID, QUANTITY)
VALUES (1282, 64, 30, 9);
INSERT INTO ORDER_ITEM (ID, ORDER_ID, PRODUCT_ID, QUANTITY)
VALUES (1283, 64, 20, 14);
INSERT INTO ORDER_ITEM (ID, ORDER_ID, PRODUCT_ID, QUANTITY)
VALUES (1284, 64, 33, 12);
INSERT INTO ORDER_ITEM (ID, ORDER_ID, PRODUCT_ID, QUANTITY)
VALUES (1285, 64, 57, 7);
INSERT INTO ORDER_ITEM (ID, ORDER_ID, PRODUCT_ID, QUANTITY)
VALUES (1286, 64, 24, 2);
INSERT INTO ORDER_ITEM (ID, ORDER_ID, PRODUCT_ID, QUANTITY)
VALUES (1287, 64, 37, 3);
-- ### ORDER 55
INSERT INTO PAYMENT_DETAIL(ID, AMOUNT, PROVIDER, PROVIDER_PAYMENT_UUID)
VALUES (65, 1644.0, 'VISA', '64284801');
INSERT INTO ORDERS (ID, CUST_ID, PAYMENT_ID, STATUS, AMOUNT, CREATED_ON, UPDATED_ON)
VALUES (65, 777, 65, 'DELIVERED', 1644.0, LOCALTIMESTAMP, LOCALTIMESTAMP);
INSERT INTO ORDER_ITEM (ID, ORDER_ID, PRODUCT_ID, QUANTITY)
VALUES (1288, 65, 40, 10);
INSERT INTO ORDER_ITEM (ID, ORDER_ID, PRODUCT_ID, QUANTITY)
VALUES (1289, 65, 54, 15);
INSERT INTO ORDER_ITEM (ID, ORDER_ID, PRODUCT_ID, QUANTITY)
VALUES (1290, 65, 41, 12);
INSERT INTO ORDER_ITEM (ID, ORDER_ID, PRODUCT_ID, QUANTITY)
VALUES (1291, 65, 44, 11);
INSERT INTO ORDER_ITEM (ID, ORDER_ID, PRODUCT_ID, QUANTITY)
VALUES (1292, 65, 14, 19);
INSERT INTO ORDER_ITEM (ID, ORDER_ID, PRODUCT_ID, QUANTITY)
VALUES (1293, 65, 21, 20);
INSERT INTO ORDER_ITEM (ID, ORDER_ID, PRODUCT_ID, QUANTITY)
VALUES (1294, 65, 51, 3);
INSERT INTO ORDER_ITEM (ID, ORDER_ID, PRODUCT_ID, QUANTITY)
VALUES (1295, 65, 11, 8);
INSERT INTO ORDER_ITEM (ID, ORDER_ID, PRODUCT_ID, QUANTITY)
VALUES (1296, 65, 16, 9);
INSERT INTO ORDER_ITEM (ID, ORDER_ID, PRODUCT_ID, QUANTITY)
VALUES (1297, 65, 12, 5);
INSERT INTO ORDER_ITEM (ID, ORDER_ID, PRODUCT_ID, QUANTITY)
VALUES (1298, 65, 20, 16);
INSERT INTO ORDER_ITEM (ID, ORDER_ID, PRODUCT_ID, QUANTITY)
VALUES (1299, 65, 27, 20);
INSERT INTO ORDER_ITEM (ID, ORDER_ID, PRODUCT_ID, QUANTITY)
VALUES (1300, 65, 37, 6);
INSERT INTO ORDER_ITEM (ID, ORDER_ID, PRODUCT_ID, QUANTITY)
VALUES (1301, 65, 35, 12);
INSERT INTO ORDER_ITEM (ID, ORDER_ID, PRODUCT_ID, QUANTITY)
VALUES (1302, 65, 53, 19);
INSERT INTO ORDER_ITEM (ID, ORDER_ID, PRODUCT_ID, QUANTITY)
VALUES (1303, 65, 42, 13);
INSERT INTO ORDER_ITEM (ID, ORDER_ID, PRODUCT_ID, QUANTITY)
VALUES (1304, 65, 28, 11);
INSERT INTO ORDER_ITEM (ID, ORDER_ID, PRODUCT_ID, QUANTITY)
VALUES (1305, 65, 60, 3);
INSERT INTO ORDER_ITEM (ID, ORDER_ID, PRODUCT_ID, QUANTITY)
VALUES (1306, 65, 23, 12);
INSERT INTO ORDER_ITEM (ID, ORDER_ID, PRODUCT_ID, QUANTITY)
VALUES (1307, 65, 36, 18);
INSERT INTO ORDER_ITEM (ID, ORDER_ID, PRODUCT_ID, QUANTITY)
VALUES (1308, 65, 57, 1);
INSERT INTO ORDER_ITEM (ID, ORDER_ID, PRODUCT_ID, QUANTITY)
VALUES (1309, 65, 19, 7);
INSERT INTO ORDER_ITEM (ID, ORDER_ID, PRODUCT_ID, QUANTITY)
VALUES (1310, 65, 15, 5);
INSERT INTO ORDER_ITEM (ID, ORDER_ID, PRODUCT_ID, QUANTITY)
VALUES (1311, 65, 45, 9);
INSERT INTO ORDER_ITEM (ID, ORDER_ID, PRODUCT_ID, QUANTITY)
VALUES (1312, 65, 47, 6);
INSERT INTO ORDER_ITEM (ID, ORDER_ID, PRODUCT_ID, QUANTITY)
VALUES (1313, 65, 32, 0);
INSERT INTO ORDER_ITEM (ID, ORDER_ID, PRODUCT_ID, QUANTITY)
VALUES (1314, 65, 24, 7);
INSERT INTO ORDER_ITEM (ID, ORDER_ID, PRODUCT_ID, QUANTITY)
VALUES (1315, 65, 48, 12);
INSERT INTO ORDER_ITEM (ID, ORDER_ID, PRODUCT_ID, QUANTITY)
VALUES (1316, 65, 29, 14);
INSERT INTO ORDER_ITEM (ID, ORDER_ID, PRODUCT_ID, QUANTITY)
VALUES (1317, 65, 38, 17);
INSERT INTO ORDER_ITEM (ID, ORDER_ID, PRODUCT_ID, QUANTITY)
VALUES (1318, 65, 30, 10);
INSERT INTO ORDER_ITEM (ID, ORDER_ID, PRODUCT_ID, QUANTITY)
VALUES (1319, 65, 50, 7);
INSERT INTO ORDER_ITEM (ID, ORDER_ID, PRODUCT_ID, QUANTITY)
VALUES (1320, 65, 43, 3);
INSERT INTO ORDER_ITEM (ID, ORDER_ID, PRODUCT_ID, QUANTITY)
VALUES (1321, 65, 34, 11);
INSERT INTO ORDER_ITEM (ID, ORDER_ID, PRODUCT_ID, QUANTITY)
VALUES (1322, 65, 56, 14);
INSERT INTO ORDER_ITEM (ID, ORDER_ID, PRODUCT_ID, QUANTITY)
VALUES (1323, 65, 26, 18);
INSERT INTO ORDER_ITEM (ID, ORDER_ID, PRODUCT_ID, QUANTITY)
VALUES (1324, 65, 17, 9);
INSERT INTO ORDER_ITEM (ID, ORDER_ID, PRODUCT_ID, QUANTITY)
VALUES (1325, 65, 59, 11);
INSERT INTO ORDER_ITEM (ID, ORDER_ID, PRODUCT_ID, QUANTITY)
VALUES (1326, 65, 22, 2);
-- ### ORDER 56
INSERT INTO PAYMENT_DETAIL(ID, AMOUNT, PROVIDER, PROVIDER_PAYMENT_UUID)
VALUES (66, 3166.0, 'ICARD', '221837716');
INSERT INTO ORDERS (ID, CUST_ID, PAYMENT_ID, STATUS, AMOUNT, CREATED_ON, UPDATED_ON)
VALUES (66, 777, 66, 'DELIVERED', 3166.0, LOCALTIMESTAMP, LOCALTIMESTAMP);
INSERT INTO ORDER_ITEM (ID, ORDER_ID, PRODUCT_ID, QUANTITY)
VALUES (1327, 66, 17, 16);
INSERT INTO ORDER_ITEM (ID, ORDER_ID, PRODUCT_ID, QUANTITY)
VALUES (1328, 66, 56, 1);
INSERT INTO ORDER_ITEM (ID, ORDER_ID, PRODUCT_ID, QUANTITY)
VALUES (1329, 66, 50, 2);
INSERT INTO ORDER_ITEM (ID, ORDER_ID, PRODUCT_ID, QUANTITY)
VALUES (1330, 66, 57, 4);
INSERT INTO ORDER_ITEM (ID, ORDER_ID, PRODUCT_ID, QUANTITY)
VALUES (1331, 66, 45, 3);
INSERT INTO ORDER_ITEM (ID, ORDER_ID, PRODUCT_ID, QUANTITY)
VALUES (1332, 66, 35, 3);
INSERT INTO ORDER_ITEM (ID, ORDER_ID, PRODUCT_ID, QUANTITY)
VALUES (1333, 66, 54, 9);
INSERT INTO ORDER_ITEM (ID, ORDER_ID, PRODUCT_ID, QUANTITY)
VALUES (1334, 66, 25, 8);
INSERT INTO ORDER_ITEM (ID, ORDER_ID, PRODUCT_ID, QUANTITY)
VALUES (1335, 66, 11, 16);
INSERT INTO ORDER_ITEM (ID, ORDER_ID, PRODUCT_ID, QUANTITY)
VALUES (1336, 66, 22, 18);
INSERT INTO ORDER_ITEM (ID, ORDER_ID, PRODUCT_ID, QUANTITY)
VALUES (1337, 66, 36, 17);
INSERT INTO ORDER_ITEM (ID, ORDER_ID, PRODUCT_ID, QUANTITY)
VALUES (1338, 66, 29, 17);
INSERT INTO ORDER_ITEM (ID, ORDER_ID, PRODUCT_ID, QUANTITY)
VALUES (1339, 66, 28, 14);
INSERT INTO ORDER_ITEM (ID, ORDER_ID, PRODUCT_ID, QUANTITY)
VALUES (1340, 66, 52, 3);
INSERT INTO ORDER_ITEM (ID, ORDER_ID, PRODUCT_ID, QUANTITY)
VALUES (1341, 66, 18, 0);
INSERT INTO ORDER_ITEM (ID, ORDER_ID, PRODUCT_ID, QUANTITY)
VALUES (1342, 66, 55, 3);
INSERT INTO ORDER_ITEM (ID, ORDER_ID, PRODUCT_ID, QUANTITY)
VALUES (1343, 66, 32, 7);
INSERT INTO ORDER_ITEM (ID, ORDER_ID, PRODUCT_ID, QUANTITY)
VALUES (1344, 66, 53, 6);
INSERT INTO ORDER_ITEM (ID, ORDER_ID, PRODUCT_ID, QUANTITY)
VALUES (1345, 66, 58, 13);
INSERT INTO ORDER_ITEM (ID, ORDER_ID, PRODUCT_ID, QUANTITY)
VALUES (1346, 66, 30, 6);
INSERT INTO ORDER_ITEM (ID, ORDER_ID, PRODUCT_ID, QUANTITY)
VALUES (1347, 66, 48, 20);
INSERT INTO ORDER_ITEM (ID, ORDER_ID, PRODUCT_ID, QUANTITY)
VALUES (1348, 66, 12, 16);
INSERT INTO ORDER_ITEM (ID, ORDER_ID, PRODUCT_ID, QUANTITY)
VALUES (1349, 66, 19, 4);
INSERT INTO ORDER_ITEM (ID, ORDER_ID, PRODUCT_ID, QUANTITY)
VALUES (1350, 66, 21, 13);
INSERT INTO ORDER_ITEM (ID, ORDER_ID, PRODUCT_ID, QUANTITY)
VALUES (1351, 66, 37, 16);
INSERT INTO ORDER_ITEM (ID, ORDER_ID, PRODUCT_ID, QUANTITY)
VALUES (1352, 66, 39, 3);
INSERT INTO ORDER_ITEM (ID, ORDER_ID, PRODUCT_ID, QUANTITY)
VALUES (1353, 66, 44, 15);
INSERT INTO ORDER_ITEM (ID, ORDER_ID, PRODUCT_ID, QUANTITY)
VALUES (1354, 66, 24, 12);
INSERT INTO ORDER_ITEM (ID, ORDER_ID, PRODUCT_ID, QUANTITY)
VALUES (1355, 66, 13, 15);
INSERT INTO ORDER_ITEM (ID, ORDER_ID, PRODUCT_ID, QUANTITY)
VALUES (1356, 66, 40, 1);
INSERT INTO ORDER_ITEM (ID, ORDER_ID, PRODUCT_ID, QUANTITY)
VALUES (1357, 66, 23, 10);
INSERT INTO ORDER_ITEM (ID, ORDER_ID, PRODUCT_ID, QUANTITY)
VALUES (1358, 66, 26, 6);
INSERT INTO ORDER_ITEM (ID, ORDER_ID, PRODUCT_ID, QUANTITY)
VALUES (1359, 66, 20, 4);
INSERT INTO ORDER_ITEM (ID, ORDER_ID, PRODUCT_ID, QUANTITY)
VALUES (1360, 66, 34, 16);
INSERT INTO ORDER_ITEM (ID, ORDER_ID, PRODUCT_ID, QUANTITY)
VALUES (1361, 66, 27, 18);
INSERT INTO ORDER_ITEM (ID, ORDER_ID, PRODUCT_ID, QUANTITY)
VALUES (1362, 66, 42, 15);
INSERT INTO ORDER_ITEM (ID, ORDER_ID, PRODUCT_ID, QUANTITY)
VALUES (1363, 66, 49, 3);
INSERT INTO ORDER_ITEM (ID, ORDER_ID, PRODUCT_ID, QUANTITY)
VALUES (1364, 66, 31, 0);
INSERT INTO ORDER_ITEM (ID, ORDER_ID, PRODUCT_ID, QUANTITY)
VALUES (1365, 66, 41, 7);
INSERT INTO ORDER_ITEM (ID, ORDER_ID, PRODUCT_ID, QUANTITY)
VALUES (1366, 66, 33, 6);
INSERT INTO ORDER_ITEM (ID, ORDER_ID, PRODUCT_ID, QUANTITY)
VALUES (1367, 66, 47, 5);
INSERT INTO ORDER_ITEM (ID, ORDER_ID, PRODUCT_ID, QUANTITY)
VALUES (1368, 66, 14, 6);
INSERT INTO ORDER_ITEM (ID, ORDER_ID, PRODUCT_ID, QUANTITY)
VALUES (1369, 66, 59, 7);
-- ### ORDER 57
INSERT INTO PAYMENT_DETAIL(ID, AMOUNT, PROVIDER, PROVIDER_PAYMENT_UUID)
VALUES (67, 191.0, 'PAYPAL', '679768655');
INSERT INTO ORDERS (ID, CUST_ID, PAYMENT_ID, STATUS, AMOUNT, CREATED_ON, UPDATED_ON)
VALUES (67, 777, 67, 'DELIVERED', 191.0, LOCALTIMESTAMP, LOCALTIMESTAMP);
INSERT INTO ORDER_ITEM (ID, ORDER_ID, PRODUCT_ID, QUANTITY)
VALUES (1370, 67, 19, 9);
INSERT INTO ORDER_ITEM (ID, ORDER_ID, PRODUCT_ID, QUANTITY)
VALUES (1371, 67, 60, 0);
INSERT INTO ORDER_ITEM (ID, ORDER_ID, PRODUCT_ID, QUANTITY)
VALUES (1372, 67, 55, 3);
INSERT INTO ORDER_ITEM (ID, ORDER_ID, PRODUCT_ID, QUANTITY)
VALUES (1373, 67, 41, 12);
INSERT INTO ORDER_ITEM (ID, ORDER_ID, PRODUCT_ID, QUANTITY)
VALUES (1374, 67, 21, 14);
INSERT INTO ORDER_ITEM (ID, ORDER_ID, PRODUCT_ID, QUANTITY)
VALUES (1375, 67, 14, 10);
INSERT INTO ORDER_ITEM (ID, ORDER_ID, PRODUCT_ID, QUANTITY)
VALUES (1376, 67, 31, 11);
INSERT INTO ORDER_ITEM (ID, ORDER_ID, PRODUCT_ID, QUANTITY)
VALUES (1377, 67, 16, 5);
INSERT INTO ORDER_ITEM (ID, ORDER_ID, PRODUCT_ID, QUANTITY)
VALUES (1378, 67, 13, 17);
INSERT INTO ORDER_ITEM (ID, ORDER_ID, PRODUCT_ID, QUANTITY)
VALUES (1379, 67, 38, 3);
INSERT INTO ORDER_ITEM (ID, ORDER_ID, PRODUCT_ID, QUANTITY)
VALUES (1380, 67, 27, 11);
INSERT INTO ORDER_ITEM (ID, ORDER_ID, PRODUCT_ID, QUANTITY)
VALUES (1381, 67, 26, 7);
INSERT INTO ORDER_ITEM (ID, ORDER_ID, PRODUCT_ID, QUANTITY)
VALUES (1382, 67, 35, 9);
INSERT INTO ORDER_ITEM (ID, ORDER_ID, PRODUCT_ID, QUANTITY)
VALUES (1383, 67, 50, 2);
INSERT INTO ORDER_ITEM (ID, ORDER_ID, PRODUCT_ID, QUANTITY)
VALUES (1384, 67, 59, 10);
INSERT INTO ORDER_ITEM (ID, ORDER_ID, PRODUCT_ID, QUANTITY)
VALUES (1385, 67, 46, 18);
INSERT INTO ORDER_ITEM (ID, ORDER_ID, PRODUCT_ID, QUANTITY)
VALUES (1386, 67, 24, 17);
INSERT INTO ORDER_ITEM (ID, ORDER_ID, PRODUCT_ID, QUANTITY)
VALUES (1387, 67, 32, 3);
INSERT INTO ORDER_ITEM (ID, ORDER_ID, PRODUCT_ID, QUANTITY)
VALUES (1388, 67, 17, 16);
INSERT INTO ORDER_ITEM (ID, ORDER_ID, PRODUCT_ID, QUANTITY)
VALUES (1389, 67, 36, 2);
INSERT INTO ORDER_ITEM (ID, ORDER_ID, PRODUCT_ID, QUANTITY)
VALUES (1390, 67, 29, 5);
INSERT INTO ORDER_ITEM (ID, ORDER_ID, PRODUCT_ID, QUANTITY)
VALUES (1391, 67, 51, 6);
INSERT INTO ORDER_ITEM (ID, ORDER_ID, PRODUCT_ID, QUANTITY)
VALUES (1392, 67, 15, 5);
INSERT INTO ORDER_ITEM (ID, ORDER_ID, PRODUCT_ID, QUANTITY)
VALUES (1393, 67, 49, 1);
INSERT INTO ORDER_ITEM (ID, ORDER_ID, PRODUCT_ID, QUANTITY)
VALUES (1394, 67, 28, 2);
INSERT INTO ORDER_ITEM (ID, ORDER_ID, PRODUCT_ID, QUANTITY)
VALUES (1395, 67, 18, 20);
INSERT INTO ORDER_ITEM (ID, ORDER_ID, PRODUCT_ID, QUANTITY)
VALUES (1396, 67, 47, 15);
INSERT INTO ORDER_ITEM (ID, ORDER_ID, PRODUCT_ID, QUANTITY)
VALUES (1397, 67, 56, 17);
INSERT INTO ORDER_ITEM (ID, ORDER_ID, PRODUCT_ID, QUANTITY)
VALUES (1398, 67, 30, 16);
INSERT INTO ORDER_ITEM (ID, ORDER_ID, PRODUCT_ID, QUANTITY)
VALUES (1399, 67, 25, 1);
INSERT INTO ORDER_ITEM (ID, ORDER_ID, PRODUCT_ID, QUANTITY)
VALUES (1400, 67, 54, 14);
INSERT INTO ORDER_ITEM (ID, ORDER_ID, PRODUCT_ID, QUANTITY)
VALUES (1401, 67, 12, 17);
INSERT INTO ORDER_ITEM (ID, ORDER_ID, PRODUCT_ID, QUANTITY)
VALUES (1402, 67, 43, 5);
INSERT INTO ORDER_ITEM (ID, ORDER_ID, PRODUCT_ID, QUANTITY)
VALUES (1403, 67, 53, 20);
INSERT INTO ORDER_ITEM (ID, ORDER_ID, PRODUCT_ID, QUANTITY)
VALUES (1404, 67, 34, 7);
INSERT INTO ORDER_ITEM (ID, ORDER_ID, PRODUCT_ID, QUANTITY)
VALUES (1405, 67, 33, 19);
INSERT INTO ORDER_ITEM (ID, ORDER_ID, PRODUCT_ID, QUANTITY)
VALUES (1406, 67, 20, 10);
-- ### ORDER 58
INSERT INTO PAYMENT_DETAIL(ID, AMOUNT, PROVIDER, PROVIDER_PAYMENT_UUID)
VALUES (68, 1432.0, 'PAYPAL', '682119139');
INSERT INTO ORDERS (ID, CUST_ID, PAYMENT_ID, STATUS, AMOUNT, CREATED_ON, UPDATED_ON)
VALUES (68, 777, 68, 'DELIVERED', 1432.0, LOCALTIMESTAMP, LOCALTIMESTAMP);
INSERT INTO ORDER_ITEM (ID, ORDER_ID, PRODUCT_ID, QUANTITY)
VALUES (1407, 68, 34, 20);
INSERT INTO ORDER_ITEM (ID, ORDER_ID, PRODUCT_ID, QUANTITY)
VALUES (1408, 68, 47, 20);
INSERT INTO ORDER_ITEM (ID, ORDER_ID, PRODUCT_ID, QUANTITY)
VALUES (1409, 68, 55, 15);
INSERT INTO ORDER_ITEM (ID, ORDER_ID, PRODUCT_ID, QUANTITY)
VALUES (1410, 68, 52, 17);
INSERT INTO ORDER_ITEM (ID, ORDER_ID, PRODUCT_ID, QUANTITY)
VALUES (1411, 68, 15, 8);
INSERT INTO ORDER_ITEM (ID, ORDER_ID, PRODUCT_ID, QUANTITY)
VALUES (1412, 68, 20, 18);
INSERT INTO ORDER_ITEM (ID, ORDER_ID, PRODUCT_ID, QUANTITY)
VALUES (1413, 68, 43, 11);
INSERT INTO ORDER_ITEM (ID, ORDER_ID, PRODUCT_ID, QUANTITY)
VALUES (1414, 68, 32, 19);
INSERT INTO ORDER_ITEM (ID, ORDER_ID, PRODUCT_ID, QUANTITY)
VALUES (1415, 68, 36, 16);
INSERT INTO ORDER_ITEM (ID, ORDER_ID, PRODUCT_ID, QUANTITY)
VALUES (1416, 68, 24, 20);
INSERT INTO ORDER_ITEM (ID, ORDER_ID, PRODUCT_ID, QUANTITY)
VALUES (1417, 68, 53, 2);
INSERT INTO ORDER_ITEM (ID, ORDER_ID, PRODUCT_ID, QUANTITY)
VALUES (1418, 68, 60, 12);
INSERT INTO ORDER_ITEM (ID, ORDER_ID, PRODUCT_ID, QUANTITY)
VALUES (1419, 68, 16, 14);
INSERT INTO ORDER_ITEM (ID, ORDER_ID, PRODUCT_ID, QUANTITY)
VALUES (1420, 68, 45, 19);
INSERT INTO ORDER_ITEM (ID, ORDER_ID, PRODUCT_ID, QUANTITY)
VALUES (1421, 68, 49, 14);
INSERT INTO ORDER_ITEM (ID, ORDER_ID, PRODUCT_ID, QUANTITY)
VALUES (1422, 68, 41, 1);
INSERT INTO ORDER_ITEM (ID, ORDER_ID, PRODUCT_ID, QUANTITY)
VALUES (1423, 68, 38, 16);
INSERT INTO ORDER_ITEM (ID, ORDER_ID, PRODUCT_ID, QUANTITY)
VALUES (1424, 68, 14, 6);
INSERT INTO ORDER_ITEM (ID, ORDER_ID, PRODUCT_ID, QUANTITY)
VALUES (1425, 68, 29, 18);
INSERT INTO ORDER_ITEM (ID, ORDER_ID, PRODUCT_ID, QUANTITY)
VALUES (1426, 68, 58, 16);
INSERT INTO ORDER_ITEM (ID, ORDER_ID, PRODUCT_ID, QUANTITY)
VALUES (1427, 68, 37, 3);
INSERT INTO ORDER_ITEM (ID, ORDER_ID, PRODUCT_ID, QUANTITY)
VALUES (1428, 68, 22, 4);
INSERT INTO ORDER_ITEM (ID, ORDER_ID, PRODUCT_ID, QUANTITY)
VALUES (1429, 68, 18, 8);
INSERT INTO ORDER_ITEM (ID, ORDER_ID, PRODUCT_ID, QUANTITY)
VALUES (1430, 68, 33, 6);
INSERT INTO ORDER_ITEM (ID, ORDER_ID, PRODUCT_ID, QUANTITY)
VALUES (1431, 68, 51, 13);
INSERT INTO ORDER_ITEM (ID, ORDER_ID, PRODUCT_ID, QUANTITY)
VALUES (1432, 68, 54, 3);
INSERT INTO ORDER_ITEM (ID, ORDER_ID, PRODUCT_ID, QUANTITY)
VALUES (1433, 68, 35, 3);
INSERT INTO ORDER_ITEM (ID, ORDER_ID, PRODUCT_ID, QUANTITY)
VALUES (1434, 68, 48, 16);
INSERT INTO ORDER_ITEM (ID, ORDER_ID, PRODUCT_ID, QUANTITY)
VALUES (1435, 68, 30, 12);
INSERT INTO ORDER_ITEM (ID, ORDER_ID, PRODUCT_ID, QUANTITY)
VALUES (1436, 68, 12, 13);
INSERT INTO ORDER_ITEM (ID, ORDER_ID, PRODUCT_ID, QUANTITY)
VALUES (1437, 68, 42, 15);
INSERT INTO ORDER_ITEM (ID, ORDER_ID, PRODUCT_ID, QUANTITY)
VALUES (1438, 68, 59, 0);
INSERT INTO ORDER_ITEM (ID, ORDER_ID, PRODUCT_ID, QUANTITY)
VALUES (1439, 68, 19, 5);
-- ### ORDER 59
INSERT INTO PAYMENT_DETAIL(ID, AMOUNT, PROVIDER, PROVIDER_PAYMENT_UUID)
VALUES (69, 1512.0, 'MASTERCARD', '99062814');
INSERT INTO ORDERS (ID, CUST_ID, PAYMENT_ID, STATUS, AMOUNT, CREATED_ON, UPDATED_ON)
VALUES (69, 777, 69, 'DELIVERED', 1512.0, LOCALTIMESTAMP, LOCALTIMESTAMP);
INSERT INTO ORDER_ITEM (ID, ORDER_ID, PRODUCT_ID, QUANTITY)
VALUES (1440, 69, 40, 12);
INSERT INTO ORDER_ITEM (ID, ORDER_ID, PRODUCT_ID, QUANTITY)
VALUES (1441, 69, 37, 8);
INSERT INTO ORDER_ITEM (ID, ORDER_ID, PRODUCT_ID, QUANTITY)
VALUES (1442, 69, 59, 11);
INSERT INTO ORDER_ITEM (ID, ORDER_ID, PRODUCT_ID, QUANTITY)
VALUES (1443, 69, 32, 17);
INSERT INTO ORDER_ITEM (ID, ORDER_ID, PRODUCT_ID, QUANTITY)
VALUES (1444, 69, 16, 5);
INSERT INTO ORDER_ITEM (ID, ORDER_ID, PRODUCT_ID, QUANTITY)
VALUES (1445, 69, 13, 17);
INSERT INTO ORDER_ITEM (ID, ORDER_ID, PRODUCT_ID, QUANTITY)
VALUES (1446, 69, 30, 15);
INSERT INTO ORDER_ITEM (ID, ORDER_ID, PRODUCT_ID, QUANTITY)
VALUES (1447, 69, 22, 15);
INSERT INTO ORDER_ITEM (ID, ORDER_ID, PRODUCT_ID, QUANTITY)
VALUES (1448, 69, 21, 17);
INSERT INTO ORDER_ITEM (ID, ORDER_ID, PRODUCT_ID, QUANTITY)
VALUES (1449, 69, 38, 12);
INSERT INTO ORDER_ITEM (ID, ORDER_ID, PRODUCT_ID, QUANTITY)
VALUES (1450, 69, 45, 13);
INSERT INTO ORDER_ITEM (ID, ORDER_ID, PRODUCT_ID, QUANTITY)
VALUES (1451, 69, 54, 11);
INSERT INTO ORDER_ITEM (ID, ORDER_ID, PRODUCT_ID, QUANTITY)
VALUES (1452, 69, 47, 6);
INSERT INTO ORDER_ITEM (ID, ORDER_ID, PRODUCT_ID, QUANTITY)
VALUES (1453, 69, 58, 6);
INSERT INTO ORDER_ITEM (ID, ORDER_ID, PRODUCT_ID, QUANTITY)
VALUES (1454, 69, 14, 11);
INSERT INTO ORDER_ITEM (ID, ORDER_ID, PRODUCT_ID, QUANTITY)
VALUES (1455, 69, 53, 10);
INSERT INTO ORDER_ITEM (ID, ORDER_ID, PRODUCT_ID, QUANTITY)
VALUES (1456, 69, 28, 2);
INSERT INTO ORDER_ITEM (ID, ORDER_ID, PRODUCT_ID, QUANTITY)
VALUES (1457, 69, 56, 8);
INSERT INTO ORDER_ITEM (ID, ORDER_ID, PRODUCT_ID, QUANTITY)
VALUES (1458, 69, 26, 2);
INSERT INTO ORDER_ITEM (ID, ORDER_ID, PRODUCT_ID, QUANTITY)
VALUES (1459, 69, 12, 2);
INSERT INTO ORDER_ITEM (ID, ORDER_ID, PRODUCT_ID, QUANTITY)
VALUES (1460, 69, 48, 8);
INSERT INTO ORDER_ITEM (ID, ORDER_ID, PRODUCT_ID, QUANTITY)
VALUES (1461, 69, 20, 15);
INSERT INTO ORDER_ITEM (ID, ORDER_ID, PRODUCT_ID, QUANTITY)
VALUES (1462, 69, 36, 11);
INSERT INTO ORDER_ITEM (ID, ORDER_ID, PRODUCT_ID, QUANTITY)
VALUES (1463, 69, 31, 19);
INSERT INTO ORDER_ITEM (ID, ORDER_ID, PRODUCT_ID, QUANTITY)
VALUES (1464, 69, 18, 20);
INSERT INTO ORDER_ITEM (ID, ORDER_ID, PRODUCT_ID, QUANTITY)
VALUES (1465, 69, 34, 15);
INSERT INTO ORDER_ITEM (ID, ORDER_ID, PRODUCT_ID, QUANTITY)
VALUES (1466, 69, 46, 7);
INSERT INTO ORDER_ITEM (ID, ORDER_ID, PRODUCT_ID, QUANTITY)
VALUES (1467, 69, 42, 18);
INSERT INTO ORDER_ITEM (ID, ORDER_ID, PRODUCT_ID, QUANTITY)
VALUES (1468, 69, 41, 4);
INSERT INTO ORDER_ITEM (ID, ORDER_ID, PRODUCT_ID, QUANTITY)
VALUES (1469, 69, 52, 5);
INSERT INTO ORDER_ITEM (ID, ORDER_ID, PRODUCT_ID, QUANTITY)
VALUES (1470, 69, 60, 8);
INSERT INTO ORDER_ITEM (ID, ORDER_ID, PRODUCT_ID, QUANTITY)
VALUES (1471, 69, 19, 11);
INSERT INTO ORDER_ITEM (ID, ORDER_ID, PRODUCT_ID, QUANTITY)
VALUES (1472, 69, 35, 11);
INSERT INTO ORDER_ITEM (ID, ORDER_ID, PRODUCT_ID, QUANTITY)
VALUES (1473, 69, 33, 9);
INSERT INTO ORDER_ITEM (ID, ORDER_ID, PRODUCT_ID, QUANTITY)
VALUES (1474, 69, 49, 11);
INSERT INTO ORDER_ITEM (ID, ORDER_ID, PRODUCT_ID, QUANTITY)
VALUES (1475, 69, 43, 0);
INSERT INTO ORDER_ITEM (ID, ORDER_ID, PRODUCT_ID, QUANTITY)
VALUES (1476, 69, 11, 10);
INSERT INTO ORDER_ITEM (ID, ORDER_ID, PRODUCT_ID, QUANTITY)
VALUES (1477, 69, 44, 17);
INSERT INTO ORDER_ITEM (ID, ORDER_ID, PRODUCT_ID, QUANTITY)
VALUES (1478, 69, 17, 12);
-- ### ORDER 60
INSERT INTO PAYMENT_DETAIL(ID, AMOUNT, PROVIDER, PROVIDER_PAYMENT_UUID)
VALUES (70, 207.0, 'CRYPTO', '84940453');
INSERT INTO ORDERS (ID, CUST_ID, PAYMENT_ID, STATUS, AMOUNT, CREATED_ON, UPDATED_ON)
VALUES (70, 777, 70, 'DELIVERED', 207.0, LOCALTIMESTAMP, LOCALTIMESTAMP);
INSERT INTO ORDER_ITEM (ID, ORDER_ID, PRODUCT_ID, QUANTITY)
VALUES (1479, 70, 45, 13);
INSERT INTO ORDER_ITEM (ID, ORDER_ID, PRODUCT_ID, QUANTITY)
VALUES (1480, 70, 15, 3);
INSERT INTO ORDER_ITEM (ID, ORDER_ID, PRODUCT_ID, QUANTITY)
VALUES (1481, 70, 19, 16);
-- ### ORDER 61
INSERT INTO PAYMENT_DETAIL(ID, AMOUNT, PROVIDER, PROVIDER_PAYMENT_UUID)
VALUES (71, 2026.0, 'PAYPAL', '598253416');
INSERT INTO ORDERS (ID, CUST_ID, PAYMENT_ID, STATUS, AMOUNT, CREATED_ON, UPDATED_ON)
VALUES (71, 777, 71, 'DELIVERED', 2026.0, LOCALTIMESTAMP, LOCALTIMESTAMP);
INSERT INTO ORDER_ITEM (ID, ORDER_ID, PRODUCT_ID, QUANTITY)
VALUES (1482, 71, 13, 12);
INSERT INTO ORDER_ITEM (ID, ORDER_ID, PRODUCT_ID, QUANTITY)
VALUES (1483, 71, 45, 3);
INSERT INTO ORDER_ITEM (ID, ORDER_ID, PRODUCT_ID, QUANTITY)
VALUES (1484, 71, 16, 17);
INSERT INTO ORDER_ITEM (ID, ORDER_ID, PRODUCT_ID, QUANTITY)
VALUES (1485, 71, 11, 14);
INSERT INTO ORDER_ITEM (ID, ORDER_ID, PRODUCT_ID, QUANTITY)
VALUES (1486, 71, 57, 1);
INSERT INTO ORDER_ITEM (ID, ORDER_ID, PRODUCT_ID, QUANTITY)
VALUES (1487, 71, 32, 20);
INSERT INTO ORDER_ITEM (ID, ORDER_ID, PRODUCT_ID, QUANTITY)
VALUES (1488, 71, 17, 9);
INSERT INTO ORDER_ITEM (ID, ORDER_ID, PRODUCT_ID, QUANTITY)
VALUES (1489, 71, 15, 5);
INSERT INTO ORDER_ITEM (ID, ORDER_ID, PRODUCT_ID, QUANTITY)
VALUES (1490, 71, 20, 10);
INSERT INTO ORDER_ITEM (ID, ORDER_ID, PRODUCT_ID, QUANTITY)
VALUES (1491, 71, 28, 0);
INSERT INTO ORDER_ITEM (ID, ORDER_ID, PRODUCT_ID, QUANTITY)
VALUES (1492, 71, 52, 0);
INSERT INTO ORDER_ITEM (ID, ORDER_ID, PRODUCT_ID, QUANTITY)
VALUES (1493, 71, 44, 3);
INSERT INTO ORDER_ITEM (ID, ORDER_ID, PRODUCT_ID, QUANTITY)
VALUES (1494, 71, 56, 10);
INSERT INTO ORDER_ITEM (ID, ORDER_ID, PRODUCT_ID, QUANTITY)
VALUES (1495, 71, 46, 19);
INSERT INTO ORDER_ITEM (ID, ORDER_ID, PRODUCT_ID, QUANTITY)
VALUES (1496, 71, 24, 10);
INSERT INTO ORDER_ITEM (ID, ORDER_ID, PRODUCT_ID, QUANTITY)
VALUES (1497, 71, 30, 9);
INSERT INTO ORDER_ITEM (ID, ORDER_ID, PRODUCT_ID, QUANTITY)
VALUES (1498, 71, 21, 4);
INSERT INTO ORDER_ITEM (ID, ORDER_ID, PRODUCT_ID, QUANTITY)
VALUES (1499, 71, 50, 13);
INSERT INTO ORDER_ITEM (ID, ORDER_ID, PRODUCT_ID, QUANTITY)
VALUES (1500, 71, 31, 3);
INSERT INTO ORDER_ITEM (ID, ORDER_ID, PRODUCT_ID, QUANTITY)
VALUES (1501, 71, 23, 4);
INSERT INTO ORDER_ITEM (ID, ORDER_ID, PRODUCT_ID, QUANTITY)
VALUES (1502, 71, 14, 6);
INSERT INTO ORDER_ITEM (ID, ORDER_ID, PRODUCT_ID, QUANTITY)
VALUES (1503, 71, 54, 17);
INSERT INTO ORDER_ITEM (ID, ORDER_ID, PRODUCT_ID, QUANTITY)
VALUES (1504, 71, 40, 2);
INSERT INTO ORDER_ITEM (ID, ORDER_ID, PRODUCT_ID, QUANTITY)
VALUES (1505, 71, 43, 18);
INSERT INTO ORDER_ITEM (ID, ORDER_ID, PRODUCT_ID, QUANTITY)
VALUES (1506, 71, 58, 19);
INSERT INTO ORDER_ITEM (ID, ORDER_ID, PRODUCT_ID, QUANTITY)
VALUES (1507, 71, 33, 12);
INSERT INTO ORDER_ITEM (ID, ORDER_ID, PRODUCT_ID, QUANTITY)
VALUES (1508, 71, 47, 19);
INSERT INTO ORDER_ITEM (ID, ORDER_ID, PRODUCT_ID, QUANTITY)
VALUES (1509, 71, 51, 7);
INSERT INTO ORDER_ITEM (ID, ORDER_ID, PRODUCT_ID, QUANTITY)
VALUES (1510, 71, 19, 18);
INSERT INTO ORDER_ITEM (ID, ORDER_ID, PRODUCT_ID, QUANTITY)
VALUES (1511, 71, 18, 0);
INSERT INTO ORDER_ITEM (ID, ORDER_ID, PRODUCT_ID, QUANTITY)
VALUES (1512, 71, 29, 1);
INSERT INTO ORDER_ITEM (ID, ORDER_ID, PRODUCT_ID, QUANTITY)
VALUES (1513, 71, 39, 16);
INSERT INTO ORDER_ITEM (ID, ORDER_ID, PRODUCT_ID, QUANTITY)
VALUES (1514, 71, 55, 14);
INSERT INTO ORDER_ITEM (ID, ORDER_ID, PRODUCT_ID, QUANTITY)
VALUES (1515, 71, 37, 10);
INSERT INTO ORDER_ITEM (ID, ORDER_ID, PRODUCT_ID, QUANTITY)
VALUES (1516, 71, 12, 3);
INSERT INTO ORDER_ITEM (ID, ORDER_ID, PRODUCT_ID, QUANTITY)
VALUES (1517, 71, 59, 20);
INSERT INTO ORDER_ITEM (ID, ORDER_ID, PRODUCT_ID, QUANTITY)
VALUES (1518, 71, 60, 20);
INSERT INTO ORDER_ITEM (ID, ORDER_ID, PRODUCT_ID, QUANTITY)
VALUES (1519, 71, 41, 17);
INSERT INTO ORDER_ITEM (ID, ORDER_ID, PRODUCT_ID, QUANTITY)
VALUES (1520, 71, 42, 5);
-- ### ORDER 62
INSERT INTO PAYMENT_DETAIL(ID, AMOUNT, PROVIDER, PROVIDER_PAYMENT_UUID)
VALUES (72, 455.0, 'VISA', '599468953');
INSERT INTO ORDERS (ID, CUST_ID, PAYMENT_ID, STATUS, AMOUNT, CREATED_ON, UPDATED_ON)
VALUES (72, 777, 72, 'DELIVERED', 455.0, LOCALTIMESTAMP, LOCALTIMESTAMP);
INSERT INTO ORDER_ITEM (ID, ORDER_ID, PRODUCT_ID, QUANTITY)
VALUES (1521, 72, 14, 18);
INSERT INTO ORDER_ITEM (ID, ORDER_ID, PRODUCT_ID, QUANTITY)
VALUES (1522, 72, 40, 12);
INSERT INTO ORDER_ITEM (ID, ORDER_ID, PRODUCT_ID, QUANTITY)
VALUES (1523, 72, 45, 4);
INSERT INTO ORDER_ITEM (ID, ORDER_ID, PRODUCT_ID, QUANTITY)
VALUES (1524, 72, 42, 18);
INSERT INTO ORDER_ITEM (ID, ORDER_ID, PRODUCT_ID, QUANTITY)
VALUES (1525, 72, 52, 4);
INSERT INTO ORDER_ITEM (ID, ORDER_ID, PRODUCT_ID, QUANTITY)
VALUES (1526, 72, 21, 4);
INSERT INTO ORDER_ITEM (ID, ORDER_ID, PRODUCT_ID, QUANTITY)
VALUES (1527, 72, 59, 6);
-- ### ORDER 63
INSERT INTO PAYMENT_DETAIL(ID, AMOUNT, PROVIDER, PROVIDER_PAYMENT_UUID)
VALUES (73, 1462.0, 'CRYPTO', '744877770');
INSERT INTO ORDERS (ID, CUST_ID, PAYMENT_ID, STATUS, AMOUNT, CREATED_ON, UPDATED_ON)
VALUES (73, 777, 73, 'DELIVERED', 1462.0, LOCALTIMESTAMP, LOCALTIMESTAMP);
INSERT INTO ORDER_ITEM (ID, ORDER_ID, PRODUCT_ID, QUANTITY)
VALUES (1528, 73, 48, 2);
INSERT INTO ORDER_ITEM (ID, ORDER_ID, PRODUCT_ID, QUANTITY)
VALUES (1529, 73, 59, 12);
INSERT INTO ORDER_ITEM (ID, ORDER_ID, PRODUCT_ID, QUANTITY)
VALUES (1530, 73, 21, 14);
INSERT INTO ORDER_ITEM (ID, ORDER_ID, PRODUCT_ID, QUANTITY)
VALUES (1531, 73, 55, 7);
INSERT INTO ORDER_ITEM (ID, ORDER_ID, PRODUCT_ID, QUANTITY)
VALUES (1532, 73, 37, 14);
INSERT INTO ORDER_ITEM (ID, ORDER_ID, PRODUCT_ID, QUANTITY)
VALUES (1533, 73, 44, 4);
INSERT INTO ORDER_ITEM (ID, ORDER_ID, PRODUCT_ID, QUANTITY)
VALUES (1534, 73, 45, 9);
INSERT INTO ORDER_ITEM (ID, ORDER_ID, PRODUCT_ID, QUANTITY)
VALUES (1535, 73, 31, 0);
INSERT INTO ORDER_ITEM (ID, ORDER_ID, PRODUCT_ID, QUANTITY)
VALUES (1536, 73, 49, 13);
INSERT INTO ORDER_ITEM (ID, ORDER_ID, PRODUCT_ID, QUANTITY)
VALUES (1537, 73, 15, 19);
INSERT INTO ORDER_ITEM (ID, ORDER_ID, PRODUCT_ID, QUANTITY)
VALUES (1538, 73, 23, 16);
INSERT INTO ORDER_ITEM (ID, ORDER_ID, PRODUCT_ID, QUANTITY)
VALUES (1539, 73, 50, 4);
INSERT INTO ORDER_ITEM (ID, ORDER_ID, PRODUCT_ID, QUANTITY)
VALUES (1540, 73, 52, 19);
INSERT INTO ORDER_ITEM (ID, ORDER_ID, PRODUCT_ID, QUANTITY)
VALUES (1541, 73, 47, 2);
INSERT INTO ORDER_ITEM (ID, ORDER_ID, PRODUCT_ID, QUANTITY)
VALUES (1542, 73, 34, 10);
INSERT INTO ORDER_ITEM (ID, ORDER_ID, PRODUCT_ID, QUANTITY)
VALUES (1543, 73, 53, 1);
INSERT INTO ORDER_ITEM (ID, ORDER_ID, PRODUCT_ID, QUANTITY)
VALUES (1544, 73, 36, 6);
INSERT INTO ORDER_ITEM (ID, ORDER_ID, PRODUCT_ID, QUANTITY)
VALUES (1545, 73, 41, 0);
INSERT INTO ORDER_ITEM (ID, ORDER_ID, PRODUCT_ID, QUANTITY)
VALUES (1546, 73, 39, 5);
INSERT INTO ORDER_ITEM (ID, ORDER_ID, PRODUCT_ID, QUANTITY)
VALUES (1547, 73, 26, 10);
INSERT INTO ORDER_ITEM (ID, ORDER_ID, PRODUCT_ID, QUANTITY)
VALUES (1548, 73, 35, 4);
INSERT INTO ORDER_ITEM (ID, ORDER_ID, PRODUCT_ID, QUANTITY)
VALUES (1549, 73, 11, 15);
INSERT INTO ORDER_ITEM (ID, ORDER_ID, PRODUCT_ID, QUANTITY)
VALUES (1550, 73, 60, 12);
INSERT INTO ORDER_ITEM (ID, ORDER_ID, PRODUCT_ID, QUANTITY)
VALUES (1551, 73, 25, 11);
INSERT INTO ORDER_ITEM (ID, ORDER_ID, PRODUCT_ID, QUANTITY)
VALUES (1552, 73, 58, 17);
INSERT INTO ORDER_ITEM (ID, ORDER_ID, PRODUCT_ID, QUANTITY)
VALUES (1553, 73, 42, 3);
INSERT INTO ORDER_ITEM (ID, ORDER_ID, PRODUCT_ID, QUANTITY)
VALUES (1554, 73, 30, 9);
INSERT INTO ORDER_ITEM (ID, ORDER_ID, PRODUCT_ID, QUANTITY)
VALUES (1555, 73, 17, 8);
INSERT INTO ORDER_ITEM (ID, ORDER_ID, PRODUCT_ID, QUANTITY)
VALUES (1556, 73, 24, 12);
INSERT INTO ORDER_ITEM (ID, ORDER_ID, PRODUCT_ID, QUANTITY)
VALUES (1557, 73, 27, 10);
INSERT INTO ORDER_ITEM (ID, ORDER_ID, PRODUCT_ID, QUANTITY)
VALUES (1558, 73, 18, 19);
INSERT INTO ORDER_ITEM (ID, ORDER_ID, PRODUCT_ID, QUANTITY)
VALUES (1559, 73, 29, 11);
INSERT INTO ORDER_ITEM (ID, ORDER_ID, PRODUCT_ID, QUANTITY)
VALUES (1560, 73, 13, 14);
INSERT INTO ORDER_ITEM (ID, ORDER_ID, PRODUCT_ID, QUANTITY)
VALUES (1561, 73, 12, 7);
INSERT INTO ORDER_ITEM (ID, ORDER_ID, PRODUCT_ID, QUANTITY)
VALUES (1562, 73, 20, 7);
INSERT INTO ORDER_ITEM (ID, ORDER_ID, PRODUCT_ID, QUANTITY)
VALUES (1563, 73, 56, 6);
-- ### ORDER 64
INSERT INTO PAYMENT_DETAIL(ID, AMOUNT, PROVIDER, PROVIDER_PAYMENT_UUID)
VALUES (74, 939.0, 'VISA', '527879654');
INSERT INTO ORDERS (ID, CUST_ID, PAYMENT_ID, STATUS, AMOUNT, CREATED_ON, UPDATED_ON)
VALUES (74, 777, 74, 'DELIVERED', 939.0, LOCALTIMESTAMP, LOCALTIMESTAMP);
INSERT INTO ORDER_ITEM (ID, ORDER_ID, PRODUCT_ID, QUANTITY)
VALUES (1564, 74, 53, 14);
INSERT INTO ORDER_ITEM (ID, ORDER_ID, PRODUCT_ID, QUANTITY)
VALUES (1565, 74, 35, 12);
INSERT INTO ORDER_ITEM (ID, ORDER_ID, PRODUCT_ID, QUANTITY)
VALUES (1566, 74, 38, 18);
INSERT INTO ORDER_ITEM (ID, ORDER_ID, PRODUCT_ID, QUANTITY)
VALUES (1567, 74, 19, 17);
INSERT INTO ORDER_ITEM (ID, ORDER_ID, PRODUCT_ID, QUANTITY)
VALUES (1568, 74, 57, 15);
INSERT INTO ORDER_ITEM (ID, ORDER_ID, PRODUCT_ID, QUANTITY)
VALUES (1569, 74, 34, 19);
INSERT INTO ORDER_ITEM (ID, ORDER_ID, PRODUCT_ID, QUANTITY)
VALUES (1570, 74, 22, 1);
INSERT INTO ORDER_ITEM (ID, ORDER_ID, PRODUCT_ID, QUANTITY)
VALUES (1571, 74, 42, 15);
INSERT INTO ORDER_ITEM (ID, ORDER_ID, PRODUCT_ID, QUANTITY)
VALUES (1572, 74, 27, 0);
INSERT INTO ORDER_ITEM (ID, ORDER_ID, PRODUCT_ID, QUANTITY)
VALUES (1573, 74, 50, 0);
INSERT INTO ORDER_ITEM (ID, ORDER_ID, PRODUCT_ID, QUANTITY)
VALUES (1574, 74, 39, 19);
INSERT INTO ORDER_ITEM (ID, ORDER_ID, PRODUCT_ID, QUANTITY)
VALUES (1575, 74, 18, 17);
INSERT INTO ORDER_ITEM (ID, ORDER_ID, PRODUCT_ID, QUANTITY)
VALUES (1576, 74, 47, 17);
INSERT INTO ORDER_ITEM (ID, ORDER_ID, PRODUCT_ID, QUANTITY)
VALUES (1577, 74, 14, 13);
INSERT INTO ORDER_ITEM (ID, ORDER_ID, PRODUCT_ID, QUANTITY)
VALUES (1578, 74, 31, 14);
INSERT INTO ORDER_ITEM (ID, ORDER_ID, PRODUCT_ID, QUANTITY)
VALUES (1579, 74, 54, 18);
INSERT INTO ORDER_ITEM (ID, ORDER_ID, PRODUCT_ID, QUANTITY)
VALUES (1580, 74, 45, 12);
INSERT INTO ORDER_ITEM (ID, ORDER_ID, PRODUCT_ID, QUANTITY)
VALUES (1581, 74, 28, 1);
INSERT INTO ORDER_ITEM (ID, ORDER_ID, PRODUCT_ID, QUANTITY)
VALUES (1582, 74, 21, 6);
INSERT INTO ORDER_ITEM (ID, ORDER_ID, PRODUCT_ID, QUANTITY)
VALUES (1583, 74, 55, 10);
INSERT INTO ORDER_ITEM (ID, ORDER_ID, PRODUCT_ID, QUANTITY)
VALUES (1584, 74, 13, 11);
INSERT INTO ORDER_ITEM (ID, ORDER_ID, PRODUCT_ID, QUANTITY)
VALUES (1585, 74, 48, 6);
INSERT INTO ORDER_ITEM (ID, ORDER_ID, PRODUCT_ID, QUANTITY)
VALUES (1586, 74, 26, 9);
INSERT INTO ORDER_ITEM (ID, ORDER_ID, PRODUCT_ID, QUANTITY)
VALUES (1587, 74, 15, 8);
INSERT INTO ORDER_ITEM (ID, ORDER_ID, PRODUCT_ID, QUANTITY)
VALUES (1588, 74, 52, 0);
INSERT INTO ORDER_ITEM (ID, ORDER_ID, PRODUCT_ID, QUANTITY)
VALUES (1589, 74, 32, 11);
INSERT INTO ORDER_ITEM (ID, ORDER_ID, PRODUCT_ID, QUANTITY)
VALUES (1590, 74, 43, 16);
INSERT INTO ORDER_ITEM (ID, ORDER_ID, PRODUCT_ID, QUANTITY)
VALUES (1591, 74, 59, 1);
INSERT INTO ORDER_ITEM (ID, ORDER_ID, PRODUCT_ID, QUANTITY)
VALUES (1592, 74, 12, 12);
INSERT INTO ORDER_ITEM (ID, ORDER_ID, PRODUCT_ID, QUANTITY)
VALUES (1593, 74, 58, 15);
INSERT INTO ORDER_ITEM (ID, ORDER_ID, PRODUCT_ID, QUANTITY)
VALUES (1594, 74, 60, 7);
INSERT INTO ORDER_ITEM (ID, ORDER_ID, PRODUCT_ID, QUANTITY)
VALUES (1595, 74, 29, 16);
INSERT INTO ORDER_ITEM (ID, ORDER_ID, PRODUCT_ID, QUANTITY)
VALUES (1596, 74, 49, 15);
INSERT INTO ORDER_ITEM (ID, ORDER_ID, PRODUCT_ID, QUANTITY)
VALUES (1597, 74, 44, 8);
INSERT INTO ORDER_ITEM (ID, ORDER_ID, PRODUCT_ID, QUANTITY)
VALUES (1598, 74, 40, 13);
INSERT INTO ORDER_ITEM (ID, ORDER_ID, PRODUCT_ID, QUANTITY)
VALUES (1599, 74, 41, 9);
INSERT INTO ORDER_ITEM (ID, ORDER_ID, PRODUCT_ID, QUANTITY)
VALUES (1600, 74, 11, 0);
INSERT INTO ORDER_ITEM (ID, ORDER_ID, PRODUCT_ID, QUANTITY)
VALUES (1601, 74, 24, 7);
INSERT INTO ORDER_ITEM (ID, ORDER_ID, PRODUCT_ID, QUANTITY)
VALUES (1602, 74, 16, 10);
INSERT INTO ORDER_ITEM (ID, ORDER_ID, PRODUCT_ID, QUANTITY)
VALUES (1603, 74, 46, 12);
INSERT INTO ORDER_ITEM (ID, ORDER_ID, PRODUCT_ID, QUANTITY)
VALUES (1604, 74, 20, 7);
INSERT INTO ORDER_ITEM (ID, ORDER_ID, PRODUCT_ID, QUANTITY)
VALUES (1605, 74, 36, 8);
-- ### ORDER 65
INSERT INTO PAYMENT_DETAIL(ID, AMOUNT, PROVIDER, PROVIDER_PAYMENT_UUID)
VALUES (75, 2978.0, 'CRYPTO', '42895871');
INSERT INTO ORDERS (ID, CUST_ID, PAYMENT_ID, STATUS, AMOUNT, CREATED_ON, UPDATED_ON)
VALUES (75, 777, 75, 'DELIVERED', 2978.0, LOCALTIMESTAMP, LOCALTIMESTAMP);
INSERT INTO ORDER_ITEM (ID, ORDER_ID, PRODUCT_ID, QUANTITY)
VALUES (1606, 75, 52, 0);
INSERT INTO ORDER_ITEM (ID, ORDER_ID, PRODUCT_ID, QUANTITY)
VALUES (1607, 75, 28, 9);
INSERT INTO ORDER_ITEM (ID, ORDER_ID, PRODUCT_ID, QUANTITY)
VALUES (1608, 75, 53, 1);
INSERT INTO ORDER_ITEM (ID, ORDER_ID, PRODUCT_ID, QUANTITY)
VALUES (1609, 75, 33, 16);
INSERT INTO ORDER_ITEM (ID, ORDER_ID, PRODUCT_ID, QUANTITY)
VALUES (1610, 75, 56, 13);
INSERT INTO ORDER_ITEM (ID, ORDER_ID, PRODUCT_ID, QUANTITY)
VALUES (1611, 75, 58, 11);
INSERT INTO ORDER_ITEM (ID, ORDER_ID, PRODUCT_ID, QUANTITY)
VALUES (1612, 75, 26, 14);
INSERT INTO ORDER_ITEM (ID, ORDER_ID, PRODUCT_ID, QUANTITY)
VALUES (1613, 75, 17, 3);
INSERT INTO ORDER_ITEM (ID, ORDER_ID, PRODUCT_ID, QUANTITY)
VALUES (1614, 75, 34, 10);
INSERT INTO ORDER_ITEM (ID, ORDER_ID, PRODUCT_ID, QUANTITY)
VALUES (1615, 75, 37, 13);
INSERT INTO ORDER_ITEM (ID, ORDER_ID, PRODUCT_ID, QUANTITY)
VALUES (1616, 75, 54, 17);
INSERT INTO ORDER_ITEM (ID, ORDER_ID, PRODUCT_ID, QUANTITY)
VALUES (1617, 75, 32, 5);
INSERT INTO ORDER_ITEM (ID, ORDER_ID, PRODUCT_ID, QUANTITY)
VALUES (1618, 75, 13, 17);
INSERT INTO ORDER_ITEM (ID, ORDER_ID, PRODUCT_ID, QUANTITY)
VALUES (1619, 75, 44, 4);
INSERT INTO ORDER_ITEM (ID, ORDER_ID, PRODUCT_ID, QUANTITY)
VALUES (1620, 75, 36, 20);
INSERT INTO ORDER_ITEM (ID, ORDER_ID, PRODUCT_ID, QUANTITY)
VALUES (1621, 75, 38, 0);
INSERT INTO ORDER_ITEM (ID, ORDER_ID, PRODUCT_ID, QUANTITY)
VALUES (1622, 75, 20, 11);
INSERT INTO ORDER_ITEM (ID, ORDER_ID, PRODUCT_ID, QUANTITY)
VALUES (1623, 75, 55, 5);
INSERT INTO ORDER_ITEM (ID, ORDER_ID, PRODUCT_ID, QUANTITY)
VALUES (1624, 75, 24, 0);
INSERT INTO ORDER_ITEM (ID, ORDER_ID, PRODUCT_ID, QUANTITY)
VALUES (1625, 75, 46, 14);
INSERT INTO ORDER_ITEM (ID, ORDER_ID, PRODUCT_ID, QUANTITY)
VALUES (1626, 75, 57, 2);
INSERT INTO ORDER_ITEM (ID, ORDER_ID, PRODUCT_ID, QUANTITY)
VALUES (1627, 75, 42, 18);
INSERT INTO ORDER_ITEM (ID, ORDER_ID, PRODUCT_ID, QUANTITY)
VALUES (1628, 75, 60, 1);
INSERT INTO ORDER_ITEM (ID, ORDER_ID, PRODUCT_ID, QUANTITY)
VALUES (1629, 75, 50, 6);
INSERT INTO ORDER_ITEM (ID, ORDER_ID, PRODUCT_ID, QUANTITY)
VALUES (1630, 75, 15, 20);
INSERT INTO ORDER_ITEM (ID, ORDER_ID, PRODUCT_ID, QUANTITY)
VALUES (1631, 75, 41, 13);
INSERT INTO ORDER_ITEM (ID, ORDER_ID, PRODUCT_ID, QUANTITY)
VALUES (1632, 75, 49, 9);
INSERT INTO ORDER_ITEM (ID, ORDER_ID, PRODUCT_ID, QUANTITY)
VALUES (1633, 75, 35, 10);
INSERT INTO ORDER_ITEM (ID, ORDER_ID, PRODUCT_ID, QUANTITY)
VALUES (1634, 75, 45, 12);
INSERT INTO ORDER_ITEM (ID, ORDER_ID, PRODUCT_ID, QUANTITY)
VALUES (1635, 75, 21, 4);
INSERT INTO ORDER_ITEM (ID, ORDER_ID, PRODUCT_ID, QUANTITY)
VALUES (1636, 75, 27, 16);
INSERT INTO ORDER_ITEM (ID, ORDER_ID, PRODUCT_ID, QUANTITY)
VALUES (1637, 75, 25, 10);
INSERT INTO ORDER_ITEM (ID, ORDER_ID, PRODUCT_ID, QUANTITY)
VALUES (1638, 75, 12, 19);
INSERT INTO ORDER_ITEM (ID, ORDER_ID, PRODUCT_ID, QUANTITY)
VALUES (1639, 75, 11, 20);
INSERT INTO ORDER_ITEM (ID, ORDER_ID, PRODUCT_ID, QUANTITY)
VALUES (1640, 75, 23, 9);
INSERT INTO ORDER_ITEM (ID, ORDER_ID, PRODUCT_ID, QUANTITY)
VALUES (1641, 75, 14, 20);
INSERT INTO ORDER_ITEM (ID, ORDER_ID, PRODUCT_ID, QUANTITY)
VALUES (1642, 75, 51, 6);
-- ### ORDER 66
INSERT INTO PAYMENT_DETAIL(ID, AMOUNT, PROVIDER, PROVIDER_PAYMENT_UUID)
VALUES (76, 4179.0, 'MASTERCARD', '218162562');
INSERT INTO ORDERS (ID, CUST_ID, PAYMENT_ID, STATUS, AMOUNT, CREATED_ON, UPDATED_ON)
VALUES (76, 777, 76, 'DELIVERED', 4179.0, LOCALTIMESTAMP, LOCALTIMESTAMP);
INSERT INTO ORDER_ITEM (ID, ORDER_ID, PRODUCT_ID, QUANTITY)
VALUES (1643, 76, 46, 1);
INSERT INTO ORDER_ITEM (ID, ORDER_ID, PRODUCT_ID, QUANTITY)
VALUES (1644, 76, 37, 10);
INSERT INTO ORDER_ITEM (ID, ORDER_ID, PRODUCT_ID, QUANTITY)
VALUES (1645, 76, 58, 6);
INSERT INTO ORDER_ITEM (ID, ORDER_ID, PRODUCT_ID, QUANTITY)
VALUES (1646, 76, 28, 2);
-- ### ORDER 67
INSERT INTO PAYMENT_DETAIL(ID, AMOUNT, PROVIDER, PROVIDER_PAYMENT_UUID)
VALUES (77, 4391.0, 'CRYPTO', '94158020');
INSERT INTO ORDERS (ID, CUST_ID, PAYMENT_ID, STATUS, AMOUNT, CREATED_ON, UPDATED_ON)
VALUES (77, 777, 77, 'DELIVERED', 4391.0, LOCALTIMESTAMP, LOCALTIMESTAMP);
INSERT INTO ORDER_ITEM (ID, ORDER_ID, PRODUCT_ID, QUANTITY)
VALUES (1647, 77, 36, 0);
INSERT INTO ORDER_ITEM (ID, ORDER_ID, PRODUCT_ID, QUANTITY)
VALUES (1648, 77, 60, 1);
INSERT INTO ORDER_ITEM (ID, ORDER_ID, PRODUCT_ID, QUANTITY)
VALUES (1649, 77, 41, 14);
INSERT INTO ORDER_ITEM (ID, ORDER_ID, PRODUCT_ID, QUANTITY)
VALUES (1650, 77, 45, 17);
INSERT INTO ORDER_ITEM (ID, ORDER_ID, PRODUCT_ID, QUANTITY)
VALUES (1651, 77, 40, 15);
INSERT INTO ORDER_ITEM (ID, ORDER_ID, PRODUCT_ID, QUANTITY)
VALUES (1652, 77, 43, 12);
INSERT INTO ORDER_ITEM (ID, ORDER_ID, PRODUCT_ID, QUANTITY)
VALUES (1653, 77, 42, 9);
INSERT INTO ORDER_ITEM (ID, ORDER_ID, PRODUCT_ID, QUANTITY)
VALUES (1654, 77, 21, 8);
INSERT INTO ORDER_ITEM (ID, ORDER_ID, PRODUCT_ID, QUANTITY)
VALUES (1655, 77, 31, 11);
INSERT INTO ORDER_ITEM (ID, ORDER_ID, PRODUCT_ID, QUANTITY)
VALUES (1656, 77, 48, 14);
INSERT INTO ORDER_ITEM (ID, ORDER_ID, PRODUCT_ID, QUANTITY)
VALUES (1657, 77, 27, 5);
INSERT INTO ORDER_ITEM (ID, ORDER_ID, PRODUCT_ID, QUANTITY)
VALUES (1658, 77, 15, 4);
INSERT INTO ORDER_ITEM (ID, ORDER_ID, PRODUCT_ID, QUANTITY)
VALUES (1659, 77, 44, 4);
-- ### ORDER 68
INSERT INTO PAYMENT_DETAIL(ID, AMOUNT, PROVIDER, PROVIDER_PAYMENT_UUID)
VALUES (78, 3646.0, 'ICARD', '88899045');
INSERT INTO ORDERS (ID, CUST_ID, PAYMENT_ID, STATUS, AMOUNT, CREATED_ON, UPDATED_ON)
VALUES (78, 777, 78, 'DELIVERED', 3646.0, LOCALTIMESTAMP, LOCALTIMESTAMP);
INSERT INTO ORDER_ITEM (ID, ORDER_ID, PRODUCT_ID, QUANTITY)
VALUES (1660, 78, 29, 19);
-- ### ORDER 69
INSERT INTO PAYMENT_DETAIL(ID, AMOUNT, PROVIDER, PROVIDER_PAYMENT_UUID)
VALUES (79, 189.0, 'MASTERCARD', '121448003');
INSERT INTO ORDERS (ID, CUST_ID, PAYMENT_ID, STATUS, AMOUNT, CREATED_ON, UPDATED_ON)
VALUES (79, 777, 79, 'DELIVERED', 189.0, LOCALTIMESTAMP, LOCALTIMESTAMP);
INSERT INTO ORDER_ITEM (ID, ORDER_ID, PRODUCT_ID, QUANTITY)
VALUES (1661, 79, 50, 12);
INSERT INTO ORDER_ITEM (ID, ORDER_ID, PRODUCT_ID, QUANTITY)
VALUES (1662, 79, 47, 16);
INSERT INTO ORDER_ITEM (ID, ORDER_ID, PRODUCT_ID, QUANTITY)
VALUES (1663, 79, 46, 10);
INSERT INTO ORDER_ITEM (ID, ORDER_ID, PRODUCT_ID, QUANTITY)
VALUES (1664, 79, 38, 8);
INSERT INTO ORDER_ITEM (ID, ORDER_ID, PRODUCT_ID, QUANTITY)
VALUES (1665, 79, 19, 11);
INSERT INTO ORDER_ITEM (ID, ORDER_ID, PRODUCT_ID, QUANTITY)
VALUES (1666, 79, 49, 8);
INSERT INTO ORDER_ITEM (ID, ORDER_ID, PRODUCT_ID, QUANTITY)
VALUES (1667, 79, 42, 1);
INSERT INTO ORDER_ITEM (ID, ORDER_ID, PRODUCT_ID, QUANTITY)
VALUES (1668, 79, 33, 10);
INSERT INTO ORDER_ITEM (ID, ORDER_ID, PRODUCT_ID, QUANTITY)
VALUES (1669, 79, 59, 2);
INSERT INTO ORDER_ITEM (ID, ORDER_ID, PRODUCT_ID, QUANTITY)
VALUES (1670, 79, 48, 11);
INSERT INTO ORDER_ITEM (ID, ORDER_ID, PRODUCT_ID, QUANTITY)
VALUES (1671, 79, 13, 20);
INSERT INTO ORDER_ITEM (ID, ORDER_ID, PRODUCT_ID, QUANTITY)
VALUES (1672, 79, 55, 1);
INSERT INTO ORDER_ITEM (ID, ORDER_ID, PRODUCT_ID, QUANTITY)
VALUES (1673, 79, 22, 10);
INSERT INTO ORDER_ITEM (ID, ORDER_ID, PRODUCT_ID, QUANTITY)
VALUES (1674, 79, 60, 2);
INSERT INTO ORDER_ITEM (ID, ORDER_ID, PRODUCT_ID, QUANTITY)
VALUES (1675, 79, 34, 12);
INSERT INTO ORDER_ITEM (ID, ORDER_ID, PRODUCT_ID, QUANTITY)
VALUES (1676, 79, 17, 8);
INSERT INTO ORDER_ITEM (ID, ORDER_ID, PRODUCT_ID, QUANTITY)
VALUES (1677, 79, 40, 9);
INSERT INTO ORDER_ITEM (ID, ORDER_ID, PRODUCT_ID, QUANTITY)
VALUES (1678, 79, 29, 15);
INSERT INTO ORDER_ITEM (ID, ORDER_ID, PRODUCT_ID, QUANTITY)
VALUES (1679, 79, 56, 0);
INSERT INTO ORDER_ITEM (ID, ORDER_ID, PRODUCT_ID, QUANTITY)
VALUES (1680, 79, 11, 7);
INSERT INTO ORDER_ITEM (ID, ORDER_ID, PRODUCT_ID, QUANTITY)
VALUES (1681, 79, 54, 10);
INSERT INTO ORDER_ITEM (ID, ORDER_ID, PRODUCT_ID, QUANTITY)
VALUES (1682, 79, 58, 9);
INSERT INTO ORDER_ITEM (ID, ORDER_ID, PRODUCT_ID, QUANTITY)
VALUES (1683, 79, 31, 4);
INSERT INTO ORDER_ITEM (ID, ORDER_ID, PRODUCT_ID, QUANTITY)
VALUES (1684, 79, 26, 0);
INSERT INTO ORDER_ITEM (ID, ORDER_ID, PRODUCT_ID, QUANTITY)
VALUES (1685, 79, 15, 14);
INSERT INTO ORDER_ITEM (ID, ORDER_ID, PRODUCT_ID, QUANTITY)
VALUES (1686, 79, 45, 9);
INSERT INTO ORDER_ITEM (ID, ORDER_ID, PRODUCT_ID, QUANTITY)
VALUES (1687, 79, 32, 8);
INSERT INTO ORDER_ITEM (ID, ORDER_ID, PRODUCT_ID, QUANTITY)
VALUES (1688, 79, 18, 19);
INSERT INTO ORDER_ITEM (ID, ORDER_ID, PRODUCT_ID, QUANTITY)
VALUES (1689, 79, 24, 11);
INSERT INTO ORDER_ITEM (ID, ORDER_ID, PRODUCT_ID, QUANTITY)
VALUES (1690, 79, 27, 8);
INSERT INTO ORDER_ITEM (ID, ORDER_ID, PRODUCT_ID, QUANTITY)
VALUES (1691, 79, 39, 5);
INSERT INTO ORDER_ITEM (ID, ORDER_ID, PRODUCT_ID, QUANTITY)
VALUES (1692, 79, 23, 1);
INSERT INTO ORDER_ITEM (ID, ORDER_ID, PRODUCT_ID, QUANTITY)
VALUES (1693, 79, 30, 10);
INSERT INTO ORDER_ITEM (ID, ORDER_ID, PRODUCT_ID, QUANTITY)
VALUES (1694, 79, 25, 17);
INSERT INTO ORDER_ITEM (ID, ORDER_ID, PRODUCT_ID, QUANTITY)
VALUES (1695, 79, 12, 10);
INSERT INTO ORDER_ITEM (ID, ORDER_ID, PRODUCT_ID, QUANTITY)
VALUES (1696, 79, 20, 9);
INSERT INTO ORDER_ITEM (ID, ORDER_ID, PRODUCT_ID, QUANTITY)
VALUES (1697, 79, 21, 3);
INSERT INTO ORDER_ITEM (ID, ORDER_ID, PRODUCT_ID, QUANTITY)
VALUES (1698, 79, 14, 16);
INSERT INTO ORDER_ITEM (ID, ORDER_ID, PRODUCT_ID, QUANTITY)
VALUES (1699, 79, 28, 17);
INSERT INTO ORDER_ITEM (ID, ORDER_ID, PRODUCT_ID, QUANTITY)
VALUES (1700, 79, 35, 12);
INSERT INTO ORDER_ITEM (ID, ORDER_ID, PRODUCT_ID, QUANTITY)
VALUES (1701, 79, 51, 17);
INSERT INTO ORDER_ITEM (ID, ORDER_ID, PRODUCT_ID, QUANTITY)
VALUES (1702, 79, 53, 15);
INSERT INTO ORDER_ITEM (ID, ORDER_ID, PRODUCT_ID, QUANTITY)
VALUES (1703, 79, 57, 16);
INSERT INTO ORDER_ITEM (ID, ORDER_ID, PRODUCT_ID, QUANTITY)
VALUES (1704, 79, 52, 11);
INSERT INTO ORDER_ITEM (ID, ORDER_ID, PRODUCT_ID, QUANTITY)
VALUES (1705, 79, 16, 14);
INSERT INTO ORDER_ITEM (ID, ORDER_ID, PRODUCT_ID, QUANTITY)
VALUES (1706, 79, 41, 10);
INSERT INTO ORDER_ITEM (ID, ORDER_ID, PRODUCT_ID, QUANTITY)
VALUES (1707, 79, 37, 10);
-- ### ORDER 70
INSERT INTO PAYMENT_DETAIL(ID, AMOUNT, PROVIDER, PROVIDER_PAYMENT_UUID)
VALUES (80, 2482.0, 'VISA', '723315306');
INSERT INTO ORDERS (ID, CUST_ID, PAYMENT_ID, STATUS, AMOUNT, CREATED_ON, UPDATED_ON)
VALUES (80, 777, 80, 'DELIVERED', 2482.0, LOCALTIMESTAMP, LOCALTIMESTAMP);
INSERT INTO ORDER_ITEM (ID, ORDER_ID, PRODUCT_ID, QUANTITY)
VALUES (1708, 80, 24, 8);
INSERT INTO ORDER_ITEM (ID, ORDER_ID, PRODUCT_ID, QUANTITY)
VALUES (1709, 80, 11, 4);
INSERT INTO ORDER_ITEM (ID, ORDER_ID, PRODUCT_ID, QUANTITY)
VALUES (1710, 80, 51, 6);
INSERT INTO ORDER_ITEM (ID, ORDER_ID, PRODUCT_ID, QUANTITY)
VALUES (1711, 80, 17, 19);
INSERT INTO ORDER_ITEM (ID, ORDER_ID, PRODUCT_ID, QUANTITY)
VALUES (1712, 80, 13, 18);
INSERT INTO ORDER_ITEM (ID, ORDER_ID, PRODUCT_ID, QUANTITY)
VALUES (1713, 80, 35, 3);
INSERT INTO ORDER_ITEM (ID, ORDER_ID, PRODUCT_ID, QUANTITY)
VALUES (1714, 80, 59, 18);
INSERT INTO ORDER_ITEM (ID, ORDER_ID, PRODUCT_ID, QUANTITY)
VALUES (1715, 80, 41, 6);
INSERT INTO ORDER_ITEM (ID, ORDER_ID, PRODUCT_ID, QUANTITY)
VALUES (1716, 80, 19, 6);
INSERT INTO ORDER_ITEM (ID, ORDER_ID, PRODUCT_ID, QUANTITY)
VALUES (1717, 80, 20, 14);
INSERT INTO ORDER_ITEM (ID, ORDER_ID, PRODUCT_ID, QUANTITY)
VALUES (1718, 80, 30, 4);
INSERT INTO ORDER_ITEM (ID, ORDER_ID, PRODUCT_ID, QUANTITY)
VALUES (1719, 80, 46, 8);
INSERT INTO ORDER_ITEM (ID, ORDER_ID, PRODUCT_ID, QUANTITY)
VALUES (1720, 80, 60, 17);
INSERT INTO ORDER_ITEM (ID, ORDER_ID, PRODUCT_ID, QUANTITY)
VALUES (1721, 80, 31, 7);
-- ### ORDER 71
INSERT INTO PAYMENT_DETAIL(ID, AMOUNT, PROVIDER, PROVIDER_PAYMENT_UUID)
VALUES (81, 296.0, 'ICARD', '884186364');
INSERT INTO ORDERS (ID, CUST_ID, PAYMENT_ID, STATUS, AMOUNT, CREATED_ON, UPDATED_ON)
VALUES (81, 777, 81, 'DELIVERED', 296.0, LOCALTIMESTAMP, LOCALTIMESTAMP);
INSERT INTO ORDER_ITEM (ID, ORDER_ID, PRODUCT_ID, QUANTITY)
VALUES (1722, 81, 29, 8);
INSERT INTO ORDER_ITEM (ID, ORDER_ID, PRODUCT_ID, QUANTITY)
VALUES (1723, 81, 40, 5);
INSERT INTO ORDER_ITEM (ID, ORDER_ID, PRODUCT_ID, QUANTITY)
VALUES (1724, 81, 44, 11);
INSERT INTO ORDER_ITEM (ID, ORDER_ID, PRODUCT_ID, QUANTITY)
VALUES (1725, 81, 15, 18);
INSERT INTO ORDER_ITEM (ID, ORDER_ID, PRODUCT_ID, QUANTITY)
VALUES (1726, 81, 27, 17);
INSERT INTO ORDER_ITEM (ID, ORDER_ID, PRODUCT_ID, QUANTITY)
VALUES (1727, 81, 11, 1);
INSERT INTO ORDER_ITEM (ID, ORDER_ID, PRODUCT_ID, QUANTITY)
VALUES (1728, 81, 55, 19);
-- ### ORDER 72
INSERT INTO PAYMENT_DETAIL(ID, AMOUNT, PROVIDER, PROVIDER_PAYMENT_UUID)
VALUES (82, 50.0, 'PAYPAL', '63869642');
INSERT INTO ORDERS (ID, CUST_ID, PAYMENT_ID, STATUS, AMOUNT, CREATED_ON, UPDATED_ON)
VALUES (82, 777, 82, 'DELIVERED', 50.0, LOCALTIMESTAMP, LOCALTIMESTAMP);
INSERT INTO ORDER_ITEM (ID, ORDER_ID, PRODUCT_ID, QUANTITY)
VALUES (1729, 82, 29, 8);
INSERT INTO ORDER_ITEM (ID, ORDER_ID, PRODUCT_ID, QUANTITY)
VALUES (1730, 82, 59, 1);
INSERT INTO ORDER_ITEM (ID, ORDER_ID, PRODUCT_ID, QUANTITY)
VALUES (1731, 82, 14, 20);
INSERT INTO ORDER_ITEM (ID, ORDER_ID, PRODUCT_ID, QUANTITY)
VALUES (1732, 82, 40, 5);
INSERT INTO ORDER_ITEM (ID, ORDER_ID, PRODUCT_ID, QUANTITY)
VALUES (1733, 82, 19, 10);
INSERT INTO ORDER_ITEM (ID, ORDER_ID, PRODUCT_ID, QUANTITY)
VALUES (1734, 82, 56, 5);
INSERT INTO ORDER_ITEM (ID, ORDER_ID, PRODUCT_ID, QUANTITY)
VALUES (1735, 82, 57, 2);
INSERT INTO ORDER_ITEM (ID, ORDER_ID, PRODUCT_ID, QUANTITY)
VALUES (1736, 82, 27, 18);
INSERT INTO ORDER_ITEM (ID, ORDER_ID, PRODUCT_ID, QUANTITY)
VALUES (1737, 82, 42, 14);
INSERT INTO ORDER_ITEM (ID, ORDER_ID, PRODUCT_ID, QUANTITY)
VALUES (1738, 82, 33, 7);
INSERT INTO ORDER_ITEM (ID, ORDER_ID, PRODUCT_ID, QUANTITY)
VALUES (1739, 82, 39, 6);
INSERT INTO ORDER_ITEM (ID, ORDER_ID, PRODUCT_ID, QUANTITY)
VALUES (1740, 82, 44, 0);
-- ### ORDER 73
INSERT INTO PAYMENT_DETAIL(ID, AMOUNT, PROVIDER, PROVIDER_PAYMENT_UUID)
VALUES (83, 3628.0, 'VISA', '922331940');
INSERT INTO ORDERS (ID, CUST_ID, PAYMENT_ID, STATUS, AMOUNT, CREATED_ON, UPDATED_ON)
VALUES (83, 777, 83, 'DELIVERED', 3628.0, LOCALTIMESTAMP, LOCALTIMESTAMP);
INSERT INTO ORDER_ITEM (ID, ORDER_ID, PRODUCT_ID, QUANTITY)
VALUES (1741, 83, 36, 7);
INSERT INTO ORDER_ITEM (ID, ORDER_ID, PRODUCT_ID, QUANTITY)
VALUES (1742, 83, 43, 3);
INSERT INTO ORDER_ITEM (ID, ORDER_ID, PRODUCT_ID, QUANTITY)
VALUES (1743, 83, 48, 0);
INSERT INTO ORDER_ITEM (ID, ORDER_ID, PRODUCT_ID, QUANTITY)
VALUES (1744, 83, 58, 3);
INSERT INTO ORDER_ITEM (ID, ORDER_ID, PRODUCT_ID, QUANTITY)
VALUES (1745, 83, 25, 5);
INSERT INTO ORDER_ITEM (ID, ORDER_ID, PRODUCT_ID, QUANTITY)
VALUES (1746, 83, 44, 7);
INSERT INTO ORDER_ITEM (ID, ORDER_ID, PRODUCT_ID, QUANTITY)
VALUES (1747, 83, 27, 12);
INSERT INTO ORDER_ITEM (ID, ORDER_ID, PRODUCT_ID, QUANTITY)
VALUES (1748, 83, 30, 11);
INSERT INTO ORDER_ITEM (ID, ORDER_ID, PRODUCT_ID, QUANTITY)
VALUES (1749, 83, 33, 0);
INSERT INTO ORDER_ITEM (ID, ORDER_ID, PRODUCT_ID, QUANTITY)
VALUES (1750, 83, 37, 16);
INSERT INTO ORDER_ITEM (ID, ORDER_ID, PRODUCT_ID, QUANTITY)
VALUES (1751, 83, 13, 8);
INSERT INTO ORDER_ITEM (ID, ORDER_ID, PRODUCT_ID, QUANTITY)
VALUES (1752, 83, 55, 15);
INSERT INTO ORDER_ITEM (ID, ORDER_ID, PRODUCT_ID, QUANTITY)
VALUES (1753, 83, 60, 2);
INSERT INTO ORDER_ITEM (ID, ORDER_ID, PRODUCT_ID, QUANTITY)
VALUES (1754, 83, 32, 19);
INSERT INTO ORDER_ITEM (ID, ORDER_ID, PRODUCT_ID, QUANTITY)
VALUES (1755, 83, 47, 13);
INSERT INTO ORDER_ITEM (ID, ORDER_ID, PRODUCT_ID, QUANTITY)
VALUES (1756, 83, 52, 19);
INSERT INTO ORDER_ITEM (ID, ORDER_ID, PRODUCT_ID, QUANTITY)
VALUES (1757, 83, 16, 7);
INSERT INTO ORDER_ITEM (ID, ORDER_ID, PRODUCT_ID, QUANTITY)
VALUES (1758, 83, 18, 4);
INSERT INTO ORDER_ITEM (ID, ORDER_ID, PRODUCT_ID, QUANTITY)
VALUES (1759, 83, 21, 12);
INSERT INTO ORDER_ITEM (ID, ORDER_ID, PRODUCT_ID, QUANTITY)
VALUES (1760, 83, 40, 7);
INSERT INTO ORDER_ITEM (ID, ORDER_ID, PRODUCT_ID, QUANTITY)
VALUES (1761, 83, 46, 4);
INSERT INTO ORDER_ITEM (ID, ORDER_ID, PRODUCT_ID, QUANTITY)
VALUES (1762, 83, 19, 18);
INSERT INTO ORDER_ITEM (ID, ORDER_ID, PRODUCT_ID, QUANTITY)
VALUES (1763, 83, 26, 18);
INSERT INTO ORDER_ITEM (ID, ORDER_ID, PRODUCT_ID, QUANTITY)
VALUES (1764, 83, 59, 3);
INSERT INTO ORDER_ITEM (ID, ORDER_ID, PRODUCT_ID, QUANTITY)
VALUES (1765, 83, 45, 1);
INSERT INTO ORDER_ITEM (ID, ORDER_ID, PRODUCT_ID, QUANTITY)
VALUES (1766, 83, 24, 11);
INSERT INTO ORDER_ITEM (ID, ORDER_ID, PRODUCT_ID, QUANTITY)
VALUES (1767, 83, 23, 6);
INSERT INTO ORDER_ITEM (ID, ORDER_ID, PRODUCT_ID, QUANTITY)
VALUES (1768, 83, 39, 10);
INSERT INTO ORDER_ITEM (ID, ORDER_ID, PRODUCT_ID, QUANTITY)
VALUES (1769, 83, 49, 18);
INSERT INTO ORDER_ITEM (ID, ORDER_ID, PRODUCT_ID, QUANTITY)
VALUES (1770, 83, 51, 2);
INSERT INTO ORDER_ITEM (ID, ORDER_ID, PRODUCT_ID, QUANTITY)
VALUES (1771, 83, 42, 14);
INSERT INTO ORDER_ITEM (ID, ORDER_ID, PRODUCT_ID, QUANTITY)
VALUES (1772, 83, 38, 1);
INSERT INTO ORDER_ITEM (ID, ORDER_ID, PRODUCT_ID, QUANTITY)
VALUES (1773, 83, 12, 3);
INSERT INTO ORDER_ITEM (ID, ORDER_ID, PRODUCT_ID, QUANTITY)
VALUES (1774, 83, 34, 5);
INSERT INTO ORDER_ITEM (ID, ORDER_ID, PRODUCT_ID, QUANTITY)
VALUES (1775, 83, 20, 10);
INSERT INTO ORDER_ITEM (ID, ORDER_ID, PRODUCT_ID, QUANTITY)
VALUES (1776, 83, 57, 19);
INSERT INTO ORDER_ITEM (ID, ORDER_ID, PRODUCT_ID, QUANTITY)
VALUES (1777, 83, 28, 8);
INSERT INTO ORDER_ITEM (ID, ORDER_ID, PRODUCT_ID, QUANTITY)
VALUES (1778, 83, 54, 19);
INSERT INTO ORDER_ITEM (ID, ORDER_ID, PRODUCT_ID, QUANTITY)
VALUES (1779, 83, 14, 5);
INSERT INTO ORDER_ITEM (ID, ORDER_ID, PRODUCT_ID, QUANTITY)
VALUES (1780, 83, 56, 11);
INSERT INTO ORDER_ITEM (ID, ORDER_ID, PRODUCT_ID, QUANTITY)
VALUES (1781, 83, 11, 18);
INSERT INTO ORDER_ITEM (ID, ORDER_ID, PRODUCT_ID, QUANTITY)
VALUES (1782, 83, 41, 7);
INSERT INTO ORDER_ITEM (ID, ORDER_ID, PRODUCT_ID, QUANTITY)
VALUES (1783, 83, 15, 20);
INSERT INTO ORDER_ITEM (ID, ORDER_ID, PRODUCT_ID, QUANTITY)
VALUES (1784, 83, 22, 13);
-- ### ORDER 74
INSERT INTO PAYMENT_DETAIL(ID, AMOUNT, PROVIDER, PROVIDER_PAYMENT_UUID)
VALUES (84, 3975.0, 'CRYPTO', '105081647');
INSERT INTO ORDERS (ID, CUST_ID, PAYMENT_ID, STATUS, AMOUNT, CREATED_ON, UPDATED_ON)
VALUES (84, 777, 84, 'DELIVERED', 3975.0, LOCALTIMESTAMP, LOCALTIMESTAMP);
INSERT INTO ORDER_ITEM (ID, ORDER_ID, PRODUCT_ID, QUANTITY)
VALUES (1785, 84, 14, 15);
INSERT INTO ORDER_ITEM (ID, ORDER_ID, PRODUCT_ID, QUANTITY)
VALUES (1786, 84, 56, 4);
INSERT INTO ORDER_ITEM (ID, ORDER_ID, PRODUCT_ID, QUANTITY)
VALUES (1787, 84, 53, 11);
INSERT INTO ORDER_ITEM (ID, ORDER_ID, PRODUCT_ID, QUANTITY)
VALUES (1788, 84, 22, 20);
INSERT INTO ORDER_ITEM (ID, ORDER_ID, PRODUCT_ID, QUANTITY)
VALUES (1789, 84, 46, 12);
INSERT INTO ORDER_ITEM (ID, ORDER_ID, PRODUCT_ID, QUANTITY)
VALUES (1790, 84, 58, 7);
INSERT INTO ORDER_ITEM (ID, ORDER_ID, PRODUCT_ID, QUANTITY)
VALUES (1791, 84, 43, 7);
INSERT INTO ORDER_ITEM (ID, ORDER_ID, PRODUCT_ID, QUANTITY)
VALUES (1792, 84, 40, 1);
INSERT INTO ORDER_ITEM (ID, ORDER_ID, PRODUCT_ID, QUANTITY)
VALUES (1793, 84, 23, 10);
INSERT INTO ORDER_ITEM (ID, ORDER_ID, PRODUCT_ID, QUANTITY)
VALUES (1794, 84, 32, 3);
INSERT INTO ORDER_ITEM (ID, ORDER_ID, PRODUCT_ID, QUANTITY)
VALUES (1795, 84, 25, 19);
INSERT INTO ORDER_ITEM (ID, ORDER_ID, PRODUCT_ID, QUANTITY)
VALUES (1796, 84, 60, 9);
INSERT INTO ORDER_ITEM (ID, ORDER_ID, PRODUCT_ID, QUANTITY)
VALUES (1797, 84, 35, 17);
INSERT INTO ORDER_ITEM (ID, ORDER_ID, PRODUCT_ID, QUANTITY)
VALUES (1798, 84, 47, 13);
INSERT INTO ORDER_ITEM (ID, ORDER_ID, PRODUCT_ID, QUANTITY)
VALUES (1799, 84, 51, 2);
INSERT INTO ORDER_ITEM (ID, ORDER_ID, PRODUCT_ID, QUANTITY)
VALUES (1800, 84, 21, 10);
-- ### ORDER 75
INSERT INTO PAYMENT_DETAIL(ID, AMOUNT, PROVIDER, PROVIDER_PAYMENT_UUID)
VALUES (85, 968.0, 'PAYPAL', '606988837');
INSERT INTO ORDERS (ID, CUST_ID, PAYMENT_ID, STATUS, AMOUNT, CREATED_ON, UPDATED_ON)
VALUES (85, 777, 85, 'DELIVERED', 968.0, LOCALTIMESTAMP, LOCALTIMESTAMP);
-- ### ORDER 76
INSERT INTO PAYMENT_DETAIL(ID, AMOUNT, PROVIDER, PROVIDER_PAYMENT_UUID)
VALUES (86, 3801.0, 'ICARD', '682049777');
INSERT INTO ORDERS (ID, CUST_ID, PAYMENT_ID, STATUS, AMOUNT, CREATED_ON, UPDATED_ON)
VALUES (86, 777, 86, 'DELIVERED', 3801.0, LOCALTIMESTAMP, LOCALTIMESTAMP);
INSERT INTO ORDER_ITEM (ID, ORDER_ID, PRODUCT_ID, QUANTITY)
VALUES (1801, 86, 19, 1);
INSERT INTO ORDER_ITEM (ID, ORDER_ID, PRODUCT_ID, QUANTITY)
VALUES (1802, 86, 25, 5);
INSERT INTO ORDER_ITEM (ID, ORDER_ID, PRODUCT_ID, QUANTITY)
VALUES (1803, 86, 42, 3);
INSERT INTO ORDER_ITEM (ID, ORDER_ID, PRODUCT_ID, QUANTITY)
VALUES (1804, 86, 22, 16);
INSERT INTO ORDER_ITEM (ID, ORDER_ID, PRODUCT_ID, QUANTITY)
VALUES (1805, 86, 36, 15);
INSERT INTO ORDER_ITEM (ID, ORDER_ID, PRODUCT_ID, QUANTITY)
VALUES (1806, 86, 41, 15);
INSERT INTO ORDER_ITEM (ID, ORDER_ID, PRODUCT_ID, QUANTITY)
VALUES (1807, 86, 47, 9);
INSERT INTO ORDER_ITEM (ID, ORDER_ID, PRODUCT_ID, QUANTITY)
VALUES (1808, 86, 23, 4);
INSERT INTO ORDER_ITEM (ID, ORDER_ID, PRODUCT_ID, QUANTITY)
VALUES (1809, 86, 60, 2);
INSERT INTO ORDER_ITEM (ID, ORDER_ID, PRODUCT_ID, QUANTITY)
VALUES (1810, 86, 52, 7);
INSERT INTO ORDER_ITEM (ID, ORDER_ID, PRODUCT_ID, QUANTITY)
VALUES (1811, 86, 58, 16);
-- ### ORDER 77
INSERT INTO PAYMENT_DETAIL(ID, AMOUNT, PROVIDER, PROVIDER_PAYMENT_UUID)
VALUES (87, 424.0, 'CRYPTO', '846578326');
INSERT INTO ORDERS (ID, CUST_ID, PAYMENT_ID, STATUS, AMOUNT, CREATED_ON, UPDATED_ON)
VALUES (87, 777, 87, 'DELIVERED', 424.0, LOCALTIMESTAMP, LOCALTIMESTAMP);
INSERT INTO ORDER_ITEM (ID, ORDER_ID, PRODUCT_ID, QUANTITY)
VALUES (1812, 87, 56, 8);
INSERT INTO ORDER_ITEM (ID, ORDER_ID, PRODUCT_ID, QUANTITY)
VALUES (1813, 87, 19, 7);
INSERT INTO ORDER_ITEM (ID, ORDER_ID, PRODUCT_ID, QUANTITY)
VALUES (1814, 87, 43, 11);
INSERT INTO ORDER_ITEM (ID, ORDER_ID, PRODUCT_ID, QUANTITY)
VALUES (1815, 87, 20, 15);
INSERT INTO ORDER_ITEM (ID, ORDER_ID, PRODUCT_ID, QUANTITY)
VALUES (1816, 87, 12, 1);
INSERT INTO ORDER_ITEM (ID, ORDER_ID, PRODUCT_ID, QUANTITY)
VALUES (1817, 87, 39, 4);
INSERT INTO ORDER_ITEM (ID, ORDER_ID, PRODUCT_ID, QUANTITY)
VALUES (1818, 87, 31, 3);
INSERT INTO ORDER_ITEM (ID, ORDER_ID, PRODUCT_ID, QUANTITY)
VALUES (1819, 87, 13, 12);
INSERT INTO ORDER_ITEM (ID, ORDER_ID, PRODUCT_ID, QUANTITY)
VALUES (1820, 87, 28, 10);
INSERT INTO ORDER_ITEM (ID, ORDER_ID, PRODUCT_ID, QUANTITY)
VALUES (1821, 87, 42, 6);
INSERT INTO ORDER_ITEM (ID, ORDER_ID, PRODUCT_ID, QUANTITY)
VALUES (1822, 87, 17, 18);
INSERT INTO ORDER_ITEM (ID, ORDER_ID, PRODUCT_ID, QUANTITY)
VALUES (1823, 87, 57, 7);
INSERT INTO ORDER_ITEM (ID, ORDER_ID, PRODUCT_ID, QUANTITY)
VALUES (1824, 87, 58, 18);
INSERT INTO ORDER_ITEM (ID, ORDER_ID, PRODUCT_ID, QUANTITY)
VALUES (1825, 87, 35, 13);
INSERT INTO ORDER_ITEM (ID, ORDER_ID, PRODUCT_ID, QUANTITY)
VALUES (1826, 87, 33, 9);
INSERT INTO ORDER_ITEM (ID, ORDER_ID, PRODUCT_ID, QUANTITY)
VALUES (1827, 87, 15, 2);
INSERT INTO ORDER_ITEM (ID, ORDER_ID, PRODUCT_ID, QUANTITY)
VALUES (1828, 87, 34, 20);
-- ### ORDER 78
INSERT INTO PAYMENT_DETAIL(ID, AMOUNT, PROVIDER, PROVIDER_PAYMENT_UUID)
VALUES (88, 2712.0, 'MASTERCARD', '820128702');
INSERT INTO ORDERS (ID, CUST_ID, PAYMENT_ID, STATUS, AMOUNT, CREATED_ON, UPDATED_ON)
VALUES (88, 777, 88, 'DELIVERED', 2712.0, LOCALTIMESTAMP, LOCALTIMESTAMP);
INSERT INTO ORDER_ITEM (ID, ORDER_ID, PRODUCT_ID, QUANTITY)
VALUES (1829, 88, 34, 20);
INSERT INTO ORDER_ITEM (ID, ORDER_ID, PRODUCT_ID, QUANTITY)
VALUES (1830, 88, 38, 0);
INSERT INTO ORDER_ITEM (ID, ORDER_ID, PRODUCT_ID, QUANTITY)
VALUES (1831, 88, 30, 0);
INSERT INTO ORDER_ITEM (ID, ORDER_ID, PRODUCT_ID, QUANTITY)
VALUES (1832, 88, 15, 6);
INSERT INTO ORDER_ITEM (ID, ORDER_ID, PRODUCT_ID, QUANTITY)
VALUES (1833, 88, 36, 18);
INSERT INTO ORDER_ITEM (ID, ORDER_ID, PRODUCT_ID, QUANTITY)
VALUES (1834, 88, 24, 8);
INSERT INTO ORDER_ITEM (ID, ORDER_ID, PRODUCT_ID, QUANTITY)
VALUES (1835, 88, 56, 1);
INSERT INTO ORDER_ITEM (ID, ORDER_ID, PRODUCT_ID, QUANTITY)
VALUES (1836, 88, 51, 19);
INSERT INTO ORDER_ITEM (ID, ORDER_ID, PRODUCT_ID, QUANTITY)
VALUES (1837, 88, 33, 18);
INSERT INTO ORDER_ITEM (ID, ORDER_ID, PRODUCT_ID, QUANTITY)
VALUES (1838, 88, 47, 16);
INSERT INTO ORDER_ITEM (ID, ORDER_ID, PRODUCT_ID, QUANTITY)
VALUES (1839, 88, 16, 12);
INSERT INTO ORDER_ITEM (ID, ORDER_ID, PRODUCT_ID, QUANTITY)
VALUES (1840, 88, 37, 0);
INSERT INTO ORDER_ITEM (ID, ORDER_ID, PRODUCT_ID, QUANTITY)
VALUES (1841, 88, 35, 18);
INSERT INTO ORDER_ITEM (ID, ORDER_ID, PRODUCT_ID, QUANTITY)
VALUES (1842, 88, 44, 0);
INSERT INTO ORDER_ITEM (ID, ORDER_ID, PRODUCT_ID, QUANTITY)
VALUES (1843, 88, 58, 2);
INSERT INTO ORDER_ITEM (ID, ORDER_ID, PRODUCT_ID, QUANTITY)
VALUES (1844, 88, 21, 16);
INSERT INTO ORDER_ITEM (ID, ORDER_ID, PRODUCT_ID, QUANTITY)
VALUES (1845, 88, 27, 9);
INSERT INTO ORDER_ITEM (ID, ORDER_ID, PRODUCT_ID, QUANTITY)
VALUES (1846, 88, 46, 7);
INSERT INTO ORDER_ITEM (ID, ORDER_ID, PRODUCT_ID, QUANTITY)
VALUES (1847, 88, 19, 14);
INSERT INTO ORDER_ITEM (ID, ORDER_ID, PRODUCT_ID, QUANTITY)
VALUES (1848, 88, 45, 14);
INSERT INTO ORDER_ITEM (ID, ORDER_ID, PRODUCT_ID, QUANTITY)
VALUES (1849, 88, 41, 18);
INSERT INTO ORDER_ITEM (ID, ORDER_ID, PRODUCT_ID, QUANTITY)
VALUES (1850, 88, 29, 17);
INSERT INTO ORDER_ITEM (ID, ORDER_ID, PRODUCT_ID, QUANTITY)
VALUES (1851, 88, 39, 19);
INSERT INTO ORDER_ITEM (ID, ORDER_ID, PRODUCT_ID, QUANTITY)
VALUES (1852, 88, 13, 20);
INSERT INTO ORDER_ITEM (ID, ORDER_ID, PRODUCT_ID, QUANTITY)
VALUES (1853, 88, 42, 12);
INSERT INTO ORDER_ITEM (ID, ORDER_ID, PRODUCT_ID, QUANTITY)
VALUES (1854, 88, 50, 19);
INSERT INTO ORDER_ITEM (ID, ORDER_ID, PRODUCT_ID, QUANTITY)
VALUES (1855, 88, 55, 14);
-- ### ORDER 79
INSERT INTO PAYMENT_DETAIL(ID, AMOUNT, PROVIDER, PROVIDER_PAYMENT_UUID)
VALUES (89, 3724.0, 'VISA', '462645904');
INSERT INTO ORDERS (ID, CUST_ID, PAYMENT_ID, STATUS, AMOUNT, CREATED_ON, UPDATED_ON)
VALUES (89, 777, 89, 'DELIVERED', 3724.0, LOCALTIMESTAMP, LOCALTIMESTAMP);
INSERT INTO ORDER_ITEM (ID, ORDER_ID, PRODUCT_ID, QUANTITY)
VALUES (1856, 89, 37, 6);
INSERT INTO ORDER_ITEM (ID, ORDER_ID, PRODUCT_ID, QUANTITY)
VALUES (1857, 89, 16, 9);
INSERT INTO ORDER_ITEM (ID, ORDER_ID, PRODUCT_ID, QUANTITY)
VALUES (1858, 89, 27, 2);
INSERT INTO ORDER_ITEM (ID, ORDER_ID, PRODUCT_ID, QUANTITY)
VALUES (1859, 89, 25, 10);
-- ### ORDER 80
INSERT INTO PAYMENT_DETAIL(ID, AMOUNT, PROVIDER, PROVIDER_PAYMENT_UUID)
VALUES (90, 991.0, 'CRYPTO', '994970753');
INSERT INTO ORDERS (ID, CUST_ID, PAYMENT_ID, STATUS, AMOUNT, CREATED_ON, UPDATED_ON)
VALUES (90, 777, 90, 'DELIVERED', 991.0, LOCALTIMESTAMP, LOCALTIMESTAMP);
INSERT INTO ORDER_ITEM (ID, ORDER_ID, PRODUCT_ID, QUANTITY)
VALUES (1860, 90, 42, 6);
INSERT INTO ORDER_ITEM (ID, ORDER_ID, PRODUCT_ID, QUANTITY)
VALUES (1861, 90, 36, 10);
INSERT INTO ORDER_ITEM (ID, ORDER_ID, PRODUCT_ID, QUANTITY)
VALUES (1862, 90, 19, 12);
INSERT INTO ORDER_ITEM (ID, ORDER_ID, PRODUCT_ID, QUANTITY)
VALUES (1863, 90, 12, 5);
INSERT INTO ORDER_ITEM (ID, ORDER_ID, PRODUCT_ID, QUANTITY)
VALUES (1864, 90, 11, 3);
INSERT INTO ORDER_ITEM (ID, ORDER_ID, PRODUCT_ID, QUANTITY)
VALUES (1865, 90, 45, 14);
INSERT INTO ORDER_ITEM (ID, ORDER_ID, PRODUCT_ID, QUANTITY)
VALUES (1866, 90, 21, 2);
INSERT INTO ORDER_ITEM (ID, ORDER_ID, PRODUCT_ID, QUANTITY)
VALUES (1867, 90, 16, 9);
INSERT INTO ORDER_ITEM (ID, ORDER_ID, PRODUCT_ID, QUANTITY)
VALUES (1868, 90, 49, 5);
INSERT INTO ORDER_ITEM (ID, ORDER_ID, PRODUCT_ID, QUANTITY)
VALUES (1869, 90, 56, 13);
INSERT INTO ORDER_ITEM (ID, ORDER_ID, PRODUCT_ID, QUANTITY)
VALUES (1870, 90, 57, 19);
INSERT INTO ORDER_ITEM (ID, ORDER_ID, PRODUCT_ID, QUANTITY)
VALUES (1871, 90, 35, 2);
INSERT INTO ORDER_ITEM (ID, ORDER_ID, PRODUCT_ID, QUANTITY)
VALUES (1872, 90, 30, 3);
INSERT INTO ORDER_ITEM (ID, ORDER_ID, PRODUCT_ID, QUANTITY)
VALUES (1873, 90, 40, 14);
INSERT INTO ORDER_ITEM (ID, ORDER_ID, PRODUCT_ID, QUANTITY)
VALUES (1874, 90, 18, 17);
INSERT INTO ORDER_ITEM (ID, ORDER_ID, PRODUCT_ID, QUANTITY)
VALUES (1875, 90, 48, 16);
INSERT INTO ORDER_ITEM (ID, ORDER_ID, PRODUCT_ID, QUANTITY)
VALUES (1876, 90, 22, 2);
INSERT INTO ORDER_ITEM (ID, ORDER_ID, PRODUCT_ID, QUANTITY)
VALUES (1877, 90, 23, 11);
INSERT INTO ORDER_ITEM (ID, ORDER_ID, PRODUCT_ID, QUANTITY)
VALUES (1878, 90, 51, 0);
INSERT INTO ORDER_ITEM (ID, ORDER_ID, PRODUCT_ID, QUANTITY)
VALUES (1879, 90, 25, 7);
INSERT INTO ORDER_ITEM (ID, ORDER_ID, PRODUCT_ID, QUANTITY)
VALUES (1880, 90, 59, 13);
INSERT INTO ORDER_ITEM (ID, ORDER_ID, PRODUCT_ID, QUANTITY)
VALUES (1881, 90, 50, 13);
INSERT INTO ORDER_ITEM (ID, ORDER_ID, PRODUCT_ID, QUANTITY)
VALUES (1882, 90, 33, 18);
INSERT INTO ORDER_ITEM (ID, ORDER_ID, PRODUCT_ID, QUANTITY)
VALUES (1883, 90, 28, 2);
INSERT INTO ORDER_ITEM (ID, ORDER_ID, PRODUCT_ID, QUANTITY)
VALUES (1884, 90, 37, 20);
INSERT INTO ORDER_ITEM (ID, ORDER_ID, PRODUCT_ID, QUANTITY)
VALUES (1885, 90, 15, 12);
INSERT INTO ORDER_ITEM (ID, ORDER_ID, PRODUCT_ID, QUANTITY)
VALUES (1886, 90, 54, 4);
INSERT INTO ORDER_ITEM (ID, ORDER_ID, PRODUCT_ID, QUANTITY)
VALUES (1887, 90, 58, 5);
INSERT INTO ORDER_ITEM (ID, ORDER_ID, PRODUCT_ID, QUANTITY)
VALUES (1888, 90, 17, 6);
INSERT INTO ORDER_ITEM (ID, ORDER_ID, PRODUCT_ID, QUANTITY)
VALUES (1889, 90, 20, 10);
INSERT INTO ORDER_ITEM (ID, ORDER_ID, PRODUCT_ID, QUANTITY)
VALUES (1890, 90, 53, 13);
INSERT INTO ORDER_ITEM (ID, ORDER_ID, PRODUCT_ID, QUANTITY)
VALUES (1891, 90, 31, 11);
INSERT INTO ORDER_ITEM (ID, ORDER_ID, PRODUCT_ID, QUANTITY)
VALUES (1892, 90, 52, 16);
INSERT INTO ORDER_ITEM (ID, ORDER_ID, PRODUCT_ID, QUANTITY)
VALUES (1893, 90, 34, 13);
-- ### ORDER 81
INSERT INTO PAYMENT_DETAIL(ID, AMOUNT, PROVIDER, PROVIDER_PAYMENT_UUID)
VALUES (91, 3820.0, 'MASTERCARD', '984743404');
INSERT INTO ORDERS (ID, CUST_ID, PAYMENT_ID, STATUS, AMOUNT, CREATED_ON, UPDATED_ON)
VALUES (91, 777, 91, 'DELIVERED', 3820.0, LOCALTIMESTAMP, LOCALTIMESTAMP);
INSERT INTO ORDER_ITEM (ID, ORDER_ID, PRODUCT_ID, QUANTITY)
VALUES (1894, 91, 11, 14);
INSERT INTO ORDER_ITEM (ID, ORDER_ID, PRODUCT_ID, QUANTITY)
VALUES (1895, 91, 19, 19);
INSERT INTO ORDER_ITEM (ID, ORDER_ID, PRODUCT_ID, QUANTITY)
VALUES (1896, 91, 15, 13);
INSERT INTO ORDER_ITEM (ID, ORDER_ID, PRODUCT_ID, QUANTITY)
VALUES (1897, 91, 56, 6);
INSERT INTO ORDER_ITEM (ID, ORDER_ID, PRODUCT_ID, QUANTITY)
VALUES (1898, 91, 41, 11);
INSERT INTO ORDER_ITEM (ID, ORDER_ID, PRODUCT_ID, QUANTITY)
VALUES (1899, 91, 36, 0);
INSERT INTO ORDER_ITEM (ID, ORDER_ID, PRODUCT_ID, QUANTITY)
VALUES (1900, 91, 25, 4);
INSERT INTO ORDER_ITEM (ID, ORDER_ID, PRODUCT_ID, QUANTITY)
VALUES (1901, 91, 45, 3);
INSERT INTO ORDER_ITEM (ID, ORDER_ID, PRODUCT_ID, QUANTITY)
VALUES (1902, 91, 49, 19);
INSERT INTO ORDER_ITEM (ID, ORDER_ID, PRODUCT_ID, QUANTITY)
VALUES (1903, 91, 34, 9);
INSERT INTO ORDER_ITEM (ID, ORDER_ID, PRODUCT_ID, QUANTITY)
VALUES (1904, 91, 50, 10);
INSERT INTO ORDER_ITEM (ID, ORDER_ID, PRODUCT_ID, QUANTITY)
VALUES (1905, 91, 53, 5);
INSERT INTO ORDER_ITEM (ID, ORDER_ID, PRODUCT_ID, QUANTITY)
VALUES (1906, 91, 57, 19);
INSERT INTO ORDER_ITEM (ID, ORDER_ID, PRODUCT_ID, QUANTITY)
VALUES (1907, 91, 22, 3);
INSERT INTO ORDER_ITEM (ID, ORDER_ID, PRODUCT_ID, QUANTITY)
VALUES (1908, 91, 58, 17);
INSERT INTO ORDER_ITEM (ID, ORDER_ID, PRODUCT_ID, QUANTITY)
VALUES (1909, 91, 31, 18);
INSERT INTO ORDER_ITEM (ID, ORDER_ID, PRODUCT_ID, QUANTITY)
VALUES (1910, 91, 17, 2);
INSERT INTO ORDER_ITEM (ID, ORDER_ID, PRODUCT_ID, QUANTITY)
VALUES (1911, 91, 13, 12);
INSERT INTO ORDER_ITEM (ID, ORDER_ID, PRODUCT_ID, QUANTITY)
VALUES (1912, 91, 28, 4);
INSERT INTO ORDER_ITEM (ID, ORDER_ID, PRODUCT_ID, QUANTITY)
VALUES (1913, 91, 16, 14);
INSERT INTO ORDER_ITEM (ID, ORDER_ID, PRODUCT_ID, QUANTITY)
VALUES (1914, 91, 48, 15);
INSERT INTO ORDER_ITEM (ID, ORDER_ID, PRODUCT_ID, QUANTITY)
VALUES (1915, 91, 38, 10);
INSERT INTO ORDER_ITEM (ID, ORDER_ID, PRODUCT_ID, QUANTITY)
VALUES (1916, 91, 60, 0);
INSERT INTO ORDER_ITEM (ID, ORDER_ID, PRODUCT_ID, QUANTITY)
VALUES (1917, 91, 43, 0);
INSERT INTO ORDER_ITEM (ID, ORDER_ID, PRODUCT_ID, QUANTITY)
VALUES (1918, 91, 37, 4);
INSERT INTO ORDER_ITEM (ID, ORDER_ID, PRODUCT_ID, QUANTITY)
VALUES (1919, 91, 33, 10);
INSERT INTO ORDER_ITEM (ID, ORDER_ID, PRODUCT_ID, QUANTITY)
VALUES (1920, 91, 51, 20);
INSERT INTO ORDER_ITEM (ID, ORDER_ID, PRODUCT_ID, QUANTITY)
VALUES (1921, 91, 59, 3);
INSERT INTO ORDER_ITEM (ID, ORDER_ID, PRODUCT_ID, QUANTITY)
VALUES (1922, 91, 23, 1);
-- ### ORDER 82
INSERT INTO PAYMENT_DETAIL(ID, AMOUNT, PROVIDER, PROVIDER_PAYMENT_UUID)
VALUES (92, 850.0, 'ICARD', '701957802');
INSERT INTO ORDERS (ID, CUST_ID, PAYMENT_ID, STATUS, AMOUNT, CREATED_ON, UPDATED_ON)
VALUES (92, 777, 92, 'DELIVERED', 850.0, LOCALTIMESTAMP, LOCALTIMESTAMP);
INSERT INTO ORDER_ITEM (ID, ORDER_ID, PRODUCT_ID, QUANTITY)
VALUES (1923, 92, 42, 11);
INSERT INTO ORDER_ITEM (ID, ORDER_ID, PRODUCT_ID, QUANTITY)
VALUES (1924, 92, 23, 12);
INSERT INTO ORDER_ITEM (ID, ORDER_ID, PRODUCT_ID, QUANTITY)
VALUES (1925, 92, 30, 19);
INSERT INTO ORDER_ITEM (ID, ORDER_ID, PRODUCT_ID, QUANTITY)
VALUES (1926, 92, 22, 13);
-- ### ORDER 83
INSERT INTO PAYMENT_DETAIL(ID, AMOUNT, PROVIDER, PROVIDER_PAYMENT_UUID)
VALUES (93, 2719.0, 'MASTERCARD', '478364959');
INSERT INTO ORDERS (ID, CUST_ID, PAYMENT_ID, STATUS, AMOUNT, CREATED_ON, UPDATED_ON)
VALUES (93, 777, 93, 'DELIVERED', 2719.0, LOCALTIMESTAMP, LOCALTIMESTAMP);
INSERT INTO ORDER_ITEM (ID, ORDER_ID, PRODUCT_ID, QUANTITY)
VALUES (1927, 93, 29, 9);
INSERT INTO ORDER_ITEM (ID, ORDER_ID, PRODUCT_ID, QUANTITY)
VALUES (1928, 93, 50, 0);
INSERT INTO ORDER_ITEM (ID, ORDER_ID, PRODUCT_ID, QUANTITY)
VALUES (1929, 93, 39, 11);
INSERT INTO ORDER_ITEM (ID, ORDER_ID, PRODUCT_ID, QUANTITY)
VALUES (1930, 93, 20, 15);
INSERT INTO ORDER_ITEM (ID, ORDER_ID, PRODUCT_ID, QUANTITY)
VALUES (1931, 93, 16, 17);
INSERT INTO ORDER_ITEM (ID, ORDER_ID, PRODUCT_ID, QUANTITY)
VALUES (1932, 93, 36, 6);
INSERT INTO ORDER_ITEM (ID, ORDER_ID, PRODUCT_ID, QUANTITY)
VALUES (1933, 93, 12, 5);
INSERT INTO ORDER_ITEM (ID, ORDER_ID, PRODUCT_ID, QUANTITY)
VALUES (1934, 93, 25, 8);
INSERT INTO ORDER_ITEM (ID, ORDER_ID, PRODUCT_ID, QUANTITY)
VALUES (1935, 93, 23, 4);
INSERT INTO ORDER_ITEM (ID, ORDER_ID, PRODUCT_ID, QUANTITY)
VALUES (1936, 93, 42, 11);
INSERT INTO ORDER_ITEM (ID, ORDER_ID, PRODUCT_ID, QUANTITY)
VALUES (1937, 93, 27, 17);
INSERT INTO ORDER_ITEM (ID, ORDER_ID, PRODUCT_ID, QUANTITY)
VALUES (1938, 93, 51, 8);
INSERT INTO ORDER_ITEM (ID, ORDER_ID, PRODUCT_ID, QUANTITY)
VALUES (1939, 93, 14, 20);
INSERT INTO ORDER_ITEM (ID, ORDER_ID, PRODUCT_ID, QUANTITY)
VALUES (1940, 93, 44, 13);
INSERT INTO ORDER_ITEM (ID, ORDER_ID, PRODUCT_ID, QUANTITY)
VALUES (1941, 93, 49, 7);
INSERT INTO ORDER_ITEM (ID, ORDER_ID, PRODUCT_ID, QUANTITY)
VALUES (1942, 93, 34, 6);
INSERT INTO ORDER_ITEM (ID, ORDER_ID, PRODUCT_ID, QUANTITY)
VALUES (1943, 93, 46, 14);
INSERT INTO ORDER_ITEM (ID, ORDER_ID, PRODUCT_ID, QUANTITY)
VALUES (1944, 93, 21, 0);
INSERT INTO ORDER_ITEM (ID, ORDER_ID, PRODUCT_ID, QUANTITY)
VALUES (1945, 93, 28, 4);
INSERT INTO ORDER_ITEM (ID, ORDER_ID, PRODUCT_ID, QUANTITY)
VALUES (1946, 93, 15, 9);
INSERT INTO ORDER_ITEM (ID, ORDER_ID, PRODUCT_ID, QUANTITY)
VALUES (1947, 93, 43, 6);
-- ### ORDER 84
INSERT INTO PAYMENT_DETAIL(ID, AMOUNT, PROVIDER, PROVIDER_PAYMENT_UUID)
VALUES (94, 4189.0, 'PAYPAL', '628016777');
INSERT INTO ORDERS (ID, CUST_ID, PAYMENT_ID, STATUS, AMOUNT, CREATED_ON, UPDATED_ON)
VALUES (94, 777, 94, 'DELIVERED', 4189.0, LOCALTIMESTAMP, LOCALTIMESTAMP);
INSERT INTO ORDER_ITEM (ID, ORDER_ID, PRODUCT_ID, QUANTITY)
VALUES (1948, 94, 59, 0);
INSERT INTO ORDER_ITEM (ID, ORDER_ID, PRODUCT_ID, QUANTITY)
VALUES (1949, 94, 55, 17);
INSERT INTO ORDER_ITEM (ID, ORDER_ID, PRODUCT_ID, QUANTITY)
VALUES (1950, 94, 42, 0);
INSERT INTO ORDER_ITEM (ID, ORDER_ID, PRODUCT_ID, QUANTITY)
VALUES (1951, 94, 19, 17);
INSERT INTO ORDER_ITEM (ID, ORDER_ID, PRODUCT_ID, QUANTITY)
VALUES (1952, 94, 30, 3);
INSERT INTO ORDER_ITEM (ID, ORDER_ID, PRODUCT_ID, QUANTITY)
VALUES (1953, 94, 28, 9);
INSERT INTO ORDER_ITEM (ID, ORDER_ID, PRODUCT_ID, QUANTITY)
VALUES (1954, 94, 44, 14);
INSERT INTO ORDER_ITEM (ID, ORDER_ID, PRODUCT_ID, QUANTITY)
VALUES (1955, 94, 29, 0);
INSERT INTO ORDER_ITEM (ID, ORDER_ID, PRODUCT_ID, QUANTITY)
VALUES (1956, 94, 22, 9);
INSERT INTO ORDER_ITEM (ID, ORDER_ID, PRODUCT_ID, QUANTITY)
VALUES (1957, 94, 58, 1);
INSERT INTO ORDER_ITEM (ID, ORDER_ID, PRODUCT_ID, QUANTITY)
VALUES (1958, 94, 50, 9);
INSERT INTO ORDER_ITEM (ID, ORDER_ID, PRODUCT_ID, QUANTITY)
VALUES (1959, 94, 25, 13);
INSERT INTO ORDER_ITEM (ID, ORDER_ID, PRODUCT_ID, QUANTITY)
VALUES (1960, 94, 45, 15);
INSERT INTO ORDER_ITEM (ID, ORDER_ID, PRODUCT_ID, QUANTITY)
VALUES (1961, 94, 46, 0);
INSERT INTO ORDER_ITEM (ID, ORDER_ID, PRODUCT_ID, QUANTITY)
VALUES (1962, 94, 26, 17);
INSERT INTO ORDER_ITEM (ID, ORDER_ID, PRODUCT_ID, QUANTITY)
VALUES (1963, 94, 60, 2);
INSERT INTO ORDER_ITEM (ID, ORDER_ID, PRODUCT_ID, QUANTITY)
VALUES (1964, 94, 57, 17);
INSERT INTO ORDER_ITEM (ID, ORDER_ID, PRODUCT_ID, QUANTITY)
VALUES (1965, 94, 16, 13);
INSERT INTO ORDER_ITEM (ID, ORDER_ID, PRODUCT_ID, QUANTITY)
VALUES (1966, 94, 14, 19);
INSERT INTO ORDER_ITEM (ID, ORDER_ID, PRODUCT_ID, QUANTITY)
VALUES (1967, 94, 49, 17);
-- ### ORDER 85
INSERT INTO PAYMENT_DETAIL(ID, AMOUNT, PROVIDER, PROVIDER_PAYMENT_UUID)
VALUES (95, 36.0, 'CRYPTO', '183296096');
INSERT INTO ORDERS (ID, CUST_ID, PAYMENT_ID, STATUS, AMOUNT, CREATED_ON, UPDATED_ON)
VALUES (95, 777, 95, 'DELIVERED', 36.0, LOCALTIMESTAMP, LOCALTIMESTAMP);
INSERT INTO ORDER_ITEM (ID, ORDER_ID, PRODUCT_ID, QUANTITY)
VALUES (1968, 95, 17, 11);
INSERT INTO ORDER_ITEM (ID, ORDER_ID, PRODUCT_ID, QUANTITY)
VALUES (1969, 95, 35, 8);
INSERT INTO ORDER_ITEM (ID, ORDER_ID, PRODUCT_ID, QUANTITY)
VALUES (1970, 95, 37, 0);
INSERT INTO ORDER_ITEM (ID, ORDER_ID, PRODUCT_ID, QUANTITY)
VALUES (1971, 95, 16, 2);
INSERT INTO ORDER_ITEM (ID, ORDER_ID, PRODUCT_ID, QUANTITY)
VALUES (1972, 95, 11, 14);
INSERT INTO ORDER_ITEM (ID, ORDER_ID, PRODUCT_ID, QUANTITY)
VALUES (1973, 95, 34, 20);
INSERT INTO ORDER_ITEM (ID, ORDER_ID, PRODUCT_ID, QUANTITY)
VALUES (1974, 95, 57, 3);
INSERT INTO ORDER_ITEM (ID, ORDER_ID, PRODUCT_ID, QUANTITY)
VALUES (1975, 95, 22, 18);
INSERT INTO ORDER_ITEM (ID, ORDER_ID, PRODUCT_ID, QUANTITY)
VALUES (1976, 95, 48, 0);
INSERT INTO ORDER_ITEM (ID, ORDER_ID, PRODUCT_ID, QUANTITY)
VALUES (1977, 95, 55, 20);
INSERT INTO ORDER_ITEM (ID, ORDER_ID, PRODUCT_ID, QUANTITY)
VALUES (1978, 95, 26, 2);
INSERT INTO ORDER_ITEM (ID, ORDER_ID, PRODUCT_ID, QUANTITY)
VALUES (1979, 95, 15, 17);
INSERT INTO ORDER_ITEM (ID, ORDER_ID, PRODUCT_ID, QUANTITY)
VALUES (1980, 95, 25, 3);
INSERT INTO ORDER_ITEM (ID, ORDER_ID, PRODUCT_ID, QUANTITY)
VALUES (1981, 95, 29, 12);
INSERT INTO ORDER_ITEM (ID, ORDER_ID, PRODUCT_ID, QUANTITY)
VALUES (1982, 95, 46, 19);
INSERT INTO ORDER_ITEM (ID, ORDER_ID, PRODUCT_ID, QUANTITY)
VALUES (1983, 95, 32, 7);
-- ### ORDER 86
INSERT INTO PAYMENT_DETAIL(ID, AMOUNT, PROVIDER, PROVIDER_PAYMENT_UUID)
VALUES (96, 3964.0, 'VISA', '645985148');
INSERT INTO ORDERS (ID, CUST_ID, PAYMENT_ID, STATUS, AMOUNT, CREATED_ON, UPDATED_ON)
VALUES (96, 777, 96, 'DELIVERED', 3964.0, LOCALTIMESTAMP, LOCALTIMESTAMP);
INSERT INTO ORDER_ITEM (ID, ORDER_ID, PRODUCT_ID, QUANTITY)
VALUES (1984, 96, 56, 4);
INSERT INTO ORDER_ITEM (ID, ORDER_ID, PRODUCT_ID, QUANTITY)
VALUES (1985, 96, 58, 15);
INSERT INTO ORDER_ITEM (ID, ORDER_ID, PRODUCT_ID, QUANTITY)
VALUES (1986, 96, 45, 12);
INSERT INTO ORDER_ITEM (ID, ORDER_ID, PRODUCT_ID, QUANTITY)
VALUES (1987, 96, 28, 14);
INSERT INTO ORDER_ITEM (ID, ORDER_ID, PRODUCT_ID, QUANTITY)
VALUES (1988, 96, 25, 7);
INSERT INTO ORDER_ITEM (ID, ORDER_ID, PRODUCT_ID, QUANTITY)
VALUES (1989, 96, 32, 8);
-- ### ORDER 87
INSERT INTO PAYMENT_DETAIL(ID, AMOUNT, PROVIDER, PROVIDER_PAYMENT_UUID)
VALUES (97, 2550.0, 'ICARD', '925487458');
INSERT INTO ORDERS (ID, CUST_ID, PAYMENT_ID, STATUS, AMOUNT, CREATED_ON, UPDATED_ON)
VALUES (97, 777, 97, 'DELIVERED', 2550.0, LOCALTIMESTAMP, LOCALTIMESTAMP);
-- ### ORDER 88
INSERT INTO PAYMENT_DETAIL(ID, AMOUNT, PROVIDER, PROVIDER_PAYMENT_UUID)
VALUES (98, 1407.0, 'MASTERCARD', '439027730');
INSERT INTO ORDERS (ID, CUST_ID, PAYMENT_ID, STATUS, AMOUNT, CREATED_ON, UPDATED_ON)
VALUES (98, 777, 98, 'DELIVERED', 1407.0, LOCALTIMESTAMP, LOCALTIMESTAMP);
INSERT INTO ORDER_ITEM (ID, ORDER_ID, PRODUCT_ID, QUANTITY)
VALUES (1990, 98, 17, 3);
INSERT INTO ORDER_ITEM (ID, ORDER_ID, PRODUCT_ID, QUANTITY)
VALUES (1991, 98, 19, 9);
INSERT INTO ORDER_ITEM (ID, ORDER_ID, PRODUCT_ID, QUANTITY)
VALUES (1992, 98, 59, 7);
INSERT INTO ORDER_ITEM (ID, ORDER_ID, PRODUCT_ID, QUANTITY)
VALUES (1993, 98, 34, 2);
INSERT INTO ORDER_ITEM (ID, ORDER_ID, PRODUCT_ID, QUANTITY)
VALUES (1994, 98, 23, 19);
INSERT INTO ORDER_ITEM (ID, ORDER_ID, PRODUCT_ID, QUANTITY)
VALUES (1995, 98, 26, 3);
INSERT INTO ORDER_ITEM (ID, ORDER_ID, PRODUCT_ID, QUANTITY)
VALUES (1996, 98, 51, 19);
INSERT INTO ORDER_ITEM (ID, ORDER_ID, PRODUCT_ID, QUANTITY)
VALUES (1997, 98, 21, 16);
INSERT INTO ORDER_ITEM (ID, ORDER_ID, PRODUCT_ID, QUANTITY)
VALUES (1998, 98, 29, 2);
INSERT INTO ORDER_ITEM (ID, ORDER_ID, PRODUCT_ID, QUANTITY)
VALUES (1999, 98, 37, 10);
INSERT INTO ORDER_ITEM (ID, ORDER_ID, PRODUCT_ID, QUANTITY)
VALUES (2000, 98, 25, 14);
INSERT INTO ORDER_ITEM (ID, ORDER_ID, PRODUCT_ID, QUANTITY)
VALUES (2001, 98, 49, 10);
INSERT INTO ORDER_ITEM (ID, ORDER_ID, PRODUCT_ID, QUANTITY)
VALUES (2002, 98, 48, 15);
INSERT INTO ORDER_ITEM (ID, ORDER_ID, PRODUCT_ID, QUANTITY)
VALUES (2003, 98, 36, 1);
INSERT INTO ORDER_ITEM (ID, ORDER_ID, PRODUCT_ID, QUANTITY)
VALUES (2004, 98, 15, 1);
INSERT INTO ORDER_ITEM (ID, ORDER_ID, PRODUCT_ID, QUANTITY)
VALUES (2005, 98, 31, 13);
INSERT INTO ORDER_ITEM (ID, ORDER_ID, PRODUCT_ID, QUANTITY)
VALUES (2006, 98, 54, 15);
INSERT INTO ORDER_ITEM (ID, ORDER_ID, PRODUCT_ID, QUANTITY)
VALUES (2007, 98, 14, 13);
INSERT INTO ORDER_ITEM (ID, ORDER_ID, PRODUCT_ID, QUANTITY)
VALUES (2008, 98, 53, 17);
INSERT INTO ORDER_ITEM (ID, ORDER_ID, PRODUCT_ID, QUANTITY)
VALUES (2009, 98, 22, 5);
INSERT INTO ORDER_ITEM (ID, ORDER_ID, PRODUCT_ID, QUANTITY)
VALUES (2010, 98, 30, 20);
INSERT INTO ORDER_ITEM (ID, ORDER_ID, PRODUCT_ID, QUANTITY)
VALUES (2011, 98, 44, 11);
INSERT INTO ORDER_ITEM (ID, ORDER_ID, PRODUCT_ID, QUANTITY)
VALUES (2012, 98, 20, 0);
INSERT INTO ORDER_ITEM (ID, ORDER_ID, PRODUCT_ID, QUANTITY)
VALUES (2013, 98, 47, 17);
INSERT INTO ORDER_ITEM (ID, ORDER_ID, PRODUCT_ID, QUANTITY)
VALUES (2014, 98, 52, 16);
INSERT INTO ORDER_ITEM (ID, ORDER_ID, PRODUCT_ID, QUANTITY)
VALUES (2015, 98, 42, 11);
INSERT INTO ORDER_ITEM (ID, ORDER_ID, PRODUCT_ID, QUANTITY)
VALUES (2016, 98, 41, 8);
INSERT INTO ORDER_ITEM (ID, ORDER_ID, PRODUCT_ID, QUANTITY)
VALUES (2017, 98, 32, 8);
INSERT INTO ORDER_ITEM (ID, ORDER_ID, PRODUCT_ID, QUANTITY)
VALUES (2018, 98, 58, 19);
INSERT INTO ORDER_ITEM (ID, ORDER_ID, PRODUCT_ID, QUANTITY)
VALUES (2019, 98, 11, 6);
INSERT INTO ORDER_ITEM (ID, ORDER_ID, PRODUCT_ID, QUANTITY)
VALUES (2020, 98, 12, 5);
INSERT INTO ORDER_ITEM (ID, ORDER_ID, PRODUCT_ID, QUANTITY)
VALUES (2021, 98, 33, 15);
INSERT INTO ORDER_ITEM (ID, ORDER_ID, PRODUCT_ID, QUANTITY)
VALUES (2022, 98, 18, 12);
INSERT INTO ORDER_ITEM (ID, ORDER_ID, PRODUCT_ID, QUANTITY)
VALUES (2023, 98, 35, 8);
INSERT INTO ORDER_ITEM (ID, ORDER_ID, PRODUCT_ID, QUANTITY)
VALUES (2024, 98, 39, 20);
INSERT INTO ORDER_ITEM (ID, ORDER_ID, PRODUCT_ID, QUANTITY)
VALUES (2025, 98, 28, 10);
INSERT INTO ORDER_ITEM (ID, ORDER_ID, PRODUCT_ID, QUANTITY)
VALUES (2026, 98, 24, 9);
INSERT INTO ORDER_ITEM (ID, ORDER_ID, PRODUCT_ID, QUANTITY)
VALUES (2027, 98, 56, 0);
INSERT INTO ORDER_ITEM (ID, ORDER_ID, PRODUCT_ID, QUANTITY)
VALUES (2028, 98, 40, 6);
INSERT INTO ORDER_ITEM (ID, ORDER_ID, PRODUCT_ID, QUANTITY)
VALUES (2029, 98, 43, 13);
INSERT INTO ORDER_ITEM (ID, ORDER_ID, PRODUCT_ID, QUANTITY)
VALUES (2030, 98, 57, 13);
INSERT INTO ORDER_ITEM (ID, ORDER_ID, PRODUCT_ID, QUANTITY)
VALUES (2031, 98, 60, 1);
INSERT INTO ORDER_ITEM (ID, ORDER_ID, PRODUCT_ID, QUANTITY)
VALUES (2032, 98, 27, 9);
INSERT INTO ORDER_ITEM (ID, ORDER_ID, PRODUCT_ID, QUANTITY)
VALUES (2033, 98, 45, 2);
INSERT INTO ORDER_ITEM (ID, ORDER_ID, PRODUCT_ID, QUANTITY)
VALUES (2034, 98, 38, 2);
-- ### ORDER 89
INSERT INTO PAYMENT_DETAIL(ID, AMOUNT, PROVIDER, PROVIDER_PAYMENT_UUID)
VALUES (99, 1181.0, 'MASTERCARD', '320954125');
INSERT INTO ORDERS (ID, CUST_ID, PAYMENT_ID, STATUS, AMOUNT, CREATED_ON, UPDATED_ON)
VALUES (99, 777, 99, 'DELIVERED', 1181.0, LOCALTIMESTAMP, LOCALTIMESTAMP);
INSERT INTO ORDER_ITEM (ID, ORDER_ID, PRODUCT_ID, QUANTITY)
VALUES (2035, 99, 41, 1);
INSERT INTO ORDER_ITEM (ID, ORDER_ID, PRODUCT_ID, QUANTITY)
VALUES (2036, 99, 19, 7);
INSERT INTO ORDER_ITEM (ID, ORDER_ID, PRODUCT_ID, QUANTITY)
VALUES (2037, 99, 59, 7);
INSERT INTO ORDER_ITEM (ID, ORDER_ID, PRODUCT_ID, QUANTITY)
VALUES (2038, 99, 38, 5);
INSERT INTO ORDER_ITEM (ID, ORDER_ID, PRODUCT_ID, QUANTITY)
VALUES (2039, 99, 45, 20);
INSERT INTO ORDER_ITEM (ID, ORDER_ID, PRODUCT_ID, QUANTITY)
VALUES (2040, 99, 15, 8);
INSERT INTO ORDER_ITEM (ID, ORDER_ID, PRODUCT_ID, QUANTITY)
VALUES (2041, 99, 47, 2);
INSERT INTO ORDER_ITEM (ID, ORDER_ID, PRODUCT_ID, QUANTITY)
VALUES (2042, 99, 49, 18);
INSERT INTO ORDER_ITEM (ID, ORDER_ID, PRODUCT_ID, QUANTITY)
VALUES (2043, 99, 18, 4);
INSERT INTO ORDER_ITEM (ID, ORDER_ID, PRODUCT_ID, QUANTITY)
VALUES (2044, 99, 42, 12);
INSERT INTO ORDER_ITEM (ID, ORDER_ID, PRODUCT_ID, QUANTITY)
VALUES (2045, 99, 33, 7);
INSERT INTO ORDER_ITEM (ID, ORDER_ID, PRODUCT_ID, QUANTITY)
VALUES (2046, 99, 25, 8);
INSERT INTO ORDER_ITEM (ID, ORDER_ID, PRODUCT_ID, QUANTITY)
VALUES (2047, 99, 36, 18);
INSERT INTO ORDER_ITEM (ID, ORDER_ID, PRODUCT_ID, QUANTITY)
VALUES (2048, 99, 16, 10);
INSERT INTO ORDER_ITEM (ID, ORDER_ID, PRODUCT_ID, QUANTITY)
VALUES (2049, 99, 28, 17);
INSERT INTO ORDER_ITEM (ID, ORDER_ID, PRODUCT_ID, QUANTITY)
VALUES (2050, 99, 26, 13);
INSERT INTO ORDER_ITEM (ID, ORDER_ID, PRODUCT_ID, QUANTITY)
VALUES (2051, 99, 60, 13);
INSERT INTO ORDER_ITEM (ID, ORDER_ID, PRODUCT_ID, QUANTITY)
VALUES (2052, 99, 43, 10);
INSERT INTO ORDER_ITEM (ID, ORDER_ID, PRODUCT_ID, QUANTITY)
VALUES (2053, 99, 54, 4);
INSERT INTO ORDER_ITEM (ID, ORDER_ID, PRODUCT_ID, QUANTITY)
VALUES (2054, 99, 48, 6);
INSERT INTO ORDER_ITEM (ID, ORDER_ID, PRODUCT_ID, QUANTITY)
VALUES (2055, 99, 27, 7);
-- ### ORDER 90
INSERT INTO PAYMENT_DETAIL(ID, AMOUNT, PROVIDER, PROVIDER_PAYMENT_UUID)
VALUES (100, 4067.0, 'ICARD', '840160176');
INSERT INTO ORDERS (ID, CUST_ID, PAYMENT_ID, STATUS, AMOUNT, CREATED_ON, UPDATED_ON)
VALUES (100, 777, 100, 'DELIVERED', 4067.0, LOCALTIMESTAMP, LOCALTIMESTAMP);
INSERT INTO ORDER_ITEM (ID, ORDER_ID, PRODUCT_ID, QUANTITY)
VALUES (2056, 100, 21, 4);
INSERT INTO ORDER_ITEM (ID, ORDER_ID, PRODUCT_ID, QUANTITY)
VALUES (2057, 100, 12, 16);
INSERT INTO ORDER_ITEM (ID, ORDER_ID, PRODUCT_ID, QUANTITY)
VALUES (2058, 100, 22, 19);
INSERT INTO ORDER_ITEM (ID, ORDER_ID, PRODUCT_ID, QUANTITY)
VALUES (2059, 100, 25, 16);
INSERT INTO ORDER_ITEM (ID, ORDER_ID, PRODUCT_ID, QUANTITY)
VALUES (2060, 100, 37, 1);
INSERT INTO ORDER_ITEM (ID, ORDER_ID, PRODUCT_ID, QUANTITY)
VALUES (2061, 100, 14, 9);
INSERT INTO ORDER_ITEM (ID, ORDER_ID, PRODUCT_ID, QUANTITY)
VALUES (2062, 100, 56, 15);
-- ### ORDER 91
INSERT INTO PAYMENT_DETAIL(ID, AMOUNT, PROVIDER, PROVIDER_PAYMENT_UUID)
VALUES (101, 2099.0, 'ICARD', '983101102');
INSERT INTO ORDERS (ID, CUST_ID, PAYMENT_ID, STATUS, AMOUNT, CREATED_ON, UPDATED_ON)
VALUES (101, 777, 101, 'DELIVERED', 2099.0, LOCALTIMESTAMP, LOCALTIMESTAMP);
INSERT INTO ORDER_ITEM (ID, ORDER_ID, PRODUCT_ID, QUANTITY)
VALUES (2063, 101, 51, 0);
INSERT INTO ORDER_ITEM (ID, ORDER_ID, PRODUCT_ID, QUANTITY)
VALUES (2064, 101, 40, 19);
INSERT INTO ORDER_ITEM (ID, ORDER_ID, PRODUCT_ID, QUANTITY)
VALUES (2065, 101, 24, 15);
INSERT INTO ORDER_ITEM (ID, ORDER_ID, PRODUCT_ID, QUANTITY)
VALUES (2066, 101, 59, 15);
INSERT INTO ORDER_ITEM (ID, ORDER_ID, PRODUCT_ID, QUANTITY)
VALUES (2067, 101, 25, 14);
INSERT INTO ORDER_ITEM (ID, ORDER_ID, PRODUCT_ID, QUANTITY)
VALUES (2068, 101, 50, 10);
INSERT INTO ORDER_ITEM (ID, ORDER_ID, PRODUCT_ID, QUANTITY)
VALUES (2069, 101, 16, 14);
INSERT INTO ORDER_ITEM (ID, ORDER_ID, PRODUCT_ID, QUANTITY)
VALUES (2070, 101, 31, 11);
INSERT INTO ORDER_ITEM (ID, ORDER_ID, PRODUCT_ID, QUANTITY)
VALUES (2071, 101, 56, 9);
INSERT INTO ORDER_ITEM (ID, ORDER_ID, PRODUCT_ID, QUANTITY)
VALUES (2072, 101, 54, 20);
INSERT INTO ORDER_ITEM (ID, ORDER_ID, PRODUCT_ID, QUANTITY)
VALUES (2073, 101, 19, 0);
INSERT INTO ORDER_ITEM (ID, ORDER_ID, PRODUCT_ID, QUANTITY)
VALUES (2074, 101, 47, 13);
INSERT INTO ORDER_ITEM (ID, ORDER_ID, PRODUCT_ID, QUANTITY)
VALUES (2075, 101, 55, 3);
INSERT INTO ORDER_ITEM (ID, ORDER_ID, PRODUCT_ID, QUANTITY)
VALUES (2076, 101, 44, 9);
INSERT INTO ORDER_ITEM (ID, ORDER_ID, PRODUCT_ID, QUANTITY)
VALUES (2077, 101, 28, 19);
INSERT INTO ORDER_ITEM (ID, ORDER_ID, PRODUCT_ID, QUANTITY)
VALUES (2078, 101, 23, 12);
INSERT INTO ORDER_ITEM (ID, ORDER_ID, PRODUCT_ID, QUANTITY)
VALUES (2079, 101, 27, 15);
INSERT INTO ORDER_ITEM (ID, ORDER_ID, PRODUCT_ID, QUANTITY)
VALUES (2080, 101, 11, 2);
INSERT INTO ORDER_ITEM (ID, ORDER_ID, PRODUCT_ID, QUANTITY)
VALUES (2081, 101, 58, 6);
INSERT INTO ORDER_ITEM (ID, ORDER_ID, PRODUCT_ID, QUANTITY)
VALUES (2082, 101, 36, 18);
INSERT INTO ORDER_ITEM (ID, ORDER_ID, PRODUCT_ID, QUANTITY)
VALUES (2083, 101, 18, 20);
INSERT INTO ORDER_ITEM (ID, ORDER_ID, PRODUCT_ID, QUANTITY)
VALUES (2084, 101, 48, 17);
INSERT INTO ORDER_ITEM (ID, ORDER_ID, PRODUCT_ID, QUANTITY)
VALUES (2085, 101, 22, 16);
INSERT INTO ORDER_ITEM (ID, ORDER_ID, PRODUCT_ID, QUANTITY)
VALUES (2086, 101, 29, 12);
INSERT INTO ORDER_ITEM (ID, ORDER_ID, PRODUCT_ID, QUANTITY)
VALUES (2087, 101, 17, 12);
INSERT INTO ORDER_ITEM (ID, ORDER_ID, PRODUCT_ID, QUANTITY)
VALUES (2088, 101, 39, 1);
INSERT INTO ORDER_ITEM (ID, ORDER_ID, PRODUCT_ID, QUANTITY)
VALUES (2089, 101, 14, 3);
INSERT INTO ORDER_ITEM (ID, ORDER_ID, PRODUCT_ID, QUANTITY)
VALUES (2090, 101, 38, 13);
INSERT INTO ORDER_ITEM (ID, ORDER_ID, PRODUCT_ID, QUANTITY)
VALUES (2091, 101, 21, 9);
INSERT INTO ORDER_ITEM (ID, ORDER_ID, PRODUCT_ID, QUANTITY)
VALUES (2092, 101, 33, 1);
INSERT INTO ORDER_ITEM (ID, ORDER_ID, PRODUCT_ID, QUANTITY)
VALUES (2093, 101, 32, 14);
INSERT INTO ORDER_ITEM (ID, ORDER_ID, PRODUCT_ID, QUANTITY)
VALUES (2094, 101, 60, 1);
INSERT INTO ORDER_ITEM (ID, ORDER_ID, PRODUCT_ID, QUANTITY)
VALUES (2095, 101, 52, 3);
INSERT INTO ORDER_ITEM (ID, ORDER_ID, PRODUCT_ID, QUANTITY)
VALUES (2096, 101, 42, 4);
-- ### ORDER 92
INSERT INTO PAYMENT_DETAIL(ID, AMOUNT, PROVIDER, PROVIDER_PAYMENT_UUID)
VALUES (102, 3836.0, 'CRYPTO', '815170581');
INSERT INTO ORDERS (ID, CUST_ID, PAYMENT_ID, STATUS, AMOUNT, CREATED_ON, UPDATED_ON)
VALUES (102, 777, 102, 'DELIVERED', 3836.0, LOCALTIMESTAMP, LOCALTIMESTAMP);
INSERT INTO ORDER_ITEM (ID, ORDER_ID, PRODUCT_ID, QUANTITY)
VALUES (2097, 102, 48, 9);
INSERT INTO ORDER_ITEM (ID, ORDER_ID, PRODUCT_ID, QUANTITY)
VALUES (2098, 102, 23, 18);
INSERT INTO ORDER_ITEM (ID, ORDER_ID, PRODUCT_ID, QUANTITY)
VALUES (2099, 102, 39, 19);
INSERT INTO ORDER_ITEM (ID, ORDER_ID, PRODUCT_ID, QUANTITY)
VALUES (2100, 102, 41, 7);
INSERT INTO ORDER_ITEM (ID, ORDER_ID, PRODUCT_ID, QUANTITY)
VALUES (2101, 102, 51, 14);
INSERT INTO ORDER_ITEM (ID, ORDER_ID, PRODUCT_ID, QUANTITY)
VALUES (2102, 102, 44, 16);
INSERT INTO ORDER_ITEM (ID, ORDER_ID, PRODUCT_ID, QUANTITY)
VALUES (2103, 102, 32, 8);
INSERT INTO ORDER_ITEM (ID, ORDER_ID, PRODUCT_ID, QUANTITY)
VALUES (2104, 102, 30, 18);
INSERT INTO ORDER_ITEM (ID, ORDER_ID, PRODUCT_ID, QUANTITY)
VALUES (2105, 102, 16, 3);
INSERT INTO ORDER_ITEM (ID, ORDER_ID, PRODUCT_ID, QUANTITY)
VALUES (2106, 102, 46, 20);
INSERT INTO ORDER_ITEM (ID, ORDER_ID, PRODUCT_ID, QUANTITY)
VALUES (2107, 102, 33, 9);
INSERT INTO ORDER_ITEM (ID, ORDER_ID, PRODUCT_ID, QUANTITY)
VALUES (2108, 102, 21, 0);
INSERT INTO ORDER_ITEM (ID, ORDER_ID, PRODUCT_ID, QUANTITY)
VALUES (2109, 102, 35, 16);
INSERT INTO ORDER_ITEM (ID, ORDER_ID, PRODUCT_ID, QUANTITY)
VALUES (2110, 102, 26, 16);
INSERT INTO ORDER_ITEM (ID, ORDER_ID, PRODUCT_ID, QUANTITY)
VALUES (2111, 102, 43, 11);
INSERT INTO ORDER_ITEM (ID, ORDER_ID, PRODUCT_ID, QUANTITY)
VALUES (2112, 102, 15, 4);
INSERT INTO ORDER_ITEM (ID, ORDER_ID, PRODUCT_ID, QUANTITY)
VALUES (2113, 102, 12, 17);
-- ### ORDER 93
INSERT INTO PAYMENT_DETAIL(ID, AMOUNT, PROVIDER, PROVIDER_PAYMENT_UUID)
VALUES (103, 1248.0, 'VISA', '771419171');
INSERT INTO ORDERS (ID, CUST_ID, PAYMENT_ID, STATUS, AMOUNT, CREATED_ON, UPDATED_ON)
VALUES (103, 777, 103, 'DELIVERED', 1248.0, LOCALTIMESTAMP, LOCALTIMESTAMP);
INSERT INTO ORDER_ITEM (ID, ORDER_ID, PRODUCT_ID, QUANTITY)
VALUES (2114, 103, 35, 15);
INSERT INTO ORDER_ITEM (ID, ORDER_ID, PRODUCT_ID, QUANTITY)
VALUES (2115, 103, 14, 19);
INSERT INTO ORDER_ITEM (ID, ORDER_ID, PRODUCT_ID, QUANTITY)
VALUES (2116, 103, 54, 4);
INSERT INTO ORDER_ITEM (ID, ORDER_ID, PRODUCT_ID, QUANTITY)
VALUES (2117, 103, 24, 15);
INSERT INTO ORDER_ITEM (ID, ORDER_ID, PRODUCT_ID, QUANTITY)
VALUES (2118, 103, 59, 1);
INSERT INTO ORDER_ITEM (ID, ORDER_ID, PRODUCT_ID, QUANTITY)
VALUES (2119, 103, 56, 2);
INSERT INTO ORDER_ITEM (ID, ORDER_ID, PRODUCT_ID, QUANTITY)
VALUES (2120, 103, 21, 14);
INSERT INTO ORDER_ITEM (ID, ORDER_ID, PRODUCT_ID, QUANTITY)
VALUES (2121, 103, 13, 14);
INSERT INTO ORDER_ITEM (ID, ORDER_ID, PRODUCT_ID, QUANTITY)
VALUES (2122, 103, 22, 20);
INSERT INTO ORDER_ITEM (ID, ORDER_ID, PRODUCT_ID, QUANTITY)
VALUES (2123, 103, 53, 12);
INSERT INTO ORDER_ITEM (ID, ORDER_ID, PRODUCT_ID, QUANTITY)
VALUES (2124, 103, 55, 11);
INSERT INTO ORDER_ITEM (ID, ORDER_ID, PRODUCT_ID, QUANTITY)
VALUES (2125, 103, 28, 8);
INSERT INTO ORDER_ITEM (ID, ORDER_ID, PRODUCT_ID, QUANTITY)
VALUES (2126, 103, 37, 2);
INSERT INTO ORDER_ITEM (ID, ORDER_ID, PRODUCT_ID, QUANTITY)
VALUES (2127, 103, 46, 12);
INSERT INTO ORDER_ITEM (ID, ORDER_ID, PRODUCT_ID, QUANTITY)
VALUES (2128, 103, 19, 0);
INSERT INTO ORDER_ITEM (ID, ORDER_ID, PRODUCT_ID, QUANTITY)
VALUES (2129, 103, 16, 19);
INSERT INTO ORDER_ITEM (ID, ORDER_ID, PRODUCT_ID, QUANTITY)
VALUES (2130, 103, 15, 5);
INSERT INTO ORDER_ITEM (ID, ORDER_ID, PRODUCT_ID, QUANTITY)
VALUES (2131, 103, 58, 10);
INSERT INTO ORDER_ITEM (ID, ORDER_ID, PRODUCT_ID, QUANTITY)
VALUES (2132, 103, 44, 0);
INSERT INTO ORDER_ITEM (ID, ORDER_ID, PRODUCT_ID, QUANTITY)
VALUES (2133, 103, 57, 11);
INSERT INTO ORDER_ITEM (ID, ORDER_ID, PRODUCT_ID, QUANTITY)
VALUES (2134, 103, 48, 19);
INSERT INTO ORDER_ITEM (ID, ORDER_ID, PRODUCT_ID, QUANTITY)
VALUES (2135, 103, 52, 3);
INSERT INTO ORDER_ITEM (ID, ORDER_ID, PRODUCT_ID, QUANTITY)
VALUES (2136, 103, 25, 17);
INSERT INTO ORDER_ITEM (ID, ORDER_ID, PRODUCT_ID, QUANTITY)
VALUES (2137, 103, 27, 11);
INSERT INTO ORDER_ITEM (ID, ORDER_ID, PRODUCT_ID, QUANTITY)
VALUES (2138, 103, 60, 1);
INSERT INTO ORDER_ITEM (ID, ORDER_ID, PRODUCT_ID, QUANTITY)
VALUES (2139, 103, 18, 12);
INSERT INTO ORDER_ITEM (ID, ORDER_ID, PRODUCT_ID, QUANTITY)
VALUES (2140, 103, 50, 0);
INSERT INTO ORDER_ITEM (ID, ORDER_ID, PRODUCT_ID, QUANTITY)
VALUES (2141, 103, 29, 3);
INSERT INTO ORDER_ITEM (ID, ORDER_ID, PRODUCT_ID, QUANTITY)
VALUES (2142, 103, 45, 10);
INSERT INTO ORDER_ITEM (ID, ORDER_ID, PRODUCT_ID, QUANTITY)
VALUES (2143, 103, 47, 2);
INSERT INTO ORDER_ITEM (ID, ORDER_ID, PRODUCT_ID, QUANTITY)
VALUES (2144, 103, 11, 17);
INSERT INTO ORDER_ITEM (ID, ORDER_ID, PRODUCT_ID, QUANTITY)
VALUES (2145, 103, 33, 2);
INSERT INTO ORDER_ITEM (ID, ORDER_ID, PRODUCT_ID, QUANTITY)
VALUES (2146, 103, 12, 11);
INSERT INTO ORDER_ITEM (ID, ORDER_ID, PRODUCT_ID, QUANTITY)
VALUES (2147, 103, 26, 10);
INSERT INTO ORDER_ITEM (ID, ORDER_ID, PRODUCT_ID, QUANTITY)
VALUES (2148, 103, 32, 2);
-- ### ORDER 94
INSERT INTO PAYMENT_DETAIL(ID, AMOUNT, PROVIDER, PROVIDER_PAYMENT_UUID)
VALUES (104, 4498.0, 'CRYPTO', '973766148');
INSERT INTO ORDERS (ID, CUST_ID, PAYMENT_ID, STATUS, AMOUNT, CREATED_ON, UPDATED_ON)
VALUES (104, 777, 104, 'DELIVERED', 4498.0, LOCALTIMESTAMP, LOCALTIMESTAMP);
INSERT INTO ORDER_ITEM (ID, ORDER_ID, PRODUCT_ID, QUANTITY)
VALUES (2149, 104, 15, 16);
INSERT INTO ORDER_ITEM (ID, ORDER_ID, PRODUCT_ID, QUANTITY)
VALUES (2150, 104, 30, 3);
INSERT INTO ORDER_ITEM (ID, ORDER_ID, PRODUCT_ID, QUANTITY)
VALUES (2151, 104, 27, 2);
INSERT INTO ORDER_ITEM (ID, ORDER_ID, PRODUCT_ID, QUANTITY)
VALUES (2152, 104, 48, 10);
INSERT INTO ORDER_ITEM (ID, ORDER_ID, PRODUCT_ID, QUANTITY)
VALUES (2153, 104, 17, 1);
INSERT INTO ORDER_ITEM (ID, ORDER_ID, PRODUCT_ID, QUANTITY)
VALUES (2154, 104, 32, 14);
INSERT INTO ORDER_ITEM (ID, ORDER_ID, PRODUCT_ID, QUANTITY)
VALUES (2155, 104, 43, 4);
INSERT INTO ORDER_ITEM (ID, ORDER_ID, PRODUCT_ID, QUANTITY)
VALUES (2156, 104, 38, 20);
INSERT INTO ORDER_ITEM (ID, ORDER_ID, PRODUCT_ID, QUANTITY)
VALUES (2157, 104, 12, 18);
INSERT INTO ORDER_ITEM (ID, ORDER_ID, PRODUCT_ID, QUANTITY)
VALUES (2158, 104, 51, 2);
INSERT INTO ORDER_ITEM (ID, ORDER_ID, PRODUCT_ID, QUANTITY)
VALUES (2159, 104, 59, 15);
INSERT INTO ORDER_ITEM (ID, ORDER_ID, PRODUCT_ID, QUANTITY)
VALUES (2160, 104, 37, 3);
INSERT INTO ORDER_ITEM (ID, ORDER_ID, PRODUCT_ID, QUANTITY)
VALUES (2161, 104, 46, 11);
INSERT INTO ORDER_ITEM (ID, ORDER_ID, PRODUCT_ID, QUANTITY)
VALUES (2162, 104, 53, 6);
INSERT INTO ORDER_ITEM (ID, ORDER_ID, PRODUCT_ID, QUANTITY)
VALUES (2163, 104, 50, 4);
INSERT INTO ORDER_ITEM (ID, ORDER_ID, PRODUCT_ID, QUANTITY)
VALUES (2164, 104, 28, 1);
INSERT INTO ORDER_ITEM (ID, ORDER_ID, PRODUCT_ID, QUANTITY)
VALUES (2165, 104, 26, 14);
INSERT INTO ORDER_ITEM (ID, ORDER_ID, PRODUCT_ID, QUANTITY)
VALUES (2166, 104, 54, 11);
INSERT INTO ORDER_ITEM (ID, ORDER_ID, PRODUCT_ID, QUANTITY)
VALUES (2167, 104, 36, 1);
INSERT INTO ORDER_ITEM (ID, ORDER_ID, PRODUCT_ID, QUANTITY)
VALUES (2168, 104, 45, 12);
INSERT INTO ORDER_ITEM (ID, ORDER_ID, PRODUCT_ID, QUANTITY)
VALUES (2169, 104, 52, 7);
INSERT INTO ORDER_ITEM (ID, ORDER_ID, PRODUCT_ID, QUANTITY)
VALUES (2170, 104, 16, 15);
INSERT INTO ORDER_ITEM (ID, ORDER_ID, PRODUCT_ID, QUANTITY)
VALUES (2171, 104, 13, 19);
INSERT INTO ORDER_ITEM (ID, ORDER_ID, PRODUCT_ID, QUANTITY)
VALUES (2172, 104, 35, 0);
INSERT INTO ORDER_ITEM (ID, ORDER_ID, PRODUCT_ID, QUANTITY)
VALUES (2173, 104, 34, 10);
INSERT INTO ORDER_ITEM (ID, ORDER_ID, PRODUCT_ID, QUANTITY)
VALUES (2174, 104, 44, 13);
INSERT INTO ORDER_ITEM (ID, ORDER_ID, PRODUCT_ID, QUANTITY)
VALUES (2175, 104, 47, 9);
INSERT INTO ORDER_ITEM (ID, ORDER_ID, PRODUCT_ID, QUANTITY)
VALUES (2176, 104, 56, 13);
INSERT INTO ORDER_ITEM (ID, ORDER_ID, PRODUCT_ID, QUANTITY)
VALUES (2177, 104, 33, 11);
INSERT INTO ORDER_ITEM (ID, ORDER_ID, PRODUCT_ID, QUANTITY)
VALUES (2178, 104, 39, 17);
INSERT INTO ORDER_ITEM (ID, ORDER_ID, PRODUCT_ID, QUANTITY)
VALUES (2179, 104, 42, 9);
INSERT INTO ORDER_ITEM (ID, ORDER_ID, PRODUCT_ID, QUANTITY)
VALUES (2180, 104, 22, 10);
INSERT INTO ORDER_ITEM (ID, ORDER_ID, PRODUCT_ID, QUANTITY)
VALUES (2181, 104, 29, 16);
INSERT INTO ORDER_ITEM (ID, ORDER_ID, PRODUCT_ID, QUANTITY)
VALUES (2182, 104, 18, 10);
INSERT INTO ORDER_ITEM (ID, ORDER_ID, PRODUCT_ID, QUANTITY)
VALUES (2183, 104, 11, 18);
INSERT INTO ORDER_ITEM (ID, ORDER_ID, PRODUCT_ID, QUANTITY)
VALUES (2184, 104, 23, 13);
INSERT INTO ORDER_ITEM (ID, ORDER_ID, PRODUCT_ID, QUANTITY)
VALUES (2185, 104, 49, 1);
INSERT INTO ORDER_ITEM (ID, ORDER_ID, PRODUCT_ID, QUANTITY)
VALUES (2186, 104, 25, 8);
INSERT INTO ORDER_ITEM (ID, ORDER_ID, PRODUCT_ID, QUANTITY)
VALUES (2187, 104, 14, 3);
INSERT INTO ORDER_ITEM (ID, ORDER_ID, PRODUCT_ID, QUANTITY)
VALUES (2188, 104, 24, 20);
-- ### ORDER 95
INSERT INTO PAYMENT_DETAIL(ID, AMOUNT, PROVIDER, PROVIDER_PAYMENT_UUID)
VALUES (105, 885.0, 'MASTERCARD', '22834374');
INSERT INTO ORDERS (ID, CUST_ID, PAYMENT_ID, STATUS, AMOUNT, CREATED_ON, UPDATED_ON)
VALUES (105, 777, 105, 'DELIVERED', 885.0, LOCALTIMESTAMP, LOCALTIMESTAMP);
INSERT INTO ORDER_ITEM (ID, ORDER_ID, PRODUCT_ID, QUANTITY)
VALUES (2189, 105, 55, 1);
INSERT INTO ORDER_ITEM (ID, ORDER_ID, PRODUCT_ID, QUANTITY)
VALUES (2190, 105, 52, 15);
INSERT INTO ORDER_ITEM (ID, ORDER_ID, PRODUCT_ID, QUANTITY)
VALUES (2191, 105, 49, 3);
INSERT INTO ORDER_ITEM (ID, ORDER_ID, PRODUCT_ID, QUANTITY)
VALUES (2192, 105, 60, 3);
INSERT INTO ORDER_ITEM (ID, ORDER_ID, PRODUCT_ID, QUANTITY)
VALUES (2193, 105, 30, 3);
INSERT INTO ORDER_ITEM (ID, ORDER_ID, PRODUCT_ID, QUANTITY)
VALUES (2194, 105, 50, 11);
INSERT INTO ORDER_ITEM (ID, ORDER_ID, PRODUCT_ID, QUANTITY)
VALUES (2195, 105, 12, 20);
INSERT INTO ORDER_ITEM (ID, ORDER_ID, PRODUCT_ID, QUANTITY)
VALUES (2196, 105, 51, 11);
INSERT INTO ORDER_ITEM (ID, ORDER_ID, PRODUCT_ID, QUANTITY)
VALUES (2197, 105, 15, 19);
INSERT INTO ORDER_ITEM (ID, ORDER_ID, PRODUCT_ID, QUANTITY)
VALUES (2198, 105, 46, 19);
INSERT INTO ORDER_ITEM (ID, ORDER_ID, PRODUCT_ID, QUANTITY)
VALUES (2199, 105, 56, 5);
INSERT INTO ORDER_ITEM (ID, ORDER_ID, PRODUCT_ID, QUANTITY)
VALUES (2200, 105, 54, 9);
INSERT INTO ORDER_ITEM (ID, ORDER_ID, PRODUCT_ID, QUANTITY)
VALUES (2201, 105, 41, 11);
INSERT INTO ORDER_ITEM (ID, ORDER_ID, PRODUCT_ID, QUANTITY)
VALUES (2202, 105, 35, 11);
INSERT INTO ORDER_ITEM (ID, ORDER_ID, PRODUCT_ID, QUANTITY)
VALUES (2203, 105, 59, 5);
INSERT INTO ORDER_ITEM (ID, ORDER_ID, PRODUCT_ID, QUANTITY)
VALUES (2204, 105, 42, 11);
INSERT INTO ORDER_ITEM (ID, ORDER_ID, PRODUCT_ID, QUANTITY)
VALUES (2205, 105, 45, 11);
INSERT INTO ORDER_ITEM (ID, ORDER_ID, PRODUCT_ID, QUANTITY)
VALUES (2206, 105, 53, 2);
INSERT INTO ORDER_ITEM (ID, ORDER_ID, PRODUCT_ID, QUANTITY)
VALUES (2207, 105, 36, 4);
INSERT INTO ORDER_ITEM (ID, ORDER_ID, PRODUCT_ID, QUANTITY)
VALUES (2208, 105, 29, 16);
-- ### ORDER 96
INSERT INTO PAYMENT_DETAIL(ID, AMOUNT, PROVIDER, PROVIDER_PAYMENT_UUID)
VALUES (106, 3504.0, 'PAYPAL', '762703271');
INSERT INTO ORDERS (ID, CUST_ID, PAYMENT_ID, STATUS, AMOUNT, CREATED_ON, UPDATED_ON)
VALUES (106, 777, 106, 'DELIVERED', 3504.0, LOCALTIMESTAMP, LOCALTIMESTAMP);
INSERT INTO ORDER_ITEM (ID, ORDER_ID, PRODUCT_ID, QUANTITY)
VALUES (2209, 106, 21, 9);
INSERT INTO ORDER_ITEM (ID, ORDER_ID, PRODUCT_ID, QUANTITY)
VALUES (2210, 106, 22, 2);
INSERT INTO ORDER_ITEM (ID, ORDER_ID, PRODUCT_ID, QUANTITY)
VALUES (2211, 106, 35, 4);
INSERT INTO ORDER_ITEM (ID, ORDER_ID, PRODUCT_ID, QUANTITY)
VALUES (2212, 106, 34, 12);
INSERT INTO ORDER_ITEM (ID, ORDER_ID, PRODUCT_ID, QUANTITY)
VALUES (2213, 106, 18, 13);
INSERT INTO ORDER_ITEM (ID, ORDER_ID, PRODUCT_ID, QUANTITY)
VALUES (2214, 106, 11, 13);
INSERT INTO ORDER_ITEM (ID, ORDER_ID, PRODUCT_ID, QUANTITY)
VALUES (2215, 106, 20, 19);
INSERT INTO ORDER_ITEM (ID, ORDER_ID, PRODUCT_ID, QUANTITY)
VALUES (2216, 106, 29, 5);
INSERT INTO ORDER_ITEM (ID, ORDER_ID, PRODUCT_ID, QUANTITY)
VALUES (2217, 106, 47, 2);
INSERT INTO ORDER_ITEM (ID, ORDER_ID, PRODUCT_ID, QUANTITY)
VALUES (2218, 106, 32, 7);
INSERT INTO ORDER_ITEM (ID, ORDER_ID, PRODUCT_ID, QUANTITY)
VALUES (2219, 106, 24, 11);
INSERT INTO ORDER_ITEM (ID, ORDER_ID, PRODUCT_ID, QUANTITY)
VALUES (2220, 106, 31, 10);
INSERT INTO ORDER_ITEM (ID, ORDER_ID, PRODUCT_ID, QUANTITY)
VALUES (2221, 106, 60, 14);
INSERT INTO ORDER_ITEM (ID, ORDER_ID, PRODUCT_ID, QUANTITY)
VALUES (2222, 106, 53, 1);
INSERT INTO ORDER_ITEM (ID, ORDER_ID, PRODUCT_ID, QUANTITY)
VALUES (2223, 106, 44, 15);
INSERT INTO ORDER_ITEM (ID, ORDER_ID, PRODUCT_ID, QUANTITY)
VALUES (2224, 106, 56, 15);
INSERT INTO ORDER_ITEM (ID, ORDER_ID, PRODUCT_ID, QUANTITY)
VALUES (2225, 106, 49, 3);
INSERT INTO ORDER_ITEM (ID, ORDER_ID, PRODUCT_ID, QUANTITY)
VALUES (2226, 106, 23, 3);
INSERT INTO ORDER_ITEM (ID, ORDER_ID, PRODUCT_ID, QUANTITY)
VALUES (2227, 106, 58, 5);
INSERT INTO ORDER_ITEM (ID, ORDER_ID, PRODUCT_ID, QUANTITY)
VALUES (2228, 106, 42, 10);
INSERT INTO ORDER_ITEM (ID, ORDER_ID, PRODUCT_ID, QUANTITY)
VALUES (2229, 106, 13, 13);
INSERT INTO ORDER_ITEM (ID, ORDER_ID, PRODUCT_ID, QUANTITY)
VALUES (2230, 106, 33, 19);
INSERT INTO ORDER_ITEM (ID, ORDER_ID, PRODUCT_ID, QUANTITY)
VALUES (2231, 106, 17, 12);
INSERT INTO ORDER_ITEM (ID, ORDER_ID, PRODUCT_ID, QUANTITY)
VALUES (2232, 106, 41, 0);
INSERT INTO ORDER_ITEM (ID, ORDER_ID, PRODUCT_ID, QUANTITY)
VALUES (2233, 106, 45, 20);
INSERT INTO ORDER_ITEM (ID, ORDER_ID, PRODUCT_ID, QUANTITY)
VALUES (2234, 106, 30, 20);
INSERT INTO ORDER_ITEM (ID, ORDER_ID, PRODUCT_ID, QUANTITY)
VALUES (2235, 106, 54, 17);
INSERT INTO ORDER_ITEM (ID, ORDER_ID, PRODUCT_ID, QUANTITY)
VALUES (2236, 106, 25, 0);
INSERT INTO ORDER_ITEM (ID, ORDER_ID, PRODUCT_ID, QUANTITY)
VALUES (2237, 106, 57, 17);
INSERT INTO ORDER_ITEM (ID, ORDER_ID, PRODUCT_ID, QUANTITY)
VALUES (2238, 106, 50, 1);
INSERT INTO ORDER_ITEM (ID, ORDER_ID, PRODUCT_ID, QUANTITY)
VALUES (2239, 106, 51, 10);
INSERT INTO ORDER_ITEM (ID, ORDER_ID, PRODUCT_ID, QUANTITY)
VALUES (2240, 106, 26, 20);
INSERT INTO ORDER_ITEM (ID, ORDER_ID, PRODUCT_ID, QUANTITY)
VALUES (2241, 106, 39, 12);
INSERT INTO ORDER_ITEM (ID, ORDER_ID, PRODUCT_ID, QUANTITY)
VALUES (2242, 106, 28, 18);
INSERT INTO ORDER_ITEM (ID, ORDER_ID, PRODUCT_ID, QUANTITY)
VALUES (2243, 106, 52, 2);
INSERT INTO ORDER_ITEM (ID, ORDER_ID, PRODUCT_ID, QUANTITY)
VALUES (2244, 106, 48, 20);
INSERT INTO ORDER_ITEM (ID, ORDER_ID, PRODUCT_ID, QUANTITY)
VALUES (2245, 106, 12, 15);
INSERT INTO ORDER_ITEM (ID, ORDER_ID, PRODUCT_ID, QUANTITY)
VALUES (2246, 106, 37, 11);
INSERT INTO ORDER_ITEM (ID, ORDER_ID, PRODUCT_ID, QUANTITY)
VALUES (2247, 106, 59, 16);
INSERT INTO ORDER_ITEM (ID, ORDER_ID, PRODUCT_ID, QUANTITY)
VALUES (2248, 106, 40, 12);
INSERT INTO ORDER_ITEM (ID, ORDER_ID, PRODUCT_ID, QUANTITY)
VALUES (2249, 106, 43, 16);
INSERT INTO ORDER_ITEM (ID, ORDER_ID, PRODUCT_ID, QUANTITY)
VALUES (2250, 106, 38, 4);
-- ### ORDER 97
INSERT INTO PAYMENT_DETAIL(ID, AMOUNT, PROVIDER, PROVIDER_PAYMENT_UUID)
VALUES (107, 2723.0, 'CRYPTO', '738950757');
INSERT INTO ORDERS (ID, CUST_ID, PAYMENT_ID, STATUS, AMOUNT, CREATED_ON, UPDATED_ON)
VALUES (107, 777, 107, 'DELIVERED', 2723.0, LOCALTIMESTAMP, LOCALTIMESTAMP);
INSERT INTO ORDER_ITEM (ID, ORDER_ID, PRODUCT_ID, QUANTITY)
VALUES (2251, 107, 48, 18);
INSERT INTO ORDER_ITEM (ID, ORDER_ID, PRODUCT_ID, QUANTITY)
VALUES (2252, 107, 59, 20);
INSERT INTO ORDER_ITEM (ID, ORDER_ID, PRODUCT_ID, QUANTITY)
VALUES (2253, 107, 49, 14);
INSERT INTO ORDER_ITEM (ID, ORDER_ID, PRODUCT_ID, QUANTITY)
VALUES (2254, 107, 16, 4);
INSERT INTO ORDER_ITEM (ID, ORDER_ID, PRODUCT_ID, QUANTITY)
VALUES (2255, 107, 60, 14);
INSERT INTO ORDER_ITEM (ID, ORDER_ID, PRODUCT_ID, QUANTITY)
VALUES (2256, 107, 24, 15);
INSERT INTO ORDER_ITEM (ID, ORDER_ID, PRODUCT_ID, QUANTITY)
VALUES (2257, 107, 27, 13);
INSERT INTO ORDER_ITEM (ID, ORDER_ID, PRODUCT_ID, QUANTITY)
VALUES (2258, 107, 19, 4);
INSERT INTO ORDER_ITEM (ID, ORDER_ID, PRODUCT_ID, QUANTITY)
VALUES (2259, 107, 47, 8);
INSERT INTO ORDER_ITEM (ID, ORDER_ID, PRODUCT_ID, QUANTITY)
VALUES (2260, 107, 34, 12);
INSERT INTO ORDER_ITEM (ID, ORDER_ID, PRODUCT_ID, QUANTITY)
VALUES (2261, 107, 42, 16);
INSERT INTO ORDER_ITEM (ID, ORDER_ID, PRODUCT_ID, QUANTITY)
VALUES (2262, 107, 26, 11);
INSERT INTO ORDER_ITEM (ID, ORDER_ID, PRODUCT_ID, QUANTITY)
VALUES (2263, 107, 39, 15);
INSERT INTO ORDER_ITEM (ID, ORDER_ID, PRODUCT_ID, QUANTITY)
VALUES (2264, 107, 14, 15);
INSERT INTO ORDER_ITEM (ID, ORDER_ID, PRODUCT_ID, QUANTITY)
VALUES (2265, 107, 15, 8);
INSERT INTO ORDER_ITEM (ID, ORDER_ID, PRODUCT_ID, QUANTITY)
VALUES (2266, 107, 43, 12);
INSERT INTO ORDER_ITEM (ID, ORDER_ID, PRODUCT_ID, QUANTITY)
VALUES (2267, 107, 22, 16);
INSERT INTO ORDER_ITEM (ID, ORDER_ID, PRODUCT_ID, QUANTITY)
VALUES (2268, 107, 20, 8);
INSERT INTO ORDER_ITEM (ID, ORDER_ID, PRODUCT_ID, QUANTITY)
VALUES (2269, 107, 30, 3);
INSERT INTO ORDER_ITEM (ID, ORDER_ID, PRODUCT_ID, QUANTITY)
VALUES (2270, 107, 41, 16);
INSERT INTO ORDER_ITEM (ID, ORDER_ID, PRODUCT_ID, QUANTITY)
VALUES (2271, 107, 38, 3);
INSERT INTO ORDER_ITEM (ID, ORDER_ID, PRODUCT_ID, QUANTITY)
VALUES (2272, 107, 18, 17);
INSERT INTO ORDER_ITEM (ID, ORDER_ID, PRODUCT_ID, QUANTITY)
VALUES (2273, 107, 50, 5);
INSERT INTO ORDER_ITEM (ID, ORDER_ID, PRODUCT_ID, QUANTITY)
VALUES (2274, 107, 46, 2);
INSERT INTO ORDER_ITEM (ID, ORDER_ID, PRODUCT_ID, QUANTITY)
VALUES (2275, 107, 45, 8);
INSERT INTO ORDER_ITEM (ID, ORDER_ID, PRODUCT_ID, QUANTITY)
VALUES (2276, 107, 31, 17);
INSERT INTO ORDER_ITEM (ID, ORDER_ID, PRODUCT_ID, QUANTITY)
VALUES (2277, 107, 51, 16);
INSERT INTO ORDER_ITEM (ID, ORDER_ID, PRODUCT_ID, QUANTITY)
VALUES (2278, 107, 58, 12);
INSERT INTO ORDER_ITEM (ID, ORDER_ID, PRODUCT_ID, QUANTITY)
VALUES (2279, 107, 52, 15);
INSERT INTO ORDER_ITEM (ID, ORDER_ID, PRODUCT_ID, QUANTITY)
VALUES (2280, 107, 44, 16);
INSERT INTO ORDER_ITEM (ID, ORDER_ID, PRODUCT_ID, QUANTITY)
VALUES (2281, 107, 54, 10);
INSERT INTO ORDER_ITEM (ID, ORDER_ID, PRODUCT_ID, QUANTITY)
VALUES (2282, 107, 35, 0);
INSERT INTO ORDER_ITEM (ID, ORDER_ID, PRODUCT_ID, QUANTITY)
VALUES (2283, 107, 53, 1);
-- ### ORDER 98
INSERT INTO PAYMENT_DETAIL(ID, AMOUNT, PROVIDER, PROVIDER_PAYMENT_UUID)
VALUES (108, 3675.0, 'PAYPAL', '999126330');
INSERT INTO ORDERS (ID, CUST_ID, PAYMENT_ID, STATUS, AMOUNT, CREATED_ON, UPDATED_ON)
VALUES (108, 777, 108, 'DELIVERED', 3675.0, LOCALTIMESTAMP, LOCALTIMESTAMP);
INSERT INTO ORDER_ITEM (ID, ORDER_ID, PRODUCT_ID, QUANTITY)
VALUES (2284, 108, 45, 7);
INSERT INTO ORDER_ITEM (ID, ORDER_ID, PRODUCT_ID, QUANTITY)
VALUES (2285, 108, 56, 10);
INSERT INTO ORDER_ITEM (ID, ORDER_ID, PRODUCT_ID, QUANTITY)
VALUES (2286, 108, 57, 2);
INSERT INTO ORDER_ITEM (ID, ORDER_ID, PRODUCT_ID, QUANTITY)
VALUES (2287, 108, 27, 11);
INSERT INTO ORDER_ITEM (ID, ORDER_ID, PRODUCT_ID, QUANTITY)
VALUES (2288, 108, 16, 11);
INSERT INTO ORDER_ITEM (ID, ORDER_ID, PRODUCT_ID, QUANTITY)
VALUES (2289, 108, 36, 15);
INSERT INTO ORDER_ITEM (ID, ORDER_ID, PRODUCT_ID, QUANTITY)
VALUES (2290, 108, 52, 15);
INSERT INTO ORDER_ITEM (ID, ORDER_ID, PRODUCT_ID, QUANTITY)
VALUES (2291, 108, 35, 7);
INSERT INTO ORDER_ITEM (ID, ORDER_ID, PRODUCT_ID, QUANTITY)
VALUES (2292, 108, 38, 6);
INSERT INTO ORDER_ITEM (ID, ORDER_ID, PRODUCT_ID, QUANTITY)
VALUES (2293, 108, 20, 3);
INSERT INTO ORDER_ITEM (ID, ORDER_ID, PRODUCT_ID, QUANTITY)
VALUES (2294, 108, 30, 3);
INSERT INTO ORDER_ITEM (ID, ORDER_ID, PRODUCT_ID, QUANTITY)
VALUES (2295, 108, 43, 9);
INSERT INTO ORDER_ITEM (ID, ORDER_ID, PRODUCT_ID, QUANTITY)
VALUES (2296, 108, 11, 1);
-- ### ORDER 99
INSERT INTO PAYMENT_DETAIL(ID, AMOUNT, PROVIDER, PROVIDER_PAYMENT_UUID)
VALUES (109, 2638.0, 'ICARD', '771844469');
INSERT INTO ORDERS (ID, CUST_ID, PAYMENT_ID, STATUS, AMOUNT, CREATED_ON, UPDATED_ON)
VALUES (109, 777, 109, 'DELIVERED', 2638.0, LOCALTIMESTAMP, LOCALTIMESTAMP);
INSERT INTO ORDER_ITEM (ID, ORDER_ID, PRODUCT_ID, QUANTITY)
VALUES (2297, 109, 30, 2);
INSERT INTO ORDER_ITEM (ID, ORDER_ID, PRODUCT_ID, QUANTITY)
VALUES (2298, 109, 56, 15);
INSERT INTO ORDER_ITEM (ID, ORDER_ID, PRODUCT_ID, QUANTITY)
VALUES (2299, 109, 48, 2);
INSERT INTO ORDER_ITEM (ID, ORDER_ID, PRODUCT_ID, QUANTITY)
VALUES (2300, 109, 26, 17);
INSERT INTO ORDER_ITEM (ID, ORDER_ID, PRODUCT_ID, QUANTITY)
VALUES (2301, 109, 27, 10);
INSERT INTO ORDER_ITEM (ID, ORDER_ID, PRODUCT_ID, QUANTITY)
VALUES (2302, 109, 24, 20);
INSERT INTO ORDER_ITEM (ID, ORDER_ID, PRODUCT_ID, QUANTITY)
VALUES (2303, 109, 41, 10);
INSERT INTO ORDER_ITEM (ID, ORDER_ID, PRODUCT_ID, QUANTITY)
VALUES (2304, 109, 58, 3);
INSERT INTO ORDER_ITEM (ID, ORDER_ID, PRODUCT_ID, QUANTITY)
VALUES (2305, 109, 52, 10);
INSERT INTO ORDER_ITEM (ID, ORDER_ID, PRODUCT_ID, QUANTITY)
VALUES (2306, 109, 23, 8);
INSERT INTO ORDER_ITEM (ID, ORDER_ID, PRODUCT_ID, QUANTITY)
VALUES (2307, 109, 46, 18);
INSERT INTO ORDER_ITEM (ID, ORDER_ID, PRODUCT_ID, QUANTITY)
VALUES (2308, 109, 53, 20);
INSERT INTO ORDER_ITEM (ID, ORDER_ID, PRODUCT_ID, QUANTITY)
VALUES (2309, 109, 39, 19);
INSERT INTO ORDER_ITEM (ID, ORDER_ID, PRODUCT_ID, QUANTITY)
VALUES (2310, 109, 18, 16);
INSERT INTO ORDER_ITEM (ID, ORDER_ID, PRODUCT_ID, QUANTITY)
VALUES (2311, 109, 59, 18);
INSERT INTO ORDER_ITEM (ID, ORDER_ID, PRODUCT_ID, QUANTITY)
VALUES (2312, 109, 49, 19);
INSERT INTO ORDER_ITEM (ID, ORDER_ID, PRODUCT_ID, QUANTITY)
VALUES (2313, 109, 29, 8);
INSERT INTO ORDER_ITEM (ID, ORDER_ID, PRODUCT_ID, QUANTITY)
VALUES (2314, 109, 51, 8);
INSERT INTO ORDER_ITEM (ID, ORDER_ID, PRODUCT_ID, QUANTITY)
VALUES (2315, 109, 14, 9);
INSERT INTO ORDER_ITEM (ID, ORDER_ID, PRODUCT_ID, QUANTITY)
VALUES (2316, 109, 43, 10);
INSERT INTO ORDER_ITEM (ID, ORDER_ID, PRODUCT_ID, QUANTITY)
VALUES (2317, 109, 35, 15);
INSERT INTO ORDER_ITEM (ID, ORDER_ID, PRODUCT_ID, QUANTITY)
VALUES (2318, 109, 37, 19);
INSERT INTO ORDER_ITEM (ID, ORDER_ID, PRODUCT_ID, QUANTITY)
VALUES (2319, 109, 54, 20);
INSERT INTO ORDER_ITEM (ID, ORDER_ID, PRODUCT_ID, QUANTITY)
VALUES (2320, 109, 60, 2);
INSERT INTO ORDER_ITEM (ID, ORDER_ID, PRODUCT_ID, QUANTITY)
VALUES (2321, 109, 36, 13);
INSERT INTO ORDER_ITEM (ID, ORDER_ID, PRODUCT_ID, QUANTITY)
VALUES (2322, 109, 32, 3);
INSERT INTO ORDER_ITEM (ID, ORDER_ID, PRODUCT_ID, QUANTITY)
VALUES (2323, 109, 16, 6);
INSERT INTO ORDER_ITEM (ID, ORDER_ID, PRODUCT_ID, QUANTITY)
VALUES (2324, 109, 20, 6);
INSERT INTO ORDER_ITEM (ID, ORDER_ID, PRODUCT_ID, QUANTITY)
VALUES (2325, 109, 57, 6);
INSERT INTO ORDER_ITEM (ID, ORDER_ID, PRODUCT_ID, QUANTITY)
VALUES (2326, 109, 33, 5);
INSERT INTO ORDER_ITEM (ID, ORDER_ID, PRODUCT_ID, QUANTITY)
VALUES (2327, 109, 44, 5);
INSERT INTO ORDER_ITEM (ID, ORDER_ID, PRODUCT_ID, QUANTITY)
VALUES (2328, 109, 22, 13);
INSERT INTO ORDER_ITEM (ID, ORDER_ID, PRODUCT_ID, QUANTITY)
VALUES (2329, 109, 25, 7);
INSERT INTO ORDER_ITEM (ID, ORDER_ID, PRODUCT_ID, QUANTITY)
VALUES (2330, 109, 11, 0);
INSERT INTO ORDER_ITEM (ID, ORDER_ID, PRODUCT_ID, QUANTITY)
VALUES (2331, 109, 21, 4);
INSERT INTO ORDER_ITEM (ID, ORDER_ID, PRODUCT_ID, QUANTITY)
VALUES (2332, 109, 12, 1);
INSERT INTO ORDER_ITEM (ID, ORDER_ID, PRODUCT_ID, QUANTITY)
VALUES (2333, 109, 13, 6);
-- ### ORDER 100
INSERT INTO PAYMENT_DETAIL(ID, AMOUNT, PROVIDER, PROVIDER_PAYMENT_UUID)
VALUES (110, 1713.0, 'MASTERCARD', '75418871');
INSERT INTO ORDERS (ID, CUST_ID, PAYMENT_ID, STATUS, AMOUNT, CREATED_ON, UPDATED_ON)
VALUES (110, 777, 110, 'DELIVERED', 1713.0, LOCALTIMESTAMP, LOCALTIMESTAMP);
INSERT INTO ORDER_ITEM (ID, ORDER_ID, PRODUCT_ID, QUANTITY)
VALUES (2334, 110, 32, 9);
INSERT INTO ORDER_ITEM (ID, ORDER_ID, PRODUCT_ID, QUANTITY)
VALUES (2335, 110, 50, 16);
-- ### ORDER 101
INSERT INTO PAYMENT_DETAIL(ID, AMOUNT, PROVIDER, PROVIDER_PAYMENT_UUID)
VALUES (111, 3977.0, 'ICARD', '722297085');
INSERT INTO ORDERS (ID, CUST_ID, PAYMENT_ID, STATUS, AMOUNT, CREATED_ON, UPDATED_ON)
VALUES (111, 777, 111, 'DELIVERED', 3977.0, LOCALTIMESTAMP, LOCALTIMESTAMP);
INSERT INTO ORDER_ITEM (ID, ORDER_ID, PRODUCT_ID, QUANTITY)
VALUES (2336, 111, 42, 19);
INSERT INTO ORDER_ITEM (ID, ORDER_ID, PRODUCT_ID, QUANTITY)
VALUES (2337, 111, 21, 13);
INSERT INTO ORDER_ITEM (ID, ORDER_ID, PRODUCT_ID, QUANTITY)
VALUES (2338, 111, 33, 13);
INSERT INTO ORDER_ITEM (ID, ORDER_ID, PRODUCT_ID, QUANTITY)
VALUES (2339, 111, 59, 2);
INSERT INTO ORDER_ITEM (ID, ORDER_ID, PRODUCT_ID, QUANTITY)
VALUES (2340, 111, 17, 14);
INSERT INTO ORDER_ITEM (ID, ORDER_ID, PRODUCT_ID, QUANTITY)
VALUES (2341, 111, 43, 20);
INSERT INTO ORDER_ITEM (ID, ORDER_ID, PRODUCT_ID, QUANTITY)
VALUES (2342, 111, 13, 20);
INSERT INTO ORDER_ITEM (ID, ORDER_ID, PRODUCT_ID, QUANTITY)
VALUES (2343, 111, 18, 20);
INSERT INTO ORDER_ITEM (ID, ORDER_ID, PRODUCT_ID, QUANTITY)
VALUES (2344, 111, 46, 19);
INSERT INTO ORDER_ITEM (ID, ORDER_ID, PRODUCT_ID, QUANTITY)
VALUES (2345, 111, 19, 15);
INSERT INTO ORDER_ITEM (ID, ORDER_ID, PRODUCT_ID, QUANTITY)
VALUES (2346, 111, 51, 13);
INSERT INTO ORDER_ITEM (ID, ORDER_ID, PRODUCT_ID, QUANTITY)
VALUES (2347, 111, 55, 7);
-- ### ORDER 102
INSERT INTO PAYMENT_DETAIL(ID, AMOUNT, PROVIDER, PROVIDER_PAYMENT_UUID)
VALUES (112, 4180.0, 'MASTERCARD', '49057771');
INSERT INTO ORDERS (ID, CUST_ID, PAYMENT_ID, STATUS, AMOUNT, CREATED_ON, UPDATED_ON)
VALUES (112, 777, 112, 'DELIVERED', 4180.0, LOCALTIMESTAMP, LOCALTIMESTAMP);
INSERT INTO ORDER_ITEM (ID, ORDER_ID, PRODUCT_ID, QUANTITY)
VALUES (2348, 112, 16, 0);
INSERT INTO ORDER_ITEM (ID, ORDER_ID, PRODUCT_ID, QUANTITY)
VALUES (2349, 112, 19, 10);
INSERT INTO ORDER_ITEM (ID, ORDER_ID, PRODUCT_ID, QUANTITY)
VALUES (2350, 112, 42, 16);
INSERT INTO ORDER_ITEM (ID, ORDER_ID, PRODUCT_ID, QUANTITY)
VALUES (2351, 112, 12, 7);
INSERT INTO ORDER_ITEM (ID, ORDER_ID, PRODUCT_ID, QUANTITY)
VALUES (2352, 112, 26, 5);
INSERT INTO ORDER_ITEM (ID, ORDER_ID, PRODUCT_ID, QUANTITY)
VALUES (2353, 112, 34, 15);
-- ### ORDER 103
INSERT INTO PAYMENT_DETAIL(ID, AMOUNT, PROVIDER, PROVIDER_PAYMENT_UUID)
VALUES (113, 1023.0, 'MASTERCARD', '672342843');
INSERT INTO ORDERS (ID, CUST_ID, PAYMENT_ID, STATUS, AMOUNT, CREATED_ON, UPDATED_ON)
VALUES (113, 777, 113, 'DELIVERED', 1023.0, LOCALTIMESTAMP, LOCALTIMESTAMP);
-- ### ORDER 104
INSERT INTO PAYMENT_DETAIL(ID, AMOUNT, PROVIDER, PROVIDER_PAYMENT_UUID)
VALUES (114, 984.0, 'ICARD', '449263962');
INSERT INTO ORDERS (ID, CUST_ID, PAYMENT_ID, STATUS, AMOUNT, CREATED_ON, UPDATED_ON)
VALUES (114, 777, 114, 'DELIVERED', 984.0, LOCALTIMESTAMP, LOCALTIMESTAMP);
INSERT INTO ORDER_ITEM (ID, ORDER_ID, PRODUCT_ID, QUANTITY)
VALUES (2354, 114, 36, 10);
INSERT INTO ORDER_ITEM (ID, ORDER_ID, PRODUCT_ID, QUANTITY)
VALUES (2355, 114, 25, 15);
INSERT INTO ORDER_ITEM (ID, ORDER_ID, PRODUCT_ID, QUANTITY)
VALUES (2356, 114, 28, 20);
INSERT INTO ORDER_ITEM (ID, ORDER_ID, PRODUCT_ID, QUANTITY)
VALUES (2357, 114, 59, 5);
INSERT INTO ORDER_ITEM (ID, ORDER_ID, PRODUCT_ID, QUANTITY)
VALUES (2358, 114, 44, 2);
INSERT INTO ORDER_ITEM (ID, ORDER_ID, PRODUCT_ID, QUANTITY)
VALUES (2359, 114, 39, 17);
INSERT INTO ORDER_ITEM (ID, ORDER_ID, PRODUCT_ID, QUANTITY)
VALUES (2360, 114, 35, 13);
INSERT INTO ORDER_ITEM (ID, ORDER_ID, PRODUCT_ID, QUANTITY)
VALUES (2361, 114, 33, 19);
INSERT INTO ORDER_ITEM (ID, ORDER_ID, PRODUCT_ID, QUANTITY)
VALUES (2362, 114, 46, 17);
INSERT INTO ORDER_ITEM (ID, ORDER_ID, PRODUCT_ID, QUANTITY)
VALUES (2363, 114, 40, 12);
INSERT INTO ORDER_ITEM (ID, ORDER_ID, PRODUCT_ID, QUANTITY)
VALUES (2364, 114, 41, 4);
INSERT INTO ORDER_ITEM (ID, ORDER_ID, PRODUCT_ID, QUANTITY)
VALUES (2365, 114, 50, 5);
INSERT INTO ORDER_ITEM (ID, ORDER_ID, PRODUCT_ID, QUANTITY)
VALUES (2366, 114, 27, 15);
INSERT INTO ORDER_ITEM (ID, ORDER_ID, PRODUCT_ID, QUANTITY)
VALUES (2367, 114, 53, 1);
INSERT INTO ORDER_ITEM (ID, ORDER_ID, PRODUCT_ID, QUANTITY)
VALUES (2368, 114, 52, 16);
INSERT INTO ORDER_ITEM (ID, ORDER_ID, PRODUCT_ID, QUANTITY)
VALUES (2369, 114, 23, 5);
INSERT INTO ORDER_ITEM (ID, ORDER_ID, PRODUCT_ID, QUANTITY)
VALUES (2370, 114, 26, 12);
INSERT INTO ORDER_ITEM (ID, ORDER_ID, PRODUCT_ID, QUANTITY)
VALUES (2371, 114, 11, 14);
INSERT INTO ORDER_ITEM (ID, ORDER_ID, PRODUCT_ID, QUANTITY)
VALUES (2372, 114, 19, 19);
-- ### ORDER 105
INSERT INTO PAYMENT_DETAIL(ID, AMOUNT, PROVIDER, PROVIDER_PAYMENT_UUID)
VALUES (115, 3713.0, 'ICARD', '597442456');
INSERT INTO ORDERS (ID, CUST_ID, PAYMENT_ID, STATUS, AMOUNT, CREATED_ON, UPDATED_ON)
VALUES (115, 777, 115, 'DELIVERED', 3713.0, LOCALTIMESTAMP, LOCALTIMESTAMP);
INSERT INTO ORDER_ITEM (ID, ORDER_ID, PRODUCT_ID, QUANTITY)
VALUES (2373, 115, 20, 7);
INSERT INTO ORDER_ITEM (ID, ORDER_ID, PRODUCT_ID, QUANTITY)
VALUES (2374, 115, 25, 7);
INSERT INTO ORDER_ITEM (ID, ORDER_ID, PRODUCT_ID, QUANTITY)
VALUES (2375, 115, 49, 20);
INSERT INTO ORDER_ITEM (ID, ORDER_ID, PRODUCT_ID, QUANTITY)
VALUES (2376, 115, 45, 10);
INSERT INTO ORDER_ITEM (ID, ORDER_ID, PRODUCT_ID, QUANTITY)
VALUES (2377, 115, 46, 1);
INSERT INTO ORDER_ITEM (ID, ORDER_ID, PRODUCT_ID, QUANTITY)
VALUES (2378, 115, 27, 0);
INSERT INTO ORDER_ITEM (ID, ORDER_ID, PRODUCT_ID, QUANTITY)
VALUES (2379, 115, 12, 9);
INSERT INTO ORDER_ITEM (ID, ORDER_ID, PRODUCT_ID, QUANTITY)
VALUES (2380, 115, 18, 20);
INSERT INTO ORDER_ITEM (ID, ORDER_ID, PRODUCT_ID, QUANTITY)
VALUES (2381, 115, 22, 9);
INSERT INTO ORDER_ITEM (ID, ORDER_ID, PRODUCT_ID, QUANTITY)
VALUES (2382, 115, 26, 3);
-- ### ORDER 106
INSERT INTO PAYMENT_DETAIL(ID, AMOUNT, PROVIDER, PROVIDER_PAYMENT_UUID)
VALUES (116, 2449.0, 'ICARD', '52254535');
INSERT INTO ORDERS (ID, CUST_ID, PAYMENT_ID, STATUS, AMOUNT, CREATED_ON, UPDATED_ON)
VALUES (116, 777, 116, 'DELIVERED', 2449.0, LOCALTIMESTAMP, LOCALTIMESTAMP);
INSERT INTO ORDER_ITEM (ID, ORDER_ID, PRODUCT_ID, QUANTITY)
VALUES (2383, 116, 20, 9);
INSERT INTO ORDER_ITEM (ID, ORDER_ID, PRODUCT_ID, QUANTITY)
VALUES (2384, 116, 59, 19);
INSERT INTO ORDER_ITEM (ID, ORDER_ID, PRODUCT_ID, QUANTITY)
VALUES (2385, 116, 36, 7);
INSERT INTO ORDER_ITEM (ID, ORDER_ID, PRODUCT_ID, QUANTITY)
VALUES (2386, 116, 38, 4);
INSERT INTO ORDER_ITEM (ID, ORDER_ID, PRODUCT_ID, QUANTITY)
VALUES (2387, 116, 48, 18);
INSERT INTO ORDER_ITEM (ID, ORDER_ID, PRODUCT_ID, QUANTITY)
VALUES (2388, 116, 45, 17);
INSERT INTO ORDER_ITEM (ID, ORDER_ID, PRODUCT_ID, QUANTITY)
VALUES (2389, 116, 19, 20);
INSERT INTO ORDER_ITEM (ID, ORDER_ID, PRODUCT_ID, QUANTITY)
VALUES (2390, 116, 18, 1);
INSERT INTO ORDER_ITEM (ID, ORDER_ID, PRODUCT_ID, QUANTITY)
VALUES (2391, 116, 43, 11);
INSERT INTO ORDER_ITEM (ID, ORDER_ID, PRODUCT_ID, QUANTITY)
VALUES (2392, 116, 33, 3);
-- ### ORDER 107
INSERT INTO PAYMENT_DETAIL(ID, AMOUNT, PROVIDER, PROVIDER_PAYMENT_UUID)
VALUES (117, 2732.0, 'ICARD', '751933017');
INSERT INTO ORDERS (ID, CUST_ID, PAYMENT_ID, STATUS, AMOUNT, CREATED_ON, UPDATED_ON)
VALUES (117, 777, 117, 'DELIVERED', 2732.0, LOCALTIMESTAMP, LOCALTIMESTAMP);
INSERT INTO ORDER_ITEM (ID, ORDER_ID, PRODUCT_ID, QUANTITY)
VALUES (2393, 117, 54, 4);
INSERT INTO ORDER_ITEM (ID, ORDER_ID, PRODUCT_ID, QUANTITY)
VALUES (2394, 117, 60, 20);
INSERT INTO ORDER_ITEM (ID, ORDER_ID, PRODUCT_ID, QUANTITY)
VALUES (2395, 117, 25, 12);
INSERT INTO ORDER_ITEM (ID, ORDER_ID, PRODUCT_ID, QUANTITY)
VALUES (2396, 117, 34, 17);
INSERT INTO ORDER_ITEM (ID, ORDER_ID, PRODUCT_ID, QUANTITY)
VALUES (2397, 117, 23, 13);
INSERT INTO ORDER_ITEM (ID, ORDER_ID, PRODUCT_ID, QUANTITY)
VALUES (2398, 117, 26, 17);
INSERT INTO ORDER_ITEM (ID, ORDER_ID, PRODUCT_ID, QUANTITY)
VALUES (2399, 117, 17, 2);
INSERT INTO ORDER_ITEM (ID, ORDER_ID, PRODUCT_ID, QUANTITY)
VALUES (2400, 117, 50, 1);
INSERT INTO ORDER_ITEM (ID, ORDER_ID, PRODUCT_ID, QUANTITY)
VALUES (2401, 117, 39, 5);
INSERT INTO ORDER_ITEM (ID, ORDER_ID, PRODUCT_ID, QUANTITY)
VALUES (2402, 117, 37, 4);
INSERT INTO ORDER_ITEM (ID, ORDER_ID, PRODUCT_ID, QUANTITY)
VALUES (2403, 117, 13, 3);
INSERT INTO ORDER_ITEM (ID, ORDER_ID, PRODUCT_ID, QUANTITY)
VALUES (2404, 117, 46, 16);
INSERT INTO ORDER_ITEM (ID, ORDER_ID, PRODUCT_ID, QUANTITY)
VALUES (2405, 117, 38, 18);
INSERT INTO ORDER_ITEM (ID, ORDER_ID, PRODUCT_ID, QUANTITY)
VALUES (2406, 117, 12, 8);
INSERT INTO ORDER_ITEM (ID, ORDER_ID, PRODUCT_ID, QUANTITY)
VALUES (2407, 117, 55, 8);
INSERT INTO ORDER_ITEM (ID, ORDER_ID, PRODUCT_ID, QUANTITY)
VALUES (2408, 117, 14, 15);
INSERT INTO ORDER_ITEM (ID, ORDER_ID, PRODUCT_ID, QUANTITY)
VALUES (2409, 117, 57, 5);
INSERT INTO ORDER_ITEM (ID, ORDER_ID, PRODUCT_ID, QUANTITY)
VALUES (2410, 117, 59, 3);
INSERT INTO ORDER_ITEM (ID, ORDER_ID, PRODUCT_ID, QUANTITY)
VALUES (2411, 117, 42, 9);
INSERT INTO ORDER_ITEM (ID, ORDER_ID, PRODUCT_ID, QUANTITY)
VALUES (2412, 117, 53, 4);
INSERT INTO ORDER_ITEM (ID, ORDER_ID, PRODUCT_ID, QUANTITY)
VALUES (2413, 117, 36, 14);
INSERT INTO ORDER_ITEM (ID, ORDER_ID, PRODUCT_ID, QUANTITY)
VALUES (2414, 117, 48, 3);
INSERT INTO ORDER_ITEM (ID, ORDER_ID, PRODUCT_ID, QUANTITY)
VALUES (2415, 117, 27, 12);
-- ### ORDER 108
INSERT INTO PAYMENT_DETAIL(ID, AMOUNT, PROVIDER, PROVIDER_PAYMENT_UUID)
VALUES (118, 64.0, 'VISA', '116034645');
INSERT INTO ORDERS (ID, CUST_ID, PAYMENT_ID, STATUS, AMOUNT, CREATED_ON, UPDATED_ON)
VALUES (118, 777, 118, 'DELIVERED', 64.0, LOCALTIMESTAMP, LOCALTIMESTAMP);
INSERT INTO ORDER_ITEM (ID, ORDER_ID, PRODUCT_ID, QUANTITY)
VALUES (2416, 118, 13, 7);
INSERT INTO ORDER_ITEM (ID, ORDER_ID, PRODUCT_ID, QUANTITY)
VALUES (2417, 118, 46, 15);
INSERT INTO ORDER_ITEM (ID, ORDER_ID, PRODUCT_ID, QUANTITY)
VALUES (2418, 118, 27, 17);
INSERT INTO ORDER_ITEM (ID, ORDER_ID, PRODUCT_ID, QUANTITY)
VALUES (2419, 118, 42, 7);
INSERT INTO ORDER_ITEM (ID, ORDER_ID, PRODUCT_ID, QUANTITY)
VALUES (2420, 118, 17, 15);
INSERT INTO ORDER_ITEM (ID, ORDER_ID, PRODUCT_ID, QUANTITY)
VALUES (2421, 118, 47, 14);
INSERT INTO ORDER_ITEM (ID, ORDER_ID, PRODUCT_ID, QUANTITY)
VALUES (2422, 118, 44, 7);
INSERT INTO ORDER_ITEM (ID, ORDER_ID, PRODUCT_ID, QUANTITY)
VALUES (2423, 118, 43, 7);
INSERT INTO ORDER_ITEM (ID, ORDER_ID, PRODUCT_ID, QUANTITY)
VALUES (2424, 118, 15, 14);
INSERT INTO ORDER_ITEM (ID, ORDER_ID, PRODUCT_ID, QUANTITY)
VALUES (2425, 118, 36, 13);
INSERT INTO ORDER_ITEM (ID, ORDER_ID, PRODUCT_ID, QUANTITY)
VALUES (2426, 118, 41, 7);
INSERT INTO ORDER_ITEM (ID, ORDER_ID, PRODUCT_ID, QUANTITY)
VALUES (2427, 118, 12, 17);
INSERT INTO ORDER_ITEM (ID, ORDER_ID, PRODUCT_ID, QUANTITY)
VALUES (2428, 118, 38, 19);
INSERT INTO ORDER_ITEM (ID, ORDER_ID, PRODUCT_ID, QUANTITY)
VALUES (2429, 118, 33, 5);
INSERT INTO ORDER_ITEM (ID, ORDER_ID, PRODUCT_ID, QUANTITY)
VALUES (2430, 118, 20, 15);
INSERT INTO ORDER_ITEM (ID, ORDER_ID, PRODUCT_ID, QUANTITY)
VALUES (2431, 118, 45, 5);
INSERT INTO ORDER_ITEM (ID, ORDER_ID, PRODUCT_ID, QUANTITY)
VALUES (2432, 118, 14, 16);
INSERT INTO ORDER_ITEM (ID, ORDER_ID, PRODUCT_ID, QUANTITY)
VALUES (2433, 118, 11, 1);
INSERT INTO ORDER_ITEM (ID, ORDER_ID, PRODUCT_ID, QUANTITY)
VALUES (2434, 118, 55, 5);
INSERT INTO ORDER_ITEM (ID, ORDER_ID, PRODUCT_ID, QUANTITY)
VALUES (2435, 118, 56, 1);
INSERT INTO ORDER_ITEM (ID, ORDER_ID, PRODUCT_ID, QUANTITY)
VALUES (2436, 118, 49, 2);
INSERT INTO ORDER_ITEM (ID, ORDER_ID, PRODUCT_ID, QUANTITY)
VALUES (2437, 118, 51, 2);
-- ### ORDER 109
INSERT INTO PAYMENT_DETAIL(ID, AMOUNT, PROVIDER, PROVIDER_PAYMENT_UUID)
VALUES (119, 55.0, 'CRYPTO', '567600648');
INSERT INTO ORDERS (ID, CUST_ID, PAYMENT_ID, STATUS, AMOUNT, CREATED_ON, UPDATED_ON)
VALUES (119, 777, 119, 'DELIVERED', 55.0, LOCALTIMESTAMP, LOCALTIMESTAMP);
INSERT INTO ORDER_ITEM (ID, ORDER_ID, PRODUCT_ID, QUANTITY)
VALUES (2438, 119, 48, 10);
INSERT INTO ORDER_ITEM (ID, ORDER_ID, PRODUCT_ID, QUANTITY)
VALUES (2439, 119, 47, 10);
INSERT INTO ORDER_ITEM (ID, ORDER_ID, PRODUCT_ID, QUANTITY)
VALUES (2440, 119, 37, 17);
INSERT INTO ORDER_ITEM (ID, ORDER_ID, PRODUCT_ID, QUANTITY)
VALUES (2441, 119, 35, 6);
INSERT INTO ORDER_ITEM (ID, ORDER_ID, PRODUCT_ID, QUANTITY)
VALUES (2442, 119, 15, 7);
INSERT INTO ORDER_ITEM (ID, ORDER_ID, PRODUCT_ID, QUANTITY)
VALUES (2443, 119, 46, 9);
INSERT INTO ORDER_ITEM (ID, ORDER_ID, PRODUCT_ID, QUANTITY)
VALUES (2444, 119, 20, 2);
INSERT INTO ORDER_ITEM (ID, ORDER_ID, PRODUCT_ID, QUANTITY)
VALUES (2445, 119, 16, 3);
INSERT INTO ORDER_ITEM (ID, ORDER_ID, PRODUCT_ID, QUANTITY)
VALUES (2446, 119, 24, 14);
INSERT INTO ORDER_ITEM (ID, ORDER_ID, PRODUCT_ID, QUANTITY)
VALUES (2447, 119, 52, 15);
-- ### ORDER 110
INSERT INTO PAYMENT_DETAIL(ID, AMOUNT, PROVIDER, PROVIDER_PAYMENT_UUID)
VALUES (120, 1968.0, 'CRYPTO', '113829336');
INSERT INTO ORDERS (ID, CUST_ID, PAYMENT_ID, STATUS, AMOUNT, CREATED_ON, UPDATED_ON)
VALUES (120, 777, 120, 'DELIVERED', 1968.0, LOCALTIMESTAMP, LOCALTIMESTAMP);
INSERT INTO ORDER_ITEM (ID, ORDER_ID, PRODUCT_ID, QUANTITY)
VALUES (2448, 120, 60, 3);
INSERT INTO ORDER_ITEM (ID, ORDER_ID, PRODUCT_ID, QUANTITY)
VALUES (2449, 120, 43, 10);
INSERT INTO ORDER_ITEM (ID, ORDER_ID, PRODUCT_ID, QUANTITY)
VALUES (2450, 120, 57, 17);
INSERT INTO ORDER_ITEM (ID, ORDER_ID, PRODUCT_ID, QUANTITY)
VALUES (2451, 120, 17, 6);
INSERT INTO ORDER_ITEM (ID, ORDER_ID, PRODUCT_ID, QUANTITY)
VALUES (2452, 120, 44, 11);
INSERT INTO ORDER_ITEM (ID, ORDER_ID, PRODUCT_ID, QUANTITY)
VALUES (2453, 120, 37, 12);
INSERT INTO ORDER_ITEM (ID, ORDER_ID, PRODUCT_ID, QUANTITY)
VALUES (2454, 120, 32, 16);
INSERT INTO ORDER_ITEM (ID, ORDER_ID, PRODUCT_ID, QUANTITY)
VALUES (2455, 120, 42, 0);
INSERT INTO ORDER_ITEM (ID, ORDER_ID, PRODUCT_ID, QUANTITY)
VALUES (2456, 120, 56, 9);
INSERT INTO ORDER_ITEM (ID, ORDER_ID, PRODUCT_ID, QUANTITY)
VALUES (2457, 120, 54, 12);
INSERT INTO ORDER_ITEM (ID, ORDER_ID, PRODUCT_ID, QUANTITY)
VALUES (2458, 120, 26, 18);
INSERT INTO ORDER_ITEM (ID, ORDER_ID, PRODUCT_ID, QUANTITY)
VALUES (2459, 120, 19, 9);
INSERT INTO ORDER_ITEM (ID, ORDER_ID, PRODUCT_ID, QUANTITY)
VALUES (2460, 120, 20, 10);
INSERT INTO ORDER_ITEM (ID, ORDER_ID, PRODUCT_ID, QUANTITY)
VALUES (2461, 120, 46, 20);
INSERT INTO ORDER_ITEM (ID, ORDER_ID, PRODUCT_ID, QUANTITY)
VALUES (2462, 120, 30, 17);
-- ### ORDER 111
INSERT INTO PAYMENT_DETAIL(ID, AMOUNT, PROVIDER, PROVIDER_PAYMENT_UUID)
VALUES (121, 1032.0, 'CRYPTO', '335043711');
INSERT INTO ORDERS (ID, CUST_ID, PAYMENT_ID, STATUS, AMOUNT, CREATED_ON, UPDATED_ON)
VALUES (121, 777, 121, 'DELIVERED', 1032.0, LOCALTIMESTAMP, LOCALTIMESTAMP);
INSERT INTO ORDER_ITEM (ID, ORDER_ID, PRODUCT_ID, QUANTITY)
VALUES (2463, 121, 43, 13);
INSERT INTO ORDER_ITEM (ID, ORDER_ID, PRODUCT_ID, QUANTITY)
VALUES (2464, 121, 33, 5);
INSERT INTO ORDER_ITEM (ID, ORDER_ID, PRODUCT_ID, QUANTITY)
VALUES (2465, 121, 14, 3);
INSERT INTO ORDER_ITEM (ID, ORDER_ID, PRODUCT_ID, QUANTITY)
VALUES (2466, 121, 25, 18);
INSERT INTO ORDER_ITEM (ID, ORDER_ID, PRODUCT_ID, QUANTITY)
VALUES (2467, 121, 23, 5);
INSERT INTO ORDER_ITEM (ID, ORDER_ID, PRODUCT_ID, QUANTITY)
VALUES (2468, 121, 19, 20);
INSERT INTO ORDER_ITEM (ID, ORDER_ID, PRODUCT_ID, QUANTITY)
VALUES (2469, 121, 15, 16);
INSERT INTO ORDER_ITEM (ID, ORDER_ID, PRODUCT_ID, QUANTITY)
VALUES (2470, 121, 45, 18);
INSERT INTO ORDER_ITEM (ID, ORDER_ID, PRODUCT_ID, QUANTITY)
VALUES (2471, 121, 29, 15);
INSERT INTO ORDER_ITEM (ID, ORDER_ID, PRODUCT_ID, QUANTITY)
VALUES (2472, 121, 50, 14);
INSERT INTO ORDER_ITEM (ID, ORDER_ID, PRODUCT_ID, QUANTITY)
VALUES (2473, 121, 36, 16);
INSERT INTO ORDER_ITEM (ID, ORDER_ID, PRODUCT_ID, QUANTITY)
VALUES (2474, 121, 26, 16);
INSERT INTO ORDER_ITEM (ID, ORDER_ID, PRODUCT_ID, QUANTITY)
VALUES (2475, 121, 53, 2);
INSERT INTO ORDER_ITEM (ID, ORDER_ID, PRODUCT_ID, QUANTITY)
VALUES (2476, 121, 18, 6);
INSERT INTO ORDER_ITEM (ID, ORDER_ID, PRODUCT_ID, QUANTITY)
VALUES (2477, 121, 13, 13);
INSERT INTO ORDER_ITEM (ID, ORDER_ID, PRODUCT_ID, QUANTITY)
VALUES (2478, 121, 39, 12);
INSERT INTO ORDER_ITEM (ID, ORDER_ID, PRODUCT_ID, QUANTITY)
VALUES (2479, 121, 51, 16);
INSERT INTO ORDER_ITEM (ID, ORDER_ID, PRODUCT_ID, QUANTITY)
VALUES (2480, 121, 58, 0);
INSERT INTO ORDER_ITEM (ID, ORDER_ID, PRODUCT_ID, QUANTITY)
VALUES (2481, 121, 11, 13);
INSERT INTO ORDER_ITEM (ID, ORDER_ID, PRODUCT_ID, QUANTITY)
VALUES (2482, 121, 20, 7);
INSERT INTO ORDER_ITEM (ID, ORDER_ID, PRODUCT_ID, QUANTITY)
VALUES (2483, 121, 21, 10);
INSERT INTO ORDER_ITEM (ID, ORDER_ID, PRODUCT_ID, QUANTITY)
VALUES (2484, 121, 60, 0);
INSERT INTO ORDER_ITEM (ID, ORDER_ID, PRODUCT_ID, QUANTITY)
VALUES (2485, 121, 42, 6);
INSERT INTO ORDER_ITEM (ID, ORDER_ID, PRODUCT_ID, QUANTITY)
VALUES (2486, 121, 48, 5);
INSERT INTO ORDER_ITEM (ID, ORDER_ID, PRODUCT_ID, QUANTITY)
VALUES (2487, 121, 24, 14);
INSERT INTO ORDER_ITEM (ID, ORDER_ID, PRODUCT_ID, QUANTITY)
VALUES (2488, 121, 59, 4);
INSERT INTO ORDER_ITEM (ID, ORDER_ID, PRODUCT_ID, QUANTITY)
VALUES (2489, 121, 22, 13);
INSERT INTO ORDER_ITEM (ID, ORDER_ID, PRODUCT_ID, QUANTITY)
VALUES (2490, 121, 40, 8);
INSERT INTO ORDER_ITEM (ID, ORDER_ID, PRODUCT_ID, QUANTITY)
VALUES (2491, 121, 28, 12);
INSERT INTO ORDER_ITEM (ID, ORDER_ID, PRODUCT_ID, QUANTITY)
VALUES (2492, 121, 16, 9);
INSERT INTO ORDER_ITEM (ID, ORDER_ID, PRODUCT_ID, QUANTITY)
VALUES (2493, 121, 37, 15);
INSERT INTO ORDER_ITEM (ID, ORDER_ID, PRODUCT_ID, QUANTITY)
VALUES (2494, 121, 32, 11);
INSERT INTO ORDER_ITEM (ID, ORDER_ID, PRODUCT_ID, QUANTITY)
VALUES (2495, 121, 41, 15);
INSERT INTO ORDER_ITEM (ID, ORDER_ID, PRODUCT_ID, QUANTITY)
VALUES (2496, 121, 49, 8);
INSERT INTO ORDER_ITEM (ID, ORDER_ID, PRODUCT_ID, QUANTITY)
VALUES (2497, 121, 55, 5);
INSERT INTO ORDER_ITEM (ID, ORDER_ID, PRODUCT_ID, QUANTITY)
VALUES (2498, 121, 35, 19);
INSERT INTO ORDER_ITEM (ID, ORDER_ID, PRODUCT_ID, QUANTITY)
VALUES (2499, 121, 38, 2);
INSERT INTO ORDER_ITEM (ID, ORDER_ID, PRODUCT_ID, QUANTITY)
VALUES (2500, 121, 17, 6);
INSERT INTO ORDER_ITEM (ID, ORDER_ID, PRODUCT_ID, QUANTITY)
VALUES (2501, 121, 54, 4);
INSERT INTO ORDER_ITEM (ID, ORDER_ID, PRODUCT_ID, QUANTITY)
VALUES (2502, 121, 47, 18);
INSERT INTO ORDER_ITEM (ID, ORDER_ID, PRODUCT_ID, QUANTITY)
VALUES (2503, 121, 56, 13);
INSERT INTO ORDER_ITEM (ID, ORDER_ID, PRODUCT_ID, QUANTITY)
VALUES (2504, 121, 30, 11);
INSERT INTO ORDER_ITEM (ID, ORDER_ID, PRODUCT_ID, QUANTITY)
VALUES (2505, 121, 44, 4);
INSERT INTO ORDER_ITEM (ID, ORDER_ID, PRODUCT_ID, QUANTITY)
VALUES (2506, 121, 57, 9);
INSERT INTO ORDER_ITEM (ID, ORDER_ID, PRODUCT_ID, QUANTITY)
VALUES (2507, 121, 12, 16);
INSERT INTO ORDER_ITEM (ID, ORDER_ID, PRODUCT_ID, QUANTITY)
VALUES (2508, 121, 31, 19);
INSERT INTO ORDER_ITEM (ID, ORDER_ID, PRODUCT_ID, QUANTITY)
VALUES (2509, 121, 34, 14);
INSERT INTO ORDER_ITEM (ID, ORDER_ID, PRODUCT_ID, QUANTITY)
VALUES (2510, 121, 46, 12);
INSERT INTO ORDER_ITEM (ID, ORDER_ID, PRODUCT_ID, QUANTITY)
VALUES (2511, 121, 27, 3);
-- ### ORDER 112
INSERT INTO PAYMENT_DETAIL(ID, AMOUNT, PROVIDER, PROVIDER_PAYMENT_UUID)
VALUES (122, 752.0, 'CRYPTO', '132814755');
INSERT INTO ORDERS (ID, CUST_ID, PAYMENT_ID, STATUS, AMOUNT, CREATED_ON, UPDATED_ON)
VALUES (122, 777, 122, 'DELIVERED', 752.0, LOCALTIMESTAMP, LOCALTIMESTAMP);
INSERT INTO ORDER_ITEM (ID, ORDER_ID, PRODUCT_ID, QUANTITY)
VALUES (2512, 122, 21, 8);
INSERT INTO ORDER_ITEM (ID, ORDER_ID, PRODUCT_ID, QUANTITY)
VALUES (2513, 122, 46, 13);
INSERT INTO ORDER_ITEM (ID, ORDER_ID, PRODUCT_ID, QUANTITY)
VALUES (2514, 122, 47, 7);
INSERT INTO ORDER_ITEM (ID, ORDER_ID, PRODUCT_ID, QUANTITY)
VALUES (2515, 122, 12, 12);
INSERT INTO ORDER_ITEM (ID, ORDER_ID, PRODUCT_ID, QUANTITY)
VALUES (2516, 122, 17, 4);
-- ### ORDER 113
INSERT INTO PAYMENT_DETAIL(ID, AMOUNT, PROVIDER, PROVIDER_PAYMENT_UUID)
VALUES (123, 4070.0, 'MASTERCARD', '982008377');
INSERT INTO ORDERS (ID, CUST_ID, PAYMENT_ID, STATUS, AMOUNT, CREATED_ON, UPDATED_ON)
VALUES (123, 777, 123, 'DELIVERED', 4070.0, LOCALTIMESTAMP, LOCALTIMESTAMP);
INSERT INTO ORDER_ITEM (ID, ORDER_ID, PRODUCT_ID, QUANTITY)
VALUES (2517, 123, 23, 18);
INSERT INTO ORDER_ITEM (ID, ORDER_ID, PRODUCT_ID, QUANTITY)
VALUES (2518, 123, 17, 16);
INSERT INTO ORDER_ITEM (ID, ORDER_ID, PRODUCT_ID, QUANTITY)
VALUES (2519, 123, 41, 6);
INSERT INTO ORDER_ITEM (ID, ORDER_ID, PRODUCT_ID, QUANTITY)
VALUES (2520, 123, 44, 2);
INSERT INTO ORDER_ITEM (ID, ORDER_ID, PRODUCT_ID, QUANTITY)
VALUES (2521, 123, 24, 18);
-- ### ORDER 114
INSERT INTO PAYMENT_DETAIL(ID, AMOUNT, PROVIDER, PROVIDER_PAYMENT_UUID)
VALUES (124, 4488.0, 'VISA', '740343357');
INSERT INTO ORDERS (ID, CUST_ID, PAYMENT_ID, STATUS, AMOUNT, CREATED_ON, UPDATED_ON)
VALUES (124, 777, 124, 'DELIVERED', 4488.0, LOCALTIMESTAMP, LOCALTIMESTAMP);
INSERT INTO ORDER_ITEM (ID, ORDER_ID, PRODUCT_ID, QUANTITY)
VALUES (2522, 124, 24, 15);
INSERT INTO ORDER_ITEM (ID, ORDER_ID, PRODUCT_ID, QUANTITY)
VALUES (2523, 124, 19, 7);
INSERT INTO ORDER_ITEM (ID, ORDER_ID, PRODUCT_ID, QUANTITY)
VALUES (2524, 124, 52, 3);
INSERT INTO ORDER_ITEM (ID, ORDER_ID, PRODUCT_ID, QUANTITY)
VALUES (2525, 124, 60, 6);
INSERT INTO ORDER_ITEM (ID, ORDER_ID, PRODUCT_ID, QUANTITY)
VALUES (2526, 124, 37, 3);
INSERT INTO ORDER_ITEM (ID, ORDER_ID, PRODUCT_ID, QUANTITY)
VALUES (2527, 124, 45, 1);
INSERT INTO ORDER_ITEM (ID, ORDER_ID, PRODUCT_ID, QUANTITY)
VALUES (2528, 124, 33, 20);
INSERT INTO ORDER_ITEM (ID, ORDER_ID, PRODUCT_ID, QUANTITY)
VALUES (2529, 124, 20, 0);
INSERT INTO ORDER_ITEM (ID, ORDER_ID, PRODUCT_ID, QUANTITY)
VALUES (2530, 124, 32, 13);
INSERT INTO ORDER_ITEM (ID, ORDER_ID, PRODUCT_ID, QUANTITY)
VALUES (2531, 124, 23, 14);
INSERT INTO ORDER_ITEM (ID, ORDER_ID, PRODUCT_ID, QUANTITY)
VALUES (2532, 124, 18, 8);
INSERT INTO ORDER_ITEM (ID, ORDER_ID, PRODUCT_ID, QUANTITY)
VALUES (2533, 124, 30, 19);
INSERT INTO ORDER_ITEM (ID, ORDER_ID, PRODUCT_ID, QUANTITY)
VALUES (2534, 124, 29, 7);
INSERT INTO ORDER_ITEM (ID, ORDER_ID, PRODUCT_ID, QUANTITY)
VALUES (2535, 124, 16, 14);
INSERT INTO ORDER_ITEM (ID, ORDER_ID, PRODUCT_ID, QUANTITY)
VALUES (2536, 124, 40, 19);
INSERT INTO ORDER_ITEM (ID, ORDER_ID, PRODUCT_ID, QUANTITY)
VALUES (2537, 124, 51, 20);
INSERT INTO ORDER_ITEM (ID, ORDER_ID, PRODUCT_ID, QUANTITY)
VALUES (2538, 124, 47, 11);
INSERT INTO ORDER_ITEM (ID, ORDER_ID, PRODUCT_ID, QUANTITY)
VALUES (2539, 124, 26, 4);
INSERT INTO ORDER_ITEM (ID, ORDER_ID, PRODUCT_ID, QUANTITY)
VALUES (2540, 124, 48, 6);
-- ### ORDER 115
INSERT INTO PAYMENT_DETAIL(ID, AMOUNT, PROVIDER, PROVIDER_PAYMENT_UUID)
VALUES (125, 640.0, 'ICARD', '423664934');
INSERT INTO ORDERS (ID, CUST_ID, PAYMENT_ID, STATUS, AMOUNT, CREATED_ON, UPDATED_ON)
VALUES (125, 777, 125, 'DELIVERED', 640.0, LOCALTIMESTAMP, LOCALTIMESTAMP);
INSERT INTO ORDER_ITEM (ID, ORDER_ID, PRODUCT_ID, QUANTITY)
VALUES (2541, 125, 52, 12);
INSERT INTO ORDER_ITEM (ID, ORDER_ID, PRODUCT_ID, QUANTITY)
VALUES (2542, 125, 20, 0);
INSERT INTO ORDER_ITEM (ID, ORDER_ID, PRODUCT_ID, QUANTITY)
VALUES (2543, 125, 29, 18);
INSERT INTO ORDER_ITEM (ID, ORDER_ID, PRODUCT_ID, QUANTITY)
VALUES (2544, 125, 57, 0);
INSERT INTO ORDER_ITEM (ID, ORDER_ID, PRODUCT_ID, QUANTITY)
VALUES (2545, 125, 49, 12);
INSERT INTO ORDER_ITEM (ID, ORDER_ID, PRODUCT_ID, QUANTITY)
VALUES (2546, 125, 17, 16);
INSERT INTO ORDER_ITEM (ID, ORDER_ID, PRODUCT_ID, QUANTITY)
VALUES (2547, 125, 30, 1);
-- ### ORDER 116
INSERT INTO PAYMENT_DETAIL(ID, AMOUNT, PROVIDER, PROVIDER_PAYMENT_UUID)
VALUES (126, 470.0, 'ICARD', '866412989');
INSERT INTO ORDERS (ID, CUST_ID, PAYMENT_ID, STATUS, AMOUNT, CREATED_ON, UPDATED_ON)
VALUES (126, 777, 126, 'DELIVERED', 470.0, LOCALTIMESTAMP, LOCALTIMESTAMP);
INSERT INTO ORDER_ITEM (ID, ORDER_ID, PRODUCT_ID, QUANTITY)
VALUES (2548, 126, 25, 19);
INSERT INTO ORDER_ITEM (ID, ORDER_ID, PRODUCT_ID, QUANTITY)
VALUES (2549, 126, 34, 14);
INSERT INTO ORDER_ITEM (ID, ORDER_ID, PRODUCT_ID, QUANTITY)
VALUES (2550, 126, 43, 7);
INSERT INTO ORDER_ITEM (ID, ORDER_ID, PRODUCT_ID, QUANTITY)
VALUES (2551, 126, 30, 16);
INSERT INTO ORDER_ITEM (ID, ORDER_ID, PRODUCT_ID, QUANTITY)
VALUES (2552, 126, 52, 9);
INSERT INTO ORDER_ITEM (ID, ORDER_ID, PRODUCT_ID, QUANTITY)
VALUES (2553, 126, 41, 18);
INSERT INTO ORDER_ITEM (ID, ORDER_ID, PRODUCT_ID, QUANTITY)
VALUES (2554, 126, 53, 7);
INSERT INTO ORDER_ITEM (ID, ORDER_ID, PRODUCT_ID, QUANTITY)
VALUES (2555, 126, 33, 11);
INSERT INTO ORDER_ITEM (ID, ORDER_ID, PRODUCT_ID, QUANTITY)
VALUES (2556, 126, 17, 9);
INSERT INTO ORDER_ITEM (ID, ORDER_ID, PRODUCT_ID, QUANTITY)
VALUES (2557, 126, 57, 12);
INSERT INTO ORDER_ITEM (ID, ORDER_ID, PRODUCT_ID, QUANTITY)
VALUES (2558, 126, 47, 12);
INSERT INTO ORDER_ITEM (ID, ORDER_ID, PRODUCT_ID, QUANTITY)
VALUES (2559, 126, 24, 3);
-- ### ORDER 117
INSERT INTO PAYMENT_DETAIL(ID, AMOUNT, PROVIDER, PROVIDER_PAYMENT_UUID)
VALUES (127, 639.0, 'VISA', '913207721');
INSERT INTO ORDERS (ID, CUST_ID, PAYMENT_ID, STATUS, AMOUNT, CREATED_ON, UPDATED_ON)
VALUES (127, 777, 127, 'DELIVERED', 639.0, LOCALTIMESTAMP, LOCALTIMESTAMP);
INSERT INTO ORDER_ITEM (ID, ORDER_ID, PRODUCT_ID, QUANTITY)
VALUES (2560, 127, 45, 1);
INSERT INTO ORDER_ITEM (ID, ORDER_ID, PRODUCT_ID, QUANTITY)
VALUES (2561, 127, 56, 15);
INSERT INTO ORDER_ITEM (ID, ORDER_ID, PRODUCT_ID, QUANTITY)
VALUES (2562, 127, 35, 12);
INSERT INTO ORDER_ITEM (ID, ORDER_ID, PRODUCT_ID, QUANTITY)
VALUES (2563, 127, 55, 11);
INSERT INTO ORDER_ITEM (ID, ORDER_ID, PRODUCT_ID, QUANTITY)
VALUES (2564, 127, 57, 5);
INSERT INTO ORDER_ITEM (ID, ORDER_ID, PRODUCT_ID, QUANTITY)
VALUES (2565, 127, 29, 15);
INSERT INTO ORDER_ITEM (ID, ORDER_ID, PRODUCT_ID, QUANTITY)
VALUES (2566, 127, 39, 18);
INSERT INTO ORDER_ITEM (ID, ORDER_ID, PRODUCT_ID, QUANTITY)
VALUES (2567, 127, 52, 3);
INSERT INTO ORDER_ITEM (ID, ORDER_ID, PRODUCT_ID, QUANTITY)
VALUES (2568, 127, 60, 18);
INSERT INTO ORDER_ITEM (ID, ORDER_ID, PRODUCT_ID, QUANTITY)
VALUES (2569, 127, 25, 19);
INSERT INTO ORDER_ITEM (ID, ORDER_ID, PRODUCT_ID, QUANTITY)
VALUES (2570, 127, 17, 18);
INSERT INTO ORDER_ITEM (ID, ORDER_ID, PRODUCT_ID, QUANTITY)
VALUES (2571, 127, 16, 7);
INSERT INTO ORDER_ITEM (ID, ORDER_ID, PRODUCT_ID, QUANTITY)
VALUES (2572, 127, 51, 4);
INSERT INTO ORDER_ITEM (ID, ORDER_ID, PRODUCT_ID, QUANTITY)
VALUES (2573, 127, 20, 10);
INSERT INTO ORDER_ITEM (ID, ORDER_ID, PRODUCT_ID, QUANTITY)
VALUES (2574, 127, 38, 7);
INSERT INTO ORDER_ITEM (ID, ORDER_ID, PRODUCT_ID, QUANTITY)
VALUES (2575, 127, 49, 6);
INSERT INTO ORDER_ITEM (ID, ORDER_ID, PRODUCT_ID, QUANTITY)
VALUES (2576, 127, 21, 0);
INSERT INTO ORDER_ITEM (ID, ORDER_ID, PRODUCT_ID, QUANTITY)
VALUES (2577, 127, 28, 8);
INSERT INTO ORDER_ITEM (ID, ORDER_ID, PRODUCT_ID, QUANTITY)
VALUES (2578, 127, 11, 13);
INSERT INTO ORDER_ITEM (ID, ORDER_ID, PRODUCT_ID, QUANTITY)
VALUES (2579, 127, 43, 12);
INSERT INTO ORDER_ITEM (ID, ORDER_ID, PRODUCT_ID, QUANTITY)
VALUES (2580, 127, 34, 3);
INSERT INTO ORDER_ITEM (ID, ORDER_ID, PRODUCT_ID, QUANTITY)
VALUES (2581, 127, 41, 16);
INSERT INTO ORDER_ITEM (ID, ORDER_ID, PRODUCT_ID, QUANTITY)
VALUES (2582, 127, 53, 10);
INSERT INTO ORDER_ITEM (ID, ORDER_ID, PRODUCT_ID, QUANTITY)
VALUES (2583, 127, 58, 16);
INSERT INTO ORDER_ITEM (ID, ORDER_ID, PRODUCT_ID, QUANTITY)
VALUES (2584, 127, 14, 18);
INSERT INTO ORDER_ITEM (ID, ORDER_ID, PRODUCT_ID, QUANTITY)
VALUES (2585, 127, 15, 5);
INSERT INTO ORDER_ITEM (ID, ORDER_ID, PRODUCT_ID, QUANTITY)
VALUES (2586, 127, 30, 12);
INSERT INTO ORDER_ITEM (ID, ORDER_ID, PRODUCT_ID, QUANTITY)
VALUES (2587, 127, 18, 16);
INSERT INTO ORDER_ITEM (ID, ORDER_ID, PRODUCT_ID, QUANTITY)
VALUES (2588, 127, 36, 7);
-- ### ORDER 118
INSERT INTO PAYMENT_DETAIL(ID, AMOUNT, PROVIDER, PROVIDER_PAYMENT_UUID)
VALUES (128, 1817.0, 'ICARD', '1961422');
INSERT INTO ORDERS (ID, CUST_ID, PAYMENT_ID, STATUS, AMOUNT, CREATED_ON, UPDATED_ON)
VALUES (128, 777, 128, 'DELIVERED', 1817.0, LOCALTIMESTAMP, LOCALTIMESTAMP);
INSERT INTO ORDER_ITEM (ID, ORDER_ID, PRODUCT_ID, QUANTITY)
VALUES (2589, 128, 52, 18);
INSERT INTO ORDER_ITEM (ID, ORDER_ID, PRODUCT_ID, QUANTITY)
VALUES (2590, 128, 13, 10);
INSERT INTO ORDER_ITEM (ID, ORDER_ID, PRODUCT_ID, QUANTITY)
VALUES (2591, 128, 30, 3);
INSERT INTO ORDER_ITEM (ID, ORDER_ID, PRODUCT_ID, QUANTITY)
VALUES (2592, 128, 56, 0);
INSERT INTO ORDER_ITEM (ID, ORDER_ID, PRODUCT_ID, QUANTITY)
VALUES (2593, 128, 36, 12);
INSERT INTO ORDER_ITEM (ID, ORDER_ID, PRODUCT_ID, QUANTITY)
VALUES (2594, 128, 12, 11);
INSERT INTO ORDER_ITEM (ID, ORDER_ID, PRODUCT_ID, QUANTITY)
VALUES (2595, 128, 14, 12);
INSERT INTO ORDER_ITEM (ID, ORDER_ID, PRODUCT_ID, QUANTITY)
VALUES (2596, 128, 20, 15);
INSERT INTO ORDER_ITEM (ID, ORDER_ID, PRODUCT_ID, QUANTITY)
VALUES (2597, 128, 26, 7);
INSERT INTO ORDER_ITEM (ID, ORDER_ID, PRODUCT_ID, QUANTITY)
VALUES (2598, 128, 23, 10);
INSERT INTO ORDER_ITEM (ID, ORDER_ID, PRODUCT_ID, QUANTITY)
VALUES (2599, 128, 54, 18);
INSERT INTO ORDER_ITEM (ID, ORDER_ID, PRODUCT_ID, QUANTITY)
VALUES (2600, 128, 33, 11);
INSERT INTO ORDER_ITEM (ID, ORDER_ID, PRODUCT_ID, QUANTITY)
VALUES (2601, 128, 47, 13);
INSERT INTO ORDER_ITEM (ID, ORDER_ID, PRODUCT_ID, QUANTITY)
VALUES (2602, 128, 24, 15);
INSERT INTO ORDER_ITEM (ID, ORDER_ID, PRODUCT_ID, QUANTITY)
VALUES (2603, 128, 34, 3);
INSERT INTO ORDER_ITEM (ID, ORDER_ID, PRODUCT_ID, QUANTITY)
VALUES (2604, 128, 50, 14);
INSERT INTO ORDER_ITEM (ID, ORDER_ID, PRODUCT_ID, QUANTITY)
VALUES (2605, 128, 19, 18);
INSERT INTO ORDER_ITEM (ID, ORDER_ID, PRODUCT_ID, QUANTITY)
VALUES (2606, 128, 57, 19);
INSERT INTO ORDER_ITEM (ID, ORDER_ID, PRODUCT_ID, QUANTITY)
VALUES (2607, 128, 28, 18);
INSERT INTO ORDER_ITEM (ID, ORDER_ID, PRODUCT_ID, QUANTITY)
VALUES (2608, 128, 15, 18);
INSERT INTO ORDER_ITEM (ID, ORDER_ID, PRODUCT_ID, QUANTITY)
VALUES (2609, 128, 59, 9);
INSERT INTO ORDER_ITEM (ID, ORDER_ID, PRODUCT_ID, QUANTITY)
VALUES (2610, 128, 25, 9);
INSERT INTO ORDER_ITEM (ID, ORDER_ID, PRODUCT_ID, QUANTITY)
VALUES (2611, 128, 17, 14);
INSERT INTO ORDER_ITEM (ID, ORDER_ID, PRODUCT_ID, QUANTITY)
VALUES (2612, 128, 32, 17);
INSERT INTO ORDER_ITEM (ID, ORDER_ID, PRODUCT_ID, QUANTITY)
VALUES (2613, 128, 37, 7);
INSERT INTO ORDER_ITEM (ID, ORDER_ID, PRODUCT_ID, QUANTITY)
VALUES (2614, 128, 16, 7);
INSERT INTO ORDER_ITEM (ID, ORDER_ID, PRODUCT_ID, QUANTITY)
VALUES (2615, 128, 60, 11);
INSERT INTO ORDER_ITEM (ID, ORDER_ID, PRODUCT_ID, QUANTITY)
VALUES (2616, 128, 46, 11);
INSERT INTO ORDER_ITEM (ID, ORDER_ID, PRODUCT_ID, QUANTITY)
VALUES (2617, 128, 22, 3);
INSERT INTO ORDER_ITEM (ID, ORDER_ID, PRODUCT_ID, QUANTITY)
VALUES (2618, 128, 21, 2);
INSERT INTO ORDER_ITEM (ID, ORDER_ID, PRODUCT_ID, QUANTITY)
VALUES (2619, 128, 39, 3);
INSERT INTO ORDER_ITEM (ID, ORDER_ID, PRODUCT_ID, QUANTITY)
VALUES (2620, 128, 27, 16);
INSERT INTO ORDER_ITEM (ID, ORDER_ID, PRODUCT_ID, QUANTITY)
VALUES (2621, 128, 45, 14);
INSERT INTO ORDER_ITEM (ID, ORDER_ID, PRODUCT_ID, QUANTITY)
VALUES (2622, 128, 44, 0);
INSERT INTO ORDER_ITEM (ID, ORDER_ID, PRODUCT_ID, QUANTITY)
VALUES (2623, 128, 48, 9);
INSERT INTO ORDER_ITEM (ID, ORDER_ID, PRODUCT_ID, QUANTITY)
VALUES (2624, 128, 35, 13);
INSERT INTO ORDER_ITEM (ID, ORDER_ID, PRODUCT_ID, QUANTITY)
VALUES (2625, 128, 55, 11);
INSERT INTO ORDER_ITEM (ID, ORDER_ID, PRODUCT_ID, QUANTITY)
VALUES (2626, 128, 38, 13);
INSERT INTO ORDER_ITEM (ID, ORDER_ID, PRODUCT_ID, QUANTITY)
VALUES (2627, 128, 49, 14);
INSERT INTO ORDER_ITEM (ID, ORDER_ID, PRODUCT_ID, QUANTITY)
VALUES (2628, 128, 18, 7);
INSERT INTO ORDER_ITEM (ID, ORDER_ID, PRODUCT_ID, QUANTITY)
VALUES (2629, 128, 43, 17);
INSERT INTO ORDER_ITEM (ID, ORDER_ID, PRODUCT_ID, QUANTITY)
VALUES (2630, 128, 53, 11);
INSERT INTO ORDER_ITEM (ID, ORDER_ID, PRODUCT_ID, QUANTITY)
VALUES (2631, 128, 29, 14);
INSERT INTO ORDER_ITEM (ID, ORDER_ID, PRODUCT_ID, QUANTITY)
VALUES (2632, 128, 11, 5);
-- ### ORDER 119
INSERT INTO PAYMENT_DETAIL(ID, AMOUNT, PROVIDER, PROVIDER_PAYMENT_UUID)
VALUES (129, 128.0, 'CRYPTO', '60488282');
INSERT INTO ORDERS (ID, CUST_ID, PAYMENT_ID, STATUS, AMOUNT, CREATED_ON, UPDATED_ON)
VALUES (129, 777, 129, 'DELIVERED', 128.0, LOCALTIMESTAMP, LOCALTIMESTAMP);
INSERT INTO ORDER_ITEM (ID, ORDER_ID, PRODUCT_ID, QUANTITY)
VALUES (2633, 129, 37, 1);
INSERT INTO ORDER_ITEM (ID, ORDER_ID, PRODUCT_ID, QUANTITY)
VALUES (2634, 129, 31, 1);
INSERT INTO ORDER_ITEM (ID, ORDER_ID, PRODUCT_ID, QUANTITY)
VALUES (2635, 129, 27, 1);
INSERT INTO ORDER_ITEM (ID, ORDER_ID, PRODUCT_ID, QUANTITY)
VALUES (2636, 129, 36, 19);
INSERT INTO ORDER_ITEM (ID, ORDER_ID, PRODUCT_ID, QUANTITY)
VALUES (2637, 129, 48, 8);
INSERT INTO ORDER_ITEM (ID, ORDER_ID, PRODUCT_ID, QUANTITY)
VALUES (2638, 129, 13, 11);
INSERT INTO ORDER_ITEM (ID, ORDER_ID, PRODUCT_ID, QUANTITY)
VALUES (2639, 129, 16, 20);
INSERT INTO ORDER_ITEM (ID, ORDER_ID, PRODUCT_ID, QUANTITY)
VALUES (2640, 129, 41, 7);
INSERT INTO ORDER_ITEM (ID, ORDER_ID, PRODUCT_ID, QUANTITY)
VALUES (2641, 129, 29, 8);
INSERT INTO ORDER_ITEM (ID, ORDER_ID, PRODUCT_ID, QUANTITY)
VALUES (2642, 129, 50, 7);
INSERT INTO ORDER_ITEM (ID, ORDER_ID, PRODUCT_ID, QUANTITY)
VALUES (2643, 129, 42, 17);
INSERT INTO ORDER_ITEM (ID, ORDER_ID, PRODUCT_ID, QUANTITY)
VALUES (2644, 129, 59, 13);
INSERT INTO ORDER_ITEM (ID, ORDER_ID, PRODUCT_ID, QUANTITY)
VALUES (2645, 129, 49, 13);
INSERT INTO ORDER_ITEM (ID, ORDER_ID, PRODUCT_ID, QUANTITY)
VALUES (2646, 129, 34, 2);
INSERT INTO ORDER_ITEM (ID, ORDER_ID, PRODUCT_ID, QUANTITY)
VALUES (2647, 129, 21, 13);
INSERT INTO ORDER_ITEM (ID, ORDER_ID, PRODUCT_ID, QUANTITY)
VALUES (2648, 129, 18, 16);
INSERT INTO ORDER_ITEM (ID, ORDER_ID, PRODUCT_ID, QUANTITY)
VALUES (2649, 129, 25, 7);
INSERT INTO ORDER_ITEM (ID, ORDER_ID, PRODUCT_ID, QUANTITY)
VALUES (2650, 129, 58, 18);
INSERT INTO ORDER_ITEM (ID, ORDER_ID, PRODUCT_ID, QUANTITY)
VALUES (2651, 129, 33, 1);
INSERT INTO ORDER_ITEM (ID, ORDER_ID, PRODUCT_ID, QUANTITY)
VALUES (2652, 129, 52, 14);
-- ### ORDER 120
INSERT INTO PAYMENT_DETAIL(ID, AMOUNT, PROVIDER, PROVIDER_PAYMENT_UUID)
VALUES (130, 965.0, 'PAYPAL', '436551457');
INSERT INTO ORDERS (ID, CUST_ID, PAYMENT_ID, STATUS, AMOUNT, CREATED_ON, UPDATED_ON)
VALUES (130, 777, 130, 'DELIVERED', 965.0, LOCALTIMESTAMP, LOCALTIMESTAMP);
INSERT INTO ORDER_ITEM (ID, ORDER_ID, PRODUCT_ID, QUANTITY)
VALUES (2653, 130, 15, 12);
INSERT INTO ORDER_ITEM (ID, ORDER_ID, PRODUCT_ID, QUANTITY)
VALUES (2654, 130, 36, 12);
INSERT INTO ORDER_ITEM (ID, ORDER_ID, PRODUCT_ID, QUANTITY)
VALUES (2655, 130, 39, 15);
INSERT INTO ORDER_ITEM (ID, ORDER_ID, PRODUCT_ID, QUANTITY)
VALUES (2656, 130, 41, 15);
INSERT INTO ORDER_ITEM (ID, ORDER_ID, PRODUCT_ID, QUANTITY)
VALUES (2657, 130, 60, 7);
INSERT INTO ORDER_ITEM (ID, ORDER_ID, PRODUCT_ID, QUANTITY)
VALUES (2658, 130, 13, 18);
INSERT INTO ORDER_ITEM (ID, ORDER_ID, PRODUCT_ID, QUANTITY)
VALUES (2659, 130, 49, 9);
INSERT INTO ORDER_ITEM (ID, ORDER_ID, PRODUCT_ID, QUANTITY)
VALUES (2660, 130, 56, 11);
INSERT INTO ORDER_ITEM (ID, ORDER_ID, PRODUCT_ID, QUANTITY)
VALUES (2661, 130, 40, 12);
INSERT INTO ORDER_ITEM (ID, ORDER_ID, PRODUCT_ID, QUANTITY)
VALUES (2662, 130, 42, 12);
INSERT INTO ORDER_ITEM (ID, ORDER_ID, PRODUCT_ID, QUANTITY)
VALUES (2663, 130, 44, 13);
-- ### ORDER 121
INSERT INTO PAYMENT_DETAIL(ID, AMOUNT, PROVIDER, PROVIDER_PAYMENT_UUID)
VALUES (131, 1732.0, 'CRYPTO', '513366211');
INSERT INTO ORDERS (ID, CUST_ID, PAYMENT_ID, STATUS, AMOUNT, CREATED_ON, UPDATED_ON)
VALUES (131, 777, 131, 'DELIVERED', 1732.0, LOCALTIMESTAMP, LOCALTIMESTAMP);
INSERT INTO ORDER_ITEM (ID, ORDER_ID, PRODUCT_ID, QUANTITY)
VALUES (2664, 131, 32, 13);
INSERT INTO ORDER_ITEM (ID, ORDER_ID, PRODUCT_ID, QUANTITY)
VALUES (2665, 131, 43, 3);
INSERT INTO ORDER_ITEM (ID, ORDER_ID, PRODUCT_ID, QUANTITY)
VALUES (2666, 131, 39, 2);
INSERT INTO ORDER_ITEM (ID, ORDER_ID, PRODUCT_ID, QUANTITY)
VALUES (2667, 131, 22, 3);
INSERT INTO ORDER_ITEM (ID, ORDER_ID, PRODUCT_ID, QUANTITY)
VALUES (2668, 131, 13, 13);
INSERT INTO ORDER_ITEM (ID, ORDER_ID, PRODUCT_ID, QUANTITY)
VALUES (2669, 131, 44, 10);
INSERT INTO ORDER_ITEM (ID, ORDER_ID, PRODUCT_ID, QUANTITY)
VALUES (2670, 131, 60, 6);
INSERT INTO ORDER_ITEM (ID, ORDER_ID, PRODUCT_ID, QUANTITY)
VALUES (2671, 131, 51, 4);
INSERT INTO ORDER_ITEM (ID, ORDER_ID, PRODUCT_ID, QUANTITY)
VALUES (2672, 131, 17, 6);
INSERT INTO ORDER_ITEM (ID, ORDER_ID, PRODUCT_ID, QUANTITY)
VALUES (2673, 131, 24, 10);
INSERT INTO ORDER_ITEM (ID, ORDER_ID, PRODUCT_ID, QUANTITY)
VALUES (2674, 131, 54, 17);
INSERT INTO ORDER_ITEM (ID, ORDER_ID, PRODUCT_ID, QUANTITY)
VALUES (2675, 131, 29, 16);
INSERT INTO ORDER_ITEM (ID, ORDER_ID, PRODUCT_ID, QUANTITY)
VALUES (2676, 131, 12, 0);
INSERT INTO ORDER_ITEM (ID, ORDER_ID, PRODUCT_ID, QUANTITY)
VALUES (2677, 131, 58, 1);
INSERT INTO ORDER_ITEM (ID, ORDER_ID, PRODUCT_ID, QUANTITY)
VALUES (2678, 131, 21, 18);
INSERT INTO ORDER_ITEM (ID, ORDER_ID, PRODUCT_ID, QUANTITY)
VALUES (2679, 131, 37, 9);
INSERT INTO ORDER_ITEM (ID, ORDER_ID, PRODUCT_ID, QUANTITY)
VALUES (2680, 131, 50, 0);
INSERT INTO ORDER_ITEM (ID, ORDER_ID, PRODUCT_ID, QUANTITY)
VALUES (2681, 131, 38, 10);
INSERT INTO ORDER_ITEM (ID, ORDER_ID, PRODUCT_ID, QUANTITY)
VALUES (2682, 131, 27, 10);
INSERT INTO ORDER_ITEM (ID, ORDER_ID, PRODUCT_ID, QUANTITY)
VALUES (2683, 131, 20, 10);
INSERT INTO ORDER_ITEM (ID, ORDER_ID, PRODUCT_ID, QUANTITY)
VALUES (2684, 131, 55, 12);
INSERT INTO ORDER_ITEM (ID, ORDER_ID, PRODUCT_ID, QUANTITY)
VALUES (2685, 131, 23, 16);
INSERT INTO ORDER_ITEM (ID, ORDER_ID, PRODUCT_ID, QUANTITY)
VALUES (2686, 131, 15, 8);
INSERT INTO ORDER_ITEM (ID, ORDER_ID, PRODUCT_ID, QUANTITY)
VALUES (2687, 131, 25, 17);
INSERT INTO ORDER_ITEM (ID, ORDER_ID, PRODUCT_ID, QUANTITY)
VALUES (2688, 131, 53, 4);
INSERT INTO ORDER_ITEM (ID, ORDER_ID, PRODUCT_ID, QUANTITY)
VALUES (2689, 131, 40, 4);
INSERT INTO ORDER_ITEM (ID, ORDER_ID, PRODUCT_ID, QUANTITY)
VALUES (2690, 131, 11, 6);
INSERT INTO ORDER_ITEM (ID, ORDER_ID, PRODUCT_ID, QUANTITY)
VALUES (2691, 131, 57, 10);
INSERT INTO ORDER_ITEM (ID, ORDER_ID, PRODUCT_ID, QUANTITY)
VALUES (2692, 131, 36, 10);
-- ### ORDER 122
INSERT INTO PAYMENT_DETAIL(ID, AMOUNT, PROVIDER, PROVIDER_PAYMENT_UUID)
VALUES (132, 4179.0, 'CRYPTO', '277875244');
INSERT INTO ORDERS (ID, CUST_ID, PAYMENT_ID, STATUS, AMOUNT, CREATED_ON, UPDATED_ON)
VALUES (132, 777, 132, 'DELIVERED', 4179.0, LOCALTIMESTAMP, LOCALTIMESTAMP);
INSERT INTO ORDER_ITEM (ID, ORDER_ID, PRODUCT_ID, QUANTITY)
VALUES (2693, 132, 18, 11);
INSERT INTO ORDER_ITEM (ID, ORDER_ID, PRODUCT_ID, QUANTITY)
VALUES (2694, 132, 41, 19);
INSERT INTO ORDER_ITEM (ID, ORDER_ID, PRODUCT_ID, QUANTITY)
VALUES (2695, 132, 43, 16);
INSERT INTO ORDER_ITEM (ID, ORDER_ID, PRODUCT_ID, QUANTITY)
VALUES (2696, 132, 20, 1);
INSERT INTO ORDER_ITEM (ID, ORDER_ID, PRODUCT_ID, QUANTITY)
VALUES (2697, 132, 35, 14);
INSERT INTO ORDER_ITEM (ID, ORDER_ID, PRODUCT_ID, QUANTITY)
VALUES (2698, 132, 13, 1);
INSERT INTO ORDER_ITEM (ID, ORDER_ID, PRODUCT_ID, QUANTITY)
VALUES (2699, 132, 59, 0);
INSERT INTO ORDER_ITEM (ID, ORDER_ID, PRODUCT_ID, QUANTITY)
VALUES (2700, 132, 29, 15);
INSERT INTO ORDER_ITEM (ID, ORDER_ID, PRODUCT_ID, QUANTITY)
VALUES (2701, 132, 17, 6);
INSERT INTO ORDER_ITEM (ID, ORDER_ID, PRODUCT_ID, QUANTITY)
VALUES (2702, 132, 36, 17);
INSERT INTO ORDER_ITEM (ID, ORDER_ID, PRODUCT_ID, QUANTITY)
VALUES (2703, 132, 53, 5);
INSERT INTO ORDER_ITEM (ID, ORDER_ID, PRODUCT_ID, QUANTITY)
VALUES (2704, 132, 22, 14);
INSERT INTO ORDER_ITEM (ID, ORDER_ID, PRODUCT_ID, QUANTITY)
VALUES (2705, 132, 31, 15);
INSERT INTO ORDER_ITEM (ID, ORDER_ID, PRODUCT_ID, QUANTITY)
VALUES (2706, 132, 52, 2);
INSERT INTO ORDER_ITEM (ID, ORDER_ID, PRODUCT_ID, QUANTITY)
VALUES (2707, 132, 23, 9);
INSERT INTO ORDER_ITEM (ID, ORDER_ID, PRODUCT_ID, QUANTITY)
VALUES (2708, 132, 44, 7);
INSERT INTO ORDER_ITEM (ID, ORDER_ID, PRODUCT_ID, QUANTITY)
VALUES (2709, 132, 50, 20);
INSERT INTO ORDER_ITEM (ID, ORDER_ID, PRODUCT_ID, QUANTITY)
VALUES (2710, 132, 28, 6);
INSERT INTO ORDER_ITEM (ID, ORDER_ID, PRODUCT_ID, QUANTITY)
VALUES (2711, 132, 60, 17);
INSERT INTO ORDER_ITEM (ID, ORDER_ID, PRODUCT_ID, QUANTITY)
VALUES (2712, 132, 11, 9);
INSERT INTO ORDER_ITEM (ID, ORDER_ID, PRODUCT_ID, QUANTITY)
VALUES (2713, 132, 58, 12);
INSERT INTO ORDER_ITEM (ID, ORDER_ID, PRODUCT_ID, QUANTITY)
VALUES (2714, 132, 25, 12);
INSERT INTO ORDER_ITEM (ID, ORDER_ID, PRODUCT_ID, QUANTITY)
VALUES (2715, 132, 21, 0);
INSERT INTO ORDER_ITEM (ID, ORDER_ID, PRODUCT_ID, QUANTITY)
VALUES (2716, 132, 57, 14);
INSERT INTO ORDER_ITEM (ID, ORDER_ID, PRODUCT_ID, QUANTITY)
VALUES (2717, 132, 54, 13);
INSERT INTO ORDER_ITEM (ID, ORDER_ID, PRODUCT_ID, QUANTITY)
VALUES (2718, 132, 37, 5);
INSERT INTO ORDER_ITEM (ID, ORDER_ID, PRODUCT_ID, QUANTITY)
VALUES (2719, 132, 34, 4);
INSERT INTO ORDER_ITEM (ID, ORDER_ID, PRODUCT_ID, QUANTITY)
VALUES (2720, 132, 38, 18);
INSERT INTO ORDER_ITEM (ID, ORDER_ID, PRODUCT_ID, QUANTITY)
VALUES (2721, 132, 27, 9);
INSERT INTO ORDER_ITEM (ID, ORDER_ID, PRODUCT_ID, QUANTITY)
VALUES (2722, 132, 40, 17);
INSERT INTO ORDER_ITEM (ID, ORDER_ID, PRODUCT_ID, QUANTITY)
VALUES (2723, 132, 51, 4);
INSERT INTO ORDER_ITEM (ID, ORDER_ID, PRODUCT_ID, QUANTITY)
VALUES (2724, 132, 26, 13);
-- ### ORDER 123
INSERT INTO PAYMENT_DETAIL(ID, AMOUNT, PROVIDER, PROVIDER_PAYMENT_UUID)
VALUES (133, 4203.0, 'CRYPTO', '434070611');
INSERT INTO ORDERS (ID, CUST_ID, PAYMENT_ID, STATUS, AMOUNT, CREATED_ON, UPDATED_ON)
VALUES (133, 777, 133, 'DELIVERED', 4203.0, LOCALTIMESTAMP, LOCALTIMESTAMP);
INSERT INTO ORDER_ITEM (ID, ORDER_ID, PRODUCT_ID, QUANTITY)
VALUES (2725, 133, 36, 0);
INSERT INTO ORDER_ITEM (ID, ORDER_ID, PRODUCT_ID, QUANTITY)
VALUES (2726, 133, 55, 18);
INSERT INTO ORDER_ITEM (ID, ORDER_ID, PRODUCT_ID, QUANTITY)
VALUES (2727, 133, 11, 15);
INSERT INTO ORDER_ITEM (ID, ORDER_ID, PRODUCT_ID, QUANTITY)
VALUES (2728, 133, 25, 8);
INSERT INTO ORDER_ITEM (ID, ORDER_ID, PRODUCT_ID, QUANTITY)
VALUES (2729, 133, 53, 2);
INSERT INTO ORDER_ITEM (ID, ORDER_ID, PRODUCT_ID, QUANTITY)
VALUES (2730, 133, 37, 14);
INSERT INTO ORDER_ITEM (ID, ORDER_ID, PRODUCT_ID, QUANTITY)
VALUES (2731, 133, 29, 20);
INSERT INTO ORDER_ITEM (ID, ORDER_ID, PRODUCT_ID, QUANTITY)
VALUES (2732, 133, 54, 11);
INSERT INTO ORDER_ITEM (ID, ORDER_ID, PRODUCT_ID, QUANTITY)
VALUES (2733, 133, 57, 13);
INSERT INTO ORDER_ITEM (ID, ORDER_ID, PRODUCT_ID, QUANTITY)
VALUES (2734, 133, 35, 15);
INSERT INTO ORDER_ITEM (ID, ORDER_ID, PRODUCT_ID, QUANTITY)
VALUES (2735, 133, 26, 2);
INSERT INTO ORDER_ITEM (ID, ORDER_ID, PRODUCT_ID, QUANTITY)
VALUES (2736, 133, 44, 5);
INSERT INTO ORDER_ITEM (ID, ORDER_ID, PRODUCT_ID, QUANTITY)
VALUES (2737, 133, 43, 4);
INSERT INTO ORDER_ITEM (ID, ORDER_ID, PRODUCT_ID, QUANTITY)
VALUES (2738, 133, 48, 10);
INSERT INTO ORDER_ITEM (ID, ORDER_ID, PRODUCT_ID, QUANTITY)
VALUES (2739, 133, 16, 1);
INSERT INTO ORDER_ITEM (ID, ORDER_ID, PRODUCT_ID, QUANTITY)
VALUES (2740, 133, 18, 1);
INSERT INTO ORDER_ITEM (ID, ORDER_ID, PRODUCT_ID, QUANTITY)
VALUES (2741, 133, 27, 6);
INSERT INTO ORDER_ITEM (ID, ORDER_ID, PRODUCT_ID, QUANTITY)
VALUES (2742, 133, 52, 18);
INSERT INTO ORDER_ITEM (ID, ORDER_ID, PRODUCT_ID, QUANTITY)
VALUES (2743, 133, 50, 6);
INSERT INTO ORDER_ITEM (ID, ORDER_ID, PRODUCT_ID, QUANTITY)
VALUES (2744, 133, 24, 1);
INSERT INTO ORDER_ITEM (ID, ORDER_ID, PRODUCT_ID, QUANTITY)
VALUES (2745, 133, 28, 17);
INSERT INTO ORDER_ITEM (ID, ORDER_ID, PRODUCT_ID, QUANTITY)
VALUES (2746, 133, 20, 3);
INSERT INTO ORDER_ITEM (ID, ORDER_ID, PRODUCT_ID, QUANTITY)
VALUES (2747, 133, 51, 20);
INSERT INTO ORDER_ITEM (ID, ORDER_ID, PRODUCT_ID, QUANTITY)
VALUES (2748, 133, 33, 18);
INSERT INTO ORDER_ITEM (ID, ORDER_ID, PRODUCT_ID, QUANTITY)
VALUES (2749, 133, 19, 17);
INSERT INTO ORDER_ITEM (ID, ORDER_ID, PRODUCT_ID, QUANTITY)
VALUES (2750, 133, 34, 8);
INSERT INTO ORDER_ITEM (ID, ORDER_ID, PRODUCT_ID, QUANTITY)
VALUES (2751, 133, 47, 9);
INSERT INTO ORDER_ITEM (ID, ORDER_ID, PRODUCT_ID, QUANTITY)
VALUES (2752, 133, 40, 13);
INSERT INTO ORDER_ITEM (ID, ORDER_ID, PRODUCT_ID, QUANTITY)
VALUES (2753, 133, 49, 16);
INSERT INTO ORDER_ITEM (ID, ORDER_ID, PRODUCT_ID, QUANTITY)
VALUES (2754, 133, 22, 2);
INSERT INTO ORDER_ITEM (ID, ORDER_ID, PRODUCT_ID, QUANTITY)
VALUES (2755, 133, 38, 12);
INSERT INTO ORDER_ITEM (ID, ORDER_ID, PRODUCT_ID, QUANTITY)
VALUES (2756, 133, 21, 16);
INSERT INTO ORDER_ITEM (ID, ORDER_ID, PRODUCT_ID, QUANTITY)
VALUES (2757, 133, 46, 2);
INSERT INTO ORDER_ITEM (ID, ORDER_ID, PRODUCT_ID, QUANTITY)
VALUES (2758, 133, 56, 17);
INSERT INTO ORDER_ITEM (ID, ORDER_ID, PRODUCT_ID, QUANTITY)
VALUES (2759, 133, 60, 4);
INSERT INTO ORDER_ITEM (ID, ORDER_ID, PRODUCT_ID, QUANTITY)
VALUES (2760, 133, 31, 2);
-- ### ORDER 124
INSERT INTO PAYMENT_DETAIL(ID, AMOUNT, PROVIDER, PROVIDER_PAYMENT_UUID)
VALUES (134, 919.0, 'MASTERCARD', '190252167');
INSERT INTO ORDERS (ID, CUST_ID, PAYMENT_ID, STATUS, AMOUNT, CREATED_ON, UPDATED_ON)
VALUES (134, 777, 134, 'DELIVERED', 919.0, LOCALTIMESTAMP, LOCALTIMESTAMP);
INSERT INTO ORDER_ITEM (ID, ORDER_ID, PRODUCT_ID, QUANTITY)
VALUES (2761, 134, 50, 8);
INSERT INTO ORDER_ITEM (ID, ORDER_ID, PRODUCT_ID, QUANTITY)
VALUES (2762, 134, 16, 12);
INSERT INTO ORDER_ITEM (ID, ORDER_ID, PRODUCT_ID, QUANTITY)
VALUES (2763, 134, 44, 10);
INSERT INTO ORDER_ITEM (ID, ORDER_ID, PRODUCT_ID, QUANTITY)
VALUES (2764, 134, 11, 19);
INSERT INTO ORDER_ITEM (ID, ORDER_ID, PRODUCT_ID, QUANTITY)
VALUES (2765, 134, 41, 18);
INSERT INTO ORDER_ITEM (ID, ORDER_ID, PRODUCT_ID, QUANTITY)
VALUES (2766, 134, 26, 1);
INSERT INTO ORDER_ITEM (ID, ORDER_ID, PRODUCT_ID, QUANTITY)
VALUES (2767, 134, 23, 20);
INSERT INTO ORDER_ITEM (ID, ORDER_ID, PRODUCT_ID, QUANTITY)
VALUES (2768, 134, 42, 15);
INSERT INTO ORDER_ITEM (ID, ORDER_ID, PRODUCT_ID, QUANTITY)
VALUES (2769, 134, 38, 7);
INSERT INTO ORDER_ITEM (ID, ORDER_ID, PRODUCT_ID, QUANTITY)
VALUES (2770, 134, 17, 5);
INSERT INTO ORDER_ITEM (ID, ORDER_ID, PRODUCT_ID, QUANTITY)
VALUES (2771, 134, 29, 1);
INSERT INTO ORDER_ITEM (ID, ORDER_ID, PRODUCT_ID, QUANTITY)
VALUES (2772, 134, 55, 4);
INSERT INTO ORDER_ITEM (ID, ORDER_ID, PRODUCT_ID, QUANTITY)
VALUES (2773, 134, 28, 8);
INSERT INTO ORDER_ITEM (ID, ORDER_ID, PRODUCT_ID, QUANTITY)
VALUES (2774, 134, 32, 16);
INSERT INTO ORDER_ITEM (ID, ORDER_ID, PRODUCT_ID, QUANTITY)
VALUES (2775, 134, 12, 12);
INSERT INTO ORDER_ITEM (ID, ORDER_ID, PRODUCT_ID, QUANTITY)
VALUES (2776, 134, 36, 19);
INSERT INTO ORDER_ITEM (ID, ORDER_ID, PRODUCT_ID, QUANTITY)
VALUES (2777, 134, 22, 18);
INSERT INTO ORDER_ITEM (ID, ORDER_ID, PRODUCT_ID, QUANTITY)
VALUES (2778, 134, 20, 3);
INSERT INTO ORDER_ITEM (ID, ORDER_ID, PRODUCT_ID, QUANTITY)
VALUES (2779, 134, 25, 15);
INSERT INTO ORDER_ITEM (ID, ORDER_ID, PRODUCT_ID, QUANTITY)
VALUES (2780, 134, 49, 18);
INSERT INTO ORDER_ITEM (ID, ORDER_ID, PRODUCT_ID, QUANTITY)
VALUES (2781, 134, 19, 20);
INSERT INTO ORDER_ITEM (ID, ORDER_ID, PRODUCT_ID, QUANTITY)
VALUES (2782, 134, 43, 15);
INSERT INTO ORDER_ITEM (ID, ORDER_ID, PRODUCT_ID, QUANTITY)
VALUES (2783, 134, 51, 11);
INSERT INTO ORDER_ITEM (ID, ORDER_ID, PRODUCT_ID, QUANTITY)
VALUES (2784, 134, 56, 19);
INSERT INTO ORDER_ITEM (ID, ORDER_ID, PRODUCT_ID, QUANTITY)
VALUES (2785, 134, 35, 13);
INSERT INTO ORDER_ITEM (ID, ORDER_ID, PRODUCT_ID, QUANTITY)
VALUES (2786, 134, 54, 5);
INSERT INTO ORDER_ITEM (ID, ORDER_ID, PRODUCT_ID, QUANTITY)
VALUES (2787, 134, 18, 0);
INSERT INTO ORDER_ITEM (ID, ORDER_ID, PRODUCT_ID, QUANTITY)
VALUES (2788, 134, 34, 16);
INSERT INTO ORDER_ITEM (ID, ORDER_ID, PRODUCT_ID, QUANTITY)
VALUES (2789, 134, 48, 20);
INSERT INTO ORDER_ITEM (ID, ORDER_ID, PRODUCT_ID, QUANTITY)
VALUES (2790, 134, 47, 4);
INSERT INTO ORDER_ITEM (ID, ORDER_ID, PRODUCT_ID, QUANTITY)
VALUES (2791, 134, 13, 8);
INSERT INTO ORDER_ITEM (ID, ORDER_ID, PRODUCT_ID, QUANTITY)
VALUES (2792, 134, 60, 1);
INSERT INTO ORDER_ITEM (ID, ORDER_ID, PRODUCT_ID, QUANTITY)
VALUES (2793, 134, 59, 3);
INSERT INTO ORDER_ITEM (ID, ORDER_ID, PRODUCT_ID, QUANTITY)
VALUES (2794, 134, 39, 1);
INSERT INTO ORDER_ITEM (ID, ORDER_ID, PRODUCT_ID, QUANTITY)
VALUES (2795, 134, 27, 6);
INSERT INTO ORDER_ITEM (ID, ORDER_ID, PRODUCT_ID, QUANTITY)
VALUES (2796, 134, 40, 14);
INSERT INTO ORDER_ITEM (ID, ORDER_ID, PRODUCT_ID, QUANTITY)
VALUES (2797, 134, 52, 3);
INSERT INTO ORDER_ITEM (ID, ORDER_ID, PRODUCT_ID, QUANTITY)
VALUES (2798, 134, 15, 12);
INSERT INTO ORDER_ITEM (ID, ORDER_ID, PRODUCT_ID, QUANTITY)
VALUES (2799, 134, 46, 1);
INSERT INTO ORDER_ITEM (ID, ORDER_ID, PRODUCT_ID, QUANTITY)
VALUES (2800, 134, 37, 17);
INSERT INTO ORDER_ITEM (ID, ORDER_ID, PRODUCT_ID, QUANTITY)
VALUES (2801, 134, 45, 17);
-- ### ORDER 125
INSERT INTO PAYMENT_DETAIL(ID, AMOUNT, PROVIDER, PROVIDER_PAYMENT_UUID)
VALUES (135, 1253.0, 'PAYPAL', '720198719');
INSERT INTO ORDERS (ID, CUST_ID, PAYMENT_ID, STATUS, AMOUNT, CREATED_ON, UPDATED_ON)
VALUES (135, 777, 135, 'DELIVERED', 1253.0, LOCALTIMESTAMP, LOCALTIMESTAMP);
INSERT INTO ORDER_ITEM (ID, ORDER_ID, PRODUCT_ID, QUANTITY)
VALUES (2802, 135, 28, 3);
INSERT INTO ORDER_ITEM (ID, ORDER_ID, PRODUCT_ID, QUANTITY)
VALUES (2803, 135, 34, 6);
INSERT INTO ORDER_ITEM (ID, ORDER_ID, PRODUCT_ID, QUANTITY)
VALUES (2804, 135, 21, 11);
INSERT INTO ORDER_ITEM (ID, ORDER_ID, PRODUCT_ID, QUANTITY)
VALUES (2805, 135, 14, 18);
INSERT INTO ORDER_ITEM (ID, ORDER_ID, PRODUCT_ID, QUANTITY)
VALUES (2806, 135, 38, 19);
INSERT INTO ORDER_ITEM (ID, ORDER_ID, PRODUCT_ID, QUANTITY)
VALUES (2807, 135, 46, 11);
INSERT INTO ORDER_ITEM (ID, ORDER_ID, PRODUCT_ID, QUANTITY)
VALUES (2808, 135, 48, 17);
INSERT INTO ORDER_ITEM (ID, ORDER_ID, PRODUCT_ID, QUANTITY)
VALUES (2809, 135, 29, 19);
INSERT INTO ORDER_ITEM (ID, ORDER_ID, PRODUCT_ID, QUANTITY)
VALUES (2810, 135, 45, 17);
INSERT INTO ORDER_ITEM (ID, ORDER_ID, PRODUCT_ID, QUANTITY)
VALUES (2811, 135, 50, 15);
INSERT INTO ORDER_ITEM (ID, ORDER_ID, PRODUCT_ID, QUANTITY)
VALUES (2812, 135, 51, 7);
INSERT INTO ORDER_ITEM (ID, ORDER_ID, PRODUCT_ID, QUANTITY)
VALUES (2813, 135, 33, 8);
-- ### ORDER 126
INSERT INTO PAYMENT_DETAIL(ID, AMOUNT, PROVIDER, PROVIDER_PAYMENT_UUID)
VALUES (136, 1457.0, 'CRYPTO', '594484741');
INSERT INTO ORDERS (ID, CUST_ID, PAYMENT_ID, STATUS, AMOUNT, CREATED_ON, UPDATED_ON)
VALUES (136, 777, 136, 'DELIVERED', 1457.0, LOCALTIMESTAMP, LOCALTIMESTAMP);
INSERT INTO ORDER_ITEM (ID, ORDER_ID, PRODUCT_ID, QUANTITY)
VALUES (2814, 136, 48, 4);
INSERT INTO ORDER_ITEM (ID, ORDER_ID, PRODUCT_ID, QUANTITY)
VALUES (2815, 136, 19, 9);
INSERT INTO ORDER_ITEM (ID, ORDER_ID, PRODUCT_ID, QUANTITY)
VALUES (2816, 136, 35, 16);
INSERT INTO ORDER_ITEM (ID, ORDER_ID, PRODUCT_ID, QUANTITY)
VALUES (2817, 136, 56, 0);
INSERT INTO ORDER_ITEM (ID, ORDER_ID, PRODUCT_ID, QUANTITY)
VALUES (2818, 136, 18, 1);
INSERT INTO ORDER_ITEM (ID, ORDER_ID, PRODUCT_ID, QUANTITY)
VALUES (2819, 136, 17, 17);
INSERT INTO ORDER_ITEM (ID, ORDER_ID, PRODUCT_ID, QUANTITY)
VALUES (2820, 136, 31, 2);
INSERT INTO ORDER_ITEM (ID, ORDER_ID, PRODUCT_ID, QUANTITY)
VALUES (2821, 136, 39, 12);
INSERT INTO ORDER_ITEM (ID, ORDER_ID, PRODUCT_ID, QUANTITY)
VALUES (2822, 136, 47, 4);
INSERT INTO ORDER_ITEM (ID, ORDER_ID, PRODUCT_ID, QUANTITY)
VALUES (2823, 136, 11, 0);
INSERT INTO ORDER_ITEM (ID, ORDER_ID, PRODUCT_ID, QUANTITY)
VALUES (2824, 136, 26, 0);
INSERT INTO ORDER_ITEM (ID, ORDER_ID, PRODUCT_ID, QUANTITY)
VALUES (2825, 136, 41, 14);
INSERT INTO ORDER_ITEM (ID, ORDER_ID, PRODUCT_ID, QUANTITY)
VALUES (2826, 136, 34, 16);
INSERT INTO ORDER_ITEM (ID, ORDER_ID, PRODUCT_ID, QUANTITY)
VALUES (2827, 136, 12, 6);
INSERT INTO ORDER_ITEM (ID, ORDER_ID, PRODUCT_ID, QUANTITY)
VALUES (2828, 136, 15, 13);
INSERT INTO ORDER_ITEM (ID, ORDER_ID, PRODUCT_ID, QUANTITY)
VALUES (2829, 136, 58, 1);
INSERT INTO ORDER_ITEM (ID, ORDER_ID, PRODUCT_ID, QUANTITY)
VALUES (2830, 136, 55, 3);
INSERT INTO ORDER_ITEM (ID, ORDER_ID, PRODUCT_ID, QUANTITY)
VALUES (2831, 136, 30, 1);
INSERT INTO ORDER_ITEM (ID, ORDER_ID, PRODUCT_ID, QUANTITY)
VALUES (2832, 136, 40, 19);
INSERT INTO ORDER_ITEM (ID, ORDER_ID, PRODUCT_ID, QUANTITY)
VALUES (2833, 136, 43, 1);
INSERT INTO ORDER_ITEM (ID, ORDER_ID, PRODUCT_ID, QUANTITY)
VALUES (2834, 136, 13, 4);
INSERT INTO ORDER_ITEM (ID, ORDER_ID, PRODUCT_ID, QUANTITY)
VALUES (2835, 136, 33, 12);
INSERT INTO ORDER_ITEM (ID, ORDER_ID, PRODUCT_ID, QUANTITY)
VALUES (2836, 136, 54, 16);
INSERT INTO ORDER_ITEM (ID, ORDER_ID, PRODUCT_ID, QUANTITY)
VALUES (2837, 136, 32, 5);
INSERT INTO ORDER_ITEM (ID, ORDER_ID, PRODUCT_ID, QUANTITY)
VALUES (2838, 136, 27, 9);
INSERT INTO ORDER_ITEM (ID, ORDER_ID, PRODUCT_ID, QUANTITY)
VALUES (2839, 136, 20, 6);
INSERT INTO ORDER_ITEM (ID, ORDER_ID, PRODUCT_ID, QUANTITY)
VALUES (2840, 136, 44, 7);
INSERT INTO ORDER_ITEM (ID, ORDER_ID, PRODUCT_ID, QUANTITY)
VALUES (2841, 136, 28, 11);
-- ### ORDER 127
INSERT INTO PAYMENT_DETAIL(ID, AMOUNT, PROVIDER, PROVIDER_PAYMENT_UUID)
VALUES (137, 1065.0, 'VISA', '929714819');
INSERT INTO ORDERS (ID, CUST_ID, PAYMENT_ID, STATUS, AMOUNT, CREATED_ON, UPDATED_ON)
VALUES (137, 777, 137, 'DELIVERED', 1065.0, LOCALTIMESTAMP, LOCALTIMESTAMP);
INSERT INTO ORDER_ITEM (ID, ORDER_ID, PRODUCT_ID, QUANTITY)
VALUES (2842, 137, 52, 4);
INSERT INTO ORDER_ITEM (ID, ORDER_ID, PRODUCT_ID, QUANTITY)
VALUES (2843, 137, 11, 17);
INSERT INTO ORDER_ITEM (ID, ORDER_ID, PRODUCT_ID, QUANTITY)
VALUES (2844, 137, 26, 17);
INSERT INTO ORDER_ITEM (ID, ORDER_ID, PRODUCT_ID, QUANTITY)
VALUES (2845, 137, 19, 5);
INSERT INTO ORDER_ITEM (ID, ORDER_ID, PRODUCT_ID, QUANTITY)
VALUES (2846, 137, 32, 10);
INSERT INTO ORDER_ITEM (ID, ORDER_ID, PRODUCT_ID, QUANTITY)
VALUES (2847, 137, 22, 18);
INSERT INTO ORDER_ITEM (ID, ORDER_ID, PRODUCT_ID, QUANTITY)
VALUES (2848, 137, 14, 19);
INSERT INTO ORDER_ITEM (ID, ORDER_ID, PRODUCT_ID, QUANTITY)
VALUES (2849, 137, 40, 14);
INSERT INTO ORDER_ITEM (ID, ORDER_ID, PRODUCT_ID, QUANTITY)
VALUES (2850, 137, 36, 13);
INSERT INTO ORDER_ITEM (ID, ORDER_ID, PRODUCT_ID, QUANTITY)
VALUES (2851, 137, 53, 20);
INSERT INTO ORDER_ITEM (ID, ORDER_ID, PRODUCT_ID, QUANTITY)
VALUES (2852, 137, 21, 18);
INSERT INTO ORDER_ITEM (ID, ORDER_ID, PRODUCT_ID, QUANTITY)
VALUES (2853, 137, 15, 1);
INSERT INTO ORDER_ITEM (ID, ORDER_ID, PRODUCT_ID, QUANTITY)
VALUES (2854, 137, 48, 0);
INSERT INTO ORDER_ITEM (ID, ORDER_ID, PRODUCT_ID, QUANTITY)
VALUES (2855, 137, 17, 2);
INSERT INTO ORDER_ITEM (ID, ORDER_ID, PRODUCT_ID, QUANTITY)
VALUES (2856, 137, 18, 5);
INSERT INTO ORDER_ITEM (ID, ORDER_ID, PRODUCT_ID, QUANTITY)
VALUES (2857, 137, 34, 15);
INSERT INTO ORDER_ITEM (ID, ORDER_ID, PRODUCT_ID, QUANTITY)
VALUES (2858, 137, 50, 11);
INSERT INTO ORDER_ITEM (ID, ORDER_ID, PRODUCT_ID, QUANTITY)
VALUES (2859, 137, 60, 3);
INSERT INTO ORDER_ITEM (ID, ORDER_ID, PRODUCT_ID, QUANTITY)
VALUES (2860, 137, 42, 15);
-- ### ORDER 128
INSERT INTO PAYMENT_DETAIL(ID, AMOUNT, PROVIDER, PROVIDER_PAYMENT_UUID)
VALUES (138, 931.0, 'MASTERCARD', '871699159');
INSERT INTO ORDERS (ID, CUST_ID, PAYMENT_ID, STATUS, AMOUNT, CREATED_ON, UPDATED_ON)
VALUES (138, 777, 138, 'DELIVERED', 931.0, LOCALTIMESTAMP, LOCALTIMESTAMP);
INSERT INTO ORDER_ITEM (ID, ORDER_ID, PRODUCT_ID, QUANTITY)
VALUES (2861, 138, 18, 7);
INSERT INTO ORDER_ITEM (ID, ORDER_ID, PRODUCT_ID, QUANTITY)
VALUES (2862, 138, 21, 1);
INSERT INTO ORDER_ITEM (ID, ORDER_ID, PRODUCT_ID, QUANTITY)
VALUES (2863, 138, 22, 9);
INSERT INTO ORDER_ITEM (ID, ORDER_ID, PRODUCT_ID, QUANTITY)
VALUES (2864, 138, 40, 16);
INSERT INTO ORDER_ITEM (ID, ORDER_ID, PRODUCT_ID, QUANTITY)
VALUES (2865, 138, 60, 10);
INSERT INTO ORDER_ITEM (ID, ORDER_ID, PRODUCT_ID, QUANTITY)
VALUES (2866, 138, 19, 9);
INSERT INTO ORDER_ITEM (ID, ORDER_ID, PRODUCT_ID, QUANTITY)
VALUES (2867, 138, 31, 6);
INSERT INTO ORDER_ITEM (ID, ORDER_ID, PRODUCT_ID, QUANTITY)
VALUES (2868, 138, 54, 13);
INSERT INTO ORDER_ITEM (ID, ORDER_ID, PRODUCT_ID, QUANTITY)
VALUES (2869, 138, 12, 5);
-- ### ORDER 129
INSERT INTO PAYMENT_DETAIL(ID, AMOUNT, PROVIDER, PROVIDER_PAYMENT_UUID)
VALUES (139, 4050.0, 'PAYPAL', '336560370');
INSERT INTO ORDERS (ID, CUST_ID, PAYMENT_ID, STATUS, AMOUNT, CREATED_ON, UPDATED_ON)
VALUES (139, 777, 139, 'DELIVERED', 4050.0, LOCALTIMESTAMP, LOCALTIMESTAMP);
INSERT INTO ORDER_ITEM (ID, ORDER_ID, PRODUCT_ID, QUANTITY)
VALUES (2870, 139, 15, 0);
INSERT INTO ORDER_ITEM (ID, ORDER_ID, PRODUCT_ID, QUANTITY)
VALUES (2871, 139, 52, 5);
INSERT INTO ORDER_ITEM (ID, ORDER_ID, PRODUCT_ID, QUANTITY)
VALUES (2872, 139, 53, 5);
INSERT INTO ORDER_ITEM (ID, ORDER_ID, PRODUCT_ID, QUANTITY)
VALUES (2873, 139, 31, 17);
INSERT INTO ORDER_ITEM (ID, ORDER_ID, PRODUCT_ID, QUANTITY)
VALUES (2874, 139, 39, 14);
INSERT INTO ORDER_ITEM (ID, ORDER_ID, PRODUCT_ID, QUANTITY)
VALUES (2875, 139, 35, 9);
INSERT INTO ORDER_ITEM (ID, ORDER_ID, PRODUCT_ID, QUANTITY)
VALUES (2876, 139, 22, 4);
INSERT INTO ORDER_ITEM (ID, ORDER_ID, PRODUCT_ID, QUANTITY)
VALUES (2877, 139, 28, 7);
-- ### ORDER 130
INSERT INTO PAYMENT_DETAIL(ID, AMOUNT, PROVIDER, PROVIDER_PAYMENT_UUID)
VALUES (140, 2572.0, 'VISA', '683567093');
INSERT INTO ORDERS (ID, CUST_ID, PAYMENT_ID, STATUS, AMOUNT, CREATED_ON, UPDATED_ON)
VALUES (140, 777, 140, 'DELIVERED', 2572.0, LOCALTIMESTAMP, LOCALTIMESTAMP);
INSERT INTO ORDER_ITEM (ID, ORDER_ID, PRODUCT_ID, QUANTITY)
VALUES (2878, 140, 56, 0);
INSERT INTO ORDER_ITEM (ID, ORDER_ID, PRODUCT_ID, QUANTITY)
VALUES (2879, 140, 34, 10);
INSERT INTO ORDER_ITEM (ID, ORDER_ID, PRODUCT_ID, QUANTITY)
VALUES (2880, 140, 35, 18);
INSERT INTO ORDER_ITEM (ID, ORDER_ID, PRODUCT_ID, QUANTITY)
VALUES (2881, 140, 29, 20);
INSERT INTO ORDER_ITEM (ID, ORDER_ID, PRODUCT_ID, QUANTITY)
VALUES (2882, 140, 42, 12);
INSERT INTO ORDER_ITEM (ID, ORDER_ID, PRODUCT_ID, QUANTITY)
VALUES (2883, 140, 20, 16);
INSERT INTO ORDER_ITEM (ID, ORDER_ID, PRODUCT_ID, QUANTITY)
VALUES (2884, 140, 30, 13);
INSERT INTO ORDER_ITEM (ID, ORDER_ID, PRODUCT_ID, QUANTITY)
VALUES (2885, 140, 17, 13);
INSERT INTO ORDER_ITEM (ID, ORDER_ID, PRODUCT_ID, QUANTITY)
VALUES (2886, 140, 24, 18);
INSERT INTO ORDER_ITEM (ID, ORDER_ID, PRODUCT_ID, QUANTITY)
VALUES (2887, 140, 19, 2);
INSERT INTO ORDER_ITEM (ID, ORDER_ID, PRODUCT_ID, QUANTITY)
VALUES (2888, 140, 48, 12);
INSERT INTO ORDER_ITEM (ID, ORDER_ID, PRODUCT_ID, QUANTITY)
VALUES (2889, 140, 50, 16);
INSERT INTO ORDER_ITEM (ID, ORDER_ID, PRODUCT_ID, QUANTITY)
VALUES (2890, 140, 49, 1);
INSERT INTO ORDER_ITEM (ID, ORDER_ID, PRODUCT_ID, QUANTITY)
VALUES (2891, 140, 23, 14);
INSERT INTO ORDER_ITEM (ID, ORDER_ID, PRODUCT_ID, QUANTITY)
VALUES (2892, 140, 40, 7);
INSERT INTO ORDER_ITEM (ID, ORDER_ID, PRODUCT_ID, QUANTITY)
VALUES (2893, 140, 55, 12);
INSERT INTO ORDER_ITEM (ID, ORDER_ID, PRODUCT_ID, QUANTITY)
VALUES (2894, 140, 33, 10);
INSERT INTO ORDER_ITEM (ID, ORDER_ID, PRODUCT_ID, QUANTITY)
VALUES (2895, 140, 41, 5);
INSERT INTO ORDER_ITEM (ID, ORDER_ID, PRODUCT_ID, QUANTITY)
VALUES (2896, 140, 12, 10);
INSERT INTO ORDER_ITEM (ID, ORDER_ID, PRODUCT_ID, QUANTITY)
VALUES (2897, 140, 45, 6);
INSERT INTO ORDER_ITEM (ID, ORDER_ID, PRODUCT_ID, QUANTITY)
VALUES (2898, 140, 31, 5);
INSERT INTO ORDER_ITEM (ID, ORDER_ID, PRODUCT_ID, QUANTITY)
VALUES (2899, 140, 46, 8);
INSERT INTO ORDER_ITEM (ID, ORDER_ID, PRODUCT_ID, QUANTITY)
VALUES (2900, 140, 53, 1);
INSERT INTO ORDER_ITEM (ID, ORDER_ID, PRODUCT_ID, QUANTITY)
VALUES (2901, 140, 13, 19);
INSERT INTO ORDER_ITEM (ID, ORDER_ID, PRODUCT_ID, QUANTITY)
VALUES (2902, 140, 21, 20);
INSERT INTO ORDER_ITEM (ID, ORDER_ID, PRODUCT_ID, QUANTITY)
VALUES (2903, 140, 47, 13);
-- ### ORDER 131
INSERT INTO PAYMENT_DETAIL(ID, AMOUNT, PROVIDER, PROVIDER_PAYMENT_UUID)
VALUES (141, 1243.0, 'MASTERCARD', '834535767');
INSERT INTO ORDERS (ID, CUST_ID, PAYMENT_ID, STATUS, AMOUNT, CREATED_ON, UPDATED_ON)
VALUES (141, 777, 141, 'DELIVERED', 1243.0, LOCALTIMESTAMP, LOCALTIMESTAMP);
INSERT INTO ORDER_ITEM (ID, ORDER_ID, PRODUCT_ID, QUANTITY)
VALUES (2904, 141, 57, 2);
INSERT INTO ORDER_ITEM (ID, ORDER_ID, PRODUCT_ID, QUANTITY)
VALUES (2905, 141, 38, 3);
INSERT INTO ORDER_ITEM (ID, ORDER_ID, PRODUCT_ID, QUANTITY)
VALUES (2906, 141, 60, 19);
INSERT INTO ORDER_ITEM (ID, ORDER_ID, PRODUCT_ID, QUANTITY)
VALUES (2907, 141, 40, 17);
INSERT INTO ORDER_ITEM (ID, ORDER_ID, PRODUCT_ID, QUANTITY)
VALUES (2908, 141, 24, 4);
INSERT INTO ORDER_ITEM (ID, ORDER_ID, PRODUCT_ID, QUANTITY)
VALUES (2909, 141, 14, 20);
INSERT INTO ORDER_ITEM (ID, ORDER_ID, PRODUCT_ID, QUANTITY)
VALUES (2910, 141, 21, 10);
-- ### ORDER 132
INSERT INTO PAYMENT_DETAIL(ID, AMOUNT, PROVIDER, PROVIDER_PAYMENT_UUID)
VALUES (142, 3843.0, 'ICARD', '955705076');
INSERT INTO ORDERS (ID, CUST_ID, PAYMENT_ID, STATUS, AMOUNT, CREATED_ON, UPDATED_ON)
VALUES (142, 777, 142, 'DELIVERED', 3843.0, LOCALTIMESTAMP, LOCALTIMESTAMP);
INSERT INTO ORDER_ITEM (ID, ORDER_ID, PRODUCT_ID, QUANTITY)
VALUES (2911, 142, 16, 7);
INSERT INTO ORDER_ITEM (ID, ORDER_ID, PRODUCT_ID, QUANTITY)
VALUES (2912, 142, 32, 4);
INSERT INTO ORDER_ITEM (ID, ORDER_ID, PRODUCT_ID, QUANTITY)
VALUES (2913, 142, 42, 18);
INSERT INTO ORDER_ITEM (ID, ORDER_ID, PRODUCT_ID, QUANTITY)
VALUES (2914, 142, 17, 5);
INSERT INTO ORDER_ITEM (ID, ORDER_ID, PRODUCT_ID, QUANTITY)
VALUES (2915, 142, 50, 0);
INSERT INTO ORDER_ITEM (ID, ORDER_ID, PRODUCT_ID, QUANTITY)
VALUES (2916, 142, 29, 7);
INSERT INTO ORDER_ITEM (ID, ORDER_ID, PRODUCT_ID, QUANTITY)
VALUES (2917, 142, 15, 20);
INSERT INTO ORDER_ITEM (ID, ORDER_ID, PRODUCT_ID, QUANTITY)
VALUES (2918, 142, 38, 14);
INSERT INTO ORDER_ITEM (ID, ORDER_ID, PRODUCT_ID, QUANTITY)
VALUES (2919, 142, 26, 17);
INSERT INTO ORDER_ITEM (ID, ORDER_ID, PRODUCT_ID, QUANTITY)
VALUES (2920, 142, 22, 7);
INSERT INTO ORDER_ITEM (ID, ORDER_ID, PRODUCT_ID, QUANTITY)
VALUES (2921, 142, 31, 12);
INSERT INTO ORDER_ITEM (ID, ORDER_ID, PRODUCT_ID, QUANTITY)
VALUES (2922, 142, 49, 16);
INSERT INTO ORDER_ITEM (ID, ORDER_ID, PRODUCT_ID, QUANTITY)
VALUES (2923, 142, 33, 2);
INSERT INTO ORDER_ITEM (ID, ORDER_ID, PRODUCT_ID, QUANTITY)
VALUES (2924, 142, 14, 5);
INSERT INTO ORDER_ITEM (ID, ORDER_ID, PRODUCT_ID, QUANTITY)
VALUES (2925, 142, 35, 17);
INSERT INTO ORDER_ITEM (ID, ORDER_ID, PRODUCT_ID, QUANTITY)
VALUES (2926, 142, 13, 16);
INSERT INTO ORDER_ITEM (ID, ORDER_ID, PRODUCT_ID, QUANTITY)
VALUES (2927, 142, 23, 16);
INSERT INTO ORDER_ITEM (ID, ORDER_ID, PRODUCT_ID, QUANTITY)
VALUES (2928, 142, 56, 10);
-- ### ORDER 133
INSERT INTO PAYMENT_DETAIL(ID, AMOUNT, PROVIDER, PROVIDER_PAYMENT_UUID)
VALUES (143, 1946.0, 'PAYPAL', '430581030');
INSERT INTO ORDERS (ID, CUST_ID, PAYMENT_ID, STATUS, AMOUNT, CREATED_ON, UPDATED_ON)
VALUES (143, 777, 143, 'DELIVERED', 1946.0, LOCALTIMESTAMP, LOCALTIMESTAMP);
INSERT INTO ORDER_ITEM (ID, ORDER_ID, PRODUCT_ID, QUANTITY)
VALUES (2929, 143, 39, 5);
INSERT INTO ORDER_ITEM (ID, ORDER_ID, PRODUCT_ID, QUANTITY)
VALUES (2930, 143, 19, 13);
INSERT INTO ORDER_ITEM (ID, ORDER_ID, PRODUCT_ID, QUANTITY)
VALUES (2931, 143, 30, 6);
INSERT INTO ORDER_ITEM (ID, ORDER_ID, PRODUCT_ID, QUANTITY)
VALUES (2932, 143, 25, 8);
INSERT INTO ORDER_ITEM (ID, ORDER_ID, PRODUCT_ID, QUANTITY)
VALUES (2933, 143, 44, 8);
INSERT INTO ORDER_ITEM (ID, ORDER_ID, PRODUCT_ID, QUANTITY)
VALUES (2934, 143, 20, 4);
INSERT INTO ORDER_ITEM (ID, ORDER_ID, PRODUCT_ID, QUANTITY)
VALUES (2935, 143, 57, 16);
INSERT INTO ORDER_ITEM (ID, ORDER_ID, PRODUCT_ID, QUANTITY)
VALUES (2936, 143, 28, 11);
INSERT INTO ORDER_ITEM (ID, ORDER_ID, PRODUCT_ID, QUANTITY)
VALUES (2937, 143, 56, 19);
INSERT INTO ORDER_ITEM (ID, ORDER_ID, PRODUCT_ID, QUANTITY)
VALUES (2938, 143, 55, 7);
INSERT INTO ORDER_ITEM (ID, ORDER_ID, PRODUCT_ID, QUANTITY)
VALUES (2939, 143, 12, 3);
INSERT INTO ORDER_ITEM (ID, ORDER_ID, PRODUCT_ID, QUANTITY)
VALUES (2940, 143, 14, 7);
INSERT INTO ORDER_ITEM (ID, ORDER_ID, PRODUCT_ID, QUANTITY)
VALUES (2941, 143, 50, 0);
INSERT INTO ORDER_ITEM (ID, ORDER_ID, PRODUCT_ID, QUANTITY)
VALUES (2942, 143, 54, 4);
INSERT INTO ORDER_ITEM (ID, ORDER_ID, PRODUCT_ID, QUANTITY)
VALUES (2943, 143, 21, 18);
INSERT INTO ORDER_ITEM (ID, ORDER_ID, PRODUCT_ID, QUANTITY)
VALUES (2944, 143, 43, 14);
INSERT INTO ORDER_ITEM (ID, ORDER_ID, PRODUCT_ID, QUANTITY)
VALUES (2945, 143, 32, 14);
INSERT INTO ORDER_ITEM (ID, ORDER_ID, PRODUCT_ID, QUANTITY)
VALUES (2946, 143, 47, 2);
-- ### ORDER 134
INSERT INTO PAYMENT_DETAIL(ID, AMOUNT, PROVIDER, PROVIDER_PAYMENT_UUID)
VALUES (144, 2201.0, 'MASTERCARD', '470535474');
INSERT INTO ORDERS (ID, CUST_ID, PAYMENT_ID, STATUS, AMOUNT, CREATED_ON, UPDATED_ON)
VALUES (144, 777, 144, 'DELIVERED', 2201.0, LOCALTIMESTAMP, LOCALTIMESTAMP);
INSERT INTO ORDER_ITEM (ID, ORDER_ID, PRODUCT_ID, QUANTITY)
VALUES (2947, 144, 38, 13);
INSERT INTO ORDER_ITEM (ID, ORDER_ID, PRODUCT_ID, QUANTITY)
VALUES (2948, 144, 48, 8);
INSERT INTO ORDER_ITEM (ID, ORDER_ID, PRODUCT_ID, QUANTITY)
VALUES (2949, 144, 12, 5);
INSERT INTO ORDER_ITEM (ID, ORDER_ID, PRODUCT_ID, QUANTITY)
VALUES (2950, 144, 26, 12);
INSERT INTO ORDER_ITEM (ID, ORDER_ID, PRODUCT_ID, QUANTITY)
VALUES (2951, 144, 37, 1);
INSERT INTO ORDER_ITEM (ID, ORDER_ID, PRODUCT_ID, QUANTITY)
VALUES (2952, 144, 50, 7);
INSERT INTO ORDER_ITEM (ID, ORDER_ID, PRODUCT_ID, QUANTITY)
VALUES (2953, 144, 19, 10);
INSERT INTO ORDER_ITEM (ID, ORDER_ID, PRODUCT_ID, QUANTITY)
VALUES (2954, 144, 21, 3);
INSERT INTO ORDER_ITEM (ID, ORDER_ID, PRODUCT_ID, QUANTITY)
VALUES (2955, 144, 57, 12);
INSERT INTO ORDER_ITEM (ID, ORDER_ID, PRODUCT_ID, QUANTITY)
VALUES (2956, 144, 58, 17);
INSERT INTO ORDER_ITEM (ID, ORDER_ID, PRODUCT_ID, QUANTITY)
VALUES (2957, 144, 15, 17);
INSERT INTO ORDER_ITEM (ID, ORDER_ID, PRODUCT_ID, QUANTITY)
VALUES (2958, 144, 17, 6);
INSERT INTO ORDER_ITEM (ID, ORDER_ID, PRODUCT_ID, QUANTITY)
VALUES (2959, 144, 25, 8);
INSERT INTO ORDER_ITEM (ID, ORDER_ID, PRODUCT_ID, QUANTITY)
VALUES (2960, 144, 53, 5);
INSERT INTO ORDER_ITEM (ID, ORDER_ID, PRODUCT_ID, QUANTITY)
VALUES (2961, 144, 29, 19);
INSERT INTO ORDER_ITEM (ID, ORDER_ID, PRODUCT_ID, QUANTITY)
VALUES (2962, 144, 59, 12);
INSERT INTO ORDER_ITEM (ID, ORDER_ID, PRODUCT_ID, QUANTITY)
VALUES (2963, 144, 35, 18);
INSERT INTO ORDER_ITEM (ID, ORDER_ID, PRODUCT_ID, QUANTITY)
VALUES (2964, 144, 52, 12);
INSERT INTO ORDER_ITEM (ID, ORDER_ID, PRODUCT_ID, QUANTITY)
VALUES (2965, 144, 31, 17);
INSERT INTO ORDER_ITEM (ID, ORDER_ID, PRODUCT_ID, QUANTITY)
VALUES (2966, 144, 13, 8);
INSERT INTO ORDER_ITEM (ID, ORDER_ID, PRODUCT_ID, QUANTITY)
VALUES (2967, 144, 41, 12);
INSERT INTO ORDER_ITEM (ID, ORDER_ID, PRODUCT_ID, QUANTITY)
VALUES (2968, 144, 44, 19);
INSERT INTO ORDER_ITEM (ID, ORDER_ID, PRODUCT_ID, QUANTITY)
VALUES (2969, 144, 33, 10);
INSERT INTO ORDER_ITEM (ID, ORDER_ID, PRODUCT_ID, QUANTITY)
VALUES (2970, 144, 51, 2);
INSERT INTO ORDER_ITEM (ID, ORDER_ID, PRODUCT_ID, QUANTITY)
VALUES (2971, 144, 23, 4);
INSERT INTO ORDER_ITEM (ID, ORDER_ID, PRODUCT_ID, QUANTITY)
VALUES (2972, 144, 49, 19);
INSERT INTO ORDER_ITEM (ID, ORDER_ID, PRODUCT_ID, QUANTITY)
VALUES (2973, 144, 43, 9);
INSERT INTO ORDER_ITEM (ID, ORDER_ID, PRODUCT_ID, QUANTITY)
VALUES (2974, 144, 45, 6);
INSERT INTO ORDER_ITEM (ID, ORDER_ID, PRODUCT_ID, QUANTITY)
VALUES (2975, 144, 55, 16);
INSERT INTO ORDER_ITEM (ID, ORDER_ID, PRODUCT_ID, QUANTITY)
VALUES (2976, 144, 24, 19);
INSERT INTO ORDER_ITEM (ID, ORDER_ID, PRODUCT_ID, QUANTITY)
VALUES (2977, 144, 11, 12);
INSERT INTO ORDER_ITEM (ID, ORDER_ID, PRODUCT_ID, QUANTITY)
VALUES (2978, 144, 54, 0);
INSERT INTO ORDER_ITEM (ID, ORDER_ID, PRODUCT_ID, QUANTITY)
VALUES (2979, 144, 60, 18);
INSERT INTO ORDER_ITEM (ID, ORDER_ID, PRODUCT_ID, QUANTITY)
VALUES (2980, 144, 32, 7);
INSERT INTO ORDER_ITEM (ID, ORDER_ID, PRODUCT_ID, QUANTITY)
VALUES (2981, 144, 14, 16);
INSERT INTO ORDER_ITEM (ID, ORDER_ID, PRODUCT_ID, QUANTITY)
VALUES (2982, 144, 39, 7);
INSERT INTO ORDER_ITEM (ID, ORDER_ID, PRODUCT_ID, QUANTITY)
VALUES (2983, 144, 56, 6);
INSERT INTO ORDER_ITEM (ID, ORDER_ID, PRODUCT_ID, QUANTITY)
VALUES (2984, 144, 40, 15);
INSERT INTO ORDER_ITEM (ID, ORDER_ID, PRODUCT_ID, QUANTITY)
VALUES (2985, 144, 22, 8);
INSERT INTO ORDER_ITEM (ID, ORDER_ID, PRODUCT_ID, QUANTITY)
VALUES (2986, 144, 27, 11);
INSERT INTO ORDER_ITEM (ID, ORDER_ID, PRODUCT_ID, QUANTITY)
VALUES (2987, 144, 42, 6);
INSERT INTO ORDER_ITEM (ID, ORDER_ID, PRODUCT_ID, QUANTITY)
VALUES (2988, 144, 47, 16);
INSERT INTO ORDER_ITEM (ID, ORDER_ID, PRODUCT_ID, QUANTITY)
VALUES (2989, 144, 46, 17);
-- ### ORDER 135
INSERT INTO PAYMENT_DETAIL(ID, AMOUNT, PROVIDER, PROVIDER_PAYMENT_UUID)
VALUES (145, 2919.0, 'VISA', '882588126');
INSERT INTO ORDERS (ID, CUST_ID, PAYMENT_ID, STATUS, AMOUNT, CREATED_ON, UPDATED_ON)
VALUES (145, 777, 145, 'DELIVERED', 2919.0, LOCALTIMESTAMP, LOCALTIMESTAMP);
INSERT INTO ORDER_ITEM (ID, ORDER_ID, PRODUCT_ID, QUANTITY)
VALUES (2990, 145, 13, 6);
INSERT INTO ORDER_ITEM (ID, ORDER_ID, PRODUCT_ID, QUANTITY)
VALUES (2991, 145, 57, 12);
INSERT INTO ORDER_ITEM (ID, ORDER_ID, PRODUCT_ID, QUANTITY)
VALUES (2992, 145, 41, 18);
INSERT INTO ORDER_ITEM (ID, ORDER_ID, PRODUCT_ID, QUANTITY)
VALUES (2993, 145, 12, 2);
INSERT INTO ORDER_ITEM (ID, ORDER_ID, PRODUCT_ID, QUANTITY)
VALUES (2994, 145, 58, 5);
INSERT INTO ORDER_ITEM (ID, ORDER_ID, PRODUCT_ID, QUANTITY)
VALUES (2995, 145, 54, 3);
INSERT INTO ORDER_ITEM (ID, ORDER_ID, PRODUCT_ID, QUANTITY)
VALUES (2996, 145, 39, 11);
INSERT INTO ORDER_ITEM (ID, ORDER_ID, PRODUCT_ID, QUANTITY)
VALUES (2997, 145, 55, 13);
INSERT INTO ORDER_ITEM (ID, ORDER_ID, PRODUCT_ID, QUANTITY)
VALUES (2998, 145, 48, 18);
INSERT INTO ORDER_ITEM (ID, ORDER_ID, PRODUCT_ID, QUANTITY)
VALUES (2999, 145, 43, 5);
INSERT INTO ORDER_ITEM (ID, ORDER_ID, PRODUCT_ID, QUANTITY)
VALUES (3000, 145, 42, 5);
INSERT INTO ORDER_ITEM (ID, ORDER_ID, PRODUCT_ID, QUANTITY)
VALUES (3001, 145, 27, 9);
INSERT INTO ORDER_ITEM (ID, ORDER_ID, PRODUCT_ID, QUANTITY)
VALUES (3002, 145, 25, 19);
INSERT INTO ORDER_ITEM (ID, ORDER_ID, PRODUCT_ID, QUANTITY)
VALUES (3003, 145, 35, 4);
INSERT INTO ORDER_ITEM (ID, ORDER_ID, PRODUCT_ID, QUANTITY)
VALUES (3004, 145, 24, 11);
INSERT INTO ORDER_ITEM (ID, ORDER_ID, PRODUCT_ID, QUANTITY)
VALUES (3005, 145, 18, 13);
INSERT INTO ORDER_ITEM (ID, ORDER_ID, PRODUCT_ID, QUANTITY)
VALUES (3006, 145, 44, 7);
INSERT INTO ORDER_ITEM (ID, ORDER_ID, PRODUCT_ID, QUANTITY)
VALUES (3007, 145, 36, 16);
INSERT INTO ORDER_ITEM (ID, ORDER_ID, PRODUCT_ID, QUANTITY)
VALUES (3008, 145, 19, 15);
INSERT INTO ORDER_ITEM (ID, ORDER_ID, PRODUCT_ID, QUANTITY)
VALUES (3009, 145, 21, 19);
INSERT INTO ORDER_ITEM (ID, ORDER_ID, PRODUCT_ID, QUANTITY)
VALUES (3010, 145, 46, 0);
INSERT INTO ORDER_ITEM (ID, ORDER_ID, PRODUCT_ID, QUANTITY)
VALUES (3011, 145, 26, 18);
INSERT INTO ORDER_ITEM (ID, ORDER_ID, PRODUCT_ID, QUANTITY)
VALUES (3012, 145, 14, 10);
INSERT INTO ORDER_ITEM (ID, ORDER_ID, PRODUCT_ID, QUANTITY)
VALUES (3013, 145, 60, 19);
INSERT INTO ORDER_ITEM (ID, ORDER_ID, PRODUCT_ID, QUANTITY)
VALUES (3014, 145, 40, 7);
INSERT INTO ORDER_ITEM (ID, ORDER_ID, PRODUCT_ID, QUANTITY)
VALUES (3015, 145, 33, 12);
INSERT INTO ORDER_ITEM (ID, ORDER_ID, PRODUCT_ID, QUANTITY)
VALUES (3016, 145, 32, 16);
INSERT INTO ORDER_ITEM (ID, ORDER_ID, PRODUCT_ID, QUANTITY)
VALUES (3017, 145, 23, 14);
INSERT INTO ORDER_ITEM (ID, ORDER_ID, PRODUCT_ID, QUANTITY)
VALUES (3018, 145, 17, 13);
INSERT INTO ORDER_ITEM (ID, ORDER_ID, PRODUCT_ID, QUANTITY)
VALUES (3019, 145, 11, 19);
INSERT INTO ORDER_ITEM (ID, ORDER_ID, PRODUCT_ID, QUANTITY)
VALUES (3020, 145, 56, 7);
INSERT INTO ORDER_ITEM (ID, ORDER_ID, PRODUCT_ID, QUANTITY)
VALUES (3021, 145, 15, 8);
INSERT INTO ORDER_ITEM (ID, ORDER_ID, PRODUCT_ID, QUANTITY)
VALUES (3022, 145, 20, 7);
INSERT INTO ORDER_ITEM (ID, ORDER_ID, PRODUCT_ID, QUANTITY)
VALUES (3023, 145, 53, 19);
INSERT INTO ORDER_ITEM (ID, ORDER_ID, PRODUCT_ID, QUANTITY)
VALUES (3024, 145, 31, 2);
INSERT INTO ORDER_ITEM (ID, ORDER_ID, PRODUCT_ID, QUANTITY)
VALUES (3025, 145, 16, 5);
INSERT INTO ORDER_ITEM (ID, ORDER_ID, PRODUCT_ID, QUANTITY)
VALUES (3026, 145, 28, 0);
INSERT INTO ORDER_ITEM (ID, ORDER_ID, PRODUCT_ID, QUANTITY)
VALUES (3027, 145, 49, 20);
INSERT INTO ORDER_ITEM (ID, ORDER_ID, PRODUCT_ID, QUANTITY)
VALUES (3028, 145, 37, 16);
INSERT INTO ORDER_ITEM (ID, ORDER_ID, PRODUCT_ID, QUANTITY)
VALUES (3029, 145, 22, 4);
INSERT INTO ORDER_ITEM (ID, ORDER_ID, PRODUCT_ID, QUANTITY)
VALUES (3030, 145, 50, 1);
INSERT INTO ORDER_ITEM (ID, ORDER_ID, PRODUCT_ID, QUANTITY)
VALUES (3031, 145, 59, 5);
INSERT INTO ORDER_ITEM (ID, ORDER_ID, PRODUCT_ID, QUANTITY)
VALUES (3032, 145, 47, 15);
INSERT INTO ORDER_ITEM (ID, ORDER_ID, PRODUCT_ID, QUANTITY)
VALUES (3033, 145, 34, 17);
INSERT INTO ORDER_ITEM (ID, ORDER_ID, PRODUCT_ID, QUANTITY)
VALUES (3034, 145, 52, 14);
INSERT INTO ORDER_ITEM (ID, ORDER_ID, PRODUCT_ID, QUANTITY)
VALUES (3035, 145, 29, 9);
INSERT INTO ORDER_ITEM (ID, ORDER_ID, PRODUCT_ID, QUANTITY)
VALUES (3036, 145, 45, 4);
INSERT INTO ORDER_ITEM (ID, ORDER_ID, PRODUCT_ID, QUANTITY)
VALUES (3037, 145, 38, 20);
-- ### ORDER 136
INSERT INTO PAYMENT_DETAIL(ID, AMOUNT, PROVIDER, PROVIDER_PAYMENT_UUID)
VALUES (146, 471.0, 'PAYPAL', '162456065');
INSERT INTO ORDERS (ID, CUST_ID, PAYMENT_ID, STATUS, AMOUNT, CREATED_ON, UPDATED_ON)
VALUES (146, 777, 146, 'DELIVERED', 471.0, LOCALTIMESTAMP, LOCALTIMESTAMP);
INSERT INTO ORDER_ITEM (ID, ORDER_ID, PRODUCT_ID, QUANTITY)
VALUES (3038, 146, 43, 0);
INSERT INTO ORDER_ITEM (ID, ORDER_ID, PRODUCT_ID, QUANTITY)
VALUES (3039, 146, 26, 0);
INSERT INTO ORDER_ITEM (ID, ORDER_ID, PRODUCT_ID, QUANTITY)
VALUES (3040, 146, 50, 19);
INSERT INTO ORDER_ITEM (ID, ORDER_ID, PRODUCT_ID, QUANTITY)
VALUES (3041, 146, 40, 14);
INSERT INTO ORDER_ITEM (ID, ORDER_ID, PRODUCT_ID, QUANTITY)
VALUES (3042, 146, 20, 20);
INSERT INTO ORDER_ITEM (ID, ORDER_ID, PRODUCT_ID, QUANTITY)
VALUES (3043, 146, 37, 9);
INSERT INTO ORDER_ITEM (ID, ORDER_ID, PRODUCT_ID, QUANTITY)
VALUES (3044, 146, 34, 15);
INSERT INTO ORDER_ITEM (ID, ORDER_ID, PRODUCT_ID, QUANTITY)
VALUES (3045, 146, 59, 20);
INSERT INTO ORDER_ITEM (ID, ORDER_ID, PRODUCT_ID, QUANTITY)
VALUES (3046, 146, 32, 11);
INSERT INTO ORDER_ITEM (ID, ORDER_ID, PRODUCT_ID, QUANTITY)
VALUES (3047, 146, 22, 0);
INSERT INTO ORDER_ITEM (ID, ORDER_ID, PRODUCT_ID, QUANTITY)
VALUES (3048, 146, 17, 9);
INSERT INTO ORDER_ITEM (ID, ORDER_ID, PRODUCT_ID, QUANTITY)
VALUES (3049, 146, 25, 20);
INSERT INTO ORDER_ITEM (ID, ORDER_ID, PRODUCT_ID, QUANTITY)
VALUES (3050, 146, 55, 13);
INSERT INTO ORDER_ITEM (ID, ORDER_ID, PRODUCT_ID, QUANTITY)
VALUES (3051, 146, 53, 5);
INSERT INTO ORDER_ITEM (ID, ORDER_ID, PRODUCT_ID, QUANTITY)
VALUES (3052, 146, 24, 15);
INSERT INTO ORDER_ITEM (ID, ORDER_ID, PRODUCT_ID, QUANTITY)
VALUES (3053, 146, 12, 1);
INSERT INTO ORDER_ITEM (ID, ORDER_ID, PRODUCT_ID, QUANTITY)
VALUES (3054, 146, 42, 11);
INSERT INTO ORDER_ITEM (ID, ORDER_ID, PRODUCT_ID, QUANTITY)
VALUES (3055, 146, 58, 14);
INSERT INTO ORDER_ITEM (ID, ORDER_ID, PRODUCT_ID, QUANTITY)
VALUES (3056, 146, 60, 19);
INSERT INTO ORDER_ITEM (ID, ORDER_ID, PRODUCT_ID, QUANTITY)
VALUES (3057, 146, 36, 3);
INSERT INTO ORDER_ITEM (ID, ORDER_ID, PRODUCT_ID, QUANTITY)
VALUES (3058, 146, 27, 12);
INSERT INTO ORDER_ITEM (ID, ORDER_ID, PRODUCT_ID, QUANTITY)
VALUES (3059, 146, 13, 7);
INSERT INTO ORDER_ITEM (ID, ORDER_ID, PRODUCT_ID, QUANTITY)
VALUES (3060, 146, 18, 16);
INSERT INTO ORDER_ITEM (ID, ORDER_ID, PRODUCT_ID, QUANTITY)
VALUES (3061, 146, 44, 2);
INSERT INTO ORDER_ITEM (ID, ORDER_ID, PRODUCT_ID, QUANTITY)
VALUES (3062, 146, 28, 0);
INSERT INTO ORDER_ITEM (ID, ORDER_ID, PRODUCT_ID, QUANTITY)
VALUES (3063, 146, 16, 14);
INSERT INTO ORDER_ITEM (ID, ORDER_ID, PRODUCT_ID, QUANTITY)
VALUES (3064, 146, 47, 4);
INSERT INTO ORDER_ITEM (ID, ORDER_ID, PRODUCT_ID, QUANTITY)
VALUES (3065, 146, 52, 10);
INSERT INTO ORDER_ITEM (ID, ORDER_ID, PRODUCT_ID, QUANTITY)
VALUES (3066, 146, 21, 7);
INSERT INTO ORDER_ITEM (ID, ORDER_ID, PRODUCT_ID, QUANTITY)
VALUES (3067, 146, 45, 8);
INSERT INTO ORDER_ITEM (ID, ORDER_ID, PRODUCT_ID, QUANTITY)
VALUES (3068, 146, 11, 13);
INSERT INTO ORDER_ITEM (ID, ORDER_ID, PRODUCT_ID, QUANTITY)
VALUES (3069, 146, 51, 3);
INSERT INTO ORDER_ITEM (ID, ORDER_ID, PRODUCT_ID, QUANTITY)
VALUES (3070, 146, 38, 18);
INSERT INTO ORDER_ITEM (ID, ORDER_ID, PRODUCT_ID, QUANTITY)
VALUES (3071, 146, 23, 11);
INSERT INTO ORDER_ITEM (ID, ORDER_ID, PRODUCT_ID, QUANTITY)
VALUES (3072, 146, 19, 6);
INSERT INTO ORDER_ITEM (ID, ORDER_ID, PRODUCT_ID, QUANTITY)
VALUES (3073, 146, 57, 8);
INSERT INTO ORDER_ITEM (ID, ORDER_ID, PRODUCT_ID, QUANTITY)
VALUES (3074, 146, 49, 11);
INSERT INTO ORDER_ITEM (ID, ORDER_ID, PRODUCT_ID, QUANTITY)
VALUES (3075, 146, 33, 4);
INSERT INTO ORDER_ITEM (ID, ORDER_ID, PRODUCT_ID, QUANTITY)
VALUES (3076, 146, 41, 6);
INSERT INTO ORDER_ITEM (ID, ORDER_ID, PRODUCT_ID, QUANTITY)
VALUES (3077, 146, 48, 9);
INSERT INTO ORDER_ITEM (ID, ORDER_ID, PRODUCT_ID, QUANTITY)
VALUES (3078, 146, 54, 17);
INSERT INTO ORDER_ITEM (ID, ORDER_ID, PRODUCT_ID, QUANTITY)
VALUES (3079, 146, 29, 15);
-- ### ORDER 137
INSERT INTO PAYMENT_DETAIL(ID, AMOUNT, PROVIDER, PROVIDER_PAYMENT_UUID)
VALUES (147, 4067.0, 'VISA', '844541153');
INSERT INTO ORDERS (ID, CUST_ID, PAYMENT_ID, STATUS, AMOUNT, CREATED_ON, UPDATED_ON)
VALUES (147, 777, 147, 'DELIVERED', 4067.0, LOCALTIMESTAMP, LOCALTIMESTAMP);
INSERT INTO ORDER_ITEM (ID, ORDER_ID, PRODUCT_ID, QUANTITY)
VALUES (3080, 147, 11, 19);
INSERT INTO ORDER_ITEM (ID, ORDER_ID, PRODUCT_ID, QUANTITY)
VALUES (3081, 147, 50, 17);
INSERT INTO ORDER_ITEM (ID, ORDER_ID, PRODUCT_ID, QUANTITY)
VALUES (3082, 147, 38, 9);
INSERT INTO ORDER_ITEM (ID, ORDER_ID, PRODUCT_ID, QUANTITY)
VALUES (3083, 147, 32, 0);
INSERT INTO ORDER_ITEM (ID, ORDER_ID, PRODUCT_ID, QUANTITY)
VALUES (3084, 147, 24, 11);
INSERT INTO ORDER_ITEM (ID, ORDER_ID, PRODUCT_ID, QUANTITY)
VALUES (3085, 147, 55, 19);
INSERT INTO ORDER_ITEM (ID, ORDER_ID, PRODUCT_ID, QUANTITY)
VALUES (3086, 147, 12, 13);
INSERT INTO ORDER_ITEM (ID, ORDER_ID, PRODUCT_ID, QUANTITY)
VALUES (3087, 147, 43, 16);
INSERT INTO ORDER_ITEM (ID, ORDER_ID, PRODUCT_ID, QUANTITY)
VALUES (3088, 147, 58, 17);
INSERT INTO ORDER_ITEM (ID, ORDER_ID, PRODUCT_ID, QUANTITY)
VALUES (3089, 147, 42, 18);
-- ### ORDER 138
INSERT INTO PAYMENT_DETAIL(ID, AMOUNT, PROVIDER, PROVIDER_PAYMENT_UUID)
VALUES (148, 3017.0, 'ICARD', '205329843');
INSERT INTO ORDERS (ID, CUST_ID, PAYMENT_ID, STATUS, AMOUNT, CREATED_ON, UPDATED_ON)
VALUES (148, 777, 148, 'DELIVERED', 3017.0, LOCALTIMESTAMP, LOCALTIMESTAMP);
INSERT INTO ORDER_ITEM (ID, ORDER_ID, PRODUCT_ID, QUANTITY)
VALUES (3090, 148, 53, 5);
INSERT INTO ORDER_ITEM (ID, ORDER_ID, PRODUCT_ID, QUANTITY)
VALUES (3091, 148, 44, 12);
INSERT INTO ORDER_ITEM (ID, ORDER_ID, PRODUCT_ID, QUANTITY)
VALUES (3092, 148, 19, 10);
INSERT INTO ORDER_ITEM (ID, ORDER_ID, PRODUCT_ID, QUANTITY)
VALUES (3093, 148, 45, 9);
INSERT INTO ORDER_ITEM (ID, ORDER_ID, PRODUCT_ID, QUANTITY)
VALUES (3094, 148, 24, 4);
INSERT INTO ORDER_ITEM (ID, ORDER_ID, PRODUCT_ID, QUANTITY)
VALUES (3095, 148, 28, 17);
INSERT INTO ORDER_ITEM (ID, ORDER_ID, PRODUCT_ID, QUANTITY)
VALUES (3096, 148, 49, 17);
INSERT INTO ORDER_ITEM (ID, ORDER_ID, PRODUCT_ID, QUANTITY)
VALUES (3097, 148, 52, 2);
INSERT INTO ORDER_ITEM (ID, ORDER_ID, PRODUCT_ID, QUANTITY)
VALUES (3098, 148, 31, 18);
INSERT INTO ORDER_ITEM (ID, ORDER_ID, PRODUCT_ID, QUANTITY)
VALUES (3099, 148, 32, 8);
INSERT INTO ORDER_ITEM (ID, ORDER_ID, PRODUCT_ID, QUANTITY)
VALUES (3100, 148, 11, 7);
INSERT INTO ORDER_ITEM (ID, ORDER_ID, PRODUCT_ID, QUANTITY)
VALUES (3101, 148, 43, 3);
INSERT INTO ORDER_ITEM (ID, ORDER_ID, PRODUCT_ID, QUANTITY)
VALUES (3102, 148, 29, 11);
-- ### ORDER 139
INSERT INTO PAYMENT_DETAIL(ID, AMOUNT, PROVIDER, PROVIDER_PAYMENT_UUID)
VALUES (149, 725.0, 'CRYPTO', '364688138');
INSERT INTO ORDERS (ID, CUST_ID, PAYMENT_ID, STATUS, AMOUNT, CREATED_ON, UPDATED_ON)
VALUES (149, 777, 149, 'DELIVERED', 725.0, LOCALTIMESTAMP, LOCALTIMESTAMP);
INSERT INTO ORDER_ITEM (ID, ORDER_ID, PRODUCT_ID, QUANTITY)
VALUES (3103, 149, 18, 19);
INSERT INTO ORDER_ITEM (ID, ORDER_ID, PRODUCT_ID, QUANTITY)
VALUES (3104, 149, 53, 9);
INSERT INTO ORDER_ITEM (ID, ORDER_ID, PRODUCT_ID, QUANTITY)
VALUES (3105, 149, 12, 8);
INSERT INTO ORDER_ITEM (ID, ORDER_ID, PRODUCT_ID, QUANTITY)
VALUES (3106, 149, 41, 0);
INSERT INTO ORDER_ITEM (ID, ORDER_ID, PRODUCT_ID, QUANTITY)
VALUES (3107, 149, 33, 1);
INSERT INTO ORDER_ITEM (ID, ORDER_ID, PRODUCT_ID, QUANTITY)
VALUES (3108, 149, 14, 3);
INSERT INTO ORDER_ITEM (ID, ORDER_ID, PRODUCT_ID, QUANTITY)
VALUES (3109, 149, 13, 6);
INSERT INTO ORDER_ITEM (ID, ORDER_ID, PRODUCT_ID, QUANTITY)
VALUES (3110, 149, 28, 10);
INSERT INTO ORDER_ITEM (ID, ORDER_ID, PRODUCT_ID, QUANTITY)
VALUES (3111, 149, 52, 12);
INSERT INTO ORDER_ITEM (ID, ORDER_ID, PRODUCT_ID, QUANTITY)
VALUES (3112, 149, 54, 11);
INSERT INTO ORDER_ITEM (ID, ORDER_ID, PRODUCT_ID, QUANTITY)
VALUES (3113, 149, 17, 5);
INSERT INTO ORDER_ITEM (ID, ORDER_ID, PRODUCT_ID, QUANTITY)
VALUES (3114, 149, 51, 11);
INSERT INTO ORDER_ITEM (ID, ORDER_ID, PRODUCT_ID, QUANTITY)
VALUES (3115, 149, 59, 12);
INSERT INTO ORDER_ITEM (ID, ORDER_ID, PRODUCT_ID, QUANTITY)
VALUES (3116, 149, 29, 11);
INSERT INTO ORDER_ITEM (ID, ORDER_ID, PRODUCT_ID, QUANTITY)
VALUES (3117, 149, 57, 3);
INSERT INTO ORDER_ITEM (ID, ORDER_ID, PRODUCT_ID, QUANTITY)
VALUES (3118, 149, 56, 9);
INSERT INTO ORDER_ITEM (ID, ORDER_ID, PRODUCT_ID, QUANTITY)
VALUES (3119, 149, 21, 9);
INSERT INTO ORDER_ITEM (ID, ORDER_ID, PRODUCT_ID, QUANTITY)
VALUES (3120, 149, 42, 13);
INSERT INTO ORDER_ITEM (ID, ORDER_ID, PRODUCT_ID, QUANTITY)
VALUES (3121, 149, 15, 7);
INSERT INTO ORDER_ITEM (ID, ORDER_ID, PRODUCT_ID, QUANTITY)
VALUES (3122, 149, 38, 9);
INSERT INTO ORDER_ITEM (ID, ORDER_ID, PRODUCT_ID, QUANTITY)
VALUES (3123, 149, 11, 4);
INSERT INTO ORDER_ITEM (ID, ORDER_ID, PRODUCT_ID, QUANTITY)
VALUES (3124, 149, 34, 20);
INSERT INTO ORDER_ITEM (ID, ORDER_ID, PRODUCT_ID, QUANTITY)
VALUES (3125, 149, 23, 18);
INSERT INTO ORDER_ITEM (ID, ORDER_ID, PRODUCT_ID, QUANTITY)
VALUES (3126, 149, 35, 4);
INSERT INTO ORDER_ITEM (ID, ORDER_ID, PRODUCT_ID, QUANTITY)
VALUES (3127, 149, 32, 18);
INSERT INTO ORDER_ITEM (ID, ORDER_ID, PRODUCT_ID, QUANTITY)
VALUES (3128, 149, 30, 2);
INSERT INTO ORDER_ITEM (ID, ORDER_ID, PRODUCT_ID, QUANTITY)
VALUES (3129, 149, 40, 4);
INSERT INTO ORDER_ITEM (ID, ORDER_ID, PRODUCT_ID, QUANTITY)
VALUES (3130, 149, 48, 9);
INSERT INTO ORDER_ITEM (ID, ORDER_ID, PRODUCT_ID, QUANTITY)
VALUES (3131, 149, 46, 20);
-- ### ORDER 140
INSERT INTO PAYMENT_DETAIL(ID, AMOUNT, PROVIDER, PROVIDER_PAYMENT_UUID)
VALUES (150, 2568.0, 'VISA', '748178813');
INSERT INTO ORDERS (ID, CUST_ID, PAYMENT_ID, STATUS, AMOUNT, CREATED_ON, UPDATED_ON)
VALUES (150, 777, 150, 'DELIVERED', 2568.0, LOCALTIMESTAMP, LOCALTIMESTAMP);
INSERT INTO ORDER_ITEM (ID, ORDER_ID, PRODUCT_ID, QUANTITY)
VALUES (3132, 150, 22, 12);
INSERT INTO ORDER_ITEM (ID, ORDER_ID, PRODUCT_ID, QUANTITY)
VALUES (3133, 150, 33, 2);
INSERT INTO ORDER_ITEM (ID, ORDER_ID, PRODUCT_ID, QUANTITY)
VALUES (3134, 150, 40, 13);
INSERT INTO ORDER_ITEM (ID, ORDER_ID, PRODUCT_ID, QUANTITY)
VALUES (3135, 150, 34, 14);
INSERT INTO ORDER_ITEM (ID, ORDER_ID, PRODUCT_ID, QUANTITY)
VALUES (3136, 150, 43, 1);
INSERT INTO ORDER_ITEM (ID, ORDER_ID, PRODUCT_ID, QUANTITY)
VALUES (3137, 150, 16, 14);
INSERT INTO ORDER_ITEM (ID, ORDER_ID, PRODUCT_ID, QUANTITY)
VALUES (3138, 150, 19, 10);
INSERT INTO ORDER_ITEM (ID, ORDER_ID, PRODUCT_ID, QUANTITY)
VALUES (3139, 150, 20, 16);
INSERT INTO ORDER_ITEM (ID, ORDER_ID, PRODUCT_ID, QUANTITY)
VALUES (3140, 150, 27, 7);
INSERT INTO ORDER_ITEM (ID, ORDER_ID, PRODUCT_ID, QUANTITY)
VALUES (3141, 150, 30, 8);
INSERT INTO ORDER_ITEM (ID, ORDER_ID, PRODUCT_ID, QUANTITY)
VALUES (3142, 150, 28, 0);
INSERT INTO ORDER_ITEM (ID, ORDER_ID, PRODUCT_ID, QUANTITY)
VALUES (3143, 150, 48, 12);
INSERT INTO ORDER_ITEM (ID, ORDER_ID, PRODUCT_ID, QUANTITY)
VALUES (3144, 150, 23, 16);
INSERT INTO ORDER_ITEM (ID, ORDER_ID, PRODUCT_ID, QUANTITY)
VALUES (3145, 150, 32, 5);
INSERT INTO ORDER_ITEM (ID, ORDER_ID, PRODUCT_ID, QUANTITY)
VALUES (3146, 150, 52, 18);
INSERT INTO ORDER_ITEM (ID, ORDER_ID, PRODUCT_ID, QUANTITY)
VALUES (3147, 150, 17, 16);
INSERT INTO ORDER_ITEM (ID, ORDER_ID, PRODUCT_ID, QUANTITY)
VALUES (3148, 150, 59, 7);
INSERT INTO ORDER_ITEM (ID, ORDER_ID, PRODUCT_ID, QUANTITY)
VALUES (3149, 150, 29, 10);
INSERT INTO ORDER_ITEM (ID, ORDER_ID, PRODUCT_ID, QUANTITY)
VALUES (3150, 150, 50, 16);
INSERT INTO ORDER_ITEM (ID, ORDER_ID, PRODUCT_ID, QUANTITY)
VALUES (3151, 150, 42, 4);
INSERT INTO ORDER_ITEM (ID, ORDER_ID, PRODUCT_ID, QUANTITY)
VALUES (3152, 150, 45, 4);
INSERT INTO ORDER_ITEM (ID, ORDER_ID, PRODUCT_ID, QUANTITY)
VALUES (3153, 150, 15, 2);
INSERT INTO ORDER_ITEM (ID, ORDER_ID, PRODUCT_ID, QUANTITY)
VALUES (3154, 150, 24, 11);
INSERT INTO ORDER_ITEM (ID, ORDER_ID, PRODUCT_ID, QUANTITY)
VALUES (3155, 150, 12, 18);
INSERT INTO ORDER_ITEM (ID, ORDER_ID, PRODUCT_ID, QUANTITY)
VALUES (3156, 150, 60, 2);
INSERT INTO ORDER_ITEM (ID, ORDER_ID, PRODUCT_ID, QUANTITY)
VALUES (3157, 150, 35, 0);
INSERT INTO ORDER_ITEM (ID, ORDER_ID, PRODUCT_ID, QUANTITY)
VALUES (3158, 150, 25, 13);
INSERT INTO ORDER_ITEM (ID, ORDER_ID, PRODUCT_ID, QUANTITY)
VALUES (3159, 150, 37, 9);
INSERT INTO ORDER_ITEM (ID, ORDER_ID, PRODUCT_ID, QUANTITY)
VALUES (3160, 150, 36, 15);
INSERT INTO ORDER_ITEM (ID, ORDER_ID, PRODUCT_ID, QUANTITY)
VALUES (3161, 150, 38, 1);
INSERT INTO ORDER_ITEM (ID, ORDER_ID, PRODUCT_ID, QUANTITY)
VALUES (3162, 150, 39, 9);
INSERT INTO ORDER_ITEM (ID, ORDER_ID, PRODUCT_ID, QUANTITY)
VALUES (3163, 150, 13, 0);
-- ### ORDER 141
INSERT INTO PAYMENT_DETAIL(ID, AMOUNT, PROVIDER, PROVIDER_PAYMENT_UUID)
VALUES (151, 3416.0, 'VISA', '758332679');
INSERT INTO ORDERS (ID, CUST_ID, PAYMENT_ID, STATUS, AMOUNT, CREATED_ON, UPDATED_ON)
VALUES (151, 777, 151, 'DELIVERED', 3416.0, LOCALTIMESTAMP, LOCALTIMESTAMP);
INSERT INTO ORDER_ITEM (ID, ORDER_ID, PRODUCT_ID, QUANTITY)
VALUES (3164, 151, 36, 18);
INSERT INTO ORDER_ITEM (ID, ORDER_ID, PRODUCT_ID, QUANTITY)
VALUES (3165, 151, 54, 3);
INSERT INTO ORDER_ITEM (ID, ORDER_ID, PRODUCT_ID, QUANTITY)
VALUES (3166, 151, 30, 11);
INSERT INTO ORDER_ITEM (ID, ORDER_ID, PRODUCT_ID, QUANTITY)
VALUES (3167, 151, 23, 12);
INSERT INTO ORDER_ITEM (ID, ORDER_ID, PRODUCT_ID, QUANTITY)
VALUES (3168, 151, 31, 2);
INSERT INTO ORDER_ITEM (ID, ORDER_ID, PRODUCT_ID, QUANTITY)
VALUES (3169, 151, 43, 2);
INSERT INTO ORDER_ITEM (ID, ORDER_ID, PRODUCT_ID, QUANTITY)
VALUES (3170, 151, 21, 14);
INSERT INTO ORDER_ITEM (ID, ORDER_ID, PRODUCT_ID, QUANTITY)
VALUES (3171, 151, 38, 13);
INSERT INTO ORDER_ITEM (ID, ORDER_ID, PRODUCT_ID, QUANTITY)
VALUES (3172, 151, 57, 0);
INSERT INTO ORDER_ITEM (ID, ORDER_ID, PRODUCT_ID, QUANTITY)
VALUES (3173, 151, 14, 5);
INSERT INTO ORDER_ITEM (ID, ORDER_ID, PRODUCT_ID, QUANTITY)
VALUES (3174, 151, 24, 13);
INSERT INTO ORDER_ITEM (ID, ORDER_ID, PRODUCT_ID, QUANTITY)
VALUES (3175, 151, 34, 11);
INSERT INTO ORDER_ITEM (ID, ORDER_ID, PRODUCT_ID, QUANTITY)
VALUES (3176, 151, 27, 12);
INSERT INTO ORDER_ITEM (ID, ORDER_ID, PRODUCT_ID, QUANTITY)
VALUES (3177, 151, 53, 5);
INSERT INTO ORDER_ITEM (ID, ORDER_ID, PRODUCT_ID, QUANTITY)
VALUES (3178, 151, 42, 12);
INSERT INTO ORDER_ITEM (ID, ORDER_ID, PRODUCT_ID, QUANTITY)
VALUES (3179, 151, 25, 3);
INSERT INTO ORDER_ITEM (ID, ORDER_ID, PRODUCT_ID, QUANTITY)
VALUES (3180, 151, 20, 20);
INSERT INTO ORDER_ITEM (ID, ORDER_ID, PRODUCT_ID, QUANTITY)
VALUES (3181, 151, 39, 20);
INSERT INTO ORDER_ITEM (ID, ORDER_ID, PRODUCT_ID, QUANTITY)
VALUES (3182, 151, 18, 2);
INSERT INTO ORDER_ITEM (ID, ORDER_ID, PRODUCT_ID, QUANTITY)
VALUES (3183, 151, 40, 6);
INSERT INTO ORDER_ITEM (ID, ORDER_ID, PRODUCT_ID, QUANTITY)
VALUES (3184, 151, 60, 19);
INSERT INTO ORDER_ITEM (ID, ORDER_ID, PRODUCT_ID, QUANTITY)
VALUES (3185, 151, 48, 7);
INSERT INTO ORDER_ITEM (ID, ORDER_ID, PRODUCT_ID, QUANTITY)
VALUES (3186, 151, 29, 17);
INSERT INTO ORDER_ITEM (ID, ORDER_ID, PRODUCT_ID, QUANTITY)
VALUES (3187, 151, 46, 12);
INSERT INTO ORDER_ITEM (ID, ORDER_ID, PRODUCT_ID, QUANTITY)
VALUES (3188, 151, 47, 15);
INSERT INTO ORDER_ITEM (ID, ORDER_ID, PRODUCT_ID, QUANTITY)
VALUES (3189, 151, 37, 12);
-- ### ORDER 142
INSERT INTO PAYMENT_DETAIL(ID, AMOUNT, PROVIDER, PROVIDER_PAYMENT_UUID)
VALUES (152, 482.0, 'PAYPAL', '979252268');
INSERT INTO ORDERS (ID, CUST_ID, PAYMENT_ID, STATUS, AMOUNT, CREATED_ON, UPDATED_ON)
VALUES (152, 777, 152, 'DELIVERED', 482.0, LOCALTIMESTAMP, LOCALTIMESTAMP);
INSERT INTO ORDER_ITEM (ID, ORDER_ID, PRODUCT_ID, QUANTITY)
VALUES (3190, 152, 11, 4);
INSERT INTO ORDER_ITEM (ID, ORDER_ID, PRODUCT_ID, QUANTITY)
VALUES (3191, 152, 60, 10);
INSERT INTO ORDER_ITEM (ID, ORDER_ID, PRODUCT_ID, QUANTITY)
VALUES (3192, 152, 38, 18);
INSERT INTO ORDER_ITEM (ID, ORDER_ID, PRODUCT_ID, QUANTITY)
VALUES (3193, 152, 43, 15);
INSERT INTO ORDER_ITEM (ID, ORDER_ID, PRODUCT_ID, QUANTITY)
VALUES (3194, 152, 40, 12);
INSERT INTO ORDER_ITEM (ID, ORDER_ID, PRODUCT_ID, QUANTITY)
VALUES (3195, 152, 29, 5);
INSERT INTO ORDER_ITEM (ID, ORDER_ID, PRODUCT_ID, QUANTITY)
VALUES (3196, 152, 27, 20);
INSERT INTO ORDER_ITEM (ID, ORDER_ID, PRODUCT_ID, QUANTITY)
VALUES (3197, 152, 31, 20);
INSERT INTO ORDER_ITEM (ID, ORDER_ID, PRODUCT_ID, QUANTITY)
VALUES (3198, 152, 32, 0);
INSERT INTO ORDER_ITEM (ID, ORDER_ID, PRODUCT_ID, QUANTITY)
VALUES (3199, 152, 55, 15);
INSERT INTO ORDER_ITEM (ID, ORDER_ID, PRODUCT_ID, QUANTITY)
VALUES (3200, 152, 59, 4);
INSERT INTO ORDER_ITEM (ID, ORDER_ID, PRODUCT_ID, QUANTITY)
VALUES (3201, 152, 54, 7);
INSERT INTO ORDER_ITEM (ID, ORDER_ID, PRODUCT_ID, QUANTITY)
VALUES (3202, 152, 53, 5);
INSERT INTO ORDER_ITEM (ID, ORDER_ID, PRODUCT_ID, QUANTITY)
VALUES (3203, 152, 46, 6);
INSERT INTO ORDER_ITEM (ID, ORDER_ID, PRODUCT_ID, QUANTITY)
VALUES (3204, 152, 42, 14);
INSERT INTO ORDER_ITEM (ID, ORDER_ID, PRODUCT_ID, QUANTITY)
VALUES (3205, 152, 45, 2);
INSERT INTO ORDER_ITEM (ID, ORDER_ID, PRODUCT_ID, QUANTITY)
VALUES (3206, 152, 23, 3);
INSERT INTO ORDER_ITEM (ID, ORDER_ID, PRODUCT_ID, QUANTITY)
VALUES (3207, 152, 50, 13);
INSERT INTO ORDER_ITEM (ID, ORDER_ID, PRODUCT_ID, QUANTITY)
VALUES (3208, 152, 36, 11);
INSERT INTO ORDER_ITEM (ID, ORDER_ID, PRODUCT_ID, QUANTITY)
VALUES (3209, 152, 47, 15);
INSERT INTO ORDER_ITEM (ID, ORDER_ID, PRODUCT_ID, QUANTITY)
VALUES (3210, 152, 35, 7);
INSERT INTO ORDER_ITEM (ID, ORDER_ID, PRODUCT_ID, QUANTITY)
VALUES (3211, 152, 58, 4);
INSERT INTO ORDER_ITEM (ID, ORDER_ID, PRODUCT_ID, QUANTITY)
VALUES (3212, 152, 20, 2);
-- ### ORDER 143
INSERT INTO PAYMENT_DETAIL(ID, AMOUNT, PROVIDER, PROVIDER_PAYMENT_UUID)
VALUES (153, 3239.0, 'MASTERCARD', '396278163');
INSERT INTO ORDERS (ID, CUST_ID, PAYMENT_ID, STATUS, AMOUNT, CREATED_ON, UPDATED_ON)
VALUES (153, 777, 153, 'DELIVERED', 3239.0, LOCALTIMESTAMP, LOCALTIMESTAMP);
INSERT INTO ORDER_ITEM (ID, ORDER_ID, PRODUCT_ID, QUANTITY)
VALUES (3213, 153, 55, 5);
INSERT INTO ORDER_ITEM (ID, ORDER_ID, PRODUCT_ID, QUANTITY)
VALUES (3214, 153, 19, 18);
INSERT INTO ORDER_ITEM (ID, ORDER_ID, PRODUCT_ID, QUANTITY)
VALUES (3215, 153, 38, 6);
INSERT INTO ORDER_ITEM (ID, ORDER_ID, PRODUCT_ID, QUANTITY)
VALUES (3216, 153, 17, 4);
INSERT INTO ORDER_ITEM (ID, ORDER_ID, PRODUCT_ID, QUANTITY)
VALUES (3217, 153, 33, 8);
INSERT INTO ORDER_ITEM (ID, ORDER_ID, PRODUCT_ID, QUANTITY)
VALUES (3218, 153, 31, 10);
INSERT INTO ORDER_ITEM (ID, ORDER_ID, PRODUCT_ID, QUANTITY)
VALUES (3219, 153, 53, 1);
INSERT INTO ORDER_ITEM (ID, ORDER_ID, PRODUCT_ID, QUANTITY)
VALUES (3220, 153, 12, 7);
INSERT INTO ORDER_ITEM (ID, ORDER_ID, PRODUCT_ID, QUANTITY)
VALUES (3221, 153, 13, 15);
INSERT INTO ORDER_ITEM (ID, ORDER_ID, PRODUCT_ID, QUANTITY)
VALUES (3222, 153, 32, 1);
INSERT INTO ORDER_ITEM (ID, ORDER_ID, PRODUCT_ID, QUANTITY)
VALUES (3223, 153, 58, 4);
INSERT INTO ORDER_ITEM (ID, ORDER_ID, PRODUCT_ID, QUANTITY)
VALUES (3224, 153, 29, 0);
INSERT INTO ORDER_ITEM (ID, ORDER_ID, PRODUCT_ID, QUANTITY)
VALUES (3225, 153, 60, 14);
INSERT INTO ORDER_ITEM (ID, ORDER_ID, PRODUCT_ID, QUANTITY)
VALUES (3226, 153, 21, 9);
INSERT INTO ORDER_ITEM (ID, ORDER_ID, PRODUCT_ID, QUANTITY)
VALUES (3227, 153, 56, 1);
INSERT INTO ORDER_ITEM (ID, ORDER_ID, PRODUCT_ID, QUANTITY)
VALUES (3228, 153, 52, 8);
INSERT INTO ORDER_ITEM (ID, ORDER_ID, PRODUCT_ID, QUANTITY)
VALUES (3229, 153, 11, 4);
INSERT INTO ORDER_ITEM (ID, ORDER_ID, PRODUCT_ID, QUANTITY)
VALUES (3230, 153, 44, 6);
INSERT INTO ORDER_ITEM (ID, ORDER_ID, PRODUCT_ID, QUANTITY)
VALUES (3231, 153, 43, 15);
INSERT INTO ORDER_ITEM (ID, ORDER_ID, PRODUCT_ID, QUANTITY)
VALUES (3232, 153, 27, 5);
INSERT INTO ORDER_ITEM (ID, ORDER_ID, PRODUCT_ID, QUANTITY)
VALUES (3233, 153, 54, 17);
INSERT INTO ORDER_ITEM (ID, ORDER_ID, PRODUCT_ID, QUANTITY)
VALUES (3234, 153, 18, 5);
INSERT INTO ORDER_ITEM (ID, ORDER_ID, PRODUCT_ID, QUANTITY)
VALUES (3235, 153, 36, 16);
INSERT INTO ORDER_ITEM (ID, ORDER_ID, PRODUCT_ID, QUANTITY)
VALUES (3236, 153, 41, 7);
INSERT INTO ORDER_ITEM (ID, ORDER_ID, PRODUCT_ID, QUANTITY)
VALUES (3237, 153, 15, 18);
INSERT INTO ORDER_ITEM (ID, ORDER_ID, PRODUCT_ID, QUANTITY)
VALUES (3238, 153, 28, 5);
INSERT INTO ORDER_ITEM (ID, ORDER_ID, PRODUCT_ID, QUANTITY)
VALUES (3239, 153, 49, 7);
INSERT INTO ORDER_ITEM (ID, ORDER_ID, PRODUCT_ID, QUANTITY)
VALUES (3240, 153, 39, 9);
INSERT INTO ORDER_ITEM (ID, ORDER_ID, PRODUCT_ID, QUANTITY)
VALUES (3241, 153, 25, 20);
-- ### ORDER 144
INSERT INTO PAYMENT_DETAIL(ID, AMOUNT, PROVIDER, PROVIDER_PAYMENT_UUID)
VALUES (154, 3626.0, 'PAYPAL', '514647605');
INSERT INTO ORDERS (ID, CUST_ID, PAYMENT_ID, STATUS, AMOUNT, CREATED_ON, UPDATED_ON)
VALUES (154, 777, 154, 'DELIVERED', 3626.0, LOCALTIMESTAMP, LOCALTIMESTAMP);
INSERT INTO ORDER_ITEM (ID, ORDER_ID, PRODUCT_ID, QUANTITY)
VALUES (3242, 154, 45, 18);
INSERT INTO ORDER_ITEM (ID, ORDER_ID, PRODUCT_ID, QUANTITY)
VALUES (3243, 154, 36, 6);
INSERT INTO ORDER_ITEM (ID, ORDER_ID, PRODUCT_ID, QUANTITY)
VALUES (3244, 154, 49, 4);
INSERT INTO ORDER_ITEM (ID, ORDER_ID, PRODUCT_ID, QUANTITY)
VALUES (3245, 154, 15, 0);
INSERT INTO ORDER_ITEM (ID, ORDER_ID, PRODUCT_ID, QUANTITY)
VALUES (3246, 154, 24, 12);
INSERT INTO ORDER_ITEM (ID, ORDER_ID, PRODUCT_ID, QUANTITY)
VALUES (3247, 154, 47, 7);
INSERT INTO ORDER_ITEM (ID, ORDER_ID, PRODUCT_ID, QUANTITY)
VALUES (3248, 154, 33, 7);
INSERT INTO ORDER_ITEM (ID, ORDER_ID, PRODUCT_ID, QUANTITY)
VALUES (3249, 154, 53, 15);
INSERT INTO ORDER_ITEM (ID, ORDER_ID, PRODUCT_ID, QUANTITY)
VALUES (3250, 154, 30, 9);
INSERT INTO ORDER_ITEM (ID, ORDER_ID, PRODUCT_ID, QUANTITY)
VALUES (3251, 154, 37, 4);
INSERT INTO ORDER_ITEM (ID, ORDER_ID, PRODUCT_ID, QUANTITY)
VALUES (3252, 154, 21, 5);
INSERT INTO ORDER_ITEM (ID, ORDER_ID, PRODUCT_ID, QUANTITY)
VALUES (3253, 154, 46, 20);
INSERT INTO ORDER_ITEM (ID, ORDER_ID, PRODUCT_ID, QUANTITY)
VALUES (3254, 154, 12, 19);
INSERT INTO ORDER_ITEM (ID, ORDER_ID, PRODUCT_ID, QUANTITY)
VALUES (3255, 154, 40, 1);
INSERT INTO ORDER_ITEM (ID, ORDER_ID, PRODUCT_ID, QUANTITY)
VALUES (3256, 154, 13, 16);
-- ### ORDER 145
INSERT INTO PAYMENT_DETAIL(ID, AMOUNT, PROVIDER, PROVIDER_PAYMENT_UUID)
VALUES (155, 585.0, 'MASTERCARD', '379714822');
INSERT INTO ORDERS (ID, CUST_ID, PAYMENT_ID, STATUS, AMOUNT, CREATED_ON, UPDATED_ON)
VALUES (155, 777, 155, 'DELIVERED', 585.0, LOCALTIMESTAMP, LOCALTIMESTAMP);
INSERT INTO ORDER_ITEM (ID, ORDER_ID, PRODUCT_ID, QUANTITY)
VALUES (3257, 155, 21, 3);
INSERT INTO ORDER_ITEM (ID, ORDER_ID, PRODUCT_ID, QUANTITY)
VALUES (3258, 155, 46, 10);
INSERT INTO ORDER_ITEM (ID, ORDER_ID, PRODUCT_ID, QUANTITY)
VALUES (3259, 155, 24, 10);
INSERT INTO ORDER_ITEM (ID, ORDER_ID, PRODUCT_ID, QUANTITY)
VALUES (3260, 155, 40, 3);
INSERT INTO ORDER_ITEM (ID, ORDER_ID, PRODUCT_ID, QUANTITY)
VALUES (3261, 155, 12, 7);
INSERT INTO ORDER_ITEM (ID, ORDER_ID, PRODUCT_ID, QUANTITY)
VALUES (3262, 155, 53, 20);
INSERT INTO ORDER_ITEM (ID, ORDER_ID, PRODUCT_ID, QUANTITY)
VALUES (3263, 155, 34, 9);
INSERT INTO ORDER_ITEM (ID, ORDER_ID, PRODUCT_ID, QUANTITY)
VALUES (3264, 155, 32, 16);
INSERT INTO ORDER_ITEM (ID, ORDER_ID, PRODUCT_ID, QUANTITY)
VALUES (3265, 155, 58, 14);
INSERT INTO ORDER_ITEM (ID, ORDER_ID, PRODUCT_ID, QUANTITY)
VALUES (3266, 155, 37, 8);
INSERT INTO ORDER_ITEM (ID, ORDER_ID, PRODUCT_ID, QUANTITY)
VALUES (3267, 155, 49, 11);
INSERT INTO ORDER_ITEM (ID, ORDER_ID, PRODUCT_ID, QUANTITY)
VALUES (3268, 155, 36, 18);
INSERT INTO ORDER_ITEM (ID, ORDER_ID, PRODUCT_ID, QUANTITY)
VALUES (3269, 155, 26, 5);
INSERT INTO ORDER_ITEM (ID, ORDER_ID, PRODUCT_ID, QUANTITY)
VALUES (3270, 155, 35, 11);
INSERT INTO ORDER_ITEM (ID, ORDER_ID, PRODUCT_ID, QUANTITY)
VALUES (3271, 155, 15, 20);
INSERT INTO ORDER_ITEM (ID, ORDER_ID, PRODUCT_ID, QUANTITY)
VALUES (3272, 155, 30, 4);
INSERT INTO ORDER_ITEM (ID, ORDER_ID, PRODUCT_ID, QUANTITY)
VALUES (3273, 155, 56, 3);
INSERT INTO ORDER_ITEM (ID, ORDER_ID, PRODUCT_ID, QUANTITY)
VALUES (3274, 155, 25, 17);
INSERT INTO ORDER_ITEM (ID, ORDER_ID, PRODUCT_ID, QUANTITY)
VALUES (3275, 155, 38, 5);
INSERT INTO ORDER_ITEM (ID, ORDER_ID, PRODUCT_ID, QUANTITY)
VALUES (3276, 155, 55, 17);
INSERT INTO ORDER_ITEM (ID, ORDER_ID, PRODUCT_ID, QUANTITY)
VALUES (3277, 155, 17, 18);
INSERT INTO ORDER_ITEM (ID, ORDER_ID, PRODUCT_ID, QUANTITY)
VALUES (3278, 155, 31, 19);
INSERT INTO ORDER_ITEM (ID, ORDER_ID, PRODUCT_ID, QUANTITY)
VALUES (3279, 155, 60, 1);
INSERT INTO ORDER_ITEM (ID, ORDER_ID, PRODUCT_ID, QUANTITY)
VALUES (3280, 155, 23, 9);
INSERT INTO ORDER_ITEM (ID, ORDER_ID, PRODUCT_ID, QUANTITY)
VALUES (3281, 155, 20, 7);
INSERT INTO ORDER_ITEM (ID, ORDER_ID, PRODUCT_ID, QUANTITY)
VALUES (3282, 155, 33, 16);
INSERT INTO ORDER_ITEM (ID, ORDER_ID, PRODUCT_ID, QUANTITY)
VALUES (3283, 155, 45, 5);
INSERT INTO ORDER_ITEM (ID, ORDER_ID, PRODUCT_ID, QUANTITY)
VALUES (3284, 155, 28, 18);
INSERT INTO ORDER_ITEM (ID, ORDER_ID, PRODUCT_ID, QUANTITY)
VALUES (3285, 155, 27, 3);
INSERT INTO ORDER_ITEM (ID, ORDER_ID, PRODUCT_ID, QUANTITY)
VALUES (3286, 155, 51, 16);
INSERT INTO ORDER_ITEM (ID, ORDER_ID, PRODUCT_ID, QUANTITY)
VALUES (3287, 155, 54, 6);
INSERT INTO ORDER_ITEM (ID, ORDER_ID, PRODUCT_ID, QUANTITY)
VALUES (3288, 155, 52, 10);
INSERT INTO ORDER_ITEM (ID, ORDER_ID, PRODUCT_ID, QUANTITY)
VALUES (3289, 155, 44, 1);
INSERT INTO ORDER_ITEM (ID, ORDER_ID, PRODUCT_ID, QUANTITY)
VALUES (3290, 155, 39, 14);
-- ### ORDER 146
INSERT INTO PAYMENT_DETAIL(ID, AMOUNT, PROVIDER, PROVIDER_PAYMENT_UUID)
VALUES (156, 3103.0, 'VISA', '929615763');
INSERT INTO ORDERS (ID, CUST_ID, PAYMENT_ID, STATUS, AMOUNT, CREATED_ON, UPDATED_ON)
VALUES (156, 777, 156, 'DELIVERED', 3103.0, LOCALTIMESTAMP, LOCALTIMESTAMP);
INSERT INTO ORDER_ITEM (ID, ORDER_ID, PRODUCT_ID, QUANTITY)
VALUES (3291, 156, 30, 3);
INSERT INTO ORDER_ITEM (ID, ORDER_ID, PRODUCT_ID, QUANTITY)
VALUES (3292, 156, 53, 15);
INSERT INTO ORDER_ITEM (ID, ORDER_ID, PRODUCT_ID, QUANTITY)
VALUES (3293, 156, 36, 9);
INSERT INTO ORDER_ITEM (ID, ORDER_ID, PRODUCT_ID, QUANTITY)
VALUES (3294, 156, 19, 14);
INSERT INTO ORDER_ITEM (ID, ORDER_ID, PRODUCT_ID, QUANTITY)
VALUES (3295, 156, 24, 1);
INSERT INTO ORDER_ITEM (ID, ORDER_ID, PRODUCT_ID, QUANTITY)
VALUES (3296, 156, 46, 15);
INSERT INTO ORDER_ITEM (ID, ORDER_ID, PRODUCT_ID, QUANTITY)
VALUES (3297, 156, 18, 20);
INSERT INTO ORDER_ITEM (ID, ORDER_ID, PRODUCT_ID, QUANTITY)
VALUES (3298, 156, 38, 17);
INSERT INTO ORDER_ITEM (ID, ORDER_ID, PRODUCT_ID, QUANTITY)
VALUES (3299, 156, 27, 13);
INSERT INTO ORDER_ITEM (ID, ORDER_ID, PRODUCT_ID, QUANTITY)
VALUES (3300, 156, 15, 14);
INSERT INTO ORDER_ITEM (ID, ORDER_ID, PRODUCT_ID, QUANTITY)
VALUES (3301, 156, 23, 13);
INSERT INTO ORDER_ITEM (ID, ORDER_ID, PRODUCT_ID, QUANTITY)
VALUES (3302, 156, 28, 6);
INSERT INTO ORDER_ITEM (ID, ORDER_ID, PRODUCT_ID, QUANTITY)
VALUES (3303, 156, 32, 0);
INSERT INTO ORDER_ITEM (ID, ORDER_ID, PRODUCT_ID, QUANTITY)
VALUES (3304, 156, 29, 19);
INSERT INTO ORDER_ITEM (ID, ORDER_ID, PRODUCT_ID, QUANTITY)
VALUES (3305, 156, 49, 11);
INSERT INTO ORDER_ITEM (ID, ORDER_ID, PRODUCT_ID, QUANTITY)
VALUES (3306, 156, 58, 7);
INSERT INTO ORDER_ITEM (ID, ORDER_ID, PRODUCT_ID, QUANTITY)
VALUES (3307, 156, 33, 20);
INSERT INTO ORDER_ITEM (ID, ORDER_ID, PRODUCT_ID, QUANTITY)
VALUES (3308, 156, 45, 10);
INSERT INTO ORDER_ITEM (ID, ORDER_ID, PRODUCT_ID, QUANTITY)
VALUES (3309, 156, 11, 15);
INSERT INTO ORDER_ITEM (ID, ORDER_ID, PRODUCT_ID, QUANTITY)
VALUES (3310, 156, 22, 18);
INSERT INTO ORDER_ITEM (ID, ORDER_ID, PRODUCT_ID, QUANTITY)
VALUES (3311, 156, 21, 20);
INSERT INTO ORDER_ITEM (ID, ORDER_ID, PRODUCT_ID, QUANTITY)
VALUES (3312, 156, 34, 10);
INSERT INTO ORDER_ITEM (ID, ORDER_ID, PRODUCT_ID, QUANTITY)
VALUES (3313, 156, 40, 20);
INSERT INTO ORDER_ITEM (ID, ORDER_ID, PRODUCT_ID, QUANTITY)
VALUES (3314, 156, 26, 15);
INSERT INTO ORDER_ITEM (ID, ORDER_ID, PRODUCT_ID, QUANTITY)
VALUES (3315, 156, 51, 6);
INSERT INTO ORDER_ITEM (ID, ORDER_ID, PRODUCT_ID, QUANTITY)
VALUES (3316, 156, 43, 14);
INSERT INTO ORDER_ITEM (ID, ORDER_ID, PRODUCT_ID, QUANTITY)
VALUES (3317, 156, 16, 4);
INSERT INTO ORDER_ITEM (ID, ORDER_ID, PRODUCT_ID, QUANTITY)
VALUES (3318, 156, 48, 10);
INSERT INTO ORDER_ITEM (ID, ORDER_ID, PRODUCT_ID, QUANTITY)
VALUES (3319, 156, 52, 14);
INSERT INTO ORDER_ITEM (ID, ORDER_ID, PRODUCT_ID, QUANTITY)
VALUES (3320, 156, 54, 17);
INSERT INTO ORDER_ITEM (ID, ORDER_ID, PRODUCT_ID, QUANTITY)
VALUES (3321, 156, 14, 20);
INSERT INTO ORDER_ITEM (ID, ORDER_ID, PRODUCT_ID, QUANTITY)
VALUES (3322, 156, 41, 3);
INSERT INTO ORDER_ITEM (ID, ORDER_ID, PRODUCT_ID, QUANTITY)
VALUES (3323, 156, 47, 4);
INSERT INTO ORDER_ITEM (ID, ORDER_ID, PRODUCT_ID, QUANTITY)
VALUES (3324, 156, 60, 15);
INSERT INTO ORDER_ITEM (ID, ORDER_ID, PRODUCT_ID, QUANTITY)
VALUES (3325, 156, 56, 15);
INSERT INTO ORDER_ITEM (ID, ORDER_ID, PRODUCT_ID, QUANTITY)
VALUES (3326, 156, 31, 20);
INSERT INTO ORDER_ITEM (ID, ORDER_ID, PRODUCT_ID, QUANTITY)
VALUES (3327, 156, 17, 7);
INSERT INTO ORDER_ITEM (ID, ORDER_ID, PRODUCT_ID, QUANTITY)
VALUES (3328, 156, 13, 17);
INSERT INTO ORDER_ITEM (ID, ORDER_ID, PRODUCT_ID, QUANTITY)
VALUES (3329, 156, 20, 13);
INSERT INTO ORDER_ITEM (ID, ORDER_ID, PRODUCT_ID, QUANTITY)
VALUES (3330, 156, 59, 18);
INSERT INTO ORDER_ITEM (ID, ORDER_ID, PRODUCT_ID, QUANTITY)
VALUES (3331, 156, 25, 2);
-- ### ORDER 147
INSERT INTO PAYMENT_DETAIL(ID, AMOUNT, PROVIDER, PROVIDER_PAYMENT_UUID)
VALUES (157, 2214.0, 'MASTERCARD', '510052981');
INSERT INTO ORDERS (ID, CUST_ID, PAYMENT_ID, STATUS, AMOUNT, CREATED_ON, UPDATED_ON)
VALUES (157, 777, 157, 'DELIVERED', 2214.0, LOCALTIMESTAMP, LOCALTIMESTAMP);
INSERT INTO ORDER_ITEM (ID, ORDER_ID, PRODUCT_ID, QUANTITY)
VALUES (3332, 157, 23, 1);
INSERT INTO ORDER_ITEM (ID, ORDER_ID, PRODUCT_ID, QUANTITY)
VALUES (3333, 157, 54, 4);
INSERT INTO ORDER_ITEM (ID, ORDER_ID, PRODUCT_ID, QUANTITY)
VALUES (3334, 157, 55, 3);
INSERT INTO ORDER_ITEM (ID, ORDER_ID, PRODUCT_ID, QUANTITY)
VALUES (3335, 157, 16, 6);
INSERT INTO ORDER_ITEM (ID, ORDER_ID, PRODUCT_ID, QUANTITY)
VALUES (3336, 157, 36, 6);
INSERT INTO ORDER_ITEM (ID, ORDER_ID, PRODUCT_ID, QUANTITY)
VALUES (3337, 157, 52, 11);
INSERT INTO ORDER_ITEM (ID, ORDER_ID, PRODUCT_ID, QUANTITY)
VALUES (3338, 157, 11, 11);
INSERT INTO ORDER_ITEM (ID, ORDER_ID, PRODUCT_ID, QUANTITY)
VALUES (3339, 157, 48, 20);
INSERT INTO ORDER_ITEM (ID, ORDER_ID, PRODUCT_ID, QUANTITY)
VALUES (3340, 157, 35, 5);
INSERT INTO ORDER_ITEM (ID, ORDER_ID, PRODUCT_ID, QUANTITY)
VALUES (3341, 157, 39, 18);
INSERT INTO ORDER_ITEM (ID, ORDER_ID, PRODUCT_ID, QUANTITY)
VALUES (3342, 157, 46, 7);
INSERT INTO ORDER_ITEM (ID, ORDER_ID, PRODUCT_ID, QUANTITY)
VALUES (3343, 157, 53, 2);
INSERT INTO ORDER_ITEM (ID, ORDER_ID, PRODUCT_ID, QUANTITY)
VALUES (3344, 157, 15, 18);
INSERT INTO ORDER_ITEM (ID, ORDER_ID, PRODUCT_ID, QUANTITY)
VALUES (3345, 157, 59, 14);
INSERT INTO ORDER_ITEM (ID, ORDER_ID, PRODUCT_ID, QUANTITY)
VALUES (3346, 157, 44, 11);
INSERT INTO ORDER_ITEM (ID, ORDER_ID, PRODUCT_ID, QUANTITY)
VALUES (3347, 157, 27, 14);
INSERT INTO ORDER_ITEM (ID, ORDER_ID, PRODUCT_ID, QUANTITY)
VALUES (3348, 157, 30, 5);
INSERT INTO ORDER_ITEM (ID, ORDER_ID, PRODUCT_ID, QUANTITY)
VALUES (3349, 157, 21, 10);
INSERT INTO ORDER_ITEM (ID, ORDER_ID, PRODUCT_ID, QUANTITY)
VALUES (3350, 157, 38, 18);
INSERT INTO ORDER_ITEM (ID, ORDER_ID, PRODUCT_ID, QUANTITY)
VALUES (3351, 157, 37, 4);
INSERT INTO ORDER_ITEM (ID, ORDER_ID, PRODUCT_ID, QUANTITY)
VALUES (3352, 157, 12, 1);
INSERT INTO ORDER_ITEM (ID, ORDER_ID, PRODUCT_ID, QUANTITY)
VALUES (3353, 157, 41, 3);
INSERT INTO ORDER_ITEM (ID, ORDER_ID, PRODUCT_ID, QUANTITY)
VALUES (3354, 157, 57, 17);
INSERT INTO ORDER_ITEM (ID, ORDER_ID, PRODUCT_ID, QUANTITY)
VALUES (3355, 157, 50, 15);
INSERT INTO ORDER_ITEM (ID, ORDER_ID, PRODUCT_ID, QUANTITY)
VALUES (3356, 157, 49, 10);
INSERT INTO ORDER_ITEM (ID, ORDER_ID, PRODUCT_ID, QUANTITY)
VALUES (3357, 157, 34, 10);
INSERT INTO ORDER_ITEM (ID, ORDER_ID, PRODUCT_ID, QUANTITY)
VALUES (3358, 157, 13, 12);
INSERT INTO ORDER_ITEM (ID, ORDER_ID, PRODUCT_ID, QUANTITY)
VALUES (3359, 157, 24, 17);
INSERT INTO ORDER_ITEM (ID, ORDER_ID, PRODUCT_ID, QUANTITY)
VALUES (3360, 157, 31, 15);
-- ### ORDER 148
INSERT INTO PAYMENT_DETAIL(ID, AMOUNT, PROVIDER, PROVIDER_PAYMENT_UUID)
VALUES (158, 751.0, 'CRYPTO', '643016911');
INSERT INTO ORDERS (ID, CUST_ID, PAYMENT_ID, STATUS, AMOUNT, CREATED_ON, UPDATED_ON)
VALUES (158, 777, 158, 'DELIVERED', 751.0, LOCALTIMESTAMP, LOCALTIMESTAMP);
INSERT INTO ORDER_ITEM (ID, ORDER_ID, PRODUCT_ID, QUANTITY)
VALUES (3361, 158, 56, 2);
INSERT INTO ORDER_ITEM (ID, ORDER_ID, PRODUCT_ID, QUANTITY)
VALUES (3362, 158, 47, 14);
INSERT INTO ORDER_ITEM (ID, ORDER_ID, PRODUCT_ID, QUANTITY)
VALUES (3363, 158, 41, 17);
INSERT INTO ORDER_ITEM (ID, ORDER_ID, PRODUCT_ID, QUANTITY)
VALUES (3364, 158, 34, 10);
INSERT INTO ORDER_ITEM (ID, ORDER_ID, PRODUCT_ID, QUANTITY)
VALUES (3365, 158, 27, 3);
INSERT INTO ORDER_ITEM (ID, ORDER_ID, PRODUCT_ID, QUANTITY)
VALUES (3366, 158, 36, 3);
INSERT INTO ORDER_ITEM (ID, ORDER_ID, PRODUCT_ID, QUANTITY)
VALUES (3367, 158, 45, 3);
INSERT INTO ORDER_ITEM (ID, ORDER_ID, PRODUCT_ID, QUANTITY)
VALUES (3368, 158, 25, 10);
INSERT INTO ORDER_ITEM (ID, ORDER_ID, PRODUCT_ID, QUANTITY)
VALUES (3369, 158, 16, 2);
INSERT INTO ORDER_ITEM (ID, ORDER_ID, PRODUCT_ID, QUANTITY)
VALUES (3370, 158, 46, 2);
INSERT INTO ORDER_ITEM (ID, ORDER_ID, PRODUCT_ID, QUANTITY)
VALUES (3371, 158, 58, 16);
INSERT INTO ORDER_ITEM (ID, ORDER_ID, PRODUCT_ID, QUANTITY)
VALUES (3372, 158, 39, 11);
INSERT INTO ORDER_ITEM (ID, ORDER_ID, PRODUCT_ID, QUANTITY)
VALUES (3373, 158, 52, 13);
INSERT INTO ORDER_ITEM (ID, ORDER_ID, PRODUCT_ID, QUANTITY)
VALUES (3374, 158, 18, 4);
INSERT INTO ORDER_ITEM (ID, ORDER_ID, PRODUCT_ID, QUANTITY)
VALUES (3375, 158, 53, 16);
INSERT INTO ORDER_ITEM (ID, ORDER_ID, PRODUCT_ID, QUANTITY)
VALUES (3376, 158, 40, 20);
INSERT INTO ORDER_ITEM (ID, ORDER_ID, PRODUCT_ID, QUANTITY)
VALUES (3377, 158, 30, 19);
INSERT INTO ORDER_ITEM (ID, ORDER_ID, PRODUCT_ID, QUANTITY)
VALUES (3378, 158, 59, 0);
INSERT INTO ORDER_ITEM (ID, ORDER_ID, PRODUCT_ID, QUANTITY)
VALUES (3379, 158, 48, 5);
INSERT INTO ORDER_ITEM (ID, ORDER_ID, PRODUCT_ID, QUANTITY)
VALUES (3380, 158, 17, 14);
INSERT INTO ORDER_ITEM (ID, ORDER_ID, PRODUCT_ID, QUANTITY)
VALUES (3381, 158, 33, 17);
INSERT INTO ORDER_ITEM (ID, ORDER_ID, PRODUCT_ID, QUANTITY)
VALUES (3382, 158, 20, 12);
INSERT INTO ORDER_ITEM (ID, ORDER_ID, PRODUCT_ID, QUANTITY)
VALUES (3383, 158, 35, 5);
INSERT INTO ORDER_ITEM (ID, ORDER_ID, PRODUCT_ID, QUANTITY)
VALUES (3384, 158, 29, 3);
INSERT INTO ORDER_ITEM (ID, ORDER_ID, PRODUCT_ID, QUANTITY)
VALUES (3385, 158, 32, 13);
INSERT INTO ORDER_ITEM (ID, ORDER_ID, PRODUCT_ID, QUANTITY)
VALUES (3386, 158, 55, 11);
INSERT INTO ORDER_ITEM (ID, ORDER_ID, PRODUCT_ID, QUANTITY)
VALUES (3387, 158, 28, 16);
INSERT INTO ORDER_ITEM (ID, ORDER_ID, PRODUCT_ID, QUANTITY)
VALUES (3388, 158, 43, 7);
INSERT INTO ORDER_ITEM (ID, ORDER_ID, PRODUCT_ID, QUANTITY)
VALUES (3389, 158, 60, 12);
INSERT INTO ORDER_ITEM (ID, ORDER_ID, PRODUCT_ID, QUANTITY)
VALUES (3390, 158, 13, 13);
INSERT INTO ORDER_ITEM (ID, ORDER_ID, PRODUCT_ID, QUANTITY)
VALUES (3391, 158, 49, 19);
INSERT INTO ORDER_ITEM (ID, ORDER_ID, PRODUCT_ID, QUANTITY)
VALUES (3392, 158, 24, 19);
INSERT INTO ORDER_ITEM (ID, ORDER_ID, PRODUCT_ID, QUANTITY)
VALUES (3393, 158, 12, 5);
INSERT INTO ORDER_ITEM (ID, ORDER_ID, PRODUCT_ID, QUANTITY)
VALUES (3394, 158, 42, 18);
INSERT INTO ORDER_ITEM (ID, ORDER_ID, PRODUCT_ID, QUANTITY)
VALUES (3395, 158, 31, 8);
INSERT INTO ORDER_ITEM (ID, ORDER_ID, PRODUCT_ID, QUANTITY)
VALUES (3396, 158, 37, 18);
INSERT INTO ORDER_ITEM (ID, ORDER_ID, PRODUCT_ID, QUANTITY)
VALUES (3397, 158, 50, 17);
INSERT INTO ORDER_ITEM (ID, ORDER_ID, PRODUCT_ID, QUANTITY)
VALUES (3398, 158, 54, 6);
INSERT INTO ORDER_ITEM (ID, ORDER_ID, PRODUCT_ID, QUANTITY)
VALUES (3399, 158, 38, 9);
INSERT INTO ORDER_ITEM (ID, ORDER_ID, PRODUCT_ID, QUANTITY)
VALUES (3400, 158, 22, 11);
INSERT INTO ORDER_ITEM (ID, ORDER_ID, PRODUCT_ID, QUANTITY)
VALUES (3401, 158, 19, 15);
INSERT INTO ORDER_ITEM (ID, ORDER_ID, PRODUCT_ID, QUANTITY)
VALUES (3402, 158, 44, 10);
INSERT INTO ORDER_ITEM (ID, ORDER_ID, PRODUCT_ID, QUANTITY)
VALUES (3403, 158, 14, 9);
INSERT INTO ORDER_ITEM (ID, ORDER_ID, PRODUCT_ID, QUANTITY)
VALUES (3404, 158, 57, 13);
INSERT INTO ORDER_ITEM (ID, ORDER_ID, PRODUCT_ID, QUANTITY)
VALUES (3405, 158, 26, 8);
INSERT INTO ORDER_ITEM (ID, ORDER_ID, PRODUCT_ID, QUANTITY)
VALUES (3406, 158, 15, 12);
INSERT INTO ORDER_ITEM (ID, ORDER_ID, PRODUCT_ID, QUANTITY)
VALUES (3407, 158, 51, 15);
INSERT INTO ORDER_ITEM (ID, ORDER_ID, PRODUCT_ID, QUANTITY)
VALUES (3408, 158, 23, 15);
INSERT INTO ORDER_ITEM (ID, ORDER_ID, PRODUCT_ID, QUANTITY)
VALUES (3409, 158, 21, 10);
-- ### ORDER 149
INSERT INTO PAYMENT_DETAIL(ID, AMOUNT, PROVIDER, PROVIDER_PAYMENT_UUID)
VALUES (159, 233.0, 'VISA', '286649300');
INSERT INTO ORDERS (ID, CUST_ID, PAYMENT_ID, STATUS, AMOUNT, CREATED_ON, UPDATED_ON)
VALUES (159, 777, 159, 'DELIVERED', 233.0, LOCALTIMESTAMP, LOCALTIMESTAMP);
INSERT INTO ORDER_ITEM (ID, ORDER_ID, PRODUCT_ID, QUANTITY)
VALUES (3410, 159, 40, 16);
INSERT INTO ORDER_ITEM (ID, ORDER_ID, PRODUCT_ID, QUANTITY)
VALUES (3411, 159, 33, 16);
INSERT INTO ORDER_ITEM (ID, ORDER_ID, PRODUCT_ID, QUANTITY)
VALUES (3412, 159, 12, 12);
INSERT INTO ORDER_ITEM (ID, ORDER_ID, PRODUCT_ID, QUANTITY)
VALUES (3413, 159, 48, 10);
INSERT INTO ORDER_ITEM (ID, ORDER_ID, PRODUCT_ID, QUANTITY)
VALUES (3414, 159, 49, 11);
INSERT INTO ORDER_ITEM (ID, ORDER_ID, PRODUCT_ID, QUANTITY)
VALUES (3415, 159, 46, 12);
INSERT INTO ORDER_ITEM (ID, ORDER_ID, PRODUCT_ID, QUANTITY)
VALUES (3416, 159, 30, 14);
INSERT INTO ORDER_ITEM (ID, ORDER_ID, PRODUCT_ID, QUANTITY)
VALUES (3417, 159, 16, 5);
INSERT INTO ORDER_ITEM (ID, ORDER_ID, PRODUCT_ID, QUANTITY)
VALUES (3418, 159, 27, 0);
INSERT INTO ORDER_ITEM (ID, ORDER_ID, PRODUCT_ID, QUANTITY)
VALUES (3419, 159, 58, 20);
INSERT INTO ORDER_ITEM (ID, ORDER_ID, PRODUCT_ID, QUANTITY)
VALUES (3420, 159, 25, 14);
INSERT INTO ORDER_ITEM (ID, ORDER_ID, PRODUCT_ID, QUANTITY)
VALUES (3421, 159, 34, 13);
INSERT INTO ORDER_ITEM (ID, ORDER_ID, PRODUCT_ID, QUANTITY)
VALUES (3422, 159, 14, 18);
INSERT INTO ORDER_ITEM (ID, ORDER_ID, PRODUCT_ID, QUANTITY)
VALUES (3423, 159, 41, 18);
INSERT INTO ORDER_ITEM (ID, ORDER_ID, PRODUCT_ID, QUANTITY)
VALUES (3424, 159, 23, 14);
INSERT INTO ORDER_ITEM (ID, ORDER_ID, PRODUCT_ID, QUANTITY)
VALUES (3425, 159, 51, 1);
INSERT INTO ORDER_ITEM (ID, ORDER_ID, PRODUCT_ID, QUANTITY)
VALUES (3426, 159, 35, 10);
INSERT INTO ORDER_ITEM (ID, ORDER_ID, PRODUCT_ID, QUANTITY)
VALUES (3427, 159, 57, 20);
INSERT INTO ORDER_ITEM (ID, ORDER_ID, PRODUCT_ID, QUANTITY)
VALUES (3428, 159, 18, 13);
INSERT INTO ORDER_ITEM (ID, ORDER_ID, PRODUCT_ID, QUANTITY)
VALUES (3429, 159, 11, 14);
INSERT INTO ORDER_ITEM (ID, ORDER_ID, PRODUCT_ID, QUANTITY)
VALUES (3430, 159, 54, 2);
INSERT INTO ORDER_ITEM (ID, ORDER_ID, PRODUCT_ID, QUANTITY)
VALUES (3431, 159, 29, 19);
INSERT INTO ORDER_ITEM (ID, ORDER_ID, PRODUCT_ID, QUANTITY)
VALUES (3432, 159, 17, 3);
INSERT INTO ORDER_ITEM (ID, ORDER_ID, PRODUCT_ID, QUANTITY)
VALUES (3433, 159, 38, 0);
INSERT INTO ORDER_ITEM (ID, ORDER_ID, PRODUCT_ID, QUANTITY)
VALUES (3434, 159, 24, 16);
INSERT INTO ORDER_ITEM (ID, ORDER_ID, PRODUCT_ID, QUANTITY)
VALUES (3435, 159, 13, 2);
INSERT INTO ORDER_ITEM (ID, ORDER_ID, PRODUCT_ID, QUANTITY)
VALUES (3436, 159, 39, 14);
INSERT INTO ORDER_ITEM (ID, ORDER_ID, PRODUCT_ID, QUANTITY)
VALUES (3437, 159, 59, 17);
INSERT INTO ORDER_ITEM (ID, ORDER_ID, PRODUCT_ID, QUANTITY)
VALUES (3438, 159, 44, 0);
INSERT INTO ORDER_ITEM (ID, ORDER_ID, PRODUCT_ID, QUANTITY)
VALUES (3439, 159, 52, 5);
INSERT INTO ORDER_ITEM (ID, ORDER_ID, PRODUCT_ID, QUANTITY)
VALUES (3440, 159, 53, 11);
INSERT INTO ORDER_ITEM (ID, ORDER_ID, PRODUCT_ID, QUANTITY)
VALUES (3441, 159, 42, 14);
INSERT INTO ORDER_ITEM (ID, ORDER_ID, PRODUCT_ID, QUANTITY)
VALUES (3442, 159, 19, 4);
INSERT INTO ORDER_ITEM (ID, ORDER_ID, PRODUCT_ID, QUANTITY)
VALUES (3443, 159, 55, 9);
INSERT INTO ORDER_ITEM (ID, ORDER_ID, PRODUCT_ID, QUANTITY)
VALUES (3444, 159, 45, 7);
INSERT INTO ORDER_ITEM (ID, ORDER_ID, PRODUCT_ID, QUANTITY)
VALUES (3445, 159, 50, 14);
INSERT INTO ORDER_ITEM (ID, ORDER_ID, PRODUCT_ID, QUANTITY)
VALUES (3446, 159, 15, 7);
INSERT INTO ORDER_ITEM (ID, ORDER_ID, PRODUCT_ID, QUANTITY)
VALUES (3447, 159, 32, 8);
INSERT INTO ORDER_ITEM (ID, ORDER_ID, PRODUCT_ID, QUANTITY)
VALUES (3448, 159, 26, 2);
INSERT INTO ORDER_ITEM (ID, ORDER_ID, PRODUCT_ID, QUANTITY)
VALUES (3449, 159, 47, 3);
INSERT INTO ORDER_ITEM (ID, ORDER_ID, PRODUCT_ID, QUANTITY)
VALUES (3450, 159, 43, 20);
INSERT INTO ORDER_ITEM (ID, ORDER_ID, PRODUCT_ID, QUANTITY)
VALUES (3451, 159, 20, 15);
-- ### ORDER 150
INSERT INTO PAYMENT_DETAIL(ID, AMOUNT, PROVIDER, PROVIDER_PAYMENT_UUID)
VALUES (160, 2235.0, 'MASTERCARD', '670988634');
INSERT INTO ORDERS (ID, CUST_ID, PAYMENT_ID, STATUS, AMOUNT, CREATED_ON, UPDATED_ON)
VALUES (160, 777, 160, 'DELIVERED', 2235.0, LOCALTIMESTAMP, LOCALTIMESTAMP);
INSERT INTO ORDER_ITEM (ID, ORDER_ID, PRODUCT_ID, QUANTITY)
VALUES (3452, 160, 29, 0);
INSERT INTO ORDER_ITEM (ID, ORDER_ID, PRODUCT_ID, QUANTITY)
VALUES (3453, 160, 24, 1);
INSERT INTO ORDER_ITEM (ID, ORDER_ID, PRODUCT_ID, QUANTITY)
VALUES (3454, 160, 14, 7);
INSERT INTO ORDER_ITEM (ID, ORDER_ID, PRODUCT_ID, QUANTITY)
VALUES (3455, 160, 50, 4);
INSERT INTO ORDER_ITEM (ID, ORDER_ID, PRODUCT_ID, QUANTITY)
VALUES (3456, 160, 47, 14);
INSERT INTO ORDER_ITEM (ID, ORDER_ID, PRODUCT_ID, QUANTITY)
VALUES (3457, 160, 18, 6);
INSERT INTO ORDER_ITEM (ID, ORDER_ID, PRODUCT_ID, QUANTITY)
VALUES (3458, 160, 52, 1);
INSERT INTO ORDER_ITEM (ID, ORDER_ID, PRODUCT_ID, QUANTITY)
VALUES (3459, 160, 54, 2);
INSERT INTO ORDER_ITEM (ID, ORDER_ID, PRODUCT_ID, QUANTITY)
VALUES (3460, 160, 51, 0);
INSERT INTO ORDER_ITEM (ID, ORDER_ID, PRODUCT_ID, QUANTITY)
VALUES (3461, 160, 32, 13);
INSERT INTO ORDER_ITEM (ID, ORDER_ID, PRODUCT_ID, QUANTITY)
VALUES (3462, 160, 55, 5);
INSERT INTO ORDER_ITEM (ID, ORDER_ID, PRODUCT_ID, QUANTITY)
VALUES (3463, 160, 30, 17);
INSERT INTO ORDER_ITEM (ID, ORDER_ID, PRODUCT_ID, QUANTITY)
VALUES (3464, 160, 28, 20);
INSERT INTO ORDER_ITEM (ID, ORDER_ID, PRODUCT_ID, QUANTITY)
VALUES (3465, 160, 33, 10);
INSERT INTO ORDER_ITEM (ID, ORDER_ID, PRODUCT_ID, QUANTITY)
VALUES (3466, 160, 41, 13);
INSERT INTO ORDER_ITEM (ID, ORDER_ID, PRODUCT_ID, QUANTITY)
VALUES (3467, 160, 58, 2);
INSERT INTO ORDER_ITEM (ID, ORDER_ID, PRODUCT_ID, QUANTITY)
VALUES (3468, 160, 38, 6);
INSERT INTO ORDER_ITEM (ID, ORDER_ID, PRODUCT_ID, QUANTITY)
VALUES (3469, 160, 25, 15);
INSERT INTO ORDER_ITEM (ID, ORDER_ID, PRODUCT_ID, QUANTITY)
VALUES (3470, 160, 48, 16);
INSERT INTO ORDER_ITEM (ID, ORDER_ID, PRODUCT_ID, QUANTITY)
VALUES (3471, 160, 21, 18);
INSERT INTO ORDER_ITEM (ID, ORDER_ID, PRODUCT_ID, QUANTITY)
VALUES (3472, 160, 57, 7);
INSERT INTO ORDER_ITEM (ID, ORDER_ID, PRODUCT_ID, QUANTITY)
VALUES (3473, 160, 12, 9);
INSERT INTO ORDER_ITEM (ID, ORDER_ID, PRODUCT_ID, QUANTITY)
VALUES (3474, 160, 15, 3);
INSERT INTO ORDER_ITEM (ID, ORDER_ID, PRODUCT_ID, QUANTITY)
VALUES (3475, 160, 53, 4);
INSERT INTO ORDER_ITEM (ID, ORDER_ID, PRODUCT_ID, QUANTITY)
VALUES (3476, 160, 59, 18);
INSERT INTO ORDER_ITEM (ID, ORDER_ID, PRODUCT_ID, QUANTITY)
VALUES (3477, 160, 34, 3);
INSERT INTO ORDER_ITEM (ID, ORDER_ID, PRODUCT_ID, QUANTITY)
VALUES (3478, 160, 36, 17);
INSERT INTO ORDER_ITEM (ID, ORDER_ID, PRODUCT_ID, QUANTITY)
VALUES (3479, 160, 45, 18);
INSERT INTO ORDER_ITEM (ID, ORDER_ID, PRODUCT_ID, QUANTITY)
VALUES (3480, 160, 60, 4);
INSERT INTO ORDER_ITEM (ID, ORDER_ID, PRODUCT_ID, QUANTITY)
VALUES (3481, 160, 26, 9);
INSERT INTO ORDER_ITEM (ID, ORDER_ID, PRODUCT_ID, QUANTITY)
VALUES (3482, 160, 20, 0);
INSERT INTO ORDER_ITEM (ID, ORDER_ID, PRODUCT_ID, QUANTITY)
VALUES (3483, 160, 40, 0);
INSERT INTO ORDER_ITEM (ID, ORDER_ID, PRODUCT_ID, QUANTITY)
VALUES (3484, 160, 11, 13);
INSERT INTO ORDER_ITEM (ID, ORDER_ID, PRODUCT_ID, QUANTITY)
VALUES (3485, 160, 13, 6);
INSERT INTO ORDER_ITEM (ID, ORDER_ID, PRODUCT_ID, QUANTITY)
VALUES (3486, 160, 44, 16);
INSERT INTO ORDER_ITEM (ID, ORDER_ID, PRODUCT_ID, QUANTITY)
VALUES (3487, 160, 17, 1);
INSERT INTO ORDER_ITEM (ID, ORDER_ID, PRODUCT_ID, QUANTITY)
VALUES (3488, 160, 23, 15);
INSERT INTO ORDER_ITEM (ID, ORDER_ID, PRODUCT_ID, QUANTITY)
VALUES (3489, 160, 56, 7);
INSERT INTO ORDER_ITEM (ID, ORDER_ID, PRODUCT_ID, QUANTITY)
VALUES (3490, 160, 39, 13);
INSERT INTO ORDER_ITEM (ID, ORDER_ID, PRODUCT_ID, QUANTITY)
VALUES (3491, 160, 19, 11);
INSERT INTO ORDER_ITEM (ID, ORDER_ID, PRODUCT_ID, QUANTITY)
VALUES (3492, 160, 35, 17);
INSERT INTO ORDER_ITEM (ID, ORDER_ID, PRODUCT_ID, QUANTITY)
VALUES (3493, 160, 43, 15);
INSERT INTO ORDER_ITEM (ID, ORDER_ID, PRODUCT_ID, QUANTITY)
VALUES (3494, 160, 42, 17);
INSERT INTO ORDER_ITEM (ID, ORDER_ID, PRODUCT_ID, QUANTITY)
VALUES (3495, 160, 46, 14);
INSERT INTO ORDER_ITEM (ID, ORDER_ID, PRODUCT_ID, QUANTITY)
VALUES (3496, 160, 31, 17);
-- ### ORDER 151
INSERT INTO PAYMENT_DETAIL(ID, AMOUNT, PROVIDER, PROVIDER_PAYMENT_UUID)
VALUES (161, 1863.0, 'PAYPAL', '788992539');
INSERT INTO ORDERS (ID, CUST_ID, PAYMENT_ID, STATUS, AMOUNT, CREATED_ON, UPDATED_ON)
VALUES (161, 777, 161, 'DELIVERED', 1863.0, LOCALTIMESTAMP, LOCALTIMESTAMP);
INSERT INTO ORDER_ITEM (ID, ORDER_ID, PRODUCT_ID, QUANTITY)
VALUES (3497, 161, 43, 0);
INSERT INTO ORDER_ITEM (ID, ORDER_ID, PRODUCT_ID, QUANTITY)
VALUES (3498, 161, 44, 9);
INSERT INTO ORDER_ITEM (ID, ORDER_ID, PRODUCT_ID, QUANTITY)
VALUES (3499, 161, 31, 4);
-- ### ORDER 152
INSERT INTO PAYMENT_DETAIL(ID, AMOUNT, PROVIDER, PROVIDER_PAYMENT_UUID)
VALUES (162, 4071.0, 'CRYPTO', '361308770');
INSERT INTO ORDERS (ID, CUST_ID, PAYMENT_ID, STATUS, AMOUNT, CREATED_ON, UPDATED_ON)
VALUES (162, 777, 162, 'DELIVERED', 4071.0, LOCALTIMESTAMP, LOCALTIMESTAMP);
INSERT INTO ORDER_ITEM (ID, ORDER_ID, PRODUCT_ID, QUANTITY)
VALUES (3500, 162, 48, 19);
INSERT INTO ORDER_ITEM (ID, ORDER_ID, PRODUCT_ID, QUANTITY)
VALUES (3501, 162, 21, 9);
INSERT INTO ORDER_ITEM (ID, ORDER_ID, PRODUCT_ID, QUANTITY)
VALUES (3502, 162, 18, 1);
INSERT INTO ORDER_ITEM (ID, ORDER_ID, PRODUCT_ID, QUANTITY)
VALUES (3503, 162, 49, 17);
INSERT INTO ORDER_ITEM (ID, ORDER_ID, PRODUCT_ID, QUANTITY)
VALUES (3504, 162, 46, 19);
INSERT INTO ORDER_ITEM (ID, ORDER_ID, PRODUCT_ID, QUANTITY)
VALUES (3505, 162, 16, 14);
INSERT INTO ORDER_ITEM (ID, ORDER_ID, PRODUCT_ID, QUANTITY)
VALUES (3506, 162, 27, 10);
INSERT INTO ORDER_ITEM (ID, ORDER_ID, PRODUCT_ID, QUANTITY)
VALUES (3507, 162, 14, 1);
INSERT INTO ORDER_ITEM (ID, ORDER_ID, PRODUCT_ID, QUANTITY)
VALUES (3508, 162, 44, 1);
INSERT INTO ORDER_ITEM (ID, ORDER_ID, PRODUCT_ID, QUANTITY)
VALUES (3509, 162, 35, 10);
INSERT INTO ORDER_ITEM (ID, ORDER_ID, PRODUCT_ID, QUANTITY)
VALUES (3510, 162, 41, 8);
INSERT INTO ORDER_ITEM (ID, ORDER_ID, PRODUCT_ID, QUANTITY)
VALUES (3511, 162, 22, 15);
INSERT INTO ORDER_ITEM (ID, ORDER_ID, PRODUCT_ID, QUANTITY)
VALUES (3512, 162, 28, 9);
INSERT INTO ORDER_ITEM (ID, ORDER_ID, PRODUCT_ID, QUANTITY)
VALUES (3513, 162, 24, 20);
INSERT INTO ORDER_ITEM (ID, ORDER_ID, PRODUCT_ID, QUANTITY)
VALUES (3514, 162, 23, 18);
INSERT INTO ORDER_ITEM (ID, ORDER_ID, PRODUCT_ID, QUANTITY)
VALUES (3515, 162, 58, 15);
INSERT INTO ORDER_ITEM (ID, ORDER_ID, PRODUCT_ID, QUANTITY)
VALUES (3516, 162, 36, 13);
INSERT INTO ORDER_ITEM (ID, ORDER_ID, PRODUCT_ID, QUANTITY)
VALUES (3517, 162, 55, 0);
INSERT INTO ORDER_ITEM (ID, ORDER_ID, PRODUCT_ID, QUANTITY)
VALUES (3518, 162, 38, 0);
INSERT INTO ORDER_ITEM (ID, ORDER_ID, PRODUCT_ID, QUANTITY)
VALUES (3519, 162, 45, 20);
INSERT INTO ORDER_ITEM (ID, ORDER_ID, PRODUCT_ID, QUANTITY)
VALUES (3520, 162, 40, 3);
INSERT INTO ORDER_ITEM (ID, ORDER_ID, PRODUCT_ID, QUANTITY)
VALUES (3521, 162, 30, 0);
INSERT INTO ORDER_ITEM (ID, ORDER_ID, PRODUCT_ID, QUANTITY)
VALUES (3522, 162, 56, 5);
INSERT INTO ORDER_ITEM (ID, ORDER_ID, PRODUCT_ID, QUANTITY)
VALUES (3523, 162, 11, 13);
INSERT INTO ORDER_ITEM (ID, ORDER_ID, PRODUCT_ID, QUANTITY)
VALUES (3524, 162, 32, 18);
INSERT INTO ORDER_ITEM (ID, ORDER_ID, PRODUCT_ID, QUANTITY)
VALUES (3525, 162, 13, 5);
INSERT INTO ORDER_ITEM (ID, ORDER_ID, PRODUCT_ID, QUANTITY)
VALUES (3526, 162, 15, 10);
INSERT INTO ORDER_ITEM (ID, ORDER_ID, PRODUCT_ID, QUANTITY)
VALUES (3527, 162, 37, 13);
INSERT INTO ORDER_ITEM (ID, ORDER_ID, PRODUCT_ID, QUANTITY)
VALUES (3528, 162, 60, 15);
INSERT INTO ORDER_ITEM (ID, ORDER_ID, PRODUCT_ID, QUANTITY)
VALUES (3529, 162, 33, 3);
INSERT INTO ORDER_ITEM (ID, ORDER_ID, PRODUCT_ID, QUANTITY)
VALUES (3530, 162, 47, 3);
INSERT INTO ORDER_ITEM (ID, ORDER_ID, PRODUCT_ID, QUANTITY)
VALUES (3531, 162, 25, 8);
INSERT INTO ORDER_ITEM (ID, ORDER_ID, PRODUCT_ID, QUANTITY)
VALUES (3532, 162, 19, 7);
INSERT INTO ORDER_ITEM (ID, ORDER_ID, PRODUCT_ID, QUANTITY)
VALUES (3533, 162, 17, 16);
-- ### ORDER 153
INSERT INTO PAYMENT_DETAIL(ID, AMOUNT, PROVIDER, PROVIDER_PAYMENT_UUID)
VALUES (163, 486.0, 'CRYPTO', '557484039');
INSERT INTO ORDERS (ID, CUST_ID, PAYMENT_ID, STATUS, AMOUNT, CREATED_ON, UPDATED_ON)
VALUES (163, 777, 163, 'DELIVERED', 486.0, LOCALTIMESTAMP, LOCALTIMESTAMP);
INSERT INTO ORDER_ITEM (ID, ORDER_ID, PRODUCT_ID, QUANTITY)
VALUES (3534, 163, 49, 2);
INSERT INTO ORDER_ITEM (ID, ORDER_ID, PRODUCT_ID, QUANTITY)
VALUES (3535, 163, 50, 17);
INSERT INTO ORDER_ITEM (ID, ORDER_ID, PRODUCT_ID, QUANTITY)
VALUES (3536, 163, 27, 14);
INSERT INTO ORDER_ITEM (ID, ORDER_ID, PRODUCT_ID, QUANTITY)
VALUES (3537, 163, 55, 17);
INSERT INTO ORDER_ITEM (ID, ORDER_ID, PRODUCT_ID, QUANTITY)
VALUES (3538, 163, 34, 1);
INSERT INTO ORDER_ITEM (ID, ORDER_ID, PRODUCT_ID, QUANTITY)
VALUES (3539, 163, 21, 12);
INSERT INTO ORDER_ITEM (ID, ORDER_ID, PRODUCT_ID, QUANTITY)
VALUES (3540, 163, 16, 2);
INSERT INTO ORDER_ITEM (ID, ORDER_ID, PRODUCT_ID, QUANTITY)
VALUES (3541, 163, 56, 19);
INSERT INTO ORDER_ITEM (ID, ORDER_ID, PRODUCT_ID, QUANTITY)
VALUES (3542, 163, 33, 17);
INSERT INTO ORDER_ITEM (ID, ORDER_ID, PRODUCT_ID, QUANTITY)
VALUES (3543, 163, 43, 10);
INSERT INTO ORDER_ITEM (ID, ORDER_ID, PRODUCT_ID, QUANTITY)
VALUES (3544, 163, 57, 0);
INSERT INTO ORDER_ITEM (ID, ORDER_ID, PRODUCT_ID, QUANTITY)
VALUES (3545, 163, 19, 3);
INSERT INTO ORDER_ITEM (ID, ORDER_ID, PRODUCT_ID, QUANTITY)
VALUES (3546, 163, 46, 13);
INSERT INTO ORDER_ITEM (ID, ORDER_ID, PRODUCT_ID, QUANTITY)
VALUES (3547, 163, 47, 0);
INSERT INTO ORDER_ITEM (ID, ORDER_ID, PRODUCT_ID, QUANTITY)
VALUES (3548, 163, 38, 14);
INSERT INTO ORDER_ITEM (ID, ORDER_ID, PRODUCT_ID, QUANTITY)
VALUES (3549, 163, 15, 9);
INSERT INTO ORDER_ITEM (ID, ORDER_ID, PRODUCT_ID, QUANTITY)
VALUES (3550, 163, 17, 2);
INSERT INTO ORDER_ITEM (ID, ORDER_ID, PRODUCT_ID, QUANTITY)
VALUES (3551, 163, 54, 7);
INSERT INTO ORDER_ITEM (ID, ORDER_ID, PRODUCT_ID, QUANTITY)
VALUES (3552, 163, 39, 6);
INSERT INTO ORDER_ITEM (ID, ORDER_ID, PRODUCT_ID, QUANTITY)
VALUES (3553, 163, 20, 10);
INSERT INTO ORDER_ITEM (ID, ORDER_ID, PRODUCT_ID, QUANTITY)
VALUES (3554, 163, 22, 5);
INSERT INTO ORDER_ITEM (ID, ORDER_ID, PRODUCT_ID, QUANTITY)
VALUES (3555, 163, 28, 5);
INSERT INTO ORDER_ITEM (ID, ORDER_ID, PRODUCT_ID, QUANTITY)
VALUES (3556, 163, 24, 8);
INSERT INTO ORDER_ITEM (ID, ORDER_ID, PRODUCT_ID, QUANTITY)
VALUES (3557, 163, 23, 12);
INSERT INTO ORDER_ITEM (ID, ORDER_ID, PRODUCT_ID, QUANTITY)
VALUES (3558, 163, 29, 10);
INSERT INTO ORDER_ITEM (ID, ORDER_ID, PRODUCT_ID, QUANTITY)
VALUES (3559, 163, 35, 1);
INSERT INTO ORDER_ITEM (ID, ORDER_ID, PRODUCT_ID, QUANTITY)
VALUES (3560, 163, 31, 3);
INSERT INTO ORDER_ITEM (ID, ORDER_ID, PRODUCT_ID, QUANTITY)
VALUES (3561, 163, 41, 20);
INSERT INTO ORDER_ITEM (ID, ORDER_ID, PRODUCT_ID, QUANTITY)
VALUES (3562, 163, 48, 0);
INSERT INTO ORDER_ITEM (ID, ORDER_ID, PRODUCT_ID, QUANTITY)
VALUES (3563, 163, 44, 13);
INSERT INTO ORDER_ITEM (ID, ORDER_ID, PRODUCT_ID, QUANTITY)
VALUES (3564, 163, 37, 14);
INSERT INTO ORDER_ITEM (ID, ORDER_ID, PRODUCT_ID, QUANTITY)
VALUES (3565, 163, 51, 11);
INSERT INTO ORDER_ITEM (ID, ORDER_ID, PRODUCT_ID, QUANTITY)
VALUES (3566, 163, 60, 11);
INSERT INTO ORDER_ITEM (ID, ORDER_ID, PRODUCT_ID, QUANTITY)
VALUES (3567, 163, 45, 1);
INSERT INTO ORDER_ITEM (ID, ORDER_ID, PRODUCT_ID, QUANTITY)
VALUES (3568, 163, 59, 1);
-- ### ORDER 154
INSERT INTO PAYMENT_DETAIL(ID, AMOUNT, PROVIDER, PROVIDER_PAYMENT_UUID)
VALUES (164, 1556.0, 'PAYPAL', '753281192');
INSERT INTO ORDERS (ID, CUST_ID, PAYMENT_ID, STATUS, AMOUNT, CREATED_ON, UPDATED_ON)
VALUES (164, 777, 164, 'DELIVERED', 1556.0, LOCALTIMESTAMP, LOCALTIMESTAMP);
INSERT INTO ORDER_ITEM (ID, ORDER_ID, PRODUCT_ID, QUANTITY)
VALUES (3569, 164, 13, 10);
INSERT INTO ORDER_ITEM (ID, ORDER_ID, PRODUCT_ID, QUANTITY)
VALUES (3570, 164, 39, 2);
INSERT INTO ORDER_ITEM (ID, ORDER_ID, PRODUCT_ID, QUANTITY)
VALUES (3571, 164, 22, 12);
INSERT INTO ORDER_ITEM (ID, ORDER_ID, PRODUCT_ID, QUANTITY)
VALUES (3572, 164, 46, 16);
INSERT INTO ORDER_ITEM (ID, ORDER_ID, PRODUCT_ID, QUANTITY)
VALUES (3573, 164, 51, 8);
INSERT INTO ORDER_ITEM (ID, ORDER_ID, PRODUCT_ID, QUANTITY)
VALUES (3574, 164, 32, 15);
INSERT INTO ORDER_ITEM (ID, ORDER_ID, PRODUCT_ID, QUANTITY)
VALUES (3575, 164, 20, 12);
INSERT INTO ORDER_ITEM (ID, ORDER_ID, PRODUCT_ID, QUANTITY)
VALUES (3576, 164, 19, 14);
-- ### ORDER 155
INSERT INTO PAYMENT_DETAIL(ID, AMOUNT, PROVIDER, PROVIDER_PAYMENT_UUID)
VALUES (165, 2938.0, 'PAYPAL', '611733657');
INSERT INTO ORDERS (ID, CUST_ID, PAYMENT_ID, STATUS, AMOUNT, CREATED_ON, UPDATED_ON)
VALUES (165, 777, 165, 'DELIVERED', 2938.0, LOCALTIMESTAMP, LOCALTIMESTAMP);
INSERT INTO ORDER_ITEM (ID, ORDER_ID, PRODUCT_ID, QUANTITY)
VALUES (3577, 165, 36, 10);
INSERT INTO ORDER_ITEM (ID, ORDER_ID, PRODUCT_ID, QUANTITY)
VALUES (3578, 165, 42, 20);
INSERT INTO ORDER_ITEM (ID, ORDER_ID, PRODUCT_ID, QUANTITY)
VALUES (3579, 165, 56, 4);
INSERT INTO ORDER_ITEM (ID, ORDER_ID, PRODUCT_ID, QUANTITY)
VALUES (3580, 165, 30, 20);
INSERT INTO ORDER_ITEM (ID, ORDER_ID, PRODUCT_ID, QUANTITY)
VALUES (3581, 165, 59, 8);
INSERT INTO ORDER_ITEM (ID, ORDER_ID, PRODUCT_ID, QUANTITY)
VALUES (3582, 165, 29, 7);
INSERT INTO ORDER_ITEM (ID, ORDER_ID, PRODUCT_ID, QUANTITY)
VALUES (3583, 165, 60, 10);
INSERT INTO ORDER_ITEM (ID, ORDER_ID, PRODUCT_ID, QUANTITY)
VALUES (3584, 165, 22, 5);
INSERT INTO ORDER_ITEM (ID, ORDER_ID, PRODUCT_ID, QUANTITY)
VALUES (3585, 165, 46, 7);
INSERT INTO ORDER_ITEM (ID, ORDER_ID, PRODUCT_ID, QUANTITY)
VALUES (3586, 165, 17, 14);
INSERT INTO ORDER_ITEM (ID, ORDER_ID, PRODUCT_ID, QUANTITY)
VALUES (3587, 165, 24, 5);
INSERT INTO ORDER_ITEM (ID, ORDER_ID, PRODUCT_ID, QUANTITY)
VALUES (3588, 165, 49, 4);
INSERT INTO ORDER_ITEM (ID, ORDER_ID, PRODUCT_ID, QUANTITY)
VALUES (3589, 165, 37, 3);
INSERT INTO ORDER_ITEM (ID, ORDER_ID, PRODUCT_ID, QUANTITY)
VALUES (3590, 165, 41, 11);
INSERT INTO ORDER_ITEM (ID, ORDER_ID, PRODUCT_ID, QUANTITY)
VALUES (3591, 165, 20, 5);
INSERT INTO ORDER_ITEM (ID, ORDER_ID, PRODUCT_ID, QUANTITY)
VALUES (3592, 165, 21, 0);
INSERT INTO ORDER_ITEM (ID, ORDER_ID, PRODUCT_ID, QUANTITY)
VALUES (3593, 165, 25, 9);
INSERT INTO ORDER_ITEM (ID, ORDER_ID, PRODUCT_ID, QUANTITY)
VALUES (3594, 165, 14, 2);
INSERT INTO ORDER_ITEM (ID, ORDER_ID, PRODUCT_ID, QUANTITY)
VALUES (3595, 165, 32, 14);
INSERT INTO ORDER_ITEM (ID, ORDER_ID, PRODUCT_ID, QUANTITY)
VALUES (3596, 165, 50, 2);
INSERT INTO ORDER_ITEM (ID, ORDER_ID, PRODUCT_ID, QUANTITY)
VALUES (3597, 165, 26, 12);
INSERT INTO ORDER_ITEM (ID, ORDER_ID, PRODUCT_ID, QUANTITY)
VALUES (3598, 165, 48, 7);
INSERT INTO ORDER_ITEM (ID, ORDER_ID, PRODUCT_ID, QUANTITY)
VALUES (3599, 165, 12, 8);
INSERT INTO ORDER_ITEM (ID, ORDER_ID, PRODUCT_ID, QUANTITY)
VALUES (3600, 165, 45, 6);
INSERT INTO ORDER_ITEM (ID, ORDER_ID, PRODUCT_ID, QUANTITY)
VALUES (3601, 165, 33, 20);
INSERT INTO ORDER_ITEM (ID, ORDER_ID, PRODUCT_ID, QUANTITY)
VALUES (3602, 165, 58, 16);
INSERT INTO ORDER_ITEM (ID, ORDER_ID, PRODUCT_ID, QUANTITY)
VALUES (3603, 165, 40, 1);
INSERT INTO ORDER_ITEM (ID, ORDER_ID, PRODUCT_ID, QUANTITY)
VALUES (3604, 165, 19, 19);
INSERT INTO ORDER_ITEM (ID, ORDER_ID, PRODUCT_ID, QUANTITY)
VALUES (3605, 165, 43, 16);
INSERT INTO ORDER_ITEM (ID, ORDER_ID, PRODUCT_ID, QUANTITY)
VALUES (3606, 165, 54, 18);
INSERT INTO ORDER_ITEM (ID, ORDER_ID, PRODUCT_ID, QUANTITY)
VALUES (3607, 165, 13, 6);
INSERT INTO ORDER_ITEM (ID, ORDER_ID, PRODUCT_ID, QUANTITY)
VALUES (3608, 165, 35, 9);
INSERT INTO ORDER_ITEM (ID, ORDER_ID, PRODUCT_ID, QUANTITY)
VALUES (3609, 165, 51, 19);
INSERT INTO ORDER_ITEM (ID, ORDER_ID, PRODUCT_ID, QUANTITY)
VALUES (3610, 165, 53, 2);
INSERT INTO ORDER_ITEM (ID, ORDER_ID, PRODUCT_ID, QUANTITY)
VALUES (3611, 165, 44, 15);
INSERT INTO ORDER_ITEM (ID, ORDER_ID, PRODUCT_ID, QUANTITY)
VALUES (3612, 165, 47, 5);
INSERT INTO ORDER_ITEM (ID, ORDER_ID, PRODUCT_ID, QUANTITY)
VALUES (3613, 165, 23, 6);
-- ### ORDER 156
INSERT INTO PAYMENT_DETAIL(ID, AMOUNT, PROVIDER, PROVIDER_PAYMENT_UUID)
VALUES (166, 3144.0, 'PAYPAL', '583010672');
INSERT INTO ORDERS (ID, CUST_ID, PAYMENT_ID, STATUS, AMOUNT, CREATED_ON, UPDATED_ON)
VALUES (166, 777, 166, 'DELIVERED', 3144.0, LOCALTIMESTAMP, LOCALTIMESTAMP);
INSERT INTO ORDER_ITEM (ID, ORDER_ID, PRODUCT_ID, QUANTITY)
VALUES (3614, 166, 55, 14);
INSERT INTO ORDER_ITEM (ID, ORDER_ID, PRODUCT_ID, QUANTITY)
VALUES (3615, 166, 21, 0);
INSERT INTO ORDER_ITEM (ID, ORDER_ID, PRODUCT_ID, QUANTITY)
VALUES (3616, 166, 41, 6);
INSERT INTO ORDER_ITEM (ID, ORDER_ID, PRODUCT_ID, QUANTITY)
VALUES (3617, 166, 54, 14);
INSERT INTO ORDER_ITEM (ID, ORDER_ID, PRODUCT_ID, QUANTITY)
VALUES (3618, 166, 12, 3);
INSERT INTO ORDER_ITEM (ID, ORDER_ID, PRODUCT_ID, QUANTITY)
VALUES (3619, 166, 53, 19);
INSERT INTO ORDER_ITEM (ID, ORDER_ID, PRODUCT_ID, QUANTITY)
VALUES (3620, 166, 56, 13);
INSERT INTO ORDER_ITEM (ID, ORDER_ID, PRODUCT_ID, QUANTITY)
VALUES (3621, 166, 20, 14);
INSERT INTO ORDER_ITEM (ID, ORDER_ID, PRODUCT_ID, QUANTITY)
VALUES (3622, 166, 29, 4);
INSERT INTO ORDER_ITEM (ID, ORDER_ID, PRODUCT_ID, QUANTITY)
VALUES (3623, 166, 35, 15);
INSERT INTO ORDER_ITEM (ID, ORDER_ID, PRODUCT_ID, QUANTITY)
VALUES (3624, 166, 40, 16);
INSERT INTO ORDER_ITEM (ID, ORDER_ID, PRODUCT_ID, QUANTITY)
VALUES (3625, 166, 39, 9);
INSERT INTO ORDER_ITEM (ID, ORDER_ID, PRODUCT_ID, QUANTITY)
VALUES (3626, 166, 17, 2);
INSERT INTO ORDER_ITEM (ID, ORDER_ID, PRODUCT_ID, QUANTITY)
VALUES (3627, 166, 15, 8);
INSERT INTO ORDER_ITEM (ID, ORDER_ID, PRODUCT_ID, QUANTITY)
VALUES (3628, 166, 47, 11);
INSERT INTO ORDER_ITEM (ID, ORDER_ID, PRODUCT_ID, QUANTITY)
VALUES (3629, 166, 50, 9);
INSERT INTO ORDER_ITEM (ID, ORDER_ID, PRODUCT_ID, QUANTITY)
VALUES (3630, 166, 30, 14);
INSERT INTO ORDER_ITEM (ID, ORDER_ID, PRODUCT_ID, QUANTITY)
VALUES (3631, 166, 46, 4);
INSERT INTO ORDER_ITEM (ID, ORDER_ID, PRODUCT_ID, QUANTITY)
VALUES (3632, 166, 31, 16);
INSERT INTO ORDER_ITEM (ID, ORDER_ID, PRODUCT_ID, QUANTITY)
VALUES (3633, 166, 19, 14);
INSERT INTO ORDER_ITEM (ID, ORDER_ID, PRODUCT_ID, QUANTITY)
VALUES (3634, 166, 52, 9);
INSERT INTO ORDER_ITEM (ID, ORDER_ID, PRODUCT_ID, QUANTITY)
VALUES (3635, 166, 16, 3);
INSERT INTO ORDER_ITEM (ID, ORDER_ID, PRODUCT_ID, QUANTITY)
VALUES (3636, 166, 22, 12);
INSERT INTO ORDER_ITEM (ID, ORDER_ID, PRODUCT_ID, QUANTITY)
VALUES (3637, 166, 26, 9);
INSERT INTO ORDER_ITEM (ID, ORDER_ID, PRODUCT_ID, QUANTITY)
VALUES (3638, 166, 37, 11);
INSERT INTO ORDER_ITEM (ID, ORDER_ID, PRODUCT_ID, QUANTITY)
VALUES (3639, 166, 36, 13);
INSERT INTO ORDER_ITEM (ID, ORDER_ID, PRODUCT_ID, QUANTITY)
VALUES (3640, 166, 11, 16);
INSERT INTO ORDER_ITEM (ID, ORDER_ID, PRODUCT_ID, QUANTITY)
VALUES (3641, 166, 58, 6);
INSERT INTO ORDER_ITEM (ID, ORDER_ID, PRODUCT_ID, QUANTITY)
VALUES (3642, 166, 48, 6);
INSERT INTO ORDER_ITEM (ID, ORDER_ID, PRODUCT_ID, QUANTITY)
VALUES (3643, 166, 34, 14);
INSERT INTO ORDER_ITEM (ID, ORDER_ID, PRODUCT_ID, QUANTITY)
VALUES (3644, 166, 60, 12);
INSERT INTO ORDER_ITEM (ID, ORDER_ID, PRODUCT_ID, QUANTITY)
VALUES (3645, 166, 14, 8);
INSERT INTO ORDER_ITEM (ID, ORDER_ID, PRODUCT_ID, QUANTITY)
VALUES (3646, 166, 32, 8);
INSERT INTO ORDER_ITEM (ID, ORDER_ID, PRODUCT_ID, QUANTITY)
VALUES (3647, 166, 57, 17);
INSERT INTO ORDER_ITEM (ID, ORDER_ID, PRODUCT_ID, QUANTITY)
VALUES (3648, 166, 59, 13);
INSERT INTO ORDER_ITEM (ID, ORDER_ID, PRODUCT_ID, QUANTITY)
VALUES (3649, 166, 13, 2);
INSERT INTO ORDER_ITEM (ID, ORDER_ID, PRODUCT_ID, QUANTITY)
VALUES (3650, 166, 27, 6);
INSERT INTO ORDER_ITEM (ID, ORDER_ID, PRODUCT_ID, QUANTITY)
VALUES (3651, 166, 23, 17);
INSERT INTO ORDER_ITEM (ID, ORDER_ID, PRODUCT_ID, QUANTITY)
VALUES (3652, 166, 38, 13);
INSERT INTO ORDER_ITEM (ID, ORDER_ID, PRODUCT_ID, QUANTITY)
VALUES (3653, 166, 45, 0);
INSERT INTO ORDER_ITEM (ID, ORDER_ID, PRODUCT_ID, QUANTITY)
VALUES (3654, 166, 43, 18);
INSERT INTO ORDER_ITEM (ID, ORDER_ID, PRODUCT_ID, QUANTITY)
VALUES (3655, 166, 44, 17);
INSERT INTO ORDER_ITEM (ID, ORDER_ID, PRODUCT_ID, QUANTITY)
VALUES (3656, 166, 28, 18);
INSERT INTO ORDER_ITEM (ID, ORDER_ID, PRODUCT_ID, QUANTITY)
VALUES (3657, 166, 18, 4);
INSERT INTO ORDER_ITEM (ID, ORDER_ID, PRODUCT_ID, QUANTITY)
VALUES (3658, 166, 25, 4);
INSERT INTO ORDER_ITEM (ID, ORDER_ID, PRODUCT_ID, QUANTITY)
VALUES (3659, 166, 49, 18);
INSERT INTO ORDER_ITEM (ID, ORDER_ID, PRODUCT_ID, QUANTITY)
VALUES (3660, 166, 33, 4);
INSERT INTO ORDER_ITEM (ID, ORDER_ID, PRODUCT_ID, QUANTITY)
VALUES (3661, 166, 51, 14);
INSERT INTO ORDER_ITEM (ID, ORDER_ID, PRODUCT_ID, QUANTITY)
VALUES (3662, 166, 24, 9);
-- ### ORDER 157
INSERT INTO PAYMENT_DETAIL(ID, AMOUNT, PROVIDER, PROVIDER_PAYMENT_UUID)
VALUES (167, 3517.0, 'PAYPAL', '410424595');
INSERT INTO ORDERS (ID, CUST_ID, PAYMENT_ID, STATUS, AMOUNT, CREATED_ON, UPDATED_ON)
VALUES (167, 777, 167, 'DELIVERED', 3517.0, LOCALTIMESTAMP, LOCALTIMESTAMP);
INSERT INTO ORDER_ITEM (ID, ORDER_ID, PRODUCT_ID, QUANTITY)
VALUES (3663, 167, 60, 7);
INSERT INTO ORDER_ITEM (ID, ORDER_ID, PRODUCT_ID, QUANTITY)
VALUES (3664, 167, 23, 6);
INSERT INTO ORDER_ITEM (ID, ORDER_ID, PRODUCT_ID, QUANTITY)
VALUES (3665, 167, 40, 11);
INSERT INTO ORDER_ITEM (ID, ORDER_ID, PRODUCT_ID, QUANTITY)
VALUES (3666, 167, 34, 3);
INSERT INTO ORDER_ITEM (ID, ORDER_ID, PRODUCT_ID, QUANTITY)
VALUES (3667, 167, 25, 20);
INSERT INTO ORDER_ITEM (ID, ORDER_ID, PRODUCT_ID, QUANTITY)
VALUES (3668, 167, 29, 14);
INSERT INTO ORDER_ITEM (ID, ORDER_ID, PRODUCT_ID, QUANTITY)
VALUES (3669, 167, 43, 14);
INSERT INTO ORDER_ITEM (ID, ORDER_ID, PRODUCT_ID, QUANTITY)
VALUES (3670, 167, 33, 6);
INSERT INTO ORDER_ITEM (ID, ORDER_ID, PRODUCT_ID, QUANTITY)
VALUES (3671, 167, 39, 10);
INSERT INTO ORDER_ITEM (ID, ORDER_ID, PRODUCT_ID, QUANTITY)
VALUES (3672, 167, 48, 13);
INSERT INTO ORDER_ITEM (ID, ORDER_ID, PRODUCT_ID, QUANTITY)
VALUES (3673, 167, 20, 1);
INSERT INTO ORDER_ITEM (ID, ORDER_ID, PRODUCT_ID, QUANTITY)
VALUES (3674, 167, 55, 4);
INSERT INTO ORDER_ITEM (ID, ORDER_ID, PRODUCT_ID, QUANTITY)
VALUES (3675, 167, 41, 13);
INSERT INTO ORDER_ITEM (ID, ORDER_ID, PRODUCT_ID, QUANTITY)
VALUES (3676, 167, 47, 12);
INSERT INTO ORDER_ITEM (ID, ORDER_ID, PRODUCT_ID, QUANTITY)
VALUES (3677, 167, 52, 8);
INSERT INTO ORDER_ITEM (ID, ORDER_ID, PRODUCT_ID, QUANTITY)
VALUES (3678, 167, 24, 16);
INSERT INTO ORDER_ITEM (ID, ORDER_ID, PRODUCT_ID, QUANTITY)
VALUES (3679, 167, 38, 12);
INSERT INTO ORDER_ITEM (ID, ORDER_ID, PRODUCT_ID, QUANTITY)
VALUES (3680, 167, 54, 14);
INSERT INTO ORDER_ITEM (ID, ORDER_ID, PRODUCT_ID, QUANTITY)
VALUES (3681, 167, 32, 7);
INSERT INTO ORDER_ITEM (ID, ORDER_ID, PRODUCT_ID, QUANTITY)
VALUES (3682, 167, 42, 15);
INSERT INTO ORDER_ITEM (ID, ORDER_ID, PRODUCT_ID, QUANTITY)
VALUES (3683, 167, 15, 3);
INSERT INTO ORDER_ITEM (ID, ORDER_ID, PRODUCT_ID, QUANTITY)
VALUES (3684, 167, 45, 13);
INSERT INTO ORDER_ITEM (ID, ORDER_ID, PRODUCT_ID, QUANTITY)
VALUES (3685, 167, 31, 4);
INSERT INTO ORDER_ITEM (ID, ORDER_ID, PRODUCT_ID, QUANTITY)
VALUES (3686, 167, 53, 13);
INSERT INTO ORDER_ITEM (ID, ORDER_ID, PRODUCT_ID, QUANTITY)
VALUES (3687, 167, 57, 6);
INSERT INTO ORDER_ITEM (ID, ORDER_ID, PRODUCT_ID, QUANTITY)
VALUES (3688, 167, 17, 19);
-- ### ORDER 158
INSERT INTO PAYMENT_DETAIL(ID, AMOUNT, PROVIDER, PROVIDER_PAYMENT_UUID)
VALUES (168, 4147.0, 'MASTERCARD', '405091805');
INSERT INTO ORDERS (ID, CUST_ID, PAYMENT_ID, STATUS, AMOUNT, CREATED_ON, UPDATED_ON)
VALUES (168, 777, 168, 'DELIVERED', 4147.0, LOCALTIMESTAMP, LOCALTIMESTAMP);
INSERT INTO ORDER_ITEM (ID, ORDER_ID, PRODUCT_ID, QUANTITY)
VALUES (3689, 168, 17, 20);
INSERT INTO ORDER_ITEM (ID, ORDER_ID, PRODUCT_ID, QUANTITY)
VALUES (3690, 168, 53, 10);
INSERT INTO ORDER_ITEM (ID, ORDER_ID, PRODUCT_ID, QUANTITY)
VALUES (3691, 168, 41, 6);
INSERT INTO ORDER_ITEM (ID, ORDER_ID, PRODUCT_ID, QUANTITY)
VALUES (3692, 168, 51, 19);
INSERT INTO ORDER_ITEM (ID, ORDER_ID, PRODUCT_ID, QUANTITY)
VALUES (3693, 168, 27, 14);
INSERT INTO ORDER_ITEM (ID, ORDER_ID, PRODUCT_ID, QUANTITY)
VALUES (3694, 168, 49, 1);
INSERT INTO ORDER_ITEM (ID, ORDER_ID, PRODUCT_ID, QUANTITY)
VALUES (3695, 168, 13, 0);
INSERT INTO ORDER_ITEM (ID, ORDER_ID, PRODUCT_ID, QUANTITY)
VALUES (3696, 168, 23, 0);
INSERT INTO ORDER_ITEM (ID, ORDER_ID, PRODUCT_ID, QUANTITY)
VALUES (3697, 168, 20, 9);
INSERT INTO ORDER_ITEM (ID, ORDER_ID, PRODUCT_ID, QUANTITY)
VALUES (3698, 168, 32, 6);
INSERT INTO ORDER_ITEM (ID, ORDER_ID, PRODUCT_ID, QUANTITY)
VALUES (3699, 168, 19, 9);
INSERT INTO ORDER_ITEM (ID, ORDER_ID, PRODUCT_ID, QUANTITY)
VALUES (3700, 168, 29, 17);
INSERT INTO ORDER_ITEM (ID, ORDER_ID, PRODUCT_ID, QUANTITY)
VALUES (3701, 168, 35, 13);
INSERT INTO ORDER_ITEM (ID, ORDER_ID, PRODUCT_ID, QUANTITY)
VALUES (3702, 168, 54, 6);
INSERT INTO ORDER_ITEM (ID, ORDER_ID, PRODUCT_ID, QUANTITY)
VALUES (3703, 168, 28, 9);
INSERT INTO ORDER_ITEM (ID, ORDER_ID, PRODUCT_ID, QUANTITY)
VALUES (3704, 168, 43, 16);
INSERT INTO ORDER_ITEM (ID, ORDER_ID, PRODUCT_ID, QUANTITY)
VALUES (3705, 168, 33, 4);
INSERT INTO ORDER_ITEM (ID, ORDER_ID, PRODUCT_ID, QUANTITY)
VALUES (3706, 168, 14, 7);
INSERT INTO ORDER_ITEM (ID, ORDER_ID, PRODUCT_ID, QUANTITY)
VALUES (3707, 168, 59, 20);
INSERT INTO ORDER_ITEM (ID, ORDER_ID, PRODUCT_ID, QUANTITY)
VALUES (3708, 168, 36, 14);
INSERT INTO ORDER_ITEM (ID, ORDER_ID, PRODUCT_ID, QUANTITY)
VALUES (3709, 168, 31, 18);
INSERT INTO ORDER_ITEM (ID, ORDER_ID, PRODUCT_ID, QUANTITY)
VALUES (3710, 168, 25, 9);
INSERT INTO ORDER_ITEM (ID, ORDER_ID, PRODUCT_ID, QUANTITY)
VALUES (3711, 168, 55, 1);
INSERT INTO ORDER_ITEM (ID, ORDER_ID, PRODUCT_ID, QUANTITY)
VALUES (3712, 168, 30, 19);
INSERT INTO ORDER_ITEM (ID, ORDER_ID, PRODUCT_ID, QUANTITY)
VALUES (3713, 168, 48, 4);
INSERT INTO ORDER_ITEM (ID, ORDER_ID, PRODUCT_ID, QUANTITY)
VALUES (3714, 168, 11, 9);
INSERT INTO ORDER_ITEM (ID, ORDER_ID, PRODUCT_ID, QUANTITY)
VALUES (3715, 168, 12, 15);
-- ### ORDER 159
INSERT INTO PAYMENT_DETAIL(ID, AMOUNT, PROVIDER, PROVIDER_PAYMENT_UUID)
VALUES (169, 3039.0, 'CRYPTO', '718253497');
INSERT INTO ORDERS (ID, CUST_ID, PAYMENT_ID, STATUS, AMOUNT, CREATED_ON, UPDATED_ON)
VALUES (169, 777, 169, 'DELIVERED', 3039.0, LOCALTIMESTAMP, LOCALTIMESTAMP);
INSERT INTO ORDER_ITEM (ID, ORDER_ID, PRODUCT_ID, QUANTITY)
VALUES (3716, 169, 44, 10);
INSERT INTO ORDER_ITEM (ID, ORDER_ID, PRODUCT_ID, QUANTITY)
VALUES (3717, 169, 34, 4);
INSERT INTO ORDER_ITEM (ID, ORDER_ID, PRODUCT_ID, QUANTITY)
VALUES (3718, 169, 23, 3);
INSERT INTO ORDER_ITEM (ID, ORDER_ID, PRODUCT_ID, QUANTITY)
VALUES (3719, 169, 46, 13);
INSERT INTO ORDER_ITEM (ID, ORDER_ID, PRODUCT_ID, QUANTITY)
VALUES (3720, 169, 30, 4);
INSERT INTO ORDER_ITEM (ID, ORDER_ID, PRODUCT_ID, QUANTITY)
VALUES (3721, 169, 49, 19);
INSERT INTO ORDER_ITEM (ID, ORDER_ID, PRODUCT_ID, QUANTITY)
VALUES (3722, 169, 15, 0);
INSERT INTO ORDER_ITEM (ID, ORDER_ID, PRODUCT_ID, QUANTITY)
VALUES (3723, 169, 33, 19);
INSERT INTO ORDER_ITEM (ID, ORDER_ID, PRODUCT_ID, QUANTITY)
VALUES (3724, 169, 19, 3);
INSERT INTO ORDER_ITEM (ID, ORDER_ID, PRODUCT_ID, QUANTITY)
VALUES (3725, 169, 55, 20);
INSERT INTO ORDER_ITEM (ID, ORDER_ID, PRODUCT_ID, QUANTITY)
VALUES (3726, 169, 18, 9);
INSERT INTO ORDER_ITEM (ID, ORDER_ID, PRODUCT_ID, QUANTITY)
VALUES (3727, 169, 54, 16);
INSERT INTO ORDER_ITEM (ID, ORDER_ID, PRODUCT_ID, QUANTITY)
VALUES (3728, 169, 37, 19);
INSERT INTO ORDER_ITEM (ID, ORDER_ID, PRODUCT_ID, QUANTITY)
VALUES (3729, 169, 22, 15);
INSERT INTO ORDER_ITEM (ID, ORDER_ID, PRODUCT_ID, QUANTITY)
VALUES (3730, 169, 45, 5);
INSERT INTO ORDER_ITEM (ID, ORDER_ID, PRODUCT_ID, QUANTITY)
VALUES (3731, 169, 58, 14);
INSERT INTO ORDER_ITEM (ID, ORDER_ID, PRODUCT_ID, QUANTITY)
VALUES (3732, 169, 24, 8);
INSERT INTO ORDER_ITEM (ID, ORDER_ID, PRODUCT_ID, QUANTITY)
VALUES (3733, 169, 31, 8);
INSERT INTO ORDER_ITEM (ID, ORDER_ID, PRODUCT_ID, QUANTITY)
VALUES (3734, 169, 56, 18);
INSERT INTO ORDER_ITEM (ID, ORDER_ID, PRODUCT_ID, QUANTITY)
VALUES (3735, 169, 57, 5);
INSERT INTO ORDER_ITEM (ID, ORDER_ID, PRODUCT_ID, QUANTITY)
VALUES (3736, 169, 25, 10);
INSERT INTO ORDER_ITEM (ID, ORDER_ID, PRODUCT_ID, QUANTITY)
VALUES (3737, 169, 48, 10);
INSERT INTO ORDER_ITEM (ID, ORDER_ID, PRODUCT_ID, QUANTITY)
VALUES (3738, 169, 35, 6);
INSERT INTO ORDER_ITEM (ID, ORDER_ID, PRODUCT_ID, QUANTITY)
VALUES (3739, 169, 28, 12);
INSERT INTO ORDER_ITEM (ID, ORDER_ID, PRODUCT_ID, QUANTITY)
VALUES (3740, 169, 21, 2);
INSERT INTO ORDER_ITEM (ID, ORDER_ID, PRODUCT_ID, QUANTITY)
VALUES (3741, 169, 26, 18);
INSERT INTO ORDER_ITEM (ID, ORDER_ID, PRODUCT_ID, QUANTITY)
VALUES (3742, 169, 41, 8);
INSERT INTO ORDER_ITEM (ID, ORDER_ID, PRODUCT_ID, QUANTITY)
VALUES (3743, 169, 59, 6);
INSERT INTO ORDER_ITEM (ID, ORDER_ID, PRODUCT_ID, QUANTITY)
VALUES (3744, 169, 39, 1);
INSERT INTO ORDER_ITEM (ID, ORDER_ID, PRODUCT_ID, QUANTITY)
VALUES (3745, 169, 36, 5);
INSERT INTO ORDER_ITEM (ID, ORDER_ID, PRODUCT_ID, QUANTITY)
VALUES (3746, 169, 29, 18);
INSERT INTO ORDER_ITEM (ID, ORDER_ID, PRODUCT_ID, QUANTITY)
VALUES (3747, 169, 40, 8);
INSERT INTO ORDER_ITEM (ID, ORDER_ID, PRODUCT_ID, QUANTITY)
VALUES (3748, 169, 16, 10);
INSERT INTO ORDER_ITEM (ID, ORDER_ID, PRODUCT_ID, QUANTITY)
VALUES (3749, 169, 47, 13);
INSERT INTO ORDER_ITEM (ID, ORDER_ID, PRODUCT_ID, QUANTITY)
VALUES (3750, 169, 38, 17);
INSERT INTO ORDER_ITEM (ID, ORDER_ID, PRODUCT_ID, QUANTITY)
VALUES (3751, 169, 27, 6);
INSERT INTO ORDER_ITEM (ID, ORDER_ID, PRODUCT_ID, QUANTITY)
VALUES (3752, 169, 43, 4);
INSERT INTO ORDER_ITEM (ID, ORDER_ID, PRODUCT_ID, QUANTITY)
VALUES (3753, 169, 11, 7);
INSERT INTO ORDER_ITEM (ID, ORDER_ID, PRODUCT_ID, QUANTITY)
VALUES (3754, 169, 53, 19);
INSERT INTO ORDER_ITEM (ID, ORDER_ID, PRODUCT_ID, QUANTITY)
VALUES (3755, 169, 32, 20);
INSERT INTO ORDER_ITEM (ID, ORDER_ID, PRODUCT_ID, QUANTITY)
VALUES (3756, 169, 12, 4);
-- ### ORDER 160
INSERT INTO PAYMENT_DETAIL(ID, AMOUNT, PROVIDER, PROVIDER_PAYMENT_UUID)
VALUES (170, 819.0, 'PAYPAL', '351717744');
INSERT INTO ORDERS (ID, CUST_ID, PAYMENT_ID, STATUS, AMOUNT, CREATED_ON, UPDATED_ON)
VALUES (170, 777, 170, 'DELIVERED', 819.0, LOCALTIMESTAMP, LOCALTIMESTAMP);
INSERT INTO ORDER_ITEM (ID, ORDER_ID, PRODUCT_ID, QUANTITY)
VALUES (3757, 170, 39, 14);
INSERT INTO ORDER_ITEM (ID, ORDER_ID, PRODUCT_ID, QUANTITY)
VALUES (3758, 170, 21, 7);
INSERT INTO ORDER_ITEM (ID, ORDER_ID, PRODUCT_ID, QUANTITY)
VALUES (3759, 170, 44, 20);
INSERT INTO ORDER_ITEM (ID, ORDER_ID, PRODUCT_ID, QUANTITY)
VALUES (3760, 170, 42, 14);
INSERT INTO ORDER_ITEM (ID, ORDER_ID, PRODUCT_ID, QUANTITY)
VALUES (3761, 170, 38, 3);
INSERT INTO ORDER_ITEM (ID, ORDER_ID, PRODUCT_ID, QUANTITY)
VALUES (3762, 170, 28, 13);
INSERT INTO ORDER_ITEM (ID, ORDER_ID, PRODUCT_ID, QUANTITY)
VALUES (3763, 170, 37, 14);
INSERT INTO ORDER_ITEM (ID, ORDER_ID, PRODUCT_ID, QUANTITY)
VALUES (3764, 170, 12, 7);
INSERT INTO ORDER_ITEM (ID, ORDER_ID, PRODUCT_ID, QUANTITY)
VALUES (3765, 170, 52, 12);
INSERT INTO ORDER_ITEM (ID, ORDER_ID, PRODUCT_ID, QUANTITY)
VALUES (3766, 170, 53, 17);
INSERT INTO ORDER_ITEM (ID, ORDER_ID, PRODUCT_ID, QUANTITY)
VALUES (3767, 170, 56, 12);
INSERT INTO ORDER_ITEM (ID, ORDER_ID, PRODUCT_ID, QUANTITY)
VALUES (3768, 170, 45, 20);
INSERT INTO ORDER_ITEM (ID, ORDER_ID, PRODUCT_ID, QUANTITY)
VALUES (3769, 170, 50, 9);
INSERT INTO ORDER_ITEM (ID, ORDER_ID, PRODUCT_ID, QUANTITY)
VALUES (3770, 170, 48, 18);
INSERT INTO ORDER_ITEM (ID, ORDER_ID, PRODUCT_ID, QUANTITY)
VALUES (3771, 170, 59, 13);
INSERT INTO ORDER_ITEM (ID, ORDER_ID, PRODUCT_ID, QUANTITY)
VALUES (3772, 170, 19, 20);
INSERT INTO ORDER_ITEM (ID, ORDER_ID, PRODUCT_ID, QUANTITY)
VALUES (3773, 170, 47, 15);
INSERT INTO ORDER_ITEM (ID, ORDER_ID, PRODUCT_ID, QUANTITY)
VALUES (3774, 170, 27, 20);
INSERT INTO ORDER_ITEM (ID, ORDER_ID, PRODUCT_ID, QUANTITY)
VALUES (3775, 170, 30, 12);
INSERT INTO ORDER_ITEM (ID, ORDER_ID, PRODUCT_ID, QUANTITY)
VALUES (3776, 170, 58, 1);
INSERT INTO ORDER_ITEM (ID, ORDER_ID, PRODUCT_ID, QUANTITY)
VALUES (3777, 170, 17, 19);
INSERT INTO ORDER_ITEM (ID, ORDER_ID, PRODUCT_ID, QUANTITY)
VALUES (3778, 170, 60, 8);
INSERT INTO ORDER_ITEM (ID, ORDER_ID, PRODUCT_ID, QUANTITY)
VALUES (3779, 170, 43, 11);
INSERT INTO ORDER_ITEM (ID, ORDER_ID, PRODUCT_ID, QUANTITY)
VALUES (3780, 170, 32, 18);
INSERT INTO ORDER_ITEM (ID, ORDER_ID, PRODUCT_ID, QUANTITY)
VALUES (3781, 170, 23, 6);
INSERT INTO ORDER_ITEM (ID, ORDER_ID, PRODUCT_ID, QUANTITY)
VALUES (3782, 170, 40, 16);
INSERT INTO ORDER_ITEM (ID, ORDER_ID, PRODUCT_ID, QUANTITY)
VALUES (3783, 170, 22, 14);
INSERT INTO ORDER_ITEM (ID, ORDER_ID, PRODUCT_ID, QUANTITY)
VALUES (3784, 170, 16, 1);
INSERT INTO ORDER_ITEM (ID, ORDER_ID, PRODUCT_ID, QUANTITY)
VALUES (3785, 170, 36, 13);
-- ### ORDER 161
INSERT INTO PAYMENT_DETAIL(ID, AMOUNT, PROVIDER, PROVIDER_PAYMENT_UUID)
VALUES (171, 4462.0, 'VISA', '579768134');
INSERT INTO ORDERS (ID, CUST_ID, PAYMENT_ID, STATUS, AMOUNT, CREATED_ON, UPDATED_ON)
VALUES (171, 777, 171, 'DELIVERED', 4462.0, LOCALTIMESTAMP, LOCALTIMESTAMP);
INSERT INTO ORDER_ITEM (ID, ORDER_ID, PRODUCT_ID, QUANTITY)
VALUES (3786, 171, 25, 14);
INSERT INTO ORDER_ITEM (ID, ORDER_ID, PRODUCT_ID, QUANTITY)
VALUES (3787, 171, 23, 11);
INSERT INTO ORDER_ITEM (ID, ORDER_ID, PRODUCT_ID, QUANTITY)
VALUES (3788, 171, 31, 2);
INSERT INTO ORDER_ITEM (ID, ORDER_ID, PRODUCT_ID, QUANTITY)
VALUES (3789, 171, 53, 2);
INSERT INTO ORDER_ITEM (ID, ORDER_ID, PRODUCT_ID, QUANTITY)
VALUES (3790, 171, 46, 4);
INSERT INTO ORDER_ITEM (ID, ORDER_ID, PRODUCT_ID, QUANTITY)
VALUES (3791, 171, 17, 14);
INSERT INTO ORDER_ITEM (ID, ORDER_ID, PRODUCT_ID, QUANTITY)
VALUES (3792, 171, 26, 19);
INSERT INTO ORDER_ITEM (ID, ORDER_ID, PRODUCT_ID, QUANTITY)
VALUES (3793, 171, 56, 10);
INSERT INTO ORDER_ITEM (ID, ORDER_ID, PRODUCT_ID, QUANTITY)
VALUES (3794, 171, 48, 16);
INSERT INTO ORDER_ITEM (ID, ORDER_ID, PRODUCT_ID, QUANTITY)
VALUES (3795, 171, 42, 3);
INSERT INTO ORDER_ITEM (ID, ORDER_ID, PRODUCT_ID, QUANTITY)
VALUES (3796, 171, 28, 17);
INSERT INTO ORDER_ITEM (ID, ORDER_ID, PRODUCT_ID, QUANTITY)
VALUES (3797, 171, 36, 1);
INSERT INTO ORDER_ITEM (ID, ORDER_ID, PRODUCT_ID, QUANTITY)
VALUES (3798, 171, 34, 4);
-- ### ORDER 162
INSERT INTO PAYMENT_DETAIL(ID, AMOUNT, PROVIDER, PROVIDER_PAYMENT_UUID)
VALUES (172, 2399.0, 'MASTERCARD', '595970295');
INSERT INTO ORDERS (ID, CUST_ID, PAYMENT_ID, STATUS, AMOUNT, CREATED_ON, UPDATED_ON)
VALUES (172, 777, 172, 'DELIVERED', 2399.0, LOCALTIMESTAMP, LOCALTIMESTAMP);
INSERT INTO ORDER_ITEM (ID, ORDER_ID, PRODUCT_ID, QUANTITY)
VALUES (3799, 172, 11, 14);
INSERT INTO ORDER_ITEM (ID, ORDER_ID, PRODUCT_ID, QUANTITY)
VALUES (3800, 172, 22, 10);
INSERT INTO ORDER_ITEM (ID, ORDER_ID, PRODUCT_ID, QUANTITY)
VALUES (3801, 172, 51, 15);
INSERT INTO ORDER_ITEM (ID, ORDER_ID, PRODUCT_ID, QUANTITY)
VALUES (3802, 172, 43, 14);
INSERT INTO ORDER_ITEM (ID, ORDER_ID, PRODUCT_ID, QUANTITY)
VALUES (3803, 172, 15, 16);
INSERT INTO ORDER_ITEM (ID, ORDER_ID, PRODUCT_ID, QUANTITY)
VALUES (3804, 172, 37, 3);
INSERT INTO ORDER_ITEM (ID, ORDER_ID, PRODUCT_ID, QUANTITY)
VALUES (3805, 172, 21, 13);
INSERT INTO ORDER_ITEM (ID, ORDER_ID, PRODUCT_ID, QUANTITY)
VALUES (3806, 172, 32, 5);
INSERT INTO ORDER_ITEM (ID, ORDER_ID, PRODUCT_ID, QUANTITY)
VALUES (3807, 172, 28, 1);
INSERT INTO ORDER_ITEM (ID, ORDER_ID, PRODUCT_ID, QUANTITY)
VALUES (3808, 172, 45, 13);
INSERT INTO ORDER_ITEM (ID, ORDER_ID, PRODUCT_ID, QUANTITY)
VALUES (3809, 172, 48, 6);
INSERT INTO ORDER_ITEM (ID, ORDER_ID, PRODUCT_ID, QUANTITY)
VALUES (3810, 172, 49, 2);
INSERT INTO ORDER_ITEM (ID, ORDER_ID, PRODUCT_ID, QUANTITY)
VALUES (3811, 172, 46, 19);
INSERT INTO ORDER_ITEM (ID, ORDER_ID, PRODUCT_ID, QUANTITY)
VALUES (3812, 172, 53, 11);
INSERT INTO ORDER_ITEM (ID, ORDER_ID, PRODUCT_ID, QUANTITY)
VALUES (3813, 172, 58, 6);
INSERT INTO ORDER_ITEM (ID, ORDER_ID, PRODUCT_ID, QUANTITY)
VALUES (3814, 172, 25, 2);
INSERT INTO ORDER_ITEM (ID, ORDER_ID, PRODUCT_ID, QUANTITY)
VALUES (3815, 172, 23, 8);
INSERT INTO ORDER_ITEM (ID, ORDER_ID, PRODUCT_ID, QUANTITY)
VALUES (3816, 172, 12, 7);
INSERT INTO ORDER_ITEM (ID, ORDER_ID, PRODUCT_ID, QUANTITY)
VALUES (3817, 172, 47, 4);
INSERT INTO ORDER_ITEM (ID, ORDER_ID, PRODUCT_ID, QUANTITY)
VALUES (3818, 172, 31, 1);
INSERT INTO ORDER_ITEM (ID, ORDER_ID, PRODUCT_ID, QUANTITY)
VALUES (3819, 172, 20, 7);
INSERT INTO ORDER_ITEM (ID, ORDER_ID, PRODUCT_ID, QUANTITY)
VALUES (3820, 172, 17, 10);
INSERT INTO ORDER_ITEM (ID, ORDER_ID, PRODUCT_ID, QUANTITY)
VALUES (3821, 172, 50, 11);
INSERT INTO ORDER_ITEM (ID, ORDER_ID, PRODUCT_ID, QUANTITY)
VALUES (3822, 172, 52, 7);
INSERT INTO ORDER_ITEM (ID, ORDER_ID, PRODUCT_ID, QUANTITY)
VALUES (3823, 172, 57, 14);
INSERT INTO ORDER_ITEM (ID, ORDER_ID, PRODUCT_ID, QUANTITY)
VALUES (3824, 172, 41, 14);
INSERT INTO ORDER_ITEM (ID, ORDER_ID, PRODUCT_ID, QUANTITY)
VALUES (3825, 172, 13, 1);
INSERT INTO ORDER_ITEM (ID, ORDER_ID, PRODUCT_ID, QUANTITY)
VALUES (3826, 172, 54, 3);
INSERT INTO ORDER_ITEM (ID, ORDER_ID, PRODUCT_ID, QUANTITY)
VALUES (3827, 172, 26, 0);
INSERT INTO ORDER_ITEM (ID, ORDER_ID, PRODUCT_ID, QUANTITY)
VALUES (3828, 172, 27, 17);
INSERT INTO ORDER_ITEM (ID, ORDER_ID, PRODUCT_ID, QUANTITY)
VALUES (3829, 172, 14, 13);
INSERT INTO ORDER_ITEM (ID, ORDER_ID, PRODUCT_ID, QUANTITY)
VALUES (3830, 172, 38, 9);
INSERT INTO ORDER_ITEM (ID, ORDER_ID, PRODUCT_ID, QUANTITY)
VALUES (3831, 172, 40, 6);
INSERT INTO ORDER_ITEM (ID, ORDER_ID, PRODUCT_ID, QUANTITY)
VALUES (3832, 172, 29, 3);
INSERT INTO ORDER_ITEM (ID, ORDER_ID, PRODUCT_ID, QUANTITY)
VALUES (3833, 172, 33, 10);
INSERT INTO ORDER_ITEM (ID, ORDER_ID, PRODUCT_ID, QUANTITY)
VALUES (3834, 172, 44, 16);
INSERT INTO ORDER_ITEM (ID, ORDER_ID, PRODUCT_ID, QUANTITY)
VALUES (3835, 172, 24, 0);
INSERT INTO ORDER_ITEM (ID, ORDER_ID, PRODUCT_ID, QUANTITY)
VALUES (3836, 172, 19, 12);
INSERT INTO ORDER_ITEM (ID, ORDER_ID, PRODUCT_ID, QUANTITY)
VALUES (3837, 172, 34, 16);
INSERT INTO ORDER_ITEM (ID, ORDER_ID, PRODUCT_ID, QUANTITY)
VALUES (3838, 172, 36, 19);
-- ### ORDER 163
INSERT INTO PAYMENT_DETAIL(ID, AMOUNT, PROVIDER, PROVIDER_PAYMENT_UUID)
VALUES (173, 240.0, 'CRYPTO', '688557028');
INSERT INTO ORDERS (ID, CUST_ID, PAYMENT_ID, STATUS, AMOUNT, CREATED_ON, UPDATED_ON)
VALUES (173, 777, 173, 'DELIVERED', 240.0, LOCALTIMESTAMP, LOCALTIMESTAMP);
INSERT INTO ORDER_ITEM (ID, ORDER_ID, PRODUCT_ID, QUANTITY)
VALUES (3839, 173, 25, 10);
INSERT INTO ORDER_ITEM (ID, ORDER_ID, PRODUCT_ID, QUANTITY)
VALUES (3840, 173, 40, 5);
INSERT INTO ORDER_ITEM (ID, ORDER_ID, PRODUCT_ID, QUANTITY)
VALUES (3841, 173, 47, 5);
INSERT INTO ORDER_ITEM (ID, ORDER_ID, PRODUCT_ID, QUANTITY)
VALUES (3842, 173, 19, 1);
INSERT INTO ORDER_ITEM (ID, ORDER_ID, PRODUCT_ID, QUANTITY)
VALUES (3843, 173, 11, 1);
INSERT INTO ORDER_ITEM (ID, ORDER_ID, PRODUCT_ID, QUANTITY)
VALUES (3844, 173, 32, 11);
INSERT INTO ORDER_ITEM (ID, ORDER_ID, PRODUCT_ID, QUANTITY)
VALUES (3845, 173, 37, 8);
INSERT INTO ORDER_ITEM (ID, ORDER_ID, PRODUCT_ID, QUANTITY)
VALUES (3846, 173, 35, 8);
INSERT INTO ORDER_ITEM (ID, ORDER_ID, PRODUCT_ID, QUANTITY)
VALUES (3847, 173, 57, 8);
INSERT INTO ORDER_ITEM (ID, ORDER_ID, PRODUCT_ID, QUANTITY)
VALUES (3848, 173, 56, 11);
INSERT INTO ORDER_ITEM (ID, ORDER_ID, PRODUCT_ID, QUANTITY)
VALUES (3849, 173, 48, 4);
INSERT INTO ORDER_ITEM (ID, ORDER_ID, PRODUCT_ID, QUANTITY)
VALUES (3850, 173, 50, 13);
INSERT INTO ORDER_ITEM (ID, ORDER_ID, PRODUCT_ID, QUANTITY)
VALUES (3851, 173, 51, 5);
INSERT INTO ORDER_ITEM (ID, ORDER_ID, PRODUCT_ID, QUANTITY)
VALUES (3852, 173, 38, 5);
INSERT INTO ORDER_ITEM (ID, ORDER_ID, PRODUCT_ID, QUANTITY)
VALUES (3853, 173, 39, 12);
INSERT INTO ORDER_ITEM (ID, ORDER_ID, PRODUCT_ID, QUANTITY)
VALUES (3854, 173, 14, 19);
INSERT INTO ORDER_ITEM (ID, ORDER_ID, PRODUCT_ID, QUANTITY)
VALUES (3855, 173, 26, 15);
INSERT INTO ORDER_ITEM (ID, ORDER_ID, PRODUCT_ID, QUANTITY)
VALUES (3856, 173, 24, 2);
INSERT INTO ORDER_ITEM (ID, ORDER_ID, PRODUCT_ID, QUANTITY)
VALUES (3857, 173, 21, 10);
INSERT INTO ORDER_ITEM (ID, ORDER_ID, PRODUCT_ID, QUANTITY)
VALUES (3858, 173, 60, 0);
INSERT INTO ORDER_ITEM (ID, ORDER_ID, PRODUCT_ID, QUANTITY)
VALUES (3859, 173, 18, 1);
INSERT INTO ORDER_ITEM (ID, ORDER_ID, PRODUCT_ID, QUANTITY)
VALUES (3860, 173, 45, 2);
INSERT INTO ORDER_ITEM (ID, ORDER_ID, PRODUCT_ID, QUANTITY)
VALUES (3861, 173, 54, 14);
INSERT INTO ORDER_ITEM (ID, ORDER_ID, PRODUCT_ID, QUANTITY)
VALUES (3862, 173, 59, 15);
INSERT INTO ORDER_ITEM (ID, ORDER_ID, PRODUCT_ID, QUANTITY)
VALUES (3863, 173, 58, 19);
INSERT INTO ORDER_ITEM (ID, ORDER_ID, PRODUCT_ID, QUANTITY)
VALUES (3864, 173, 13, 8);
INSERT INTO ORDER_ITEM (ID, ORDER_ID, PRODUCT_ID, QUANTITY)
VALUES (3865, 173, 55, 4);
INSERT INTO ORDER_ITEM (ID, ORDER_ID, PRODUCT_ID, QUANTITY)
VALUES (3866, 173, 36, 2);
-- ### ORDER 164
INSERT INTO PAYMENT_DETAIL(ID, AMOUNT, PROVIDER, PROVIDER_PAYMENT_UUID)
VALUES (174, 4308.0, 'VISA', '376107749');
INSERT INTO ORDERS (ID, CUST_ID, PAYMENT_ID, STATUS, AMOUNT, CREATED_ON, UPDATED_ON)
VALUES (174, 777, 174, 'DELIVERED', 4308.0, LOCALTIMESTAMP, LOCALTIMESTAMP);
INSERT INTO ORDER_ITEM (ID, ORDER_ID, PRODUCT_ID, QUANTITY)
VALUES (3867, 174, 22, 2);
INSERT INTO ORDER_ITEM (ID, ORDER_ID, PRODUCT_ID, QUANTITY)
VALUES (3868, 174, 54, 17);
INSERT INTO ORDER_ITEM (ID, ORDER_ID, PRODUCT_ID, QUANTITY)
VALUES (3869, 174, 48, 11);
INSERT INTO ORDER_ITEM (ID, ORDER_ID, PRODUCT_ID, QUANTITY)
VALUES (3870, 174, 23, 14);
INSERT INTO ORDER_ITEM (ID, ORDER_ID, PRODUCT_ID, QUANTITY)
VALUES (3871, 174, 30, 13);
INSERT INTO ORDER_ITEM (ID, ORDER_ID, PRODUCT_ID, QUANTITY)
VALUES (3872, 174, 60, 7);
-- ### ORDER 165
INSERT INTO PAYMENT_DETAIL(ID, AMOUNT, PROVIDER, PROVIDER_PAYMENT_UUID)
VALUES (175, 80.0, 'PAYPAL', '660102314');
INSERT INTO ORDERS (ID, CUST_ID, PAYMENT_ID, STATUS, AMOUNT, CREATED_ON, UPDATED_ON)
VALUES (175, 777, 175, 'DELIVERED', 80.0, LOCALTIMESTAMP, LOCALTIMESTAMP);
INSERT INTO ORDER_ITEM (ID, ORDER_ID, PRODUCT_ID, QUANTITY)
VALUES (3873, 175, 38, 7);
INSERT INTO ORDER_ITEM (ID, ORDER_ID, PRODUCT_ID, QUANTITY)
VALUES (3874, 175, 56, 6);
INSERT INTO ORDER_ITEM (ID, ORDER_ID, PRODUCT_ID, QUANTITY)
VALUES (3875, 175, 53, 8);
INSERT INTO ORDER_ITEM (ID, ORDER_ID, PRODUCT_ID, QUANTITY)
VALUES (3876, 175, 32, 0);
INSERT INTO ORDER_ITEM (ID, ORDER_ID, PRODUCT_ID, QUANTITY)
VALUES (3877, 175, 20, 7);
INSERT INTO ORDER_ITEM (ID, ORDER_ID, PRODUCT_ID, QUANTITY)
VALUES (3878, 175, 12, 1);
INSERT INTO ORDER_ITEM (ID, ORDER_ID, PRODUCT_ID, QUANTITY)
VALUES (3879, 175, 27, 2);
INSERT INTO ORDER_ITEM (ID, ORDER_ID, PRODUCT_ID, QUANTITY)
VALUES (3880, 175, 17, 11);
INSERT INTO ORDER_ITEM (ID, ORDER_ID, PRODUCT_ID, QUANTITY)
VALUES (3881, 175, 31, 13);
INSERT INTO ORDER_ITEM (ID, ORDER_ID, PRODUCT_ID, QUANTITY)
VALUES (3882, 175, 43, 12);
INSERT INTO ORDER_ITEM (ID, ORDER_ID, PRODUCT_ID, QUANTITY)
VALUES (3883, 175, 23, 4);
INSERT INTO ORDER_ITEM (ID, ORDER_ID, PRODUCT_ID, QUANTITY)
VALUES (3884, 175, 59, 17);
INSERT INTO ORDER_ITEM (ID, ORDER_ID, PRODUCT_ID, QUANTITY)
VALUES (3885, 175, 16, 18);
INSERT INTO ORDER_ITEM (ID, ORDER_ID, PRODUCT_ID, QUANTITY)
VALUES (3886, 175, 33, 16);
INSERT INTO ORDER_ITEM (ID, ORDER_ID, PRODUCT_ID, QUANTITY)
VALUES (3887, 175, 51, 0);
INSERT INTO ORDER_ITEM (ID, ORDER_ID, PRODUCT_ID, QUANTITY)
VALUES (3888, 175, 29, 5);
INSERT INTO ORDER_ITEM (ID, ORDER_ID, PRODUCT_ID, QUANTITY)
VALUES (3889, 175, 36, 11);
INSERT INTO ORDER_ITEM (ID, ORDER_ID, PRODUCT_ID, QUANTITY)
VALUES (3890, 175, 42, 3);
INSERT INTO ORDER_ITEM (ID, ORDER_ID, PRODUCT_ID, QUANTITY)
VALUES (3891, 175, 54, 8);
INSERT INTO ORDER_ITEM (ID, ORDER_ID, PRODUCT_ID, QUANTITY)
VALUES (3892, 175, 21, 17);
INSERT INTO ORDER_ITEM (ID, ORDER_ID, PRODUCT_ID, QUANTITY)
VALUES (3893, 175, 15, 11);
INSERT INTO ORDER_ITEM (ID, ORDER_ID, PRODUCT_ID, QUANTITY)
VALUES (3894, 175, 28, 14);
INSERT INTO ORDER_ITEM (ID, ORDER_ID, PRODUCT_ID, QUANTITY)
VALUES (3895, 175, 30, 13);
INSERT INTO ORDER_ITEM (ID, ORDER_ID, PRODUCT_ID, QUANTITY)
VALUES (3896, 175, 48, 5);
INSERT INTO ORDER_ITEM (ID, ORDER_ID, PRODUCT_ID, QUANTITY)
VALUES (3897, 175, 26, 16);
INSERT INTO ORDER_ITEM (ID, ORDER_ID, PRODUCT_ID, QUANTITY)
VALUES (3898, 175, 50, 13);
INSERT INTO ORDER_ITEM (ID, ORDER_ID, PRODUCT_ID, QUANTITY)
VALUES (3899, 175, 49, 17);
INSERT INTO ORDER_ITEM (ID, ORDER_ID, PRODUCT_ID, QUANTITY)
VALUES (3900, 175, 47, 6);
INSERT INTO ORDER_ITEM (ID, ORDER_ID, PRODUCT_ID, QUANTITY)
VALUES (3901, 175, 39, 20);
INSERT INTO ORDER_ITEM (ID, ORDER_ID, PRODUCT_ID, QUANTITY)
VALUES (3902, 175, 34, 20);
INSERT INTO ORDER_ITEM (ID, ORDER_ID, PRODUCT_ID, QUANTITY)
VALUES (3903, 175, 24, 13);
INSERT INTO ORDER_ITEM (ID, ORDER_ID, PRODUCT_ID, QUANTITY)
VALUES (3904, 175, 19, 13);
INSERT INTO ORDER_ITEM (ID, ORDER_ID, PRODUCT_ID, QUANTITY)
VALUES (3905, 175, 22, 17);
INSERT INTO ORDER_ITEM (ID, ORDER_ID, PRODUCT_ID, QUANTITY)
VALUES (3906, 175, 58, 8);
INSERT INTO ORDER_ITEM (ID, ORDER_ID, PRODUCT_ID, QUANTITY)
VALUES (3907, 175, 25, 5);
INSERT INTO ORDER_ITEM (ID, ORDER_ID, PRODUCT_ID, QUANTITY)
VALUES (3908, 175, 55, 6);
INSERT INTO ORDER_ITEM (ID, ORDER_ID, PRODUCT_ID, QUANTITY)
VALUES (3909, 175, 37, 20);
INSERT INTO ORDER_ITEM (ID, ORDER_ID, PRODUCT_ID, QUANTITY)
VALUES (3910, 175, 60, 7);
INSERT INTO ORDER_ITEM (ID, ORDER_ID, PRODUCT_ID, QUANTITY)
VALUES (3911, 175, 11, 18);
INSERT INTO ORDER_ITEM (ID, ORDER_ID, PRODUCT_ID, QUANTITY)
VALUES (3912, 175, 40, 9);
INSERT INTO ORDER_ITEM (ID, ORDER_ID, PRODUCT_ID, QUANTITY)
VALUES (3913, 175, 14, 7);
INSERT INTO ORDER_ITEM (ID, ORDER_ID, PRODUCT_ID, QUANTITY)
VALUES (3914, 175, 45, 5);
INSERT INTO ORDER_ITEM (ID, ORDER_ID, PRODUCT_ID, QUANTITY)
VALUES (3915, 175, 18, 20);
INSERT INTO ORDER_ITEM (ID, ORDER_ID, PRODUCT_ID, QUANTITY)
VALUES (3916, 175, 57, 0);
INSERT INTO ORDER_ITEM (ID, ORDER_ID, PRODUCT_ID, QUANTITY)
VALUES (3917, 175, 46, 10);
INSERT INTO ORDER_ITEM (ID, ORDER_ID, PRODUCT_ID, QUANTITY)
VALUES (3918, 175, 52, 19);
INSERT INTO ORDER_ITEM (ID, ORDER_ID, PRODUCT_ID, QUANTITY)
VALUES (3919, 175, 41, 0);
INSERT INTO ORDER_ITEM (ID, ORDER_ID, PRODUCT_ID, QUANTITY)
VALUES (3920, 175, 35, 3);
INSERT INTO ORDER_ITEM (ID, ORDER_ID, PRODUCT_ID, QUANTITY)
VALUES (3921, 175, 13, 6);
-- ### ORDER 166
INSERT INTO PAYMENT_DETAIL(ID, AMOUNT, PROVIDER, PROVIDER_PAYMENT_UUID)
VALUES (176, 2972.0, 'CRYPTO', '168258209');
INSERT INTO ORDERS (ID, CUST_ID, PAYMENT_ID, STATUS, AMOUNT, CREATED_ON, UPDATED_ON)
VALUES (176, 777, 176, 'DELIVERED', 2972.0, LOCALTIMESTAMP, LOCALTIMESTAMP);
INSERT INTO ORDER_ITEM (ID, ORDER_ID, PRODUCT_ID, QUANTITY)
VALUES (3922, 176, 30, 3);
INSERT INTO ORDER_ITEM (ID, ORDER_ID, PRODUCT_ID, QUANTITY)
VALUES (3923, 176, 12, 15);
INSERT INTO ORDER_ITEM (ID, ORDER_ID, PRODUCT_ID, QUANTITY)
VALUES (3924, 176, 55, 9);
INSERT INTO ORDER_ITEM (ID, ORDER_ID, PRODUCT_ID, QUANTITY)
VALUES (3925, 176, 18, 3);
INSERT INTO ORDER_ITEM (ID, ORDER_ID, PRODUCT_ID, QUANTITY)
VALUES (3926, 176, 45, 16);
INSERT INTO ORDER_ITEM (ID, ORDER_ID, PRODUCT_ID, QUANTITY)
VALUES (3927, 176, 50, 8);
INSERT INTO ORDER_ITEM (ID, ORDER_ID, PRODUCT_ID, QUANTITY)
VALUES (3928, 176, 53, 1);
INSERT INTO ORDER_ITEM (ID, ORDER_ID, PRODUCT_ID, QUANTITY)
VALUES (3929, 176, 37, 10);
INSERT INTO ORDER_ITEM (ID, ORDER_ID, PRODUCT_ID, QUANTITY)
VALUES (3930, 176, 16, 8);
INSERT INTO ORDER_ITEM (ID, ORDER_ID, PRODUCT_ID, QUANTITY)
VALUES (3931, 176, 32, 14);
INSERT INTO ORDER_ITEM (ID, ORDER_ID, PRODUCT_ID, QUANTITY)
VALUES (3932, 176, 38, 1);
INSERT INTO ORDER_ITEM (ID, ORDER_ID, PRODUCT_ID, QUANTITY)
VALUES (3933, 176, 41, 18);
INSERT INTO ORDER_ITEM (ID, ORDER_ID, PRODUCT_ID, QUANTITY)
VALUES (3934, 176, 36, 14);
INSERT INTO ORDER_ITEM (ID, ORDER_ID, PRODUCT_ID, QUANTITY)
VALUES (3935, 176, 56, 6);
INSERT INTO ORDER_ITEM (ID, ORDER_ID, PRODUCT_ID, QUANTITY)
VALUES (3936, 176, 59, 10);
INSERT INTO ORDER_ITEM (ID, ORDER_ID, PRODUCT_ID, QUANTITY)
VALUES (3937, 176, 21, 6);
INSERT INTO ORDER_ITEM (ID, ORDER_ID, PRODUCT_ID, QUANTITY)
VALUES (3938, 176, 15, 13);
INSERT INTO ORDER_ITEM (ID, ORDER_ID, PRODUCT_ID, QUANTITY)
VALUES (3939, 176, 26, 14);
INSERT INTO ORDER_ITEM (ID, ORDER_ID, PRODUCT_ID, QUANTITY)
VALUES (3940, 176, 40, 11);
INSERT INTO ORDER_ITEM (ID, ORDER_ID, PRODUCT_ID, QUANTITY)
VALUES (3941, 176, 11, 2);
INSERT INTO ORDER_ITEM (ID, ORDER_ID, PRODUCT_ID, QUANTITY)
VALUES (3942, 176, 28, 16);
INSERT INTO ORDER_ITEM (ID, ORDER_ID, PRODUCT_ID, QUANTITY)
VALUES (3943, 176, 54, 1);
INSERT INTO ORDER_ITEM (ID, ORDER_ID, PRODUCT_ID, QUANTITY)
VALUES (3944, 176, 42, 4);
INSERT INTO ORDER_ITEM (ID, ORDER_ID, PRODUCT_ID, QUANTITY)
VALUES (3945, 176, 44, 7);
INSERT INTO ORDER_ITEM (ID, ORDER_ID, PRODUCT_ID, QUANTITY)
VALUES (3946, 176, 49, 6);
INSERT INTO ORDER_ITEM (ID, ORDER_ID, PRODUCT_ID, QUANTITY)
VALUES (3947, 176, 33, 6);
INSERT INTO ORDER_ITEM (ID, ORDER_ID, PRODUCT_ID, QUANTITY)
VALUES (3948, 176, 48, 2);
INSERT INTO ORDER_ITEM (ID, ORDER_ID, PRODUCT_ID, QUANTITY)
VALUES (3949, 176, 25, 0);
INSERT INTO ORDER_ITEM (ID, ORDER_ID, PRODUCT_ID, QUANTITY)
VALUES (3950, 176, 35, 8);
INSERT INTO ORDER_ITEM (ID, ORDER_ID, PRODUCT_ID, QUANTITY)
VALUES (3951, 176, 23, 4);
INSERT INTO ORDER_ITEM (ID, ORDER_ID, PRODUCT_ID, QUANTITY)
VALUES (3952, 176, 52, 7);
INSERT INTO ORDER_ITEM (ID, ORDER_ID, PRODUCT_ID, QUANTITY)
VALUES (3953, 176, 47, 5);
INSERT INTO ORDER_ITEM (ID, ORDER_ID, PRODUCT_ID, QUANTITY)
VALUES (3954, 176, 24, 2);
INSERT INTO ORDER_ITEM (ID, ORDER_ID, PRODUCT_ID, QUANTITY)
VALUES (3955, 176, 29, 6);
INSERT INTO ORDER_ITEM (ID, ORDER_ID, PRODUCT_ID, QUANTITY)
VALUES (3956, 176, 14, 8);
INSERT INTO ORDER_ITEM (ID, ORDER_ID, PRODUCT_ID, QUANTITY)
VALUES (3957, 176, 22, 8);
INSERT INTO ORDER_ITEM (ID, ORDER_ID, PRODUCT_ID, QUANTITY)
VALUES (3958, 176, 19, 18);
INSERT INTO ORDER_ITEM (ID, ORDER_ID, PRODUCT_ID, QUANTITY)
VALUES (3959, 176, 57, 15);
INSERT INTO ORDER_ITEM (ID, ORDER_ID, PRODUCT_ID, QUANTITY)
VALUES (3960, 176, 17, 16);
INSERT INTO ORDER_ITEM (ID, ORDER_ID, PRODUCT_ID, QUANTITY)
VALUES (3961, 176, 31, 11);
-- ### ORDER 167
INSERT INTO PAYMENT_DETAIL(ID, AMOUNT, PROVIDER, PROVIDER_PAYMENT_UUID)
VALUES (177, 2851.0, 'MASTERCARD', '394482151');
INSERT INTO ORDERS (ID, CUST_ID, PAYMENT_ID, STATUS, AMOUNT, CREATED_ON, UPDATED_ON)
VALUES (177, 777, 177, 'DELIVERED', 2851.0, LOCALTIMESTAMP, LOCALTIMESTAMP);
INSERT INTO ORDER_ITEM (ID, ORDER_ID, PRODUCT_ID, QUANTITY)
VALUES (3962, 177, 44, 19);
INSERT INTO ORDER_ITEM (ID, ORDER_ID, PRODUCT_ID, QUANTITY)
VALUES (3963, 177, 13, 1);
INSERT INTO ORDER_ITEM (ID, ORDER_ID, PRODUCT_ID, QUANTITY)
VALUES (3964, 177, 59, 20);
INSERT INTO ORDER_ITEM (ID, ORDER_ID, PRODUCT_ID, QUANTITY)
VALUES (3965, 177, 48, 11);
INSERT INTO ORDER_ITEM (ID, ORDER_ID, PRODUCT_ID, QUANTITY)
VALUES (3966, 177, 32, 20);
INSERT INTO ORDER_ITEM (ID, ORDER_ID, PRODUCT_ID, QUANTITY)
VALUES (3967, 177, 21, 6);
INSERT INTO ORDER_ITEM (ID, ORDER_ID, PRODUCT_ID, QUANTITY)
VALUES (3968, 177, 60, 0);
INSERT INTO ORDER_ITEM (ID, ORDER_ID, PRODUCT_ID, QUANTITY)
VALUES (3969, 177, 17, 4);
INSERT INTO ORDER_ITEM (ID, ORDER_ID, PRODUCT_ID, QUANTITY)
VALUES (3970, 177, 12, 20);
INSERT INTO ORDER_ITEM (ID, ORDER_ID, PRODUCT_ID, QUANTITY)
VALUES (3971, 177, 55, 14);
INSERT INTO ORDER_ITEM (ID, ORDER_ID, PRODUCT_ID, QUANTITY)
VALUES (3972, 177, 28, 17);
INSERT INTO ORDER_ITEM (ID, ORDER_ID, PRODUCT_ID, QUANTITY)
VALUES (3973, 177, 46, 5);
INSERT INTO ORDER_ITEM (ID, ORDER_ID, PRODUCT_ID, QUANTITY)
VALUES (3974, 177, 37, 9);
INSERT INTO ORDER_ITEM (ID, ORDER_ID, PRODUCT_ID, QUANTITY)
VALUES (3975, 177, 11, 11);
INSERT INTO ORDER_ITEM (ID, ORDER_ID, PRODUCT_ID, QUANTITY)
VALUES (3976, 177, 47, 2);
INSERT INTO ORDER_ITEM (ID, ORDER_ID, PRODUCT_ID, QUANTITY)
VALUES (3977, 177, 29, 14);
INSERT INTO ORDER_ITEM (ID, ORDER_ID, PRODUCT_ID, QUANTITY)
VALUES (3978, 177, 34, 0);
INSERT INTO ORDER_ITEM (ID, ORDER_ID, PRODUCT_ID, QUANTITY)
VALUES (3979, 177, 19, 12);
INSERT INTO ORDER_ITEM (ID, ORDER_ID, PRODUCT_ID, QUANTITY)
VALUES (3980, 177, 52, 5);
INSERT INTO ORDER_ITEM (ID, ORDER_ID, PRODUCT_ID, QUANTITY)
VALUES (3981, 177, 27, 13);
INSERT INTO ORDER_ITEM (ID, ORDER_ID, PRODUCT_ID, QUANTITY)
VALUES (3982, 177, 20, 15);
INSERT INTO ORDER_ITEM (ID, ORDER_ID, PRODUCT_ID, QUANTITY)
VALUES (3983, 177, 57, 4);
INSERT INTO ORDER_ITEM (ID, ORDER_ID, PRODUCT_ID, QUANTITY)
VALUES (3984, 177, 25, 0);
INSERT INTO ORDER_ITEM (ID, ORDER_ID, PRODUCT_ID, QUANTITY)
VALUES (3985, 177, 40, 7);
INSERT INTO ORDER_ITEM (ID, ORDER_ID, PRODUCT_ID, QUANTITY)
VALUES (3986, 177, 39, 11);
INSERT INTO ORDER_ITEM (ID, ORDER_ID, PRODUCT_ID, QUANTITY)
VALUES (3987, 177, 58, 10);
INSERT INTO ORDER_ITEM (ID, ORDER_ID, PRODUCT_ID, QUANTITY)
VALUES (3988, 177, 54, 0);
INSERT INTO ORDER_ITEM (ID, ORDER_ID, PRODUCT_ID, QUANTITY)
VALUES (3989, 177, 24, 6);
INSERT INTO ORDER_ITEM (ID, ORDER_ID, PRODUCT_ID, QUANTITY)
VALUES (3990, 177, 56, 1);
INSERT INTO ORDER_ITEM (ID, ORDER_ID, PRODUCT_ID, QUANTITY)
VALUES (3991, 177, 23, 11);
INSERT INTO ORDER_ITEM (ID, ORDER_ID, PRODUCT_ID, QUANTITY)
VALUES (3992, 177, 22, 17);
INSERT INTO ORDER_ITEM (ID, ORDER_ID, PRODUCT_ID, QUANTITY)
VALUES (3993, 177, 14, 8);
INSERT INTO ORDER_ITEM (ID, ORDER_ID, PRODUCT_ID, QUANTITY)
VALUES (3994, 177, 15, 9);
INSERT INTO ORDER_ITEM (ID, ORDER_ID, PRODUCT_ID, QUANTITY)
VALUES (3995, 177, 42, 17);
INSERT INTO ORDER_ITEM (ID, ORDER_ID, PRODUCT_ID, QUANTITY)
VALUES (3996, 177, 31, 9);
INSERT INTO ORDER_ITEM (ID, ORDER_ID, PRODUCT_ID, QUANTITY)
VALUES (3997, 177, 45, 18);
INSERT INTO ORDER_ITEM (ID, ORDER_ID, PRODUCT_ID, QUANTITY)
VALUES (3998, 177, 43, 12);
INSERT INTO ORDER_ITEM (ID, ORDER_ID, PRODUCT_ID, QUANTITY)
VALUES (3999, 177, 16, 9);
INSERT INTO ORDER_ITEM (ID, ORDER_ID, PRODUCT_ID, QUANTITY)
VALUES (4000, 177, 18, 20);
INSERT INTO ORDER_ITEM (ID, ORDER_ID, PRODUCT_ID, QUANTITY)
VALUES (4001, 177, 41, 7);
INSERT INTO ORDER_ITEM (ID, ORDER_ID, PRODUCT_ID, QUANTITY)
VALUES (4002, 177, 38, 13);
INSERT INTO ORDER_ITEM (ID, ORDER_ID, PRODUCT_ID, QUANTITY)
VALUES (4003, 177, 36, 5);
INSERT INTO ORDER_ITEM (ID, ORDER_ID, PRODUCT_ID, QUANTITY)
VALUES (4004, 177, 51, 17);
INSERT INTO ORDER_ITEM (ID, ORDER_ID, PRODUCT_ID, QUANTITY)
VALUES (4005, 177, 26, 18);
INSERT INTO ORDER_ITEM (ID, ORDER_ID, PRODUCT_ID, QUANTITY)
VALUES (4006, 177, 30, 5);
INSERT INTO ORDER_ITEM (ID, ORDER_ID, PRODUCT_ID, QUANTITY)
VALUES (4007, 177, 33, 0);
-- ### ORDER 168
INSERT INTO PAYMENT_DETAIL(ID, AMOUNT, PROVIDER, PROVIDER_PAYMENT_UUID)
VALUES (178, 1763.0, 'CRYPTO', '22558597');
INSERT INTO ORDERS (ID, CUST_ID, PAYMENT_ID, STATUS, AMOUNT, CREATED_ON, UPDATED_ON)
VALUES (178, 777, 178, 'DELIVERED', 1763.0, LOCALTIMESTAMP, LOCALTIMESTAMP);
-- ### ORDER 169
INSERT INTO PAYMENT_DETAIL(ID, AMOUNT, PROVIDER, PROVIDER_PAYMENT_UUID)
VALUES (179, 1596.0, 'VISA', '632032405');
INSERT INTO ORDERS (ID, CUST_ID, PAYMENT_ID, STATUS, AMOUNT, CREATED_ON, UPDATED_ON)
VALUES (179, 777, 179, 'DELIVERED', 1596.0, LOCALTIMESTAMP, LOCALTIMESTAMP);
INSERT INTO ORDER_ITEM (ID, ORDER_ID, PRODUCT_ID, QUANTITY)
VALUES (4008, 179, 35, 9);
INSERT INTO ORDER_ITEM (ID, ORDER_ID, PRODUCT_ID, QUANTITY)
VALUES (4009, 179, 45, 2);
INSERT INTO ORDER_ITEM (ID, ORDER_ID, PRODUCT_ID, QUANTITY)
VALUES (4010, 179, 19, 10);
INSERT INTO ORDER_ITEM (ID, ORDER_ID, PRODUCT_ID, QUANTITY)
VALUES (4011, 179, 47, 4);
INSERT INTO ORDER_ITEM (ID, ORDER_ID, PRODUCT_ID, QUANTITY)
VALUES (4012, 179, 40, 10);
INSERT INTO ORDER_ITEM (ID, ORDER_ID, PRODUCT_ID, QUANTITY)
VALUES (4013, 179, 54, 10);
INSERT INTO ORDER_ITEM (ID, ORDER_ID, PRODUCT_ID, QUANTITY)
VALUES (4014, 179, 22, 17);
INSERT INTO ORDER_ITEM (ID, ORDER_ID, PRODUCT_ID, QUANTITY)
VALUES (4015, 179, 23, 9);
INSERT INTO ORDER_ITEM (ID, ORDER_ID, PRODUCT_ID, QUANTITY)
VALUES (4016, 179, 20, 9);
INSERT INTO ORDER_ITEM (ID, ORDER_ID, PRODUCT_ID, QUANTITY)
VALUES (4017, 179, 46, 20);
INSERT INTO ORDER_ITEM (ID, ORDER_ID, PRODUCT_ID, QUANTITY)
VALUES (4018, 179, 39, 16);
INSERT INTO ORDER_ITEM (ID, ORDER_ID, PRODUCT_ID, QUANTITY)
VALUES (4019, 179, 30, 18);
INSERT INTO ORDER_ITEM (ID, ORDER_ID, PRODUCT_ID, QUANTITY)
VALUES (4020, 179, 53, 0);
INSERT INTO ORDER_ITEM (ID, ORDER_ID, PRODUCT_ID, QUANTITY)
VALUES (4021, 179, 27, 12);
INSERT INTO ORDER_ITEM (ID, ORDER_ID, PRODUCT_ID, QUANTITY)
VALUES (4022, 179, 33, 19);
INSERT INTO ORDER_ITEM (ID, ORDER_ID, PRODUCT_ID, QUANTITY)
VALUES (4023, 179, 34, 2);
INSERT INTO ORDER_ITEM (ID, ORDER_ID, PRODUCT_ID, QUANTITY)
VALUES (4024, 179, 59, 17);
INSERT INTO ORDER_ITEM (ID, ORDER_ID, PRODUCT_ID, QUANTITY)
VALUES (4025, 179, 36, 15);
INSERT INTO ORDER_ITEM (ID, ORDER_ID, PRODUCT_ID, QUANTITY)
VALUES (4026, 179, 52, 11);
INSERT INTO ORDER_ITEM (ID, ORDER_ID, PRODUCT_ID, QUANTITY)
VALUES (4027, 179, 15, 13);
INSERT INTO ORDER_ITEM (ID, ORDER_ID, PRODUCT_ID, QUANTITY)
VALUES (4028, 179, 60, 5);
INSERT INTO ORDER_ITEM (ID, ORDER_ID, PRODUCT_ID, QUANTITY)
VALUES (4029, 179, 48, 3);
INSERT INTO ORDER_ITEM (ID, ORDER_ID, PRODUCT_ID, QUANTITY)
VALUES (4030, 179, 25, 0);
INSERT INTO ORDER_ITEM (ID, ORDER_ID, PRODUCT_ID, QUANTITY)
VALUES (4031, 179, 44, 16);
INSERT INTO ORDER_ITEM (ID, ORDER_ID, PRODUCT_ID, QUANTITY)
VALUES (4032, 179, 18, 4);
INSERT INTO ORDER_ITEM (ID, ORDER_ID, PRODUCT_ID, QUANTITY)
VALUES (4033, 179, 11, 3);
INSERT INTO ORDER_ITEM (ID, ORDER_ID, PRODUCT_ID, QUANTITY)
VALUES (4034, 179, 58, 12);
INSERT INTO ORDER_ITEM (ID, ORDER_ID, PRODUCT_ID, QUANTITY)
VALUES (4035, 179, 32, 13);
INSERT INTO ORDER_ITEM (ID, ORDER_ID, PRODUCT_ID, QUANTITY)
VALUES (4036, 179, 29, 11);
INSERT INTO ORDER_ITEM (ID, ORDER_ID, PRODUCT_ID, QUANTITY)
VALUES (4037, 179, 50, 12);
INSERT INTO ORDER_ITEM (ID, ORDER_ID, PRODUCT_ID, QUANTITY)
VALUES (4038, 179, 14, 2);
INSERT INTO ORDER_ITEM (ID, ORDER_ID, PRODUCT_ID, QUANTITY)
VALUES (4039, 179, 51, 15);
INSERT INTO ORDER_ITEM (ID, ORDER_ID, PRODUCT_ID, QUANTITY)
VALUES (4040, 179, 28, 0);
INSERT INTO ORDER_ITEM (ID, ORDER_ID, PRODUCT_ID, QUANTITY)
VALUES (4041, 179, 17, 4);
INSERT INTO ORDER_ITEM (ID, ORDER_ID, PRODUCT_ID, QUANTITY)
VALUES (4042, 179, 42, 12);
INSERT INTO ORDER_ITEM (ID, ORDER_ID, PRODUCT_ID, QUANTITY)
VALUES (4043, 179, 43, 17);
INSERT INTO ORDER_ITEM (ID, ORDER_ID, PRODUCT_ID, QUANTITY)
VALUES (4044, 179, 12, 13);
INSERT INTO ORDER_ITEM (ID, ORDER_ID, PRODUCT_ID, QUANTITY)
VALUES (4045, 179, 31, 5);
INSERT INTO ORDER_ITEM (ID, ORDER_ID, PRODUCT_ID, QUANTITY)
VALUES (4046, 179, 57, 17);
INSERT INTO ORDER_ITEM (ID, ORDER_ID, PRODUCT_ID, QUANTITY)
VALUES (4047, 179, 16, 0);
INSERT INTO ORDER_ITEM (ID, ORDER_ID, PRODUCT_ID, QUANTITY)
VALUES (4048, 179, 26, 14);
INSERT INTO ORDER_ITEM (ID, ORDER_ID, PRODUCT_ID, QUANTITY)
VALUES (4049, 179, 37, 6);
INSERT INTO ORDER_ITEM (ID, ORDER_ID, PRODUCT_ID, QUANTITY)
VALUES (4050, 179, 56, 6);
-- ### ORDER 170
INSERT INTO PAYMENT_DETAIL(ID, AMOUNT, PROVIDER, PROVIDER_PAYMENT_UUID)
VALUES (180, 2162.0, 'ICARD', '740109416');
INSERT INTO ORDERS (ID, CUST_ID, PAYMENT_ID, STATUS, AMOUNT, CREATED_ON, UPDATED_ON)
VALUES (180, 777, 180, 'DELIVERED', 2162.0, LOCALTIMESTAMP, LOCALTIMESTAMP);
INSERT INTO ORDER_ITEM (ID, ORDER_ID, PRODUCT_ID, QUANTITY)
VALUES (4051, 180, 38, 8);
INSERT INTO ORDER_ITEM (ID, ORDER_ID, PRODUCT_ID, QUANTITY)
VALUES (4052, 180, 21, 6);
INSERT INTO ORDER_ITEM (ID, ORDER_ID, PRODUCT_ID, QUANTITY)
VALUES (4053, 180, 50, 8);
INSERT INTO ORDER_ITEM (ID, ORDER_ID, PRODUCT_ID, QUANTITY)
VALUES (4054, 180, 17, 7);
INSERT INTO ORDER_ITEM (ID, ORDER_ID, PRODUCT_ID, QUANTITY)
VALUES (4055, 180, 33, 18);
INSERT INTO ORDER_ITEM (ID, ORDER_ID, PRODUCT_ID, QUANTITY)
VALUES (4056, 180, 25, 14);
INSERT INTO ORDER_ITEM (ID, ORDER_ID, PRODUCT_ID, QUANTITY)
VALUES (4057, 180, 59, 5);
INSERT INTO ORDER_ITEM (ID, ORDER_ID, PRODUCT_ID, QUANTITY)
VALUES (4058, 180, 44, 19);
INSERT INTO ORDER_ITEM (ID, ORDER_ID, PRODUCT_ID, QUANTITY)
VALUES (4059, 180, 48, 2);
-- ### ORDER 171
INSERT INTO PAYMENT_DETAIL(ID, AMOUNT, PROVIDER, PROVIDER_PAYMENT_UUID)
VALUES (181, 973.0, 'ICARD', '454025569');
INSERT INTO ORDERS (ID, CUST_ID, PAYMENT_ID, STATUS, AMOUNT, CREATED_ON, UPDATED_ON)
VALUES (181, 777, 181, 'DELIVERED', 973.0, LOCALTIMESTAMP, LOCALTIMESTAMP);
INSERT INTO ORDER_ITEM (ID, ORDER_ID, PRODUCT_ID, QUANTITY)
VALUES (4060, 181, 36, 16);
INSERT INTO ORDER_ITEM (ID, ORDER_ID, PRODUCT_ID, QUANTITY)
VALUES (4061, 181, 22, 4);
INSERT INTO ORDER_ITEM (ID, ORDER_ID, PRODUCT_ID, QUANTITY)
VALUES (4062, 181, 12, 1);
INSERT INTO ORDER_ITEM (ID, ORDER_ID, PRODUCT_ID, QUANTITY)
VALUES (4063, 181, 40, 4);
INSERT INTO ORDER_ITEM (ID, ORDER_ID, PRODUCT_ID, QUANTITY)
VALUES (4064, 181, 29, 8);
INSERT INTO ORDER_ITEM (ID, ORDER_ID, PRODUCT_ID, QUANTITY)
VALUES (4065, 181, 51, 3);
INSERT INTO ORDER_ITEM (ID, ORDER_ID, PRODUCT_ID, QUANTITY)
VALUES (4066, 181, 44, 17);
INSERT INTO ORDER_ITEM (ID, ORDER_ID, PRODUCT_ID, QUANTITY)
VALUES (4067, 181, 60, 0);
INSERT INTO ORDER_ITEM (ID, ORDER_ID, PRODUCT_ID, QUANTITY)
VALUES (4068, 181, 31, 5);
INSERT INTO ORDER_ITEM (ID, ORDER_ID, PRODUCT_ID, QUANTITY)
VALUES (4069, 181, 23, 0);
INSERT INTO ORDER_ITEM (ID, ORDER_ID, PRODUCT_ID, QUANTITY)
VALUES (4070, 181, 33, 7);
INSERT INTO ORDER_ITEM (ID, ORDER_ID, PRODUCT_ID, QUANTITY)
VALUES (4071, 181, 55, 20);
INSERT INTO ORDER_ITEM (ID, ORDER_ID, PRODUCT_ID, QUANTITY)
VALUES (4072, 181, 24, 16);
INSERT INTO ORDER_ITEM (ID, ORDER_ID, PRODUCT_ID, QUANTITY)
VALUES (4073, 181, 48, 17);
INSERT INTO ORDER_ITEM (ID, ORDER_ID, PRODUCT_ID, QUANTITY)
VALUES (4074, 181, 43, 0);
INSERT INTO ORDER_ITEM (ID, ORDER_ID, PRODUCT_ID, QUANTITY)
VALUES (4075, 181, 38, 16);
INSERT INTO ORDER_ITEM (ID, ORDER_ID, PRODUCT_ID, QUANTITY)
VALUES (4076, 181, 35, 2);
INSERT INTO ORDER_ITEM (ID, ORDER_ID, PRODUCT_ID, QUANTITY)
VALUES (4077, 181, 25, 16);
INSERT INTO ORDER_ITEM (ID, ORDER_ID, PRODUCT_ID, QUANTITY)
VALUES (4078, 181, 54, 0);
INSERT INTO ORDER_ITEM (ID, ORDER_ID, PRODUCT_ID, QUANTITY)
VALUES (4079, 181, 13, 7);
INSERT INTO ORDER_ITEM (ID, ORDER_ID, PRODUCT_ID, QUANTITY)
VALUES (4080, 181, 45, 20);
INSERT INTO ORDER_ITEM (ID, ORDER_ID, PRODUCT_ID, QUANTITY)
VALUES (4081, 181, 58, 14);
INSERT INTO ORDER_ITEM (ID, ORDER_ID, PRODUCT_ID, QUANTITY)
VALUES (4082, 181, 28, 0);
INSERT INTO ORDER_ITEM (ID, ORDER_ID, PRODUCT_ID, QUANTITY)
VALUES (4083, 181, 16, 2);
INSERT INTO ORDER_ITEM (ID, ORDER_ID, PRODUCT_ID, QUANTITY)
VALUES (4084, 181, 39, 6);
INSERT INTO ORDER_ITEM (ID, ORDER_ID, PRODUCT_ID, QUANTITY)
VALUES (4085, 181, 18, 9);
INSERT INTO ORDER_ITEM (ID, ORDER_ID, PRODUCT_ID, QUANTITY)
VALUES (4086, 181, 14, 14);
-- ### ORDER 172
INSERT INTO PAYMENT_DETAIL(ID, AMOUNT, PROVIDER, PROVIDER_PAYMENT_UUID)
VALUES (182, 1984.0, 'PAYPAL', '308415612');
INSERT INTO ORDERS (ID, CUST_ID, PAYMENT_ID, STATUS, AMOUNT, CREATED_ON, UPDATED_ON)
VALUES (182, 777, 182, 'DELIVERED', 1984.0, LOCALTIMESTAMP, LOCALTIMESTAMP);
INSERT INTO ORDER_ITEM (ID, ORDER_ID, PRODUCT_ID, QUANTITY)
VALUES (4087, 182, 11, 1);
INSERT INTO ORDER_ITEM (ID, ORDER_ID, PRODUCT_ID, QUANTITY)
VALUES (4088, 182, 48, 16);
INSERT INTO ORDER_ITEM (ID, ORDER_ID, PRODUCT_ID, QUANTITY)
VALUES (4089, 182, 16, 10);
INSERT INTO ORDER_ITEM (ID, ORDER_ID, PRODUCT_ID, QUANTITY)
VALUES (4090, 182, 36, 7);
INSERT INTO ORDER_ITEM (ID, ORDER_ID, PRODUCT_ID, QUANTITY)
VALUES (4091, 182, 49, 8);
INSERT INTO ORDER_ITEM (ID, ORDER_ID, PRODUCT_ID, QUANTITY)
VALUES (4092, 182, 43, 7);
INSERT INTO ORDER_ITEM (ID, ORDER_ID, PRODUCT_ID, QUANTITY)
VALUES (4093, 182, 54, 5);
INSERT INTO ORDER_ITEM (ID, ORDER_ID, PRODUCT_ID, QUANTITY)
VALUES (4094, 182, 46, 9);
INSERT INTO ORDER_ITEM (ID, ORDER_ID, PRODUCT_ID, QUANTITY)
VALUES (4095, 182, 58, 11);
INSERT INTO ORDER_ITEM (ID, ORDER_ID, PRODUCT_ID, QUANTITY)
VALUES (4096, 182, 44, 17);
INSERT INTO ORDER_ITEM (ID, ORDER_ID, PRODUCT_ID, QUANTITY)
VALUES (4097, 182, 27, 5);
INSERT INTO ORDER_ITEM (ID, ORDER_ID, PRODUCT_ID, QUANTITY)
VALUES (4098, 182, 50, 6);
INSERT INTO ORDER_ITEM (ID, ORDER_ID, PRODUCT_ID, QUANTITY)
VALUES (4099, 182, 52, 5);
INSERT INTO ORDER_ITEM (ID, ORDER_ID, PRODUCT_ID, QUANTITY)
VALUES (4100, 182, 14, 6);
INSERT INTO ORDER_ITEM (ID, ORDER_ID, PRODUCT_ID, QUANTITY)
VALUES (4101, 182, 57, 4);
INSERT INTO ORDER_ITEM (ID, ORDER_ID, PRODUCT_ID, QUANTITY)
VALUES (4102, 182, 33, 9);
INSERT INTO ORDER_ITEM (ID, ORDER_ID, PRODUCT_ID, QUANTITY)
VALUES (4103, 182, 32, 11);
INSERT INTO ORDER_ITEM (ID, ORDER_ID, PRODUCT_ID, QUANTITY)
VALUES (4104, 182, 51, 13);
INSERT INTO ORDER_ITEM (ID, ORDER_ID, PRODUCT_ID, QUANTITY)
VALUES (4105, 182, 38, 1);
INSERT INTO ORDER_ITEM (ID, ORDER_ID, PRODUCT_ID, QUANTITY)
VALUES (4106, 182, 24, 16);
INSERT INTO ORDER_ITEM (ID, ORDER_ID, PRODUCT_ID, QUANTITY)
VALUES (4107, 182, 59, 13);
INSERT INTO ORDER_ITEM (ID, ORDER_ID, PRODUCT_ID, QUANTITY)
VALUES (4108, 182, 20, 9);
INSERT INTO ORDER_ITEM (ID, ORDER_ID, PRODUCT_ID, QUANTITY)
VALUES (4109, 182, 30, 13);
INSERT INTO ORDER_ITEM (ID, ORDER_ID, PRODUCT_ID, QUANTITY)
VALUES (4110, 182, 31, 11);
INSERT INTO ORDER_ITEM (ID, ORDER_ID, PRODUCT_ID, QUANTITY)
VALUES (4111, 182, 12, 7);
INSERT INTO ORDER_ITEM (ID, ORDER_ID, PRODUCT_ID, QUANTITY)
VALUES (4112, 182, 35, 18);
INSERT INTO ORDER_ITEM (ID, ORDER_ID, PRODUCT_ID, QUANTITY)
VALUES (4113, 182, 28, 4);
-- ### ORDER 173
INSERT INTO PAYMENT_DETAIL(ID, AMOUNT, PROVIDER, PROVIDER_PAYMENT_UUID)
VALUES (183, 4254.0, 'MASTERCARD', '966302661');
INSERT INTO ORDERS (ID, CUST_ID, PAYMENT_ID, STATUS, AMOUNT, CREATED_ON, UPDATED_ON)
VALUES (183, 777, 183, 'DELIVERED', 4254.0, LOCALTIMESTAMP, LOCALTIMESTAMP);
INSERT INTO ORDER_ITEM (ID, ORDER_ID, PRODUCT_ID, QUANTITY)
VALUES (4114, 183, 34, 17);
INSERT INTO ORDER_ITEM (ID, ORDER_ID, PRODUCT_ID, QUANTITY)
VALUES (4115, 183, 27, 13);
INSERT INTO ORDER_ITEM (ID, ORDER_ID, PRODUCT_ID, QUANTITY)
VALUES (4116, 183, 20, 13);
INSERT INTO ORDER_ITEM (ID, ORDER_ID, PRODUCT_ID, QUANTITY)
VALUES (4117, 183, 33, 17);
INSERT INTO ORDER_ITEM (ID, ORDER_ID, PRODUCT_ID, QUANTITY)
VALUES (4118, 183, 17, 13);
INSERT INTO ORDER_ITEM (ID, ORDER_ID, PRODUCT_ID, QUANTITY)
VALUES (4119, 183, 37, 9);
INSERT INTO ORDER_ITEM (ID, ORDER_ID, PRODUCT_ID, QUANTITY)
VALUES (4120, 183, 22, 14);
INSERT INTO ORDER_ITEM (ID, ORDER_ID, PRODUCT_ID, QUANTITY)
VALUES (4121, 183, 29, 20);
INSERT INTO ORDER_ITEM (ID, ORDER_ID, PRODUCT_ID, QUANTITY)
VALUES (4122, 183, 21, 13);
INSERT INTO ORDER_ITEM (ID, ORDER_ID, PRODUCT_ID, QUANTITY)
VALUES (4123, 183, 36, 3);
INSERT INTO ORDER_ITEM (ID, ORDER_ID, PRODUCT_ID, QUANTITY)
VALUES (4124, 183, 44, 12);
INSERT INTO ORDER_ITEM (ID, ORDER_ID, PRODUCT_ID, QUANTITY)
VALUES (4125, 183, 60, 0);
INSERT INTO ORDER_ITEM (ID, ORDER_ID, PRODUCT_ID, QUANTITY)
VALUES (4126, 183, 47, 5);
INSERT INTO ORDER_ITEM (ID, ORDER_ID, PRODUCT_ID, QUANTITY)
VALUES (4127, 183, 18, 17);
-- ### ORDER 174
INSERT INTO PAYMENT_DETAIL(ID, AMOUNT, PROVIDER, PROVIDER_PAYMENT_UUID)
VALUES (184, 3704.0, 'CRYPTO', '397423062');
INSERT INTO ORDERS (ID, CUST_ID, PAYMENT_ID, STATUS, AMOUNT, CREATED_ON, UPDATED_ON)
VALUES (184, 777, 184, 'DELIVERED', 3704.0, LOCALTIMESTAMP, LOCALTIMESTAMP);
INSERT INTO ORDER_ITEM (ID, ORDER_ID, PRODUCT_ID, QUANTITY)
VALUES (4128, 184, 30, 19);
INSERT INTO ORDER_ITEM (ID, ORDER_ID, PRODUCT_ID, QUANTITY)
VALUES (4129, 184, 13, 0);
INSERT INTO ORDER_ITEM (ID, ORDER_ID, PRODUCT_ID, QUANTITY)
VALUES (4130, 184, 32, 7);
INSERT INTO ORDER_ITEM (ID, ORDER_ID, PRODUCT_ID, QUANTITY)
VALUES (4131, 184, 33, 6);
INSERT INTO ORDER_ITEM (ID, ORDER_ID, PRODUCT_ID, QUANTITY)
VALUES (4132, 184, 21, 16);
INSERT INTO ORDER_ITEM (ID, ORDER_ID, PRODUCT_ID, QUANTITY)
VALUES (4133, 184, 52, 0);
INSERT INTO ORDER_ITEM (ID, ORDER_ID, PRODUCT_ID, QUANTITY)
VALUES (4134, 184, 31, 6);
INSERT INTO ORDER_ITEM (ID, ORDER_ID, PRODUCT_ID, QUANTITY)
VALUES (4135, 184, 34, 0);
INSERT INTO ORDER_ITEM (ID, ORDER_ID, PRODUCT_ID, QUANTITY)
VALUES (4136, 184, 35, 7);
INSERT INTO ORDER_ITEM (ID, ORDER_ID, PRODUCT_ID, QUANTITY)
VALUES (4137, 184, 42, 2);
INSERT INTO ORDER_ITEM (ID, ORDER_ID, PRODUCT_ID, QUANTITY)
VALUES (4138, 184, 28, 13);
INSERT INTO ORDER_ITEM (ID, ORDER_ID, PRODUCT_ID, QUANTITY)
VALUES (4139, 184, 20, 19);
INSERT INTO ORDER_ITEM (ID, ORDER_ID, PRODUCT_ID, QUANTITY)
VALUES (4140, 184, 24, 4);
INSERT INTO ORDER_ITEM (ID, ORDER_ID, PRODUCT_ID, QUANTITY)
VALUES (4141, 184, 48, 12);
INSERT INTO ORDER_ITEM (ID, ORDER_ID, PRODUCT_ID, QUANTITY)
VALUES (4142, 184, 23, 13);
INSERT INTO ORDER_ITEM (ID, ORDER_ID, PRODUCT_ID, QUANTITY)
VALUES (4143, 184, 56, 4);
INSERT INTO ORDER_ITEM (ID, ORDER_ID, PRODUCT_ID, QUANTITY)
VALUES (4144, 184, 46, 15);
INSERT INTO ORDER_ITEM (ID, ORDER_ID, PRODUCT_ID, QUANTITY)
VALUES (4145, 184, 58, 11);
INSERT INTO ORDER_ITEM (ID, ORDER_ID, PRODUCT_ID, QUANTITY)
VALUES (4146, 184, 54, 0);
INSERT INTO ORDER_ITEM (ID, ORDER_ID, PRODUCT_ID, QUANTITY)
VALUES (4147, 184, 40, 9);
INSERT INTO ORDER_ITEM (ID, ORDER_ID, PRODUCT_ID, QUANTITY)
VALUES (4148, 184, 49, 19);
INSERT INTO ORDER_ITEM (ID, ORDER_ID, PRODUCT_ID, QUANTITY)
VALUES (4149, 184, 43, 8);
INSERT INTO ORDER_ITEM (ID, ORDER_ID, PRODUCT_ID, QUANTITY)
VALUES (4150, 184, 44, 8);
INSERT INTO ORDER_ITEM (ID, ORDER_ID, PRODUCT_ID, QUANTITY)
VALUES (4151, 184, 37, 8);
INSERT INTO ORDER_ITEM (ID, ORDER_ID, PRODUCT_ID, QUANTITY)
VALUES (4152, 184, 19, 8);
INSERT INTO ORDER_ITEM (ID, ORDER_ID, PRODUCT_ID, QUANTITY)
VALUES (4153, 184, 22, 9);
INSERT INTO ORDER_ITEM (ID, ORDER_ID, PRODUCT_ID, QUANTITY)
VALUES (4154, 184, 26, 13);
INSERT INTO ORDER_ITEM (ID, ORDER_ID, PRODUCT_ID, QUANTITY)
VALUES (4155, 184, 47, 7);
INSERT INTO ORDER_ITEM (ID, ORDER_ID, PRODUCT_ID, QUANTITY)
VALUES (4156, 184, 53, 14);
INSERT INTO ORDER_ITEM (ID, ORDER_ID, PRODUCT_ID, QUANTITY)
VALUES (4157, 184, 38, 8);
INSERT INTO ORDER_ITEM (ID, ORDER_ID, PRODUCT_ID, QUANTITY)
VALUES (4158, 184, 36, 19);
INSERT INTO ORDER_ITEM (ID, ORDER_ID, PRODUCT_ID, QUANTITY)
VALUES (4159, 184, 11, 11);
INSERT INTO ORDER_ITEM (ID, ORDER_ID, PRODUCT_ID, QUANTITY)
VALUES (4160, 184, 59, 17);
INSERT INTO ORDER_ITEM (ID, ORDER_ID, PRODUCT_ID, QUANTITY)
VALUES (4161, 184, 18, 18);
INSERT INTO ORDER_ITEM (ID, ORDER_ID, PRODUCT_ID, QUANTITY)
VALUES (4162, 184, 39, 11);
INSERT INTO ORDER_ITEM (ID, ORDER_ID, PRODUCT_ID, QUANTITY)
VALUES (4163, 184, 50, 12);
INSERT INTO ORDER_ITEM (ID, ORDER_ID, PRODUCT_ID, QUANTITY)
VALUES (4164, 184, 51, 14);
INSERT INTO ORDER_ITEM (ID, ORDER_ID, PRODUCT_ID, QUANTITY)
VALUES (4165, 184, 12, 0);
INSERT INTO ORDER_ITEM (ID, ORDER_ID, PRODUCT_ID, QUANTITY)
VALUES (4166, 184, 27, 6);
INSERT INTO ORDER_ITEM (ID, ORDER_ID, PRODUCT_ID, QUANTITY)
VALUES (4167, 184, 29, 2);
INSERT INTO ORDER_ITEM (ID, ORDER_ID, PRODUCT_ID, QUANTITY)
VALUES (4168, 184, 16, 1);
INSERT INTO ORDER_ITEM (ID, ORDER_ID, PRODUCT_ID, QUANTITY)
VALUES (4169, 184, 15, 5);
INSERT INTO ORDER_ITEM (ID, ORDER_ID, PRODUCT_ID, QUANTITY)
VALUES (4170, 184, 60, 13);
INSERT INTO ORDER_ITEM (ID, ORDER_ID, PRODUCT_ID, QUANTITY)
VALUES (4171, 184, 17, 18);
INSERT INTO ORDER_ITEM (ID, ORDER_ID, PRODUCT_ID, QUANTITY)
VALUES (4172, 184, 25, 18);
INSERT INTO ORDER_ITEM (ID, ORDER_ID, PRODUCT_ID, QUANTITY)
VALUES (4173, 184, 14, 15);
INSERT INTO ORDER_ITEM (ID, ORDER_ID, PRODUCT_ID, QUANTITY)
VALUES (4174, 184, 41, 12);
INSERT INTO ORDER_ITEM (ID, ORDER_ID, PRODUCT_ID, QUANTITY)
VALUES (4175, 184, 55, 10);
-- ### ORDER 175
INSERT INTO PAYMENT_DETAIL(ID, AMOUNT, PROVIDER, PROVIDER_PAYMENT_UUID)
VALUES (185, 539.0, 'ICARD', '882542268');
INSERT INTO ORDERS (ID, CUST_ID, PAYMENT_ID, STATUS, AMOUNT, CREATED_ON, UPDATED_ON)
VALUES (185, 777, 185, 'DELIVERED', 539.0, LOCALTIMESTAMP, LOCALTIMESTAMP);
INSERT INTO ORDER_ITEM (ID, ORDER_ID, PRODUCT_ID, QUANTITY)
VALUES (4176, 185, 22, 1);
INSERT INTO ORDER_ITEM (ID, ORDER_ID, PRODUCT_ID, QUANTITY)
VALUES (4177, 185, 15, 1);
INSERT INTO ORDER_ITEM (ID, ORDER_ID, PRODUCT_ID, QUANTITY)
VALUES (4178, 185, 37, 3);
INSERT INTO ORDER_ITEM (ID, ORDER_ID, PRODUCT_ID, QUANTITY)
VALUES (4179, 185, 51, 15);
INSERT INTO ORDER_ITEM (ID, ORDER_ID, PRODUCT_ID, QUANTITY)
VALUES (4180, 185, 21, 4);
INSERT INTO ORDER_ITEM (ID, ORDER_ID, PRODUCT_ID, QUANTITY)
VALUES (4181, 185, 24, 8);
INSERT INTO ORDER_ITEM (ID, ORDER_ID, PRODUCT_ID, QUANTITY)
VALUES (4182, 185, 17, 16);
INSERT INTO ORDER_ITEM (ID, ORDER_ID, PRODUCT_ID, QUANTITY)
VALUES (4183, 185, 56, 6);
INSERT INTO ORDER_ITEM (ID, ORDER_ID, PRODUCT_ID, QUANTITY)
VALUES (4184, 185, 49, 18);
INSERT INTO ORDER_ITEM (ID, ORDER_ID, PRODUCT_ID, QUANTITY)
VALUES (4185, 185, 13, 1);
INSERT INTO ORDER_ITEM (ID, ORDER_ID, PRODUCT_ID, QUANTITY)
VALUES (4186, 185, 33, 16);
INSERT INTO ORDER_ITEM (ID, ORDER_ID, PRODUCT_ID, QUANTITY)
VALUES (4187, 185, 26, 18);
INSERT INTO ORDER_ITEM (ID, ORDER_ID, PRODUCT_ID, QUANTITY)
VALUES (4188, 185, 40, 15);
INSERT INTO ORDER_ITEM (ID, ORDER_ID, PRODUCT_ID, QUANTITY)
VALUES (4189, 185, 11, 12);
INSERT INTO ORDER_ITEM (ID, ORDER_ID, PRODUCT_ID, QUANTITY)
VALUES (4190, 185, 19, 14);
INSERT INTO ORDER_ITEM (ID, ORDER_ID, PRODUCT_ID, QUANTITY)
VALUES (4191, 185, 41, 6);
INSERT INTO ORDER_ITEM (ID, ORDER_ID, PRODUCT_ID, QUANTITY)
VALUES (4192, 185, 53, 20);
INSERT INTO ORDER_ITEM (ID, ORDER_ID, PRODUCT_ID, QUANTITY)
VALUES (4193, 185, 12, 15);
INSERT INTO ORDER_ITEM (ID, ORDER_ID, PRODUCT_ID, QUANTITY)
VALUES (4194, 185, 34, 19);
INSERT INTO ORDER_ITEM (ID, ORDER_ID, PRODUCT_ID, QUANTITY)
VALUES (4195, 185, 43, 14);
INSERT INTO ORDER_ITEM (ID, ORDER_ID, PRODUCT_ID, QUANTITY)
VALUES (4196, 185, 20, 13);
INSERT INTO ORDER_ITEM (ID, ORDER_ID, PRODUCT_ID, QUANTITY)
VALUES (4197, 185, 57, 14);
INSERT INTO ORDER_ITEM (ID, ORDER_ID, PRODUCT_ID, QUANTITY)
VALUES (4198, 185, 60, 8);
INSERT INTO ORDER_ITEM (ID, ORDER_ID, PRODUCT_ID, QUANTITY)
VALUES (4199, 185, 44, 14);
INSERT INTO ORDER_ITEM (ID, ORDER_ID, PRODUCT_ID, QUANTITY)
VALUES (4200, 185, 59, 16);
INSERT INTO ORDER_ITEM (ID, ORDER_ID, PRODUCT_ID, QUANTITY)
VALUES (4201, 185, 55, 5);
INSERT INTO ORDER_ITEM (ID, ORDER_ID, PRODUCT_ID, QUANTITY)
VALUES (4202, 185, 35, 5);
INSERT INTO ORDER_ITEM (ID, ORDER_ID, PRODUCT_ID, QUANTITY)
VALUES (4203, 185, 58, 1);
INSERT INTO ORDER_ITEM (ID, ORDER_ID, PRODUCT_ID, QUANTITY)
VALUES (4204, 185, 47, 7);
INSERT INTO ORDER_ITEM (ID, ORDER_ID, PRODUCT_ID, QUANTITY)
VALUES (4205, 185, 27, 8);
INSERT INTO ORDER_ITEM (ID, ORDER_ID, PRODUCT_ID, QUANTITY)
VALUES (4206, 185, 50, 4);
INSERT INTO ORDER_ITEM (ID, ORDER_ID, PRODUCT_ID, QUANTITY)
VALUES (4207, 185, 23, 19);
INSERT INTO ORDER_ITEM (ID, ORDER_ID, PRODUCT_ID, QUANTITY)
VALUES (4208, 185, 48, 15);
INSERT INTO ORDER_ITEM (ID, ORDER_ID, PRODUCT_ID, QUANTITY)
VALUES (4209, 185, 42, 13);
INSERT INTO ORDER_ITEM (ID, ORDER_ID, PRODUCT_ID, QUANTITY)
VALUES (4210, 185, 18, 13);
INSERT INTO ORDER_ITEM (ID, ORDER_ID, PRODUCT_ID, QUANTITY)
VALUES (4211, 185, 16, 4);
INSERT INTO ORDER_ITEM (ID, ORDER_ID, PRODUCT_ID, QUANTITY)
VALUES (4212, 185, 52, 15);
INSERT INTO ORDER_ITEM (ID, ORDER_ID, PRODUCT_ID, QUANTITY)
VALUES (4213, 185, 46, 3);
INSERT INTO ORDER_ITEM (ID, ORDER_ID, PRODUCT_ID, QUANTITY)
VALUES (4214, 185, 30, 13);
INSERT INTO ORDER_ITEM (ID, ORDER_ID, PRODUCT_ID, QUANTITY)
VALUES (4215, 185, 28, 20);
INSERT INTO ORDER_ITEM (ID, ORDER_ID, PRODUCT_ID, QUANTITY)
VALUES (4216, 185, 45, 2);
INSERT INTO ORDER_ITEM (ID, ORDER_ID, PRODUCT_ID, QUANTITY)
VALUES (4217, 185, 36, 2);
INSERT INTO ORDER_ITEM (ID, ORDER_ID, PRODUCT_ID, QUANTITY)
VALUES (4218, 185, 38, 16);
INSERT INTO ORDER_ITEM (ID, ORDER_ID, PRODUCT_ID, QUANTITY)
VALUES (4219, 185, 39, 3);
INSERT INTO ORDER_ITEM (ID, ORDER_ID, PRODUCT_ID, QUANTITY)
VALUES (4220, 185, 32, 19);
-- ### ORDER 176
INSERT INTO PAYMENT_DETAIL(ID, AMOUNT, PROVIDER, PROVIDER_PAYMENT_UUID)
VALUES (186, 1271.0, 'VISA', '28141161');
INSERT INTO ORDERS (ID, CUST_ID, PAYMENT_ID, STATUS, AMOUNT, CREATED_ON, UPDATED_ON)
VALUES (186, 777, 186, 'DELIVERED', 1271.0, LOCALTIMESTAMP, LOCALTIMESTAMP);
INSERT INTO ORDER_ITEM (ID, ORDER_ID, PRODUCT_ID, QUANTITY)
VALUES (4221, 186, 34, 9);
INSERT INTO ORDER_ITEM (ID, ORDER_ID, PRODUCT_ID, QUANTITY)
VALUES (4222, 186, 49, 15);
INSERT INTO ORDER_ITEM (ID, ORDER_ID, PRODUCT_ID, QUANTITY)
VALUES (4223, 186, 24, 17);
INSERT INTO ORDER_ITEM (ID, ORDER_ID, PRODUCT_ID, QUANTITY)
VALUES (4224, 186, 15, 0);
INSERT INTO ORDER_ITEM (ID, ORDER_ID, PRODUCT_ID, QUANTITY)
VALUES (4225, 186, 47, 6);
INSERT INTO ORDER_ITEM (ID, ORDER_ID, PRODUCT_ID, QUANTITY)
VALUES (4226, 186, 38, 9);
INSERT INTO ORDER_ITEM (ID, ORDER_ID, PRODUCT_ID, QUANTITY)
VALUES (4227, 186, 48, 19);
INSERT INTO ORDER_ITEM (ID, ORDER_ID, PRODUCT_ID, QUANTITY)
VALUES (4228, 186, 26, 4);
INSERT INTO ORDER_ITEM (ID, ORDER_ID, PRODUCT_ID, QUANTITY)
VALUES (4229, 186, 14, 7);
INSERT INTO ORDER_ITEM (ID, ORDER_ID, PRODUCT_ID, QUANTITY)
VALUES (4230, 186, 18, 12);
INSERT INTO ORDER_ITEM (ID, ORDER_ID, PRODUCT_ID, QUANTITY)
VALUES (4231, 186, 27, 6);
INSERT INTO ORDER_ITEM (ID, ORDER_ID, PRODUCT_ID, QUANTITY)
VALUES (4232, 186, 13, 5);
INSERT INTO ORDER_ITEM (ID, ORDER_ID, PRODUCT_ID, QUANTITY)
VALUES (4233, 186, 42, 1);
INSERT INTO ORDER_ITEM (ID, ORDER_ID, PRODUCT_ID, QUANTITY)
VALUES (4234, 186, 60, 14);
INSERT INTO ORDER_ITEM (ID, ORDER_ID, PRODUCT_ID, QUANTITY)
VALUES (4235, 186, 51, 1);
INSERT INTO ORDER_ITEM (ID, ORDER_ID, PRODUCT_ID, QUANTITY)
VALUES (4236, 186, 23, 13);
INSERT INTO ORDER_ITEM (ID, ORDER_ID, PRODUCT_ID, QUANTITY)
VALUES (4237, 186, 40, 4);
INSERT INTO ORDER_ITEM (ID, ORDER_ID, PRODUCT_ID, QUANTITY)
VALUES (4238, 186, 46, 11);
INSERT INTO ORDER_ITEM (ID, ORDER_ID, PRODUCT_ID, QUANTITY)
VALUES (4239, 186, 36, 6);
INSERT INTO ORDER_ITEM (ID, ORDER_ID, PRODUCT_ID, QUANTITY)
VALUES (4240, 186, 58, 16);
INSERT INTO ORDER_ITEM (ID, ORDER_ID, PRODUCT_ID, QUANTITY)
VALUES (4241, 186, 44, 6);
INSERT INTO ORDER_ITEM (ID, ORDER_ID, PRODUCT_ID, QUANTITY)
VALUES (4242, 186, 30, 2);
INSERT INTO ORDER_ITEM (ID, ORDER_ID, PRODUCT_ID, QUANTITY)
VALUES (4243, 186, 39, 1);
INSERT INTO ORDER_ITEM (ID, ORDER_ID, PRODUCT_ID, QUANTITY)
VALUES (4244, 186, 57, 6);
INSERT INTO ORDER_ITEM (ID, ORDER_ID, PRODUCT_ID, QUANTITY)
VALUES (4245, 186, 11, 7);
INSERT INTO ORDER_ITEM (ID, ORDER_ID, PRODUCT_ID, QUANTITY)
VALUES (4246, 186, 52, 19);
-- ### ORDER 177
INSERT INTO PAYMENT_DETAIL(ID, AMOUNT, PROVIDER, PROVIDER_PAYMENT_UUID)
VALUES (187, 4463.0, 'ICARD', '691015762');
INSERT INTO ORDERS (ID, CUST_ID, PAYMENT_ID, STATUS, AMOUNT, CREATED_ON, UPDATED_ON)
VALUES (187, 777, 187, 'DELIVERED', 4463.0, LOCALTIMESTAMP, LOCALTIMESTAMP);
INSERT INTO ORDER_ITEM (ID, ORDER_ID, PRODUCT_ID, QUANTITY)
VALUES (4247, 187, 33, 12);
INSERT INTO ORDER_ITEM (ID, ORDER_ID, PRODUCT_ID, QUANTITY)
VALUES (4248, 187, 44, 4);
INSERT INTO ORDER_ITEM (ID, ORDER_ID, PRODUCT_ID, QUANTITY)
VALUES (4249, 187, 20, 1);
INSERT INTO ORDER_ITEM (ID, ORDER_ID, PRODUCT_ID, QUANTITY)
VALUES (4250, 187, 42, 11);
INSERT INTO ORDER_ITEM (ID, ORDER_ID, PRODUCT_ID, QUANTITY)
VALUES (4251, 187, 47, 12);
INSERT INTO ORDER_ITEM (ID, ORDER_ID, PRODUCT_ID, QUANTITY)
VALUES (4252, 187, 34, 3);
INSERT INTO ORDER_ITEM (ID, ORDER_ID, PRODUCT_ID, QUANTITY)
VALUES (4253, 187, 11, 16);
INSERT INTO ORDER_ITEM (ID, ORDER_ID, PRODUCT_ID, QUANTITY)
VALUES (4254, 187, 13, 6);
INSERT INTO ORDER_ITEM (ID, ORDER_ID, PRODUCT_ID, QUANTITY)
VALUES (4255, 187, 16, 5);
INSERT INTO ORDER_ITEM (ID, ORDER_ID, PRODUCT_ID, QUANTITY)
VALUES (4256, 187, 55, 20);
INSERT INTO ORDER_ITEM (ID, ORDER_ID, PRODUCT_ID, QUANTITY)
VALUES (4257, 187, 58, 2);
INSERT INTO ORDER_ITEM (ID, ORDER_ID, PRODUCT_ID, QUANTITY)
VALUES (4258, 187, 22, 1);
INSERT INTO ORDER_ITEM (ID, ORDER_ID, PRODUCT_ID, QUANTITY)
VALUES (4259, 187, 56, 4);
INSERT INTO ORDER_ITEM (ID, ORDER_ID, PRODUCT_ID, QUANTITY)
VALUES (4260, 187, 50, 20);
INSERT INTO ORDER_ITEM (ID, ORDER_ID, PRODUCT_ID, QUANTITY)
VALUES (4261, 187, 12, 17);
INSERT INTO ORDER_ITEM (ID, ORDER_ID, PRODUCT_ID, QUANTITY)
VALUES (4262, 187, 60, 10);
INSERT INTO ORDER_ITEM (ID, ORDER_ID, PRODUCT_ID, QUANTITY)
VALUES (4263, 187, 14, 9);
INSERT INTO ORDER_ITEM (ID, ORDER_ID, PRODUCT_ID, QUANTITY)
VALUES (4264, 187, 39, 1);
INSERT INTO ORDER_ITEM (ID, ORDER_ID, PRODUCT_ID, QUANTITY)
VALUES (4265, 187, 32, 1);
INSERT INTO ORDER_ITEM (ID, ORDER_ID, PRODUCT_ID, QUANTITY)
VALUES (4266, 187, 25, 10);
INSERT INTO ORDER_ITEM (ID, ORDER_ID, PRODUCT_ID, QUANTITY)
VALUES (4267, 187, 28, 11);
INSERT INTO ORDER_ITEM (ID, ORDER_ID, PRODUCT_ID, QUANTITY)
VALUES (4268, 187, 36, 10);
INSERT INTO ORDER_ITEM (ID, ORDER_ID, PRODUCT_ID, QUANTITY)
VALUES (4269, 187, 41, 18);
INSERT INTO ORDER_ITEM (ID, ORDER_ID, PRODUCT_ID, QUANTITY)
VALUES (4270, 187, 18, 2);
INSERT INTO ORDER_ITEM (ID, ORDER_ID, PRODUCT_ID, QUANTITY)
VALUES (4271, 187, 26, 2);
INSERT INTO ORDER_ITEM (ID, ORDER_ID, PRODUCT_ID, QUANTITY)
VALUES (4272, 187, 29, 13);
INSERT INTO ORDER_ITEM (ID, ORDER_ID, PRODUCT_ID, QUANTITY)
VALUES (4273, 187, 51, 0);
INSERT INTO ORDER_ITEM (ID, ORDER_ID, PRODUCT_ID, QUANTITY)
VALUES (4274, 187, 46, 20);
INSERT INTO ORDER_ITEM (ID, ORDER_ID, PRODUCT_ID, QUANTITY)
VALUES (4275, 187, 15, 4);
INSERT INTO ORDER_ITEM (ID, ORDER_ID, PRODUCT_ID, QUANTITY)
VALUES (4276, 187, 37, 13);
INSERT INTO ORDER_ITEM (ID, ORDER_ID, PRODUCT_ID, QUANTITY)
VALUES (4277, 187, 38, 4);
INSERT INTO ORDER_ITEM (ID, ORDER_ID, PRODUCT_ID, QUANTITY)
VALUES (4278, 187, 57, 14);
INSERT INTO ORDER_ITEM (ID, ORDER_ID, PRODUCT_ID, QUANTITY)
VALUES (4279, 187, 31, 2);
INSERT INTO ORDER_ITEM (ID, ORDER_ID, PRODUCT_ID, QUANTITY)
VALUES (4280, 187, 21, 17);
INSERT INTO ORDER_ITEM (ID, ORDER_ID, PRODUCT_ID, QUANTITY)
VALUES (4281, 187, 27, 3);
INSERT INTO ORDER_ITEM (ID, ORDER_ID, PRODUCT_ID, QUANTITY)
VALUES (4282, 187, 54, 12);
-- ### ORDER 178
INSERT INTO PAYMENT_DETAIL(ID, AMOUNT, PROVIDER, PROVIDER_PAYMENT_UUID)
VALUES (188, 3856.0, 'CRYPTO', '871696870');
INSERT INTO ORDERS (ID, CUST_ID, PAYMENT_ID, STATUS, AMOUNT, CREATED_ON, UPDATED_ON)
VALUES (188, 777, 188, 'DELIVERED', 3856.0, LOCALTIMESTAMP, LOCALTIMESTAMP);
INSERT INTO ORDER_ITEM (ID, ORDER_ID, PRODUCT_ID, QUANTITY)
VALUES (4283, 188, 54, 4);
INSERT INTO ORDER_ITEM (ID, ORDER_ID, PRODUCT_ID, QUANTITY)
VALUES (4284, 188, 19, 0);
INSERT INTO ORDER_ITEM (ID, ORDER_ID, PRODUCT_ID, QUANTITY)
VALUES (4285, 188, 49, 11);
INSERT INTO ORDER_ITEM (ID, ORDER_ID, PRODUCT_ID, QUANTITY)
VALUES (4286, 188, 21, 14);
INSERT INTO ORDER_ITEM (ID, ORDER_ID, PRODUCT_ID, QUANTITY)
VALUES (4287, 188, 22, 14);
INSERT INTO ORDER_ITEM (ID, ORDER_ID, PRODUCT_ID, QUANTITY)
VALUES (4288, 188, 18, 2);
INSERT INTO ORDER_ITEM (ID, ORDER_ID, PRODUCT_ID, QUANTITY)
VALUES (4289, 188, 16, 15);
INSERT INTO ORDER_ITEM (ID, ORDER_ID, PRODUCT_ID, QUANTITY)
VALUES (4290, 188, 56, 15);
INSERT INTO ORDER_ITEM (ID, ORDER_ID, PRODUCT_ID, QUANTITY)
VALUES (4291, 188, 44, 4);
INSERT INTO ORDER_ITEM (ID, ORDER_ID, PRODUCT_ID, QUANTITY)
VALUES (4292, 188, 51, 19);
INSERT INTO ORDER_ITEM (ID, ORDER_ID, PRODUCT_ID, QUANTITY)
VALUES (4293, 188, 32, 15);
INSERT INTO ORDER_ITEM (ID, ORDER_ID, PRODUCT_ID, QUANTITY)
VALUES (4294, 188, 59, 18);
INSERT INTO ORDER_ITEM (ID, ORDER_ID, PRODUCT_ID, QUANTITY)
VALUES (4295, 188, 53, 10);
INSERT INTO ORDER_ITEM (ID, ORDER_ID, PRODUCT_ID, QUANTITY)
VALUES (4296, 188, 57, 11);
INSERT INTO ORDER_ITEM (ID, ORDER_ID, PRODUCT_ID, QUANTITY)
VALUES (4297, 188, 17, 9);
INSERT INTO ORDER_ITEM (ID, ORDER_ID, PRODUCT_ID, QUANTITY)
VALUES (4298, 188, 43, 10);
INSERT INTO ORDER_ITEM (ID, ORDER_ID, PRODUCT_ID, QUANTITY)
VALUES (4299, 188, 55, 11);
INSERT INTO ORDER_ITEM (ID, ORDER_ID, PRODUCT_ID, QUANTITY)
VALUES (4300, 188, 31, 1);
INSERT INTO ORDER_ITEM (ID, ORDER_ID, PRODUCT_ID, QUANTITY)
VALUES (4301, 188, 12, 3);
INSERT INTO ORDER_ITEM (ID, ORDER_ID, PRODUCT_ID, QUANTITY)
VALUES (4302, 188, 52, 12);
INSERT INTO ORDER_ITEM (ID, ORDER_ID, PRODUCT_ID, QUANTITY)
VALUES (4303, 188, 25, 8);
INSERT INTO ORDER_ITEM (ID, ORDER_ID, PRODUCT_ID, QUANTITY)
VALUES (4304, 188, 58, 11);
INSERT INTO ORDER_ITEM (ID, ORDER_ID, PRODUCT_ID, QUANTITY)
VALUES (4305, 188, 27, 20);
INSERT INTO ORDER_ITEM (ID, ORDER_ID, PRODUCT_ID, QUANTITY)
VALUES (4306, 188, 34, 11);
INSERT INTO ORDER_ITEM (ID, ORDER_ID, PRODUCT_ID, QUANTITY)
VALUES (4307, 188, 42, 13);
INSERT INTO ORDER_ITEM (ID, ORDER_ID, PRODUCT_ID, QUANTITY)
VALUES (4308, 188, 13, 9);
INSERT INTO ORDER_ITEM (ID, ORDER_ID, PRODUCT_ID, QUANTITY)
VALUES (4309, 188, 15, 5);
INSERT INTO ORDER_ITEM (ID, ORDER_ID, PRODUCT_ID, QUANTITY)
VALUES (4310, 188, 45, 19);
INSERT INTO ORDER_ITEM (ID, ORDER_ID, PRODUCT_ID, QUANTITY)
VALUES (4311, 188, 47, 8);
INSERT INTO ORDER_ITEM (ID, ORDER_ID, PRODUCT_ID, QUANTITY)
VALUES (4312, 188, 30, 0);
INSERT INTO ORDER_ITEM (ID, ORDER_ID, PRODUCT_ID, QUANTITY)
VALUES (4313, 188, 37, 3);
INSERT INTO ORDER_ITEM (ID, ORDER_ID, PRODUCT_ID, QUANTITY)
VALUES (4314, 188, 11, 5);
INSERT INTO ORDER_ITEM (ID, ORDER_ID, PRODUCT_ID, QUANTITY)
VALUES (4315, 188, 36, 0);
INSERT INTO ORDER_ITEM (ID, ORDER_ID, PRODUCT_ID, QUANTITY)
VALUES (4316, 188, 14, 12);
INSERT INTO ORDER_ITEM (ID, ORDER_ID, PRODUCT_ID, QUANTITY)
VALUES (4317, 188, 28, 20);
INSERT INTO ORDER_ITEM (ID, ORDER_ID, PRODUCT_ID, QUANTITY)
VALUES (4318, 188, 46, 19);
INSERT INTO ORDER_ITEM (ID, ORDER_ID, PRODUCT_ID, QUANTITY)
VALUES (4319, 188, 35, 19);
INSERT INTO ORDER_ITEM (ID, ORDER_ID, PRODUCT_ID, QUANTITY)
VALUES (4320, 188, 38, 4);
INSERT INTO ORDER_ITEM (ID, ORDER_ID, PRODUCT_ID, QUANTITY)
VALUES (4321, 188, 40, 15);
INSERT INTO ORDER_ITEM (ID, ORDER_ID, PRODUCT_ID, QUANTITY)
VALUES (4322, 188, 20, 6);
INSERT INTO ORDER_ITEM (ID, ORDER_ID, PRODUCT_ID, QUANTITY)
VALUES (4323, 188, 33, 18);
-- ### ORDER 179
INSERT INTO PAYMENT_DETAIL(ID, AMOUNT, PROVIDER, PROVIDER_PAYMENT_UUID)
VALUES (189, 3468.0, 'MASTERCARD', '678899983');
INSERT INTO ORDERS (ID, CUST_ID, PAYMENT_ID, STATUS, AMOUNT, CREATED_ON, UPDATED_ON)
VALUES (189, 777, 189, 'DELIVERED', 3468.0, LOCALTIMESTAMP, LOCALTIMESTAMP);
INSERT INTO ORDER_ITEM (ID, ORDER_ID, PRODUCT_ID, QUANTITY)
VALUES (4324, 189, 49, 4);
INSERT INTO ORDER_ITEM (ID, ORDER_ID, PRODUCT_ID, QUANTITY)
VALUES (4325, 189, 23, 5);
INSERT INTO ORDER_ITEM (ID, ORDER_ID, PRODUCT_ID, QUANTITY)
VALUES (4326, 189, 35, 12);
INSERT INTO ORDER_ITEM (ID, ORDER_ID, PRODUCT_ID, QUANTITY)
VALUES (4327, 189, 26, 9);
INSERT INTO ORDER_ITEM (ID, ORDER_ID, PRODUCT_ID, QUANTITY)
VALUES (4328, 189, 11, 1);
INSERT INTO ORDER_ITEM (ID, ORDER_ID, PRODUCT_ID, QUANTITY)
VALUES (4329, 189, 21, 13);
INSERT INTO ORDER_ITEM (ID, ORDER_ID, PRODUCT_ID, QUANTITY)
VALUES (4330, 189, 37, 14);
INSERT INTO ORDER_ITEM (ID, ORDER_ID, PRODUCT_ID, QUANTITY)
VALUES (4331, 189, 38, 13);
INSERT INTO ORDER_ITEM (ID, ORDER_ID, PRODUCT_ID, QUANTITY)
VALUES (4332, 189, 20, 1);
INSERT INTO ORDER_ITEM (ID, ORDER_ID, PRODUCT_ID, QUANTITY)
VALUES (4333, 189, 14, 15);
INSERT INTO ORDER_ITEM (ID, ORDER_ID, PRODUCT_ID, QUANTITY)
VALUES (4334, 189, 52, 9);
INSERT INTO ORDER_ITEM (ID, ORDER_ID, PRODUCT_ID, QUANTITY)
VALUES (4335, 189, 48, 5);
INSERT INTO ORDER_ITEM (ID, ORDER_ID, PRODUCT_ID, QUANTITY)
VALUES (4336, 189, 58, 5);
INSERT INTO ORDER_ITEM (ID, ORDER_ID, PRODUCT_ID, QUANTITY)
VALUES (4337, 189, 53, 10);
INSERT INTO ORDER_ITEM (ID, ORDER_ID, PRODUCT_ID, QUANTITY)
VALUES (4338, 189, 44, 6);
INSERT INTO ORDER_ITEM (ID, ORDER_ID, PRODUCT_ID, QUANTITY)
VALUES (4339, 189, 60, 6);
INSERT INTO ORDER_ITEM (ID, ORDER_ID, PRODUCT_ID, QUANTITY)
VALUES (4340, 189, 17, 7);
INSERT INTO ORDER_ITEM (ID, ORDER_ID, PRODUCT_ID, QUANTITY)
VALUES (4341, 189, 18, 8);
INSERT INTO ORDER_ITEM (ID, ORDER_ID, PRODUCT_ID, QUANTITY)
VALUES (4342, 189, 45, 20);
INSERT INTO ORDER_ITEM (ID, ORDER_ID, PRODUCT_ID, QUANTITY)
VALUES (4343, 189, 16, 12);
INSERT INTO ORDER_ITEM (ID, ORDER_ID, PRODUCT_ID, QUANTITY)
VALUES (4344, 189, 22, 0);
INSERT INTO ORDER_ITEM (ID, ORDER_ID, PRODUCT_ID, QUANTITY)
VALUES (4345, 189, 19, 2);
INSERT INTO ORDER_ITEM (ID, ORDER_ID, PRODUCT_ID, QUANTITY)
VALUES (4346, 189, 42, 14);
INSERT INTO ORDER_ITEM (ID, ORDER_ID, PRODUCT_ID, QUANTITY)
VALUES (4347, 189, 29, 15);
INSERT INTO ORDER_ITEM (ID, ORDER_ID, PRODUCT_ID, QUANTITY)
VALUES (4348, 189, 25, 18);
INSERT INTO ORDER_ITEM (ID, ORDER_ID, PRODUCT_ID, QUANTITY)
VALUES (4349, 189, 30, 10);
INSERT INTO ORDER_ITEM (ID, ORDER_ID, PRODUCT_ID, QUANTITY)
VALUES (4350, 189, 31, 20);
INSERT INTO ORDER_ITEM (ID, ORDER_ID, PRODUCT_ID, QUANTITY)
VALUES (4351, 189, 34, 19);
INSERT INTO ORDER_ITEM (ID, ORDER_ID, PRODUCT_ID, QUANTITY)
VALUES (4352, 189, 12, 18);
INSERT INTO ORDER_ITEM (ID, ORDER_ID, PRODUCT_ID, QUANTITY)
VALUES (4353, 189, 32, 17);
INSERT INTO ORDER_ITEM (ID, ORDER_ID, PRODUCT_ID, QUANTITY)
VALUES (4354, 189, 54, 12);
INSERT INTO ORDER_ITEM (ID, ORDER_ID, PRODUCT_ID, QUANTITY)
VALUES (4355, 189, 57, 10);
INSERT INTO ORDER_ITEM (ID, ORDER_ID, PRODUCT_ID, QUANTITY)
VALUES (4356, 189, 33, 15);
INSERT INTO ORDER_ITEM (ID, ORDER_ID, PRODUCT_ID, QUANTITY)
VALUES (4357, 189, 24, 3);
INSERT INTO ORDER_ITEM (ID, ORDER_ID, PRODUCT_ID, QUANTITY)
VALUES (4358, 189, 56, 18);
INSERT INTO ORDER_ITEM (ID, ORDER_ID, PRODUCT_ID, QUANTITY)
VALUES (4359, 189, 43, 11);
INSERT INTO ORDER_ITEM (ID, ORDER_ID, PRODUCT_ID, QUANTITY)
VALUES (4360, 189, 51, 0);
INSERT INTO ORDER_ITEM (ID, ORDER_ID, PRODUCT_ID, QUANTITY)
VALUES (4361, 189, 40, 8);
INSERT INTO ORDER_ITEM (ID, ORDER_ID, PRODUCT_ID, QUANTITY)
VALUES (4362, 189, 15, 16);
INSERT INTO ORDER_ITEM (ID, ORDER_ID, PRODUCT_ID, QUANTITY)
VALUES (4363, 189, 13, 20);
INSERT INTO ORDER_ITEM (ID, ORDER_ID, PRODUCT_ID, QUANTITY)
VALUES (4364, 189, 47, 20);
INSERT INTO ORDER_ITEM (ID, ORDER_ID, PRODUCT_ID, QUANTITY)
VALUES (4365, 189, 41, 13);
INSERT INTO ORDER_ITEM (ID, ORDER_ID, PRODUCT_ID, QUANTITY)
VALUES (4366, 189, 39, 3);
INSERT INTO ORDER_ITEM (ID, ORDER_ID, PRODUCT_ID, QUANTITY)
VALUES (4367, 189, 55, 6);
-- ### ORDER 180
INSERT INTO PAYMENT_DETAIL(ID, AMOUNT, PROVIDER, PROVIDER_PAYMENT_UUID)
VALUES (190, 2582.0, 'PAYPAL', '146938008');
INSERT INTO ORDERS (ID, CUST_ID, PAYMENT_ID, STATUS, AMOUNT, CREATED_ON, UPDATED_ON)
VALUES (190, 777, 190, 'DELIVERED', 2582.0, LOCALTIMESTAMP, LOCALTIMESTAMP);
INSERT INTO ORDER_ITEM (ID, ORDER_ID, PRODUCT_ID, QUANTITY)
VALUES (4368, 190, 17, 3);
INSERT INTO ORDER_ITEM (ID, ORDER_ID, PRODUCT_ID, QUANTITY)
VALUES (4369, 190, 43, 12);
INSERT INTO ORDER_ITEM (ID, ORDER_ID, PRODUCT_ID, QUANTITY)
VALUES (4370, 190, 60, 10);
INSERT INTO ORDER_ITEM (ID, ORDER_ID, PRODUCT_ID, QUANTITY)
VALUES (4371, 190, 13, 18);
INSERT INTO ORDER_ITEM (ID, ORDER_ID, PRODUCT_ID, QUANTITY)
VALUES (4372, 190, 23, 0);
INSERT INTO ORDER_ITEM (ID, ORDER_ID, PRODUCT_ID, QUANTITY)
VALUES (4373, 190, 30, 18);
INSERT INTO ORDER_ITEM (ID, ORDER_ID, PRODUCT_ID, QUANTITY)
VALUES (4374, 190, 57, 13);
INSERT INTO ORDER_ITEM (ID, ORDER_ID, PRODUCT_ID, QUANTITY)
VALUES (4375, 190, 38, 7);
INSERT INTO ORDER_ITEM (ID, ORDER_ID, PRODUCT_ID, QUANTITY)
VALUES (4376, 190, 41, 7);
INSERT INTO ORDER_ITEM (ID, ORDER_ID, PRODUCT_ID, QUANTITY)
VALUES (4377, 190, 28, 0);
INSERT INTO ORDER_ITEM (ID, ORDER_ID, PRODUCT_ID, QUANTITY)
VALUES (4378, 190, 26, 5);
INSERT INTO ORDER_ITEM (ID, ORDER_ID, PRODUCT_ID, QUANTITY)
VALUES (4379, 190, 36, 20);
INSERT INTO ORDER_ITEM (ID, ORDER_ID, PRODUCT_ID, QUANTITY)
VALUES (4380, 190, 53, 15);
INSERT INTO ORDER_ITEM (ID, ORDER_ID, PRODUCT_ID, QUANTITY)
VALUES (4381, 190, 45, 2);
INSERT INTO ORDER_ITEM (ID, ORDER_ID, PRODUCT_ID, QUANTITY)
VALUES (4382, 190, 37, 7);
INSERT INTO ORDER_ITEM (ID, ORDER_ID, PRODUCT_ID, QUANTITY)
VALUES (4383, 190, 59, 19);
INSERT INTO ORDER_ITEM (ID, ORDER_ID, PRODUCT_ID, QUANTITY)
VALUES (4384, 190, 18, 11);
INSERT INTO ORDER_ITEM (ID, ORDER_ID, PRODUCT_ID, QUANTITY)
VALUES (4385, 190, 15, 20);
INSERT INTO ORDER_ITEM (ID, ORDER_ID, PRODUCT_ID, QUANTITY)
VALUES (4386, 190, 46, 18);
INSERT INTO ORDER_ITEM (ID, ORDER_ID, PRODUCT_ID, QUANTITY)
VALUES (4387, 190, 47, 19);
INSERT INTO ORDER_ITEM (ID, ORDER_ID, PRODUCT_ID, QUANTITY)
VALUES (4388, 190, 54, 3);
INSERT INTO ORDER_ITEM (ID, ORDER_ID, PRODUCT_ID, QUANTITY)
VALUES (4389, 190, 48, 6);
INSERT INTO ORDER_ITEM (ID, ORDER_ID, PRODUCT_ID, QUANTITY)
VALUES (4390, 190, 16, 16);
INSERT INTO ORDER_ITEM (ID, ORDER_ID, PRODUCT_ID, QUANTITY)
VALUES (4391, 190, 25, 14);
INSERT INTO ORDER_ITEM (ID, ORDER_ID, PRODUCT_ID, QUANTITY)
VALUES (4392, 190, 52, 3);
INSERT INTO ORDER_ITEM (ID, ORDER_ID, PRODUCT_ID, QUANTITY)
VALUES (4393, 190, 33, 11);
INSERT INTO ORDER_ITEM (ID, ORDER_ID, PRODUCT_ID, QUANTITY)
VALUES (4394, 190, 40, 13);
INSERT INTO ORDER_ITEM (ID, ORDER_ID, PRODUCT_ID, QUANTITY)
VALUES (4395, 190, 34, 12);
INSERT INTO ORDER_ITEM (ID, ORDER_ID, PRODUCT_ID, QUANTITY)
VALUES (4396, 190, 29, 6);
INSERT INTO ORDER_ITEM (ID, ORDER_ID, PRODUCT_ID, QUANTITY)
VALUES (4397, 190, 11, 5);
INSERT INTO ORDER_ITEM (ID, ORDER_ID, PRODUCT_ID, QUANTITY)
VALUES (4398, 190, 51, 14);
-- ### ORDER 181
INSERT INTO PAYMENT_DETAIL(ID, AMOUNT, PROVIDER, PROVIDER_PAYMENT_UUID)
VALUES (191, 615.0, 'MASTERCARD', '296465276');
INSERT INTO ORDERS (ID, CUST_ID, PAYMENT_ID, STATUS, AMOUNT, CREATED_ON, UPDATED_ON)
VALUES (191, 777, 191, 'DELIVERED', 615.0, LOCALTIMESTAMP, LOCALTIMESTAMP);
-- ### ORDER 182
INSERT INTO PAYMENT_DETAIL(ID, AMOUNT, PROVIDER, PROVIDER_PAYMENT_UUID)
VALUES (192, 2797.0, 'ICARD', '1050983');
INSERT INTO ORDERS (ID, CUST_ID, PAYMENT_ID, STATUS, AMOUNT, CREATED_ON, UPDATED_ON)
VALUES (192, 777, 192, 'DELIVERED', 2797.0, LOCALTIMESTAMP, LOCALTIMESTAMP);
INSERT INTO ORDER_ITEM (ID, ORDER_ID, PRODUCT_ID, QUANTITY)
VALUES (4399, 192, 45, 9);
INSERT INTO ORDER_ITEM (ID, ORDER_ID, PRODUCT_ID, QUANTITY)
VALUES (4400, 192, 21, 17);
-- ### ORDER 183
INSERT INTO PAYMENT_DETAIL(ID, AMOUNT, PROVIDER, PROVIDER_PAYMENT_UUID)
VALUES (193, 883.0, 'PAYPAL', '218244336');
INSERT INTO ORDERS (ID, CUST_ID, PAYMENT_ID, STATUS, AMOUNT, CREATED_ON, UPDATED_ON)
VALUES (193, 777, 193, 'DELIVERED', 883.0, LOCALTIMESTAMP, LOCALTIMESTAMP);
INSERT INTO ORDER_ITEM (ID, ORDER_ID, PRODUCT_ID, QUANTITY)
VALUES (4401, 193, 33, 10);
INSERT INTO ORDER_ITEM (ID, ORDER_ID, PRODUCT_ID, QUANTITY)
VALUES (4402, 193, 40, 15);
INSERT INTO ORDER_ITEM (ID, ORDER_ID, PRODUCT_ID, QUANTITY)
VALUES (4403, 193, 49, 9);
INSERT INTO ORDER_ITEM (ID, ORDER_ID, PRODUCT_ID, QUANTITY)
VALUES (4404, 193, 28, 18);
INSERT INTO ORDER_ITEM (ID, ORDER_ID, PRODUCT_ID, QUANTITY)
VALUES (4405, 193, 55, 20);
INSERT INTO ORDER_ITEM (ID, ORDER_ID, PRODUCT_ID, QUANTITY)
VALUES (4406, 193, 56, 6);
INSERT INTO ORDER_ITEM (ID, ORDER_ID, PRODUCT_ID, QUANTITY)
VALUES (4407, 193, 17, 10);
INSERT INTO ORDER_ITEM (ID, ORDER_ID, PRODUCT_ID, QUANTITY)
VALUES (4408, 193, 38, 14);
INSERT INTO ORDER_ITEM (ID, ORDER_ID, PRODUCT_ID, QUANTITY)
VALUES (4409, 193, 43, 11);
INSERT INTO ORDER_ITEM (ID, ORDER_ID, PRODUCT_ID, QUANTITY)
VALUES (4410, 193, 30, 8);
INSERT INTO ORDER_ITEM (ID, ORDER_ID, PRODUCT_ID, QUANTITY)
VALUES (4411, 193, 45, 13);
INSERT INTO ORDER_ITEM (ID, ORDER_ID, PRODUCT_ID, QUANTITY)
VALUES (4412, 193, 47, 8);
INSERT INTO ORDER_ITEM (ID, ORDER_ID, PRODUCT_ID, QUANTITY)
VALUES (4413, 193, 32, 15);
INSERT INTO ORDER_ITEM (ID, ORDER_ID, PRODUCT_ID, QUANTITY)
VALUES (4414, 193, 27, 14);
INSERT INTO ORDER_ITEM (ID, ORDER_ID, PRODUCT_ID, QUANTITY)
VALUES (4415, 193, 58, 15);
INSERT INTO ORDER_ITEM (ID, ORDER_ID, PRODUCT_ID, QUANTITY)
VALUES (4416, 193, 16, 4);
INSERT INTO ORDER_ITEM (ID, ORDER_ID, PRODUCT_ID, QUANTITY)
VALUES (4417, 193, 21, 19);
INSERT INTO ORDER_ITEM (ID, ORDER_ID, PRODUCT_ID, QUANTITY)
VALUES (4418, 193, 13, 1);
INSERT INTO ORDER_ITEM (ID, ORDER_ID, PRODUCT_ID, QUANTITY)
VALUES (4419, 193, 18, 1);
INSERT INTO ORDER_ITEM (ID, ORDER_ID, PRODUCT_ID, QUANTITY)
VALUES (4420, 193, 11, 14);
INSERT INTO ORDER_ITEM (ID, ORDER_ID, PRODUCT_ID, QUANTITY)
VALUES (4421, 193, 54, 6);
INSERT INTO ORDER_ITEM (ID, ORDER_ID, PRODUCT_ID, QUANTITY)
VALUES (4422, 193, 26, 7);
INSERT INTO ORDER_ITEM (ID, ORDER_ID, PRODUCT_ID, QUANTITY)
VALUES (4423, 193, 25, 3);
INSERT INTO ORDER_ITEM (ID, ORDER_ID, PRODUCT_ID, QUANTITY)
VALUES (4424, 193, 42, 2);
INSERT INTO ORDER_ITEM (ID, ORDER_ID, PRODUCT_ID, QUANTITY)
VALUES (4425, 193, 41, 1);
INSERT INTO ORDER_ITEM (ID, ORDER_ID, PRODUCT_ID, QUANTITY)
VALUES (4426, 193, 59, 19);
INSERT INTO ORDER_ITEM (ID, ORDER_ID, PRODUCT_ID, QUANTITY)
VALUES (4427, 193, 44, 14);
INSERT INTO ORDER_ITEM (ID, ORDER_ID, PRODUCT_ID, QUANTITY)
VALUES (4428, 193, 15, 16);
INSERT INTO ORDER_ITEM (ID, ORDER_ID, PRODUCT_ID, QUANTITY)
VALUES (4429, 193, 52, 19);
INSERT INTO ORDER_ITEM (ID, ORDER_ID, PRODUCT_ID, QUANTITY)
VALUES (4430, 193, 39, 14);
INSERT INTO ORDER_ITEM (ID, ORDER_ID, PRODUCT_ID, QUANTITY)
VALUES (4431, 193, 51, 20);
INSERT INTO ORDER_ITEM (ID, ORDER_ID, PRODUCT_ID, QUANTITY)
VALUES (4432, 193, 50, 7);
INSERT INTO ORDER_ITEM (ID, ORDER_ID, PRODUCT_ID, QUANTITY)
VALUES (4433, 193, 35, 7);
INSERT INTO ORDER_ITEM (ID, ORDER_ID, PRODUCT_ID, QUANTITY)
VALUES (4434, 193, 53, 0);
INSERT INTO ORDER_ITEM (ID, ORDER_ID, PRODUCT_ID, QUANTITY)
VALUES (4435, 193, 57, 15);
INSERT INTO ORDER_ITEM (ID, ORDER_ID, PRODUCT_ID, QUANTITY)
VALUES (4436, 193, 23, 6);
INSERT INTO ORDER_ITEM (ID, ORDER_ID, PRODUCT_ID, QUANTITY)
VALUES (4437, 193, 19, 16);
INSERT INTO ORDER_ITEM (ID, ORDER_ID, PRODUCT_ID, QUANTITY)
VALUES (4438, 193, 34, 3);
INSERT INTO ORDER_ITEM (ID, ORDER_ID, PRODUCT_ID, QUANTITY)
VALUES (4439, 193, 22, 4);
INSERT INTO ORDER_ITEM (ID, ORDER_ID, PRODUCT_ID, QUANTITY)
VALUES (4440, 193, 12, 9);
INSERT INTO ORDER_ITEM (ID, ORDER_ID, PRODUCT_ID, QUANTITY)
VALUES (4441, 193, 37, 7);
-- ### ORDER 184
INSERT INTO PAYMENT_DETAIL(ID, AMOUNT, PROVIDER, PROVIDER_PAYMENT_UUID)
VALUES (194, 1663.0, 'VISA', '131013769');
INSERT INTO ORDERS (ID, CUST_ID, PAYMENT_ID, STATUS, AMOUNT, CREATED_ON, UPDATED_ON)
VALUES (194, 777, 194, 'DELIVERED', 1663.0, LOCALTIMESTAMP, LOCALTIMESTAMP);
INSERT INTO ORDER_ITEM (ID, ORDER_ID, PRODUCT_ID, QUANTITY)
VALUES (4442, 194, 51, 17);
INSERT INTO ORDER_ITEM (ID, ORDER_ID, PRODUCT_ID, QUANTITY)
VALUES (4443, 194, 45, 17);
INSERT INTO ORDER_ITEM (ID, ORDER_ID, PRODUCT_ID, QUANTITY)
VALUES (4444, 194, 28, 5);
INSERT INTO ORDER_ITEM (ID, ORDER_ID, PRODUCT_ID, QUANTITY)
VALUES (4445, 194, 32, 12);
INSERT INTO ORDER_ITEM (ID, ORDER_ID, PRODUCT_ID, QUANTITY)
VALUES (4446, 194, 38, 20);
INSERT INTO ORDER_ITEM (ID, ORDER_ID, PRODUCT_ID, QUANTITY)
VALUES (4447, 194, 40, 6);
INSERT INTO ORDER_ITEM (ID, ORDER_ID, PRODUCT_ID, QUANTITY)
VALUES (4448, 194, 37, 14);
INSERT INTO ORDER_ITEM (ID, ORDER_ID, PRODUCT_ID, QUANTITY)
VALUES (4449, 194, 48, 9);
INSERT INTO ORDER_ITEM (ID, ORDER_ID, PRODUCT_ID, QUANTITY)
VALUES (4450, 194, 60, 19);
INSERT INTO ORDER_ITEM (ID, ORDER_ID, PRODUCT_ID, QUANTITY)
VALUES (4451, 194, 39, 14);
INSERT INTO ORDER_ITEM (ID, ORDER_ID, PRODUCT_ID, QUANTITY)
VALUES (4452, 194, 12, 13);
INSERT INTO ORDER_ITEM (ID, ORDER_ID, PRODUCT_ID, QUANTITY)
VALUES (4453, 194, 44, 16);
INSERT INTO ORDER_ITEM (ID, ORDER_ID, PRODUCT_ID, QUANTITY)
VALUES (4454, 194, 13, 7);
INSERT INTO ORDER_ITEM (ID, ORDER_ID, PRODUCT_ID, QUANTITY)
VALUES (4455, 194, 29, 3);
-- ### ORDER 185
INSERT INTO PAYMENT_DETAIL(ID, AMOUNT, PROVIDER, PROVIDER_PAYMENT_UUID)
VALUES (195, 1190.0, 'MASTERCARD', '207287709');
INSERT INTO ORDERS (ID, CUST_ID, PAYMENT_ID, STATUS, AMOUNT, CREATED_ON, UPDATED_ON)
VALUES (195, 777, 195, 'DELIVERED', 1190.0, LOCALTIMESTAMP, LOCALTIMESTAMP);
INSERT INTO ORDER_ITEM (ID, ORDER_ID, PRODUCT_ID, QUANTITY)
VALUES (4456, 195, 53, 2);
INSERT INTO ORDER_ITEM (ID, ORDER_ID, PRODUCT_ID, QUANTITY)
VALUES (4457, 195, 32, 7);
INSERT INTO ORDER_ITEM (ID, ORDER_ID, PRODUCT_ID, QUANTITY)
VALUES (4458, 195, 51, 10);
INSERT INTO ORDER_ITEM (ID, ORDER_ID, PRODUCT_ID, QUANTITY)
VALUES (4459, 195, 18, 13);
INSERT INTO ORDER_ITEM (ID, ORDER_ID, PRODUCT_ID, QUANTITY)
VALUES (4460, 195, 27, 20);
INSERT INTO ORDER_ITEM (ID, ORDER_ID, PRODUCT_ID, QUANTITY)
VALUES (4461, 195, 29, 9);
INSERT INTO ORDER_ITEM (ID, ORDER_ID, PRODUCT_ID, QUANTITY)
VALUES (4462, 195, 34, 16);
INSERT INTO ORDER_ITEM (ID, ORDER_ID, PRODUCT_ID, QUANTITY)
VALUES (4463, 195, 54, 14);
INSERT INTO ORDER_ITEM (ID, ORDER_ID, PRODUCT_ID, QUANTITY)
VALUES (4464, 195, 14, 13);
INSERT INTO ORDER_ITEM (ID, ORDER_ID, PRODUCT_ID, QUANTITY)
VALUES (4465, 195, 37, 14);
INSERT INTO ORDER_ITEM (ID, ORDER_ID, PRODUCT_ID, QUANTITY)
VALUES (4466, 195, 24, 2);
INSERT INTO ORDER_ITEM (ID, ORDER_ID, PRODUCT_ID, QUANTITY)
VALUES (4467, 195, 19, 9);
INSERT INTO ORDER_ITEM (ID, ORDER_ID, PRODUCT_ID, QUANTITY)
VALUES (4468, 195, 57, 15);
INSERT INTO ORDER_ITEM (ID, ORDER_ID, PRODUCT_ID, QUANTITY)
VALUES (4469, 195, 36, 0);
INSERT INTO ORDER_ITEM (ID, ORDER_ID, PRODUCT_ID, QUANTITY)
VALUES (4470, 195, 26, 15);
INSERT INTO ORDER_ITEM (ID, ORDER_ID, PRODUCT_ID, QUANTITY)
VALUES (4471, 195, 38, 4);
INSERT INTO ORDER_ITEM (ID, ORDER_ID, PRODUCT_ID, QUANTITY)
VALUES (4472, 195, 11, 3);
INSERT INTO ORDER_ITEM (ID, ORDER_ID, PRODUCT_ID, QUANTITY)
VALUES (4473, 195, 43, 7);
INSERT INTO ORDER_ITEM (ID, ORDER_ID, PRODUCT_ID, QUANTITY)
VALUES (4474, 195, 50, 1);
-- ### ORDER 186
INSERT INTO PAYMENT_DETAIL(ID, AMOUNT, PROVIDER, PROVIDER_PAYMENT_UUID)
VALUES (196, 2588.0, 'ICARD', '360106715');
INSERT INTO ORDERS (ID, CUST_ID, PAYMENT_ID, STATUS, AMOUNT, CREATED_ON, UPDATED_ON)
VALUES (196, 777, 196, 'DELIVERED', 2588.0, LOCALTIMESTAMP, LOCALTIMESTAMP);
INSERT INTO ORDER_ITEM (ID, ORDER_ID, PRODUCT_ID, QUANTITY)
VALUES (4475, 196, 59, 8);
INSERT INTO ORDER_ITEM (ID, ORDER_ID, PRODUCT_ID, QUANTITY)
VALUES (4476, 196, 17, 4);
INSERT INTO ORDER_ITEM (ID, ORDER_ID, PRODUCT_ID, QUANTITY)
VALUES (4477, 196, 23, 12);
INSERT INTO ORDER_ITEM (ID, ORDER_ID, PRODUCT_ID, QUANTITY)
VALUES (4478, 196, 58, 10);
INSERT INTO ORDER_ITEM (ID, ORDER_ID, PRODUCT_ID, QUANTITY)
VALUES (4479, 196, 18, 20);
INSERT INTO ORDER_ITEM (ID, ORDER_ID, PRODUCT_ID, QUANTITY)
VALUES (4480, 196, 12, 14);
INSERT INTO ORDER_ITEM (ID, ORDER_ID, PRODUCT_ID, QUANTITY)
VALUES (4481, 196, 38, 2);
INSERT INTO ORDER_ITEM (ID, ORDER_ID, PRODUCT_ID, QUANTITY)
VALUES (4482, 196, 15, 9);
-- ### ORDER 187
INSERT INTO PAYMENT_DETAIL(ID, AMOUNT, PROVIDER, PROVIDER_PAYMENT_UUID)
VALUES (197, 2459.0, 'VISA', '605173872');
INSERT INTO ORDERS (ID, CUST_ID, PAYMENT_ID, STATUS, AMOUNT, CREATED_ON, UPDATED_ON)
VALUES (197, 777, 197, 'DELIVERED', 2459.0, LOCALTIMESTAMP, LOCALTIMESTAMP);
INSERT INTO ORDER_ITEM (ID, ORDER_ID, PRODUCT_ID, QUANTITY)
VALUES (4483, 197, 13, 12);
INSERT INTO ORDER_ITEM (ID, ORDER_ID, PRODUCT_ID, QUANTITY)
VALUES (4484, 197, 14, 10);
INSERT INTO ORDER_ITEM (ID, ORDER_ID, PRODUCT_ID, QUANTITY)
VALUES (4485, 197, 49, 13);
INSERT INTO ORDER_ITEM (ID, ORDER_ID, PRODUCT_ID, QUANTITY)
VALUES (4486, 197, 41, 11);
INSERT INTO ORDER_ITEM (ID, ORDER_ID, PRODUCT_ID, QUANTITY)
VALUES (4487, 197, 43, 6);
INSERT INTO ORDER_ITEM (ID, ORDER_ID, PRODUCT_ID, QUANTITY)
VALUES (4488, 197, 31, 15);
INSERT INTO ORDER_ITEM (ID, ORDER_ID, PRODUCT_ID, QUANTITY)
VALUES (4489, 197, 34, 2);
INSERT INTO ORDER_ITEM (ID, ORDER_ID, PRODUCT_ID, QUANTITY)
VALUES (4490, 197, 12, 16);
INSERT INTO ORDER_ITEM (ID, ORDER_ID, PRODUCT_ID, QUANTITY)
VALUES (4491, 197, 25, 8);
INSERT INTO ORDER_ITEM (ID, ORDER_ID, PRODUCT_ID, QUANTITY)
VALUES (4492, 197, 54, 12);
INSERT INTO ORDER_ITEM (ID, ORDER_ID, PRODUCT_ID, QUANTITY)
VALUES (4493, 197, 37, 11);
INSERT INTO ORDER_ITEM (ID, ORDER_ID, PRODUCT_ID, QUANTITY)
VALUES (4494, 197, 55, 2);
INSERT INTO ORDER_ITEM (ID, ORDER_ID, PRODUCT_ID, QUANTITY)
VALUES (4495, 197, 28, 19);
INSERT INTO ORDER_ITEM (ID, ORDER_ID, PRODUCT_ID, QUANTITY)
VALUES (4496, 197, 42, 14);
INSERT INTO ORDER_ITEM (ID, ORDER_ID, PRODUCT_ID, QUANTITY)
VALUES (4497, 197, 20, 19);
INSERT INTO ORDER_ITEM (ID, ORDER_ID, PRODUCT_ID, QUANTITY)
VALUES (4498, 197, 40, 5);
INSERT INTO ORDER_ITEM (ID, ORDER_ID, PRODUCT_ID, QUANTITY)
VALUES (4499, 197, 50, 5);
INSERT INTO ORDER_ITEM (ID, ORDER_ID, PRODUCT_ID, QUANTITY)
VALUES (4500, 197, 11, 7);
INSERT INTO ORDER_ITEM (ID, ORDER_ID, PRODUCT_ID, QUANTITY)
VALUES (4501, 197, 22, 11);
INSERT INTO ORDER_ITEM (ID, ORDER_ID, PRODUCT_ID, QUANTITY)
VALUES (4502, 197, 58, 19);
INSERT INTO ORDER_ITEM (ID, ORDER_ID, PRODUCT_ID, QUANTITY)
VALUES (4503, 197, 21, 4);
INSERT INTO ORDER_ITEM (ID, ORDER_ID, PRODUCT_ID, QUANTITY)
VALUES (4504, 197, 35, 19);
INSERT INTO ORDER_ITEM (ID, ORDER_ID, PRODUCT_ID, QUANTITY)
VALUES (4505, 197, 19, 18);
INSERT INTO ORDER_ITEM (ID, ORDER_ID, PRODUCT_ID, QUANTITY)
VALUES (4506, 197, 44, 16);
INSERT INTO ORDER_ITEM (ID, ORDER_ID, PRODUCT_ID, QUANTITY)
VALUES (4507, 197, 39, 20);
INSERT INTO ORDER_ITEM (ID, ORDER_ID, PRODUCT_ID, QUANTITY)
VALUES (4508, 197, 23, 8);
INSERT INTO ORDER_ITEM (ID, ORDER_ID, PRODUCT_ID, QUANTITY)
VALUES (4509, 197, 57, 3);
INSERT INTO ORDER_ITEM (ID, ORDER_ID, PRODUCT_ID, QUANTITY)
VALUES (4510, 197, 16, 2);
INSERT INTO ORDER_ITEM (ID, ORDER_ID, PRODUCT_ID, QUANTITY)
VALUES (4511, 197, 60, 12);
INSERT INTO ORDER_ITEM (ID, ORDER_ID, PRODUCT_ID, QUANTITY)
VALUES (4512, 197, 29, 7);
INSERT INTO ORDER_ITEM (ID, ORDER_ID, PRODUCT_ID, QUANTITY)
VALUES (4513, 197, 48, 7);
INSERT INTO ORDER_ITEM (ID, ORDER_ID, PRODUCT_ID, QUANTITY)
VALUES (4514, 197, 52, 4);
INSERT INTO ORDER_ITEM (ID, ORDER_ID, PRODUCT_ID, QUANTITY)
VALUES (4515, 197, 27, 9);
INSERT INTO ORDER_ITEM (ID, ORDER_ID, PRODUCT_ID, QUANTITY)
VALUES (4516, 197, 36, 6);
INSERT INTO ORDER_ITEM (ID, ORDER_ID, PRODUCT_ID, QUANTITY)
VALUES (4517, 197, 32, 2);
INSERT INTO ORDER_ITEM (ID, ORDER_ID, PRODUCT_ID, QUANTITY)
VALUES (4518, 197, 56, 7);
INSERT INTO ORDER_ITEM (ID, ORDER_ID, PRODUCT_ID, QUANTITY)
VALUES (4519, 197, 26, 0);
INSERT INTO ORDER_ITEM (ID, ORDER_ID, PRODUCT_ID, QUANTITY)
VALUES (4520, 197, 33, 15);
INSERT INTO ORDER_ITEM (ID, ORDER_ID, PRODUCT_ID, QUANTITY)
VALUES (4521, 197, 51, 7);
INSERT INTO ORDER_ITEM (ID, ORDER_ID, PRODUCT_ID, QUANTITY)
VALUES (4522, 197, 30, 6);
INSERT INTO ORDER_ITEM (ID, ORDER_ID, PRODUCT_ID, QUANTITY)
VALUES (4523, 197, 24, 2);
INSERT INTO ORDER_ITEM (ID, ORDER_ID, PRODUCT_ID, QUANTITY)
VALUES (4524, 197, 17, 15);
INSERT INTO ORDER_ITEM (ID, ORDER_ID, PRODUCT_ID, QUANTITY)
VALUES (4525, 197, 38, 15);
INSERT INTO ORDER_ITEM (ID, ORDER_ID, PRODUCT_ID, QUANTITY)
VALUES (4526, 197, 59, 16);
INSERT INTO ORDER_ITEM (ID, ORDER_ID, PRODUCT_ID, QUANTITY)
VALUES (4527, 197, 53, 4);
INSERT INTO ORDER_ITEM (ID, ORDER_ID, PRODUCT_ID, QUANTITY)
VALUES (4528, 197, 45, 20);
INSERT INTO ORDER_ITEM (ID, ORDER_ID, PRODUCT_ID, QUANTITY)
VALUES (4529, 197, 15, 3);
INSERT INTO ORDER_ITEM (ID, ORDER_ID, PRODUCT_ID, QUANTITY)
VALUES (4530, 197, 46, 4);
-- ### ORDER 188
INSERT INTO PAYMENT_DETAIL(ID, AMOUNT, PROVIDER, PROVIDER_PAYMENT_UUID)
VALUES (198, 589.0, 'ICARD', '300755340');
INSERT INTO ORDERS (ID, CUST_ID, PAYMENT_ID, STATUS, AMOUNT, CREATED_ON, UPDATED_ON)
VALUES (198, 777, 198, 'DELIVERED', 589.0, LOCALTIMESTAMP, LOCALTIMESTAMP);
INSERT INTO ORDER_ITEM (ID, ORDER_ID, PRODUCT_ID, QUANTITY)
VALUES (4531, 198, 60, 20);
INSERT INTO ORDER_ITEM (ID, ORDER_ID, PRODUCT_ID, QUANTITY)
VALUES (4532, 198, 28, 5);
INSERT INTO ORDER_ITEM (ID, ORDER_ID, PRODUCT_ID, QUANTITY)
VALUES (4533, 198, 43, 18);
INSERT INTO ORDER_ITEM (ID, ORDER_ID, PRODUCT_ID, QUANTITY)
VALUES (4534, 198, 16, 18);
INSERT INTO ORDER_ITEM (ID, ORDER_ID, PRODUCT_ID, QUANTITY)
VALUES (4535, 198, 25, 4);
INSERT INTO ORDER_ITEM (ID, ORDER_ID, PRODUCT_ID, QUANTITY)
VALUES (4536, 198, 21, 0);
-- ### ORDER 189
INSERT INTO PAYMENT_DETAIL(ID, AMOUNT, PROVIDER, PROVIDER_PAYMENT_UUID)
VALUES (199, 152.0, 'PAYPAL', '433223677');
INSERT INTO ORDERS (ID, CUST_ID, PAYMENT_ID, STATUS, AMOUNT, CREATED_ON, UPDATED_ON)
VALUES (199, 777, 199, 'DELIVERED', 152.0, LOCALTIMESTAMP, LOCALTIMESTAMP);
INSERT INTO ORDER_ITEM (ID, ORDER_ID, PRODUCT_ID, QUANTITY)
VALUES (4537, 199, 57, 6);
INSERT INTO ORDER_ITEM (ID, ORDER_ID, PRODUCT_ID, QUANTITY)
VALUES (4538, 199, 27, 19);
INSERT INTO ORDER_ITEM (ID, ORDER_ID, PRODUCT_ID, QUANTITY)
VALUES (4539, 199, 32, 13);
INSERT INTO ORDER_ITEM (ID, ORDER_ID, PRODUCT_ID, QUANTITY)
VALUES (4540, 199, 51, 15);
INSERT INTO ORDER_ITEM (ID, ORDER_ID, PRODUCT_ID, QUANTITY)
VALUES (4541, 199, 55, 1);
INSERT INTO ORDER_ITEM (ID, ORDER_ID, PRODUCT_ID, QUANTITY)
VALUES (4542, 199, 14, 18);
INSERT INTO ORDER_ITEM (ID, ORDER_ID, PRODUCT_ID, QUANTITY)
VALUES (4543, 199, 12, 7);
INSERT INTO ORDER_ITEM (ID, ORDER_ID, PRODUCT_ID, QUANTITY)
VALUES (4544, 199, 52, 2);
INSERT INTO ORDER_ITEM (ID, ORDER_ID, PRODUCT_ID, QUANTITY)
VALUES (4545, 199, 58, 2);
INSERT INTO ORDER_ITEM (ID, ORDER_ID, PRODUCT_ID, QUANTITY)
VALUES (4546, 199, 46, 8);
INSERT INTO ORDER_ITEM (ID, ORDER_ID, PRODUCT_ID, QUANTITY)
VALUES (4547, 199, 54, 9);
INSERT INTO ORDER_ITEM (ID, ORDER_ID, PRODUCT_ID, QUANTITY)
VALUES (4548, 199, 33, 6);
INSERT INTO ORDER_ITEM (ID, ORDER_ID, PRODUCT_ID, QUANTITY)
VALUES (4549, 199, 59, 9);
INSERT INTO ORDER_ITEM (ID, ORDER_ID, PRODUCT_ID, QUANTITY)
VALUES (4550, 199, 11, 11);
INSERT INTO ORDER_ITEM (ID, ORDER_ID, PRODUCT_ID, QUANTITY)
VALUES (4551, 199, 16, 2);
INSERT INTO ORDER_ITEM (ID, ORDER_ID, PRODUCT_ID, QUANTITY)
VALUES (4552, 199, 56, 5);
INSERT INTO ORDER_ITEM (ID, ORDER_ID, PRODUCT_ID, QUANTITY)
VALUES (4553, 199, 28, 1);
INSERT INTO ORDER_ITEM (ID, ORDER_ID, PRODUCT_ID, QUANTITY)
VALUES (4554, 199, 23, 2);
INSERT INTO ORDER_ITEM (ID, ORDER_ID, PRODUCT_ID, QUANTITY)
VALUES (4555, 199, 25, 7);
INSERT INTO ORDER_ITEM (ID, ORDER_ID, PRODUCT_ID, QUANTITY)
VALUES (4556, 199, 43, 12);
INSERT INTO ORDER_ITEM (ID, ORDER_ID, PRODUCT_ID, QUANTITY)
VALUES (4557, 199, 60, 5);
INSERT INTO ORDER_ITEM (ID, ORDER_ID, PRODUCT_ID, QUANTITY)
VALUES (4558, 199, 21, 14);
INSERT INTO ORDER_ITEM (ID, ORDER_ID, PRODUCT_ID, QUANTITY)
VALUES (4559, 199, 26, 7);
INSERT INTO ORDER_ITEM (ID, ORDER_ID, PRODUCT_ID, QUANTITY)
VALUES (4560, 199, 22, 17);
INSERT INTO ORDER_ITEM (ID, ORDER_ID, PRODUCT_ID, QUANTITY)
VALUES (4561, 199, 15, 12);
INSERT INTO ORDER_ITEM (ID, ORDER_ID, PRODUCT_ID, QUANTITY)
VALUES (4562, 199, 42, 20);
INSERT INTO ORDER_ITEM (ID, ORDER_ID, PRODUCT_ID, QUANTITY)
VALUES (4563, 199, 24, 13);
INSERT INTO ORDER_ITEM (ID, ORDER_ID, PRODUCT_ID, QUANTITY)
VALUES (4564, 199, 47, 5);
INSERT INTO ORDER_ITEM (ID, ORDER_ID, PRODUCT_ID, QUANTITY)
VALUES (4565, 199, 18, 2);
INSERT INTO ORDER_ITEM (ID, ORDER_ID, PRODUCT_ID, QUANTITY)
VALUES (4566, 199, 13, 1);
INSERT INTO ORDER_ITEM (ID, ORDER_ID, PRODUCT_ID, QUANTITY)
VALUES (4567, 199, 49, 4);
INSERT INTO ORDER_ITEM (ID, ORDER_ID, PRODUCT_ID, QUANTITY)
VALUES (4568, 199, 41, 15);
INSERT INTO ORDER_ITEM (ID, ORDER_ID, PRODUCT_ID, QUANTITY)
VALUES (4569, 199, 34, 16);
INSERT INTO ORDER_ITEM (ID, ORDER_ID, PRODUCT_ID, QUANTITY)
VALUES (4570, 199, 17, 4);
INSERT INTO ORDER_ITEM (ID, ORDER_ID, PRODUCT_ID, QUANTITY)
VALUES (4571, 199, 40, 6);
-- ### ORDER 190
INSERT INTO PAYMENT_DETAIL(ID, AMOUNT, PROVIDER, PROVIDER_PAYMENT_UUID)
VALUES (200, 2984.0, 'ICARD', '375067164');
INSERT INTO ORDERS (ID, CUST_ID, PAYMENT_ID, STATUS, AMOUNT, CREATED_ON, UPDATED_ON)
VALUES (200, 777, 200, 'DELIVERED', 2984.0, LOCALTIMESTAMP, LOCALTIMESTAMP);
INSERT INTO ORDER_ITEM (ID, ORDER_ID, PRODUCT_ID, QUANTITY)
VALUES (4572, 200, 43, 0);
INSERT INTO ORDER_ITEM (ID, ORDER_ID, PRODUCT_ID, QUANTITY)
VALUES (4573, 200, 28, 10);
INSERT INTO ORDER_ITEM (ID, ORDER_ID, PRODUCT_ID, QUANTITY)
VALUES (4574, 200, 47, 20);
INSERT INTO ORDER_ITEM (ID, ORDER_ID, PRODUCT_ID, QUANTITY)
VALUES (4575, 200, 41, 5);
INSERT INTO ORDER_ITEM (ID, ORDER_ID, PRODUCT_ID, QUANTITY)
VALUES (4576, 200, 14, 5);
INSERT INTO ORDER_ITEM (ID, ORDER_ID, PRODUCT_ID, QUANTITY)
VALUES (4577, 200, 50, 10);
INSERT INTO ORDER_ITEM (ID, ORDER_ID, PRODUCT_ID, QUANTITY)
VALUES (4578, 200, 19, 11);
INSERT INTO ORDER_ITEM (ID, ORDER_ID, PRODUCT_ID, QUANTITY)
VALUES (4579, 200, 20, 0);
INSERT INTO ORDER_ITEM (ID, ORDER_ID, PRODUCT_ID, QUANTITY)
VALUES (4580, 200, 57, 7);
INSERT INTO ORDER_ITEM (ID, ORDER_ID, PRODUCT_ID, QUANTITY)
VALUES (4581, 200, 12, 4);
INSERT INTO ORDER_ITEM (ID, ORDER_ID, PRODUCT_ID, QUANTITY)
VALUES (4582, 200, 56, 12);
INSERT INTO ORDER_ITEM (ID, ORDER_ID, PRODUCT_ID, QUANTITY)
VALUES (4583, 200, 31, 16);
INSERT INTO ORDER_ITEM (ID, ORDER_ID, PRODUCT_ID, QUANTITY)
VALUES (4584, 200, 44, 7);
INSERT INTO ORDER_ITEM (ID, ORDER_ID, PRODUCT_ID, QUANTITY)
VALUES (4585, 200, 32, 18);
INSERT INTO ORDER_ITEM (ID, ORDER_ID, PRODUCT_ID, QUANTITY)
VALUES (4586, 200, 35, 1);
INSERT INTO ORDER_ITEM (ID, ORDER_ID, PRODUCT_ID, QUANTITY)
VALUES (4587, 200, 24, 17);
INSERT INTO ORDER_ITEM (ID, ORDER_ID, PRODUCT_ID, QUANTITY)
VALUES (4588, 200, 17, 13);
-- ### ORDER 191
INSERT INTO PAYMENT_DETAIL(ID, AMOUNT, PROVIDER, PROVIDER_PAYMENT_UUID)
VALUES (201, 3367.0, 'ICARD', '501027514');
INSERT INTO ORDERS (ID, CUST_ID, PAYMENT_ID, STATUS, AMOUNT, CREATED_ON, UPDATED_ON)
VALUES (201, 777, 201, 'DELIVERED', 3367.0, LOCALTIMESTAMP, LOCALTIMESTAMP);
-- ### ORDER 192
INSERT INTO PAYMENT_DETAIL(ID, AMOUNT, PROVIDER, PROVIDER_PAYMENT_UUID)
VALUES (202, 4340.0, 'CRYPTO', '826079932');
INSERT INTO ORDERS (ID, CUST_ID, PAYMENT_ID, STATUS, AMOUNT, CREATED_ON, UPDATED_ON)
VALUES (202, 777, 202, 'DELIVERED', 4340.0, LOCALTIMESTAMP, LOCALTIMESTAMP);
INSERT INTO ORDER_ITEM (ID, ORDER_ID, PRODUCT_ID, QUANTITY)
VALUES (4589, 202, 14, 18);
INSERT INTO ORDER_ITEM (ID, ORDER_ID, PRODUCT_ID, QUANTITY)
VALUES (4590, 202, 34, 3);
INSERT INTO ORDER_ITEM (ID, ORDER_ID, PRODUCT_ID, QUANTITY)
VALUES (4591, 202, 19, 5);
INSERT INTO ORDER_ITEM (ID, ORDER_ID, PRODUCT_ID, QUANTITY)
VALUES (4592, 202, 21, 2);
INSERT INTO ORDER_ITEM (ID, ORDER_ID, PRODUCT_ID, QUANTITY)
VALUES (4593, 202, 57, 8);
INSERT INTO ORDER_ITEM (ID, ORDER_ID, PRODUCT_ID, QUANTITY)
VALUES (4594, 202, 59, 12);
INSERT INTO ORDER_ITEM (ID, ORDER_ID, PRODUCT_ID, QUANTITY)
VALUES (4595, 202, 39, 20);
INSERT INTO ORDER_ITEM (ID, ORDER_ID, PRODUCT_ID, QUANTITY)
VALUES (4596, 202, 26, 4);
INSERT INTO ORDER_ITEM (ID, ORDER_ID, PRODUCT_ID, QUANTITY)
VALUES (4597, 202, 49, 13);
INSERT INTO ORDER_ITEM (ID, ORDER_ID, PRODUCT_ID, QUANTITY)
VALUES (4598, 202, 44, 7);
INSERT INTO ORDER_ITEM (ID, ORDER_ID, PRODUCT_ID, QUANTITY)
VALUES (4599, 202, 28, 3);
INSERT INTO ORDER_ITEM (ID, ORDER_ID, PRODUCT_ID, QUANTITY)
VALUES (4600, 202, 18, 8);
INSERT INTO ORDER_ITEM (ID, ORDER_ID, PRODUCT_ID, QUANTITY)
VALUES (4601, 202, 42, 17);
INSERT INTO ORDER_ITEM (ID, ORDER_ID, PRODUCT_ID, QUANTITY)
VALUES (4602, 202, 36, 18);
INSERT INTO ORDER_ITEM (ID, ORDER_ID, PRODUCT_ID, QUANTITY)
VALUES (4603, 202, 48, 8);
INSERT INTO ORDER_ITEM (ID, ORDER_ID, PRODUCT_ID, QUANTITY)
VALUES (4604, 202, 60, 20);
INSERT INTO ORDER_ITEM (ID, ORDER_ID, PRODUCT_ID, QUANTITY)
VALUES (4605, 202, 38, 14);
INSERT INTO ORDER_ITEM (ID, ORDER_ID, PRODUCT_ID, QUANTITY)
VALUES (4606, 202, 50, 4);
INSERT INTO ORDER_ITEM (ID, ORDER_ID, PRODUCT_ID, QUANTITY)
VALUES (4607, 202, 11, 1);
INSERT INTO ORDER_ITEM (ID, ORDER_ID, PRODUCT_ID, QUANTITY)
VALUES (4608, 202, 15, 1);
INSERT INTO ORDER_ITEM (ID, ORDER_ID, PRODUCT_ID, QUANTITY)
VALUES (4609, 202, 53, 4);
INSERT INTO ORDER_ITEM (ID, ORDER_ID, PRODUCT_ID, QUANTITY)
VALUES (4610, 202, 22, 9);
INSERT INTO ORDER_ITEM (ID, ORDER_ID, PRODUCT_ID, QUANTITY)
VALUES (4611, 202, 45, 10);
INSERT INTO ORDER_ITEM (ID, ORDER_ID, PRODUCT_ID, QUANTITY)
VALUES (4612, 202, 41, 16);
INSERT INTO ORDER_ITEM (ID, ORDER_ID, PRODUCT_ID, QUANTITY)
VALUES (4613, 202, 37, 17);
INSERT INTO ORDER_ITEM (ID, ORDER_ID, PRODUCT_ID, QUANTITY)
VALUES (4614, 202, 31, 9);
INSERT INTO ORDER_ITEM (ID, ORDER_ID, PRODUCT_ID, QUANTITY)
VALUES (4615, 202, 33, 0);
-- ### ORDER 193
INSERT INTO PAYMENT_DETAIL(ID, AMOUNT, PROVIDER, PROVIDER_PAYMENT_UUID)
VALUES (203, 3918.0, 'CRYPTO', '294918829');
INSERT INTO ORDERS (ID, CUST_ID, PAYMENT_ID, STATUS, AMOUNT, CREATED_ON, UPDATED_ON)
VALUES (203, 777, 203, 'DELIVERED', 3918.0, LOCALTIMESTAMP, LOCALTIMESTAMP);
INSERT INTO ORDER_ITEM (ID, ORDER_ID, PRODUCT_ID, QUANTITY)
VALUES (4616, 203, 49, 3);
INSERT INTO ORDER_ITEM (ID, ORDER_ID, PRODUCT_ID, QUANTITY)
VALUES (4617, 203, 45, 5);
INSERT INTO ORDER_ITEM (ID, ORDER_ID, PRODUCT_ID, QUANTITY)
VALUES (4618, 203, 39, 8);
INSERT INTO ORDER_ITEM (ID, ORDER_ID, PRODUCT_ID, QUANTITY)
VALUES (4619, 203, 48, 17);
INSERT INTO ORDER_ITEM (ID, ORDER_ID, PRODUCT_ID, QUANTITY)
VALUES (4620, 203, 43, 16);
INSERT INTO ORDER_ITEM (ID, ORDER_ID, PRODUCT_ID, QUANTITY)
VALUES (4621, 203, 17, 4);
INSERT INTO ORDER_ITEM (ID, ORDER_ID, PRODUCT_ID, QUANTITY)
VALUES (4622, 203, 16, 1);
INSERT INTO ORDER_ITEM (ID, ORDER_ID, PRODUCT_ID, QUANTITY)
VALUES (4623, 203, 58, 15);
-- ### ORDER 194
INSERT INTO PAYMENT_DETAIL(ID, AMOUNT, PROVIDER, PROVIDER_PAYMENT_UUID)
VALUES (204, 1026.0, 'ICARD', '122602781');
INSERT INTO ORDERS (ID, CUST_ID, PAYMENT_ID, STATUS, AMOUNT, CREATED_ON, UPDATED_ON)
VALUES (204, 777, 204, 'DELIVERED', 1026.0, LOCALTIMESTAMP, LOCALTIMESTAMP);
INSERT INTO ORDER_ITEM (ID, ORDER_ID, PRODUCT_ID, QUANTITY)
VALUES (4624, 204, 32, 9);
INSERT INTO ORDER_ITEM (ID, ORDER_ID, PRODUCT_ID, QUANTITY)
VALUES (4625, 204, 60, 8);
INSERT INTO ORDER_ITEM (ID, ORDER_ID, PRODUCT_ID, QUANTITY)
VALUES (4626, 204, 41, 3);
INSERT INTO ORDER_ITEM (ID, ORDER_ID, PRODUCT_ID, QUANTITY)
VALUES (4627, 204, 44, 13);
INSERT INTO ORDER_ITEM (ID, ORDER_ID, PRODUCT_ID, QUANTITY)
VALUES (4628, 204, 23, 6);
INSERT INTO ORDER_ITEM (ID, ORDER_ID, PRODUCT_ID, QUANTITY)
VALUES (4629, 204, 50, 0);
INSERT INTO ORDER_ITEM (ID, ORDER_ID, PRODUCT_ID, QUANTITY)
VALUES (4630, 204, 28, 14);
INSERT INTO ORDER_ITEM (ID, ORDER_ID, PRODUCT_ID, QUANTITY)
VALUES (4631, 204, 22, 7);
INSERT INTO ORDER_ITEM (ID, ORDER_ID, PRODUCT_ID, QUANTITY)
VALUES (4632, 204, 37, 8);
INSERT INTO ORDER_ITEM (ID, ORDER_ID, PRODUCT_ID, QUANTITY)
VALUES (4633, 204, 53, 10);
INSERT INTO ORDER_ITEM (ID, ORDER_ID, PRODUCT_ID, QUANTITY)
VALUES (4634, 204, 48, 9);
INSERT INTO ORDER_ITEM (ID, ORDER_ID, PRODUCT_ID, QUANTITY)
VALUES (4635, 204, 36, 11);
INSERT INTO ORDER_ITEM (ID, ORDER_ID, PRODUCT_ID, QUANTITY)
VALUES (4636, 204, 38, 5);
INSERT INTO ORDER_ITEM (ID, ORDER_ID, PRODUCT_ID, QUANTITY)
VALUES (4637, 204, 54, 4);
INSERT INTO ORDER_ITEM (ID, ORDER_ID, PRODUCT_ID, QUANTITY)
VALUES (4638, 204, 45, 7);
INSERT INTO ORDER_ITEM (ID, ORDER_ID, PRODUCT_ID, QUANTITY)
VALUES (4639, 204, 21, 18);
INSERT INTO ORDER_ITEM (ID, ORDER_ID, PRODUCT_ID, QUANTITY)
VALUES (4640, 204, 13, 1);
INSERT INTO ORDER_ITEM (ID, ORDER_ID, PRODUCT_ID, QUANTITY)
VALUES (4641, 204, 12, 0);
INSERT INTO ORDER_ITEM (ID, ORDER_ID, PRODUCT_ID, QUANTITY)
VALUES (4642, 204, 26, 16);
INSERT INTO ORDER_ITEM (ID, ORDER_ID, PRODUCT_ID, QUANTITY)
VALUES (4643, 204, 14, 1);
INSERT INTO ORDER_ITEM (ID, ORDER_ID, PRODUCT_ID, QUANTITY)
VALUES (4644, 204, 20, 10);
INSERT INTO ORDER_ITEM (ID, ORDER_ID, PRODUCT_ID, QUANTITY)
VALUES (4645, 204, 29, 0);
INSERT INTO ORDER_ITEM (ID, ORDER_ID, PRODUCT_ID, QUANTITY)
VALUES (4646, 204, 31, 12);
INSERT INTO ORDER_ITEM (ID, ORDER_ID, PRODUCT_ID, QUANTITY)
VALUES (4647, 204, 39, 18);
INSERT INTO ORDER_ITEM (ID, ORDER_ID, PRODUCT_ID, QUANTITY)
VALUES (4648, 204, 58, 10);
INSERT INTO ORDER_ITEM (ID, ORDER_ID, PRODUCT_ID, QUANTITY)
VALUES (4649, 204, 49, 0);
INSERT INTO ORDER_ITEM (ID, ORDER_ID, PRODUCT_ID, QUANTITY)
VALUES (4650, 204, 16, 10);
INSERT INTO ORDER_ITEM (ID, ORDER_ID, PRODUCT_ID, QUANTITY)
VALUES (4651, 204, 55, 14);
INSERT INTO ORDER_ITEM (ID, ORDER_ID, PRODUCT_ID, QUANTITY)
VALUES (4652, 204, 19, 8);
INSERT INTO ORDER_ITEM (ID, ORDER_ID, PRODUCT_ID, QUANTITY)
VALUES (4653, 204, 47, 8);
INSERT INTO ORDER_ITEM (ID, ORDER_ID, PRODUCT_ID, QUANTITY)
VALUES (4654, 204, 15, 9);
INSERT INTO ORDER_ITEM (ID, ORDER_ID, PRODUCT_ID, QUANTITY)
VALUES (4655, 204, 25, 6);
INSERT INTO ORDER_ITEM (ID, ORDER_ID, PRODUCT_ID, QUANTITY)
VALUES (4656, 204, 11, 12);
INSERT INTO ORDER_ITEM (ID, ORDER_ID, PRODUCT_ID, QUANTITY)
VALUES (4657, 204, 17, 5);
INSERT INTO ORDER_ITEM (ID, ORDER_ID, PRODUCT_ID, QUANTITY)
VALUES (4658, 204, 33, 18);
INSERT INTO ORDER_ITEM (ID, ORDER_ID, PRODUCT_ID, QUANTITY)
VALUES (4659, 204, 59, 1);
INSERT INTO ORDER_ITEM (ID, ORDER_ID, PRODUCT_ID, QUANTITY)
VALUES (4660, 204, 30, 0);
INSERT INTO ORDER_ITEM (ID, ORDER_ID, PRODUCT_ID, QUANTITY)
VALUES (4661, 204, 52, 19);
INSERT INTO ORDER_ITEM (ID, ORDER_ID, PRODUCT_ID, QUANTITY)
VALUES (4662, 204, 42, 10);
INSERT INTO ORDER_ITEM (ID, ORDER_ID, PRODUCT_ID, QUANTITY)
VALUES (4663, 204, 35, 6);
-- ### ORDER 195
INSERT INTO PAYMENT_DETAIL(ID, AMOUNT, PROVIDER, PROVIDER_PAYMENT_UUID)
VALUES (205, 4127.0, 'CRYPTO', '994381075');
INSERT INTO ORDERS (ID, CUST_ID, PAYMENT_ID, STATUS, AMOUNT, CREATED_ON, UPDATED_ON)
VALUES (205, 777, 205, 'DELIVERED', 4127.0, LOCALTIMESTAMP, LOCALTIMESTAMP);
INSERT INTO ORDER_ITEM (ID, ORDER_ID, PRODUCT_ID, QUANTITY)
VALUES (4664, 205, 48, 9);
INSERT INTO ORDER_ITEM (ID, ORDER_ID, PRODUCT_ID, QUANTITY)
VALUES (4665, 205, 54, 8);
INSERT INTO ORDER_ITEM (ID, ORDER_ID, PRODUCT_ID, QUANTITY)
VALUES (4666, 205, 53, 8);
INSERT INTO ORDER_ITEM (ID, ORDER_ID, PRODUCT_ID, QUANTITY)
VALUES (4667, 205, 56, 11);
INSERT INTO ORDER_ITEM (ID, ORDER_ID, PRODUCT_ID, QUANTITY)
VALUES (4668, 205, 36, 9);
INSERT INTO ORDER_ITEM (ID, ORDER_ID, PRODUCT_ID, QUANTITY)
VALUES (4669, 205, 45, 18);
INSERT INTO ORDER_ITEM (ID, ORDER_ID, PRODUCT_ID, QUANTITY)
VALUES (4670, 205, 29, 3);
INSERT INTO ORDER_ITEM (ID, ORDER_ID, PRODUCT_ID, QUANTITY)
VALUES (4671, 205, 38, 16);
INSERT INTO ORDER_ITEM (ID, ORDER_ID, PRODUCT_ID, QUANTITY)
VALUES (4672, 205, 51, 9);
INSERT INTO ORDER_ITEM (ID, ORDER_ID, PRODUCT_ID, QUANTITY)
VALUES (4673, 205, 50, 5);
INSERT INTO ORDER_ITEM (ID, ORDER_ID, PRODUCT_ID, QUANTITY)
VALUES (4674, 205, 32, 16);
INSERT INTO ORDER_ITEM (ID, ORDER_ID, PRODUCT_ID, QUANTITY)
VALUES (4675, 205, 43, 19);
INSERT INTO ORDER_ITEM (ID, ORDER_ID, PRODUCT_ID, QUANTITY)
VALUES (4676, 205, 19, 17);
INSERT INTO ORDER_ITEM (ID, ORDER_ID, PRODUCT_ID, QUANTITY)
VALUES (4677, 205, 14, 20);
INSERT INTO ORDER_ITEM (ID, ORDER_ID, PRODUCT_ID, QUANTITY)
VALUES (4678, 205, 17, 5);
INSERT INTO ORDER_ITEM (ID, ORDER_ID, PRODUCT_ID, QUANTITY)
VALUES (4679, 205, 59, 5);
INSERT INTO ORDER_ITEM (ID, ORDER_ID, PRODUCT_ID, QUANTITY)
VALUES (4680, 205, 21, 5);
INSERT INTO ORDER_ITEM (ID, ORDER_ID, PRODUCT_ID, QUANTITY)
VALUES (4681, 205, 52, 9);
INSERT INTO ORDER_ITEM (ID, ORDER_ID, PRODUCT_ID, QUANTITY)
VALUES (4682, 205, 57, 4);
INSERT INTO ORDER_ITEM (ID, ORDER_ID, PRODUCT_ID, QUANTITY)
VALUES (4683, 205, 39, 15);
INSERT INTO ORDER_ITEM (ID, ORDER_ID, PRODUCT_ID, QUANTITY)
VALUES (4684, 205, 22, 2);
INSERT INTO ORDER_ITEM (ID, ORDER_ID, PRODUCT_ID, QUANTITY)
VALUES (4685, 205, 25, 9);
INSERT INTO ORDER_ITEM (ID, ORDER_ID, PRODUCT_ID, QUANTITY)
VALUES (4686, 205, 26, 18);
INSERT INTO ORDER_ITEM (ID, ORDER_ID, PRODUCT_ID, QUANTITY)
VALUES (4687, 205, 41, 3);
INSERT INTO ORDER_ITEM (ID, ORDER_ID, PRODUCT_ID, QUANTITY)
VALUES (4688, 205, 16, 13);
INSERT INTO ORDER_ITEM (ID, ORDER_ID, PRODUCT_ID, QUANTITY)
VALUES (4689, 205, 58, 3);
INSERT INTO ORDER_ITEM (ID, ORDER_ID, PRODUCT_ID, QUANTITY)
VALUES (4690, 205, 13, 12);
INSERT INTO ORDER_ITEM (ID, ORDER_ID, PRODUCT_ID, QUANTITY)
VALUES (4691, 205, 20, 11);
INSERT INTO ORDER_ITEM (ID, ORDER_ID, PRODUCT_ID, QUANTITY)
VALUES (4692, 205, 44, 15);
INSERT INTO ORDER_ITEM (ID, ORDER_ID, PRODUCT_ID, QUANTITY)
VALUES (4693, 205, 37, 8);
INSERT INTO ORDER_ITEM (ID, ORDER_ID, PRODUCT_ID, QUANTITY)
VALUES (4694, 205, 11, 14);
INSERT INTO ORDER_ITEM (ID, ORDER_ID, PRODUCT_ID, QUANTITY)
VALUES (4695, 205, 55, 4);
INSERT INTO ORDER_ITEM (ID, ORDER_ID, PRODUCT_ID, QUANTITY)
VALUES (4696, 205, 34, 17);
INSERT INTO ORDER_ITEM (ID, ORDER_ID, PRODUCT_ID, QUANTITY)
VALUES (4697, 205, 12, 5);
INSERT INTO ORDER_ITEM (ID, ORDER_ID, PRODUCT_ID, QUANTITY)
VALUES (4698, 205, 35, 6);
INSERT INTO ORDER_ITEM (ID, ORDER_ID, PRODUCT_ID, QUANTITY)
VALUES (4699, 205, 18, 20);
INSERT INTO ORDER_ITEM (ID, ORDER_ID, PRODUCT_ID, QUANTITY)
VALUES (4700, 205, 27, 18);
INSERT INTO ORDER_ITEM (ID, ORDER_ID, PRODUCT_ID, QUANTITY)
VALUES (4701, 205, 49, 8);
INSERT INTO ORDER_ITEM (ID, ORDER_ID, PRODUCT_ID, QUANTITY)
VALUES (4702, 205, 42, 9);
INSERT INTO ORDER_ITEM (ID, ORDER_ID, PRODUCT_ID, QUANTITY)
VALUES (4703, 205, 46, 7);
INSERT INTO ORDER_ITEM (ID, ORDER_ID, PRODUCT_ID, QUANTITY)
VALUES (4704, 205, 28, 17);
-- ### ORDER 196
INSERT INTO PAYMENT_DETAIL(ID, AMOUNT, PROVIDER, PROVIDER_PAYMENT_UUID)
VALUES (206, 617.0, 'ICARD', '23586211');
INSERT INTO ORDERS (ID, CUST_ID, PAYMENT_ID, STATUS, AMOUNT, CREATED_ON, UPDATED_ON)
VALUES (206, 777, 206, 'DELIVERED', 617.0, LOCALTIMESTAMP, LOCALTIMESTAMP);
INSERT INTO ORDER_ITEM (ID, ORDER_ID, PRODUCT_ID, QUANTITY)
VALUES (4705, 206, 40, 12);
INSERT INTO ORDER_ITEM (ID, ORDER_ID, PRODUCT_ID, QUANTITY)
VALUES (4706, 206, 32, 20);
INSERT INTO ORDER_ITEM (ID, ORDER_ID, PRODUCT_ID, QUANTITY)
VALUES (4707, 206, 36, 17);
INSERT INTO ORDER_ITEM (ID, ORDER_ID, PRODUCT_ID, QUANTITY)
VALUES (4708, 206, 13, 7);
INSERT INTO ORDER_ITEM (ID, ORDER_ID, PRODUCT_ID, QUANTITY)
VALUES (4709, 206, 29, 2);
INSERT INTO ORDER_ITEM (ID, ORDER_ID, PRODUCT_ID, QUANTITY)
VALUES (4710, 206, 30, 13);
INSERT INTO ORDER_ITEM (ID, ORDER_ID, PRODUCT_ID, QUANTITY)
VALUES (4711, 206, 24, 8);
INSERT INTO ORDER_ITEM (ID, ORDER_ID, PRODUCT_ID, QUANTITY)
VALUES (4712, 206, 35, 16);
INSERT INTO ORDER_ITEM (ID, ORDER_ID, PRODUCT_ID, QUANTITY)
VALUES (4713, 206, 17, 13);
INSERT INTO ORDER_ITEM (ID, ORDER_ID, PRODUCT_ID, QUANTITY)
VALUES (4714, 206, 58, 1);
INSERT INTO ORDER_ITEM (ID, ORDER_ID, PRODUCT_ID, QUANTITY)
VALUES (4715, 206, 46, 19);
INSERT INTO ORDER_ITEM (ID, ORDER_ID, PRODUCT_ID, QUANTITY)
VALUES (4716, 206, 21, 8);
INSERT INTO ORDER_ITEM (ID, ORDER_ID, PRODUCT_ID, QUANTITY)
VALUES (4717, 206, 57, 3);
INSERT INTO ORDER_ITEM (ID, ORDER_ID, PRODUCT_ID, QUANTITY)
VALUES (4718, 206, 16, 14);
INSERT INTO ORDER_ITEM (ID, ORDER_ID, PRODUCT_ID, QUANTITY)
VALUES (4719, 206, 38, 6);
INSERT INTO ORDER_ITEM (ID, ORDER_ID, PRODUCT_ID, QUANTITY)
VALUES (4720, 206, 12, 3);
INSERT INTO ORDER_ITEM (ID, ORDER_ID, PRODUCT_ID, QUANTITY)
VALUES (4721, 206, 49, 1);
INSERT INTO ORDER_ITEM (ID, ORDER_ID, PRODUCT_ID, QUANTITY)
VALUES (4722, 206, 53, 20);
INSERT INTO ORDER_ITEM (ID, ORDER_ID, PRODUCT_ID, QUANTITY)
VALUES (4723, 206, 59, 16);
INSERT INTO ORDER_ITEM (ID, ORDER_ID, PRODUCT_ID, QUANTITY)
VALUES (4724, 206, 19, 5);
INSERT INTO ORDER_ITEM (ID, ORDER_ID, PRODUCT_ID, QUANTITY)
VALUES (4725, 206, 55, 5);
INSERT INTO ORDER_ITEM (ID, ORDER_ID, PRODUCT_ID, QUANTITY)
VALUES (4726, 206, 43, 20);
INSERT INTO ORDER_ITEM (ID, ORDER_ID, PRODUCT_ID, QUANTITY)
VALUES (4727, 206, 52, 3);
INSERT INTO ORDER_ITEM (ID, ORDER_ID, PRODUCT_ID, QUANTITY)
VALUES (4728, 206, 20, 17);
INSERT INTO ORDER_ITEM (ID, ORDER_ID, PRODUCT_ID, QUANTITY)
VALUES (4729, 206, 56, 2);
INSERT INTO ORDER_ITEM (ID, ORDER_ID, PRODUCT_ID, QUANTITY)
VALUES (4730, 206, 25, 1);
INSERT INTO ORDER_ITEM (ID, ORDER_ID, PRODUCT_ID, QUANTITY)
VALUES (4731, 206, 22, 5);
INSERT INTO ORDER_ITEM (ID, ORDER_ID, PRODUCT_ID, QUANTITY)
VALUES (4732, 206, 60, 9);
INSERT INTO ORDER_ITEM (ID, ORDER_ID, PRODUCT_ID, QUANTITY)
VALUES (4733, 206, 33, 2);
INSERT INTO ORDER_ITEM (ID, ORDER_ID, PRODUCT_ID, QUANTITY)
VALUES (4734, 206, 15, 5);
INSERT INTO ORDER_ITEM (ID, ORDER_ID, PRODUCT_ID, QUANTITY)
VALUES (4735, 206, 11, 12);
INSERT INTO ORDER_ITEM (ID, ORDER_ID, PRODUCT_ID, QUANTITY)
VALUES (4736, 206, 23, 7);
INSERT INTO ORDER_ITEM (ID, ORDER_ID, PRODUCT_ID, QUANTITY)
VALUES (4737, 206, 26, 2);
INSERT INTO ORDER_ITEM (ID, ORDER_ID, PRODUCT_ID, QUANTITY)
VALUES (4738, 206, 31, 4);
INSERT INTO ORDER_ITEM (ID, ORDER_ID, PRODUCT_ID, QUANTITY)
VALUES (4739, 206, 41, 2);
INSERT INTO ORDER_ITEM (ID, ORDER_ID, PRODUCT_ID, QUANTITY)
VALUES (4740, 206, 48, 3);
INSERT INTO ORDER_ITEM (ID, ORDER_ID, PRODUCT_ID, QUANTITY)
VALUES (4741, 206, 47, 12);
INSERT INTO ORDER_ITEM (ID, ORDER_ID, PRODUCT_ID, QUANTITY)
VALUES (4742, 206, 51, 20);
INSERT INTO ORDER_ITEM (ID, ORDER_ID, PRODUCT_ID, QUANTITY)
VALUES (4743, 206, 54, 16);
INSERT INTO ORDER_ITEM (ID, ORDER_ID, PRODUCT_ID, QUANTITY)
VALUES (4744, 206, 18, 20);
INSERT INTO ORDER_ITEM (ID, ORDER_ID, PRODUCT_ID, QUANTITY)
VALUES (4745, 206, 14, 17);
INSERT INTO ORDER_ITEM (ID, ORDER_ID, PRODUCT_ID, QUANTITY)
VALUES (4746, 206, 42, 2);
INSERT INTO ORDER_ITEM (ID, ORDER_ID, PRODUCT_ID, QUANTITY)
VALUES (4747, 206, 34, 9);
INSERT INTO ORDER_ITEM (ID, ORDER_ID, PRODUCT_ID, QUANTITY)
VALUES (4748, 206, 39, 15);
INSERT INTO ORDER_ITEM (ID, ORDER_ID, PRODUCT_ID, QUANTITY)
VALUES (4749, 206, 45, 9);
INSERT INTO ORDER_ITEM (ID, ORDER_ID, PRODUCT_ID, QUANTITY)
VALUES (4750, 206, 37, 18);
-- ### ORDER 197
INSERT INTO PAYMENT_DETAIL(ID, AMOUNT, PROVIDER, PROVIDER_PAYMENT_UUID)
VALUES (207, 3571.0, 'CRYPTO', '103258585');
INSERT INTO ORDERS (ID, CUST_ID, PAYMENT_ID, STATUS, AMOUNT, CREATED_ON, UPDATED_ON)
VALUES (207, 777, 207, 'DELIVERED', 3571.0, LOCALTIMESTAMP, LOCALTIMESTAMP);
INSERT INTO ORDER_ITEM (ID, ORDER_ID, PRODUCT_ID, QUANTITY)
VALUES (4751, 207, 37, 8);
INSERT INTO ORDER_ITEM (ID, ORDER_ID, PRODUCT_ID, QUANTITY)
VALUES (4752, 207, 55, 14);
INSERT INTO ORDER_ITEM (ID, ORDER_ID, PRODUCT_ID, QUANTITY)
VALUES (4753, 207, 36, 10);
INSERT INTO ORDER_ITEM (ID, ORDER_ID, PRODUCT_ID, QUANTITY)
VALUES (4754, 207, 26, 4);
INSERT INTO ORDER_ITEM (ID, ORDER_ID, PRODUCT_ID, QUANTITY)
VALUES (4755, 207, 54, 8);
INSERT INTO ORDER_ITEM (ID, ORDER_ID, PRODUCT_ID, QUANTITY)
VALUES (4756, 207, 59, 20);
INSERT INTO ORDER_ITEM (ID, ORDER_ID, PRODUCT_ID, QUANTITY)
VALUES (4757, 207, 40, 9);
INSERT INTO ORDER_ITEM (ID, ORDER_ID, PRODUCT_ID, QUANTITY)
VALUES (4758, 207, 17, 19);
INSERT INTO ORDER_ITEM (ID, ORDER_ID, PRODUCT_ID, QUANTITY)
VALUES (4759, 207, 57, 2);
INSERT INTO ORDER_ITEM (ID, ORDER_ID, PRODUCT_ID, QUANTITY)
VALUES (4760, 207, 15, 16);
INSERT INTO ORDER_ITEM (ID, ORDER_ID, PRODUCT_ID, QUANTITY)
VALUES (4761, 207, 14, 0);
INSERT INTO ORDER_ITEM (ID, ORDER_ID, PRODUCT_ID, QUANTITY)
VALUES (4762, 207, 22, 11);
INSERT INTO ORDER_ITEM (ID, ORDER_ID, PRODUCT_ID, QUANTITY)
VALUES (4763, 207, 47, 14);
INSERT INTO ORDER_ITEM (ID, ORDER_ID, PRODUCT_ID, QUANTITY)
VALUES (4764, 207, 43, 9);
INSERT INTO ORDER_ITEM (ID, ORDER_ID, PRODUCT_ID, QUANTITY)
VALUES (4765, 207, 51, 19);
INSERT INTO ORDER_ITEM (ID, ORDER_ID, PRODUCT_ID, QUANTITY)
VALUES (4766, 207, 31, 19);
INSERT INTO ORDER_ITEM (ID, ORDER_ID, PRODUCT_ID, QUANTITY)
VALUES (4767, 207, 32, 5);
INSERT INTO ORDER_ITEM (ID, ORDER_ID, PRODUCT_ID, QUANTITY)
VALUES (4768, 207, 46, 12);
INSERT INTO ORDER_ITEM (ID, ORDER_ID, PRODUCT_ID, QUANTITY)
VALUES (4769, 207, 21, 15);
INSERT INTO ORDER_ITEM (ID, ORDER_ID, PRODUCT_ID, QUANTITY)
VALUES (4770, 207, 49, 1);
INSERT INTO ORDER_ITEM (ID, ORDER_ID, PRODUCT_ID, QUANTITY)
VALUES (4771, 207, 28, 13);
INSERT INTO ORDER_ITEM (ID, ORDER_ID, PRODUCT_ID, QUANTITY)
VALUES (4772, 207, 48, 19);
INSERT INTO ORDER_ITEM (ID, ORDER_ID, PRODUCT_ID, QUANTITY)
VALUES (4773, 207, 13, 9);
INSERT INTO ORDER_ITEM (ID, ORDER_ID, PRODUCT_ID, QUANTITY)
VALUES (4774, 207, 44, 5);
INSERT INTO ORDER_ITEM (ID, ORDER_ID, PRODUCT_ID, QUANTITY)
VALUES (4775, 207, 50, 11);
INSERT INTO ORDER_ITEM (ID, ORDER_ID, PRODUCT_ID, QUANTITY)
VALUES (4776, 207, 23, 9);
INSERT INTO ORDER_ITEM (ID, ORDER_ID, PRODUCT_ID, QUANTITY)
VALUES (4777, 207, 11, 19);
INSERT INTO ORDER_ITEM (ID, ORDER_ID, PRODUCT_ID, QUANTITY)
VALUES (4778, 207, 18, 2);
-- ### ORDER 198
INSERT INTO PAYMENT_DETAIL(ID, AMOUNT, PROVIDER, PROVIDER_PAYMENT_UUID)
VALUES (208, 45.0, 'ICARD', '988951018');
INSERT INTO ORDERS (ID, CUST_ID, PAYMENT_ID, STATUS, AMOUNT, CREATED_ON, UPDATED_ON)
VALUES (208, 777, 208, 'DELIVERED', 45.0, LOCALTIMESTAMP, LOCALTIMESTAMP);
INSERT INTO ORDER_ITEM (ID, ORDER_ID, PRODUCT_ID, QUANTITY)
VALUES (4779, 208, 48, 16);
INSERT INTO ORDER_ITEM (ID, ORDER_ID, PRODUCT_ID, QUANTITY)
VALUES (4780, 208, 56, 8);
INSERT INTO ORDER_ITEM (ID, ORDER_ID, PRODUCT_ID, QUANTITY)
VALUES (4781, 208, 25, 12);
-- ### ORDER 199
INSERT INTO PAYMENT_DETAIL(ID, AMOUNT, PROVIDER, PROVIDER_PAYMENT_UUID)
VALUES (209, 1445.0, 'CRYPTO', '196395658');
INSERT INTO ORDERS (ID, CUST_ID, PAYMENT_ID, STATUS, AMOUNT, CREATED_ON, UPDATED_ON)
VALUES (209, 777, 209, 'DELIVERED', 1445.0, LOCALTIMESTAMP, LOCALTIMESTAMP);
INSERT INTO ORDER_ITEM (ID, ORDER_ID, PRODUCT_ID, QUANTITY)
VALUES (4782, 209, 27, 10);
INSERT INTO ORDER_ITEM (ID, ORDER_ID, PRODUCT_ID, QUANTITY)
VALUES (4783, 209, 30, 1);
INSERT INTO ORDER_ITEM (ID, ORDER_ID, PRODUCT_ID, QUANTITY)
VALUES (4784, 209, 53, 16);
INSERT INTO ORDER_ITEM (ID, ORDER_ID, PRODUCT_ID, QUANTITY)
VALUES (4785, 209, 26, 14);
-- ### ORDER 200
INSERT INTO PAYMENT_DETAIL(ID, AMOUNT, PROVIDER, PROVIDER_PAYMENT_UUID)
VALUES (210, 3768.0, 'CRYPTO', '563535025');
INSERT INTO ORDERS (ID, CUST_ID, PAYMENT_ID, STATUS, AMOUNT, CREATED_ON, UPDATED_ON)
VALUES (210, 777, 210, 'DELIVERED', 3768.0, LOCALTIMESTAMP, LOCALTIMESTAMP);
INSERT INTO ORDER_ITEM (ID, ORDER_ID, PRODUCT_ID, QUANTITY)
VALUES (4786, 210, 46, 6);
INSERT INTO ORDER_ITEM (ID, ORDER_ID, PRODUCT_ID, QUANTITY)
VALUES (4787, 210, 22, 19);
INSERT INTO ORDER_ITEM (ID, ORDER_ID, PRODUCT_ID, QUANTITY)
VALUES (4788, 210, 37, 16);
INSERT INTO ORDER_ITEM (ID, ORDER_ID, PRODUCT_ID, QUANTITY)
VALUES (4789, 210, 30, 18);
INSERT INTO ORDER_ITEM (ID, ORDER_ID, PRODUCT_ID, QUANTITY)
VALUES (4790, 210, 18, 3);
INSERT INTO ORDER_ITEM (ID, ORDER_ID, PRODUCT_ID, QUANTITY)
VALUES (4791, 210, 51, 7);
INSERT INTO ORDER_ITEM (ID, ORDER_ID, PRODUCT_ID, QUANTITY)
VALUES (4792, 210, 45, 15);
INSERT INTO ORDER_ITEM (ID, ORDER_ID, PRODUCT_ID, QUANTITY)
VALUES (4793, 210, 14, 5);
INSERT INTO ORDER_ITEM (ID, ORDER_ID, PRODUCT_ID, QUANTITY)
VALUES (4794, 210, 29, 4);
INSERT INTO ORDER_ITEM (ID, ORDER_ID, PRODUCT_ID, QUANTITY)
VALUES (4795, 210, 55, 5);
INSERT INTO ORDER_ITEM (ID, ORDER_ID, PRODUCT_ID, QUANTITY)
VALUES (4796, 210, 31, 1);
INSERT INTO ORDER_ITEM (ID, ORDER_ID, PRODUCT_ID, QUANTITY)
VALUES (4797, 210, 44, 8);
INSERT INTO ORDER_ITEM (ID, ORDER_ID, PRODUCT_ID, QUANTITY)
VALUES (4798, 210, 16, 20);
INSERT INTO ORDER_ITEM (ID, ORDER_ID, PRODUCT_ID, QUANTITY)
VALUES (4799, 210, 57, 15);
INSERT INTO ORDER_ITEM (ID, ORDER_ID, PRODUCT_ID, QUANTITY)
VALUES (4800, 210, 41, 9);
INSERT INTO ORDER_ITEM (ID, ORDER_ID, PRODUCT_ID, QUANTITY)
VALUES (4801, 210, 27, 10);
INSERT INTO ORDER_ITEM (ID, ORDER_ID, PRODUCT_ID, QUANTITY)
VALUES (4802, 210, 12, 3);
INSERT INTO ORDER_ITEM (ID, ORDER_ID, PRODUCT_ID, QUANTITY)
VALUES (4803, 210, 52, 8);
INSERT INTO ORDER_ITEM (ID, ORDER_ID, PRODUCT_ID, QUANTITY)
VALUES (4804, 210, 53, 16);
INSERT INTO ORDER_ITEM (ID, ORDER_ID, PRODUCT_ID, QUANTITY)
VALUES (4805, 210, 35, 0);
INSERT INTO ORDER_ITEM (ID, ORDER_ID, PRODUCT_ID, QUANTITY)
VALUES (4806, 210, 20, 1);
INSERT INTO ORDER_ITEM (ID, ORDER_ID, PRODUCT_ID, QUANTITY)
VALUES (4807, 210, 42, 11);
INSERT INTO ORDER_ITEM (ID, ORDER_ID, PRODUCT_ID, QUANTITY)
VALUES (4808, 210, 47, 16);
INSERT INTO ORDER_ITEM (ID, ORDER_ID, PRODUCT_ID, QUANTITY)
VALUES (4809, 210, 38, 15);
INSERT INTO ORDER_ITEM (ID, ORDER_ID, PRODUCT_ID, QUANTITY)
VALUES (4810, 210, 43, 17);
INSERT INTO ORDER_ITEM (ID, ORDER_ID, PRODUCT_ID, QUANTITY)
VALUES (4811, 210, 49, 2);
INSERT INTO ORDER_ITEM (ID, ORDER_ID, PRODUCT_ID, QUANTITY)
VALUES (4812, 210, 56, 20);
INSERT INTO ORDER_ITEM (ID, ORDER_ID, PRODUCT_ID, QUANTITY)
VALUES (4813, 210, 15, 7);
INSERT INTO ORDER_ITEM (ID, ORDER_ID, PRODUCT_ID, QUANTITY)
VALUES (4814, 210, 32, 1);
INSERT INTO ORDER_ITEM (ID, ORDER_ID, PRODUCT_ID, QUANTITY)
VALUES (4815, 210, 48, 0);
INSERT INTO ORDER_ITEM (ID, ORDER_ID, PRODUCT_ID, QUANTITY)
VALUES (4816, 210, 59, 6);
INSERT INTO ORDER_ITEM (ID, ORDER_ID, PRODUCT_ID, QUANTITY)
VALUES (4817, 210, 21, 0);
INSERT INTO ORDER_ITEM (ID, ORDER_ID, PRODUCT_ID, QUANTITY)
VALUES (4818, 210, 36, 14);
INSERT INTO ORDER_ITEM (ID, ORDER_ID, PRODUCT_ID, QUANTITY)
VALUES (4819, 210, 39, 1);
INSERT INTO ORDER_ITEM (ID, ORDER_ID, PRODUCT_ID, QUANTITY)
VALUES (4820, 210, 17, 0);
INSERT INTO ORDER_ITEM (ID, ORDER_ID, PRODUCT_ID, QUANTITY)
VALUES (4821, 210, 60, 9);
INSERT INTO ORDER_ITEM (ID, ORDER_ID, PRODUCT_ID, QUANTITY)
VALUES (4822, 210, 33, 11);
INSERT INTO ORDER_ITEM (ID, ORDER_ID, PRODUCT_ID, QUANTITY)
VALUES (4823, 210, 25, 5);
INSERT INTO ORDER_ITEM (ID, ORDER_ID, PRODUCT_ID, QUANTITY)
VALUES (4824, 210, 54, 12);
INSERT INTO ORDER_ITEM (ID, ORDER_ID, PRODUCT_ID, QUANTITY)
VALUES (4825, 210, 26, 12);
INSERT INTO ORDER_ITEM (ID, ORDER_ID, PRODUCT_ID, QUANTITY)
VALUES (4826, 210, 50, 10);
INSERT INTO ORDER_ITEM (ID, ORDER_ID, PRODUCT_ID, QUANTITY)
VALUES (4827, 210, 24, 12);
INSERT INTO ORDER_ITEM (ID, ORDER_ID, PRODUCT_ID, QUANTITY)
VALUES (4828, 210, 13, 17);
INSERT INTO ORDER_ITEM (ID, ORDER_ID, PRODUCT_ID, QUANTITY)
VALUES (4829, 210, 34, 9);
INSERT INTO ORDER_ITEM (ID, ORDER_ID, PRODUCT_ID, QUANTITY)
VALUES (4830, 210, 58, 2);
-- ### ORDER 201
INSERT INTO PAYMENT_DETAIL(ID, AMOUNT, PROVIDER, PROVIDER_PAYMENT_UUID)
VALUES (211, 3964.0, 'VISA', '752062838');
INSERT INTO ORDERS (ID, CUST_ID, PAYMENT_ID, STATUS, AMOUNT, CREATED_ON, UPDATED_ON)
VALUES (211, 777, 211, 'DELIVERED', 3964.0, LOCALTIMESTAMP, LOCALTIMESTAMP);
INSERT INTO ORDER_ITEM (ID, ORDER_ID, PRODUCT_ID, QUANTITY)
VALUES (4831, 211, 35, 12);
-- ### ORDER 202
INSERT INTO PAYMENT_DETAIL(ID, AMOUNT, PROVIDER, PROVIDER_PAYMENT_UUID)
VALUES (212, 2820.0, 'VISA', '243754951');
INSERT INTO ORDERS (ID, CUST_ID, PAYMENT_ID, STATUS, AMOUNT, CREATED_ON, UPDATED_ON)
VALUES (212, 777, 212, 'DELIVERED', 2820.0, LOCALTIMESTAMP, LOCALTIMESTAMP);
INSERT INTO ORDER_ITEM (ID, ORDER_ID, PRODUCT_ID, QUANTITY)
VALUES (4832, 212, 35, 8);
INSERT INTO ORDER_ITEM (ID, ORDER_ID, PRODUCT_ID, QUANTITY)
VALUES (4833, 212, 32, 8);
INSERT INTO ORDER_ITEM (ID, ORDER_ID, PRODUCT_ID, QUANTITY)
VALUES (4834, 212, 37, 16);
INSERT INTO ORDER_ITEM (ID, ORDER_ID, PRODUCT_ID, QUANTITY)
VALUES (4835, 212, 39, 7);
INSERT INTO ORDER_ITEM (ID, ORDER_ID, PRODUCT_ID, QUANTITY)
VALUES (4836, 212, 46, 3);
INSERT INTO ORDER_ITEM (ID, ORDER_ID, PRODUCT_ID, QUANTITY)
VALUES (4837, 212, 25, 17);
INSERT INTO ORDER_ITEM (ID, ORDER_ID, PRODUCT_ID, QUANTITY)
VALUES (4838, 212, 50, 15);
INSERT INTO ORDER_ITEM (ID, ORDER_ID, PRODUCT_ID, QUANTITY)
VALUES (4839, 212, 55, 6);
INSERT INTO ORDER_ITEM (ID, ORDER_ID, PRODUCT_ID, QUANTITY)
VALUES (4840, 212, 42, 7);
INSERT INTO ORDER_ITEM (ID, ORDER_ID, PRODUCT_ID, QUANTITY)
VALUES (4841, 212, 47, 8);
INSERT INTO ORDER_ITEM (ID, ORDER_ID, PRODUCT_ID, QUANTITY)
VALUES (4842, 212, 29, 18);
INSERT INTO ORDER_ITEM (ID, ORDER_ID, PRODUCT_ID, QUANTITY)
VALUES (4843, 212, 54, 11);
INSERT INTO ORDER_ITEM (ID, ORDER_ID, PRODUCT_ID, QUANTITY)
VALUES (4844, 212, 13, 8);
INSERT INTO ORDER_ITEM (ID, ORDER_ID, PRODUCT_ID, QUANTITY)
VALUES (4845, 212, 45, 14);
INSERT INTO ORDER_ITEM (ID, ORDER_ID, PRODUCT_ID, QUANTITY)
VALUES (4846, 212, 36, 8);
INSERT INTO ORDER_ITEM (ID, ORDER_ID, PRODUCT_ID, QUANTITY)
VALUES (4847, 212, 12, 11);
INSERT INTO ORDER_ITEM (ID, ORDER_ID, PRODUCT_ID, QUANTITY)
VALUES (4848, 212, 38, 16);
INSERT INTO ORDER_ITEM (ID, ORDER_ID, PRODUCT_ID, QUANTITY)
VALUES (4849, 212, 16, 20);
INSERT INTO ORDER_ITEM (ID, ORDER_ID, PRODUCT_ID, QUANTITY)
VALUES (4850, 212, 11, 1);
INSERT INTO ORDER_ITEM (ID, ORDER_ID, PRODUCT_ID, QUANTITY)
VALUES (4851, 212, 22, 15);
INSERT INTO ORDER_ITEM (ID, ORDER_ID, PRODUCT_ID, QUANTITY)
VALUES (4852, 212, 41, 13);
INSERT INTO ORDER_ITEM (ID, ORDER_ID, PRODUCT_ID, QUANTITY)
VALUES (4853, 212, 34, 11);
-- ### ORDER 203
INSERT INTO PAYMENT_DETAIL(ID, AMOUNT, PROVIDER, PROVIDER_PAYMENT_UUID)
VALUES (213, 2438.0, 'MASTERCARD', '549460996');
INSERT INTO ORDERS (ID, CUST_ID, PAYMENT_ID, STATUS, AMOUNT, CREATED_ON, UPDATED_ON)
VALUES (213, 777, 213, 'DELIVERED', 2438.0, LOCALTIMESTAMP, LOCALTIMESTAMP);
INSERT INTO ORDER_ITEM (ID, ORDER_ID, PRODUCT_ID, QUANTITY)
VALUES (4854, 213, 22, 10);
INSERT INTO ORDER_ITEM (ID, ORDER_ID, PRODUCT_ID, QUANTITY)
VALUES (4855, 213, 43, 13);
INSERT INTO ORDER_ITEM (ID, ORDER_ID, PRODUCT_ID, QUANTITY)
VALUES (4856, 213, 41, 8);
INSERT INTO ORDER_ITEM (ID, ORDER_ID, PRODUCT_ID, QUANTITY)
VALUES (4857, 213, 21, 11);
INSERT INTO ORDER_ITEM (ID, ORDER_ID, PRODUCT_ID, QUANTITY)
VALUES (4858, 213, 25, 2);
INSERT INTO ORDER_ITEM (ID, ORDER_ID, PRODUCT_ID, QUANTITY)
VALUES (4859, 213, 46, 17);
INSERT INTO ORDER_ITEM (ID, ORDER_ID, PRODUCT_ID, QUANTITY)
VALUES (4860, 213, 51, 9);
INSERT INTO ORDER_ITEM (ID, ORDER_ID, PRODUCT_ID, QUANTITY)
VALUES (4861, 213, 20, 0);
INSERT INTO ORDER_ITEM (ID, ORDER_ID, PRODUCT_ID, QUANTITY)
VALUES (4862, 213, 33, 3);
INSERT INTO ORDER_ITEM (ID, ORDER_ID, PRODUCT_ID, QUANTITY)
VALUES (4863, 213, 29, 15);
INSERT INTO ORDER_ITEM (ID, ORDER_ID, PRODUCT_ID, QUANTITY)
VALUES (4864, 213, 57, 18);
INSERT INTO ORDER_ITEM (ID, ORDER_ID, PRODUCT_ID, QUANTITY)
VALUES (4865, 213, 53, 11);
INSERT INTO ORDER_ITEM (ID, ORDER_ID, PRODUCT_ID, QUANTITY)
VALUES (4866, 213, 44, 6);
INSERT INTO ORDER_ITEM (ID, ORDER_ID, PRODUCT_ID, QUANTITY)
VALUES (4867, 213, 23, 6);
INSERT INTO ORDER_ITEM (ID, ORDER_ID, PRODUCT_ID, QUANTITY)
VALUES (4868, 213, 49, 14);
INSERT INTO ORDER_ITEM (ID, ORDER_ID, PRODUCT_ID, QUANTITY)
VALUES (4869, 213, 39, 6);
INSERT INTO ORDER_ITEM (ID, ORDER_ID, PRODUCT_ID, QUANTITY)
VALUES (4870, 213, 11, 18);
INSERT INTO ORDER_ITEM (ID, ORDER_ID, PRODUCT_ID, QUANTITY)
VALUES (4871, 213, 17, 9);
INSERT INTO ORDER_ITEM (ID, ORDER_ID, PRODUCT_ID, QUANTITY)
VALUES (4872, 213, 15, 7);
INSERT INTO ORDER_ITEM (ID, ORDER_ID, PRODUCT_ID, QUANTITY)
VALUES (4873, 213, 14, 3);
INSERT INTO ORDER_ITEM (ID, ORDER_ID, PRODUCT_ID, QUANTITY)
VALUES (4874, 213, 40, 16);
INSERT INTO ORDER_ITEM (ID, ORDER_ID, PRODUCT_ID, QUANTITY)
VALUES (4875, 213, 12, 3);
INSERT INTO ORDER_ITEM (ID, ORDER_ID, PRODUCT_ID, QUANTITY)
VALUES (4876, 213, 16, 14);
INSERT INTO ORDER_ITEM (ID, ORDER_ID, PRODUCT_ID, QUANTITY)
VALUES (4877, 213, 59, 18);
INSERT INTO ORDER_ITEM (ID, ORDER_ID, PRODUCT_ID, QUANTITY)
VALUES (4878, 213, 42, 5);
INSERT INTO ORDER_ITEM (ID, ORDER_ID, PRODUCT_ID, QUANTITY)
VALUES (4879, 213, 52, 11);
INSERT INTO ORDER_ITEM (ID, ORDER_ID, PRODUCT_ID, QUANTITY)
VALUES (4880, 213, 31, 16);
INSERT INTO ORDER_ITEM (ID, ORDER_ID, PRODUCT_ID, QUANTITY)
VALUES (4881, 213, 45, 8);
INSERT INTO ORDER_ITEM (ID, ORDER_ID, PRODUCT_ID, QUANTITY)
VALUES (4882, 213, 56, 6);
INSERT INTO ORDER_ITEM (ID, ORDER_ID, PRODUCT_ID, QUANTITY)
VALUES (4883, 213, 36, 16);
INSERT INTO ORDER_ITEM (ID, ORDER_ID, PRODUCT_ID, QUANTITY)
VALUES (4884, 213, 19, 3);
INSERT INTO ORDER_ITEM (ID, ORDER_ID, PRODUCT_ID, QUANTITY)
VALUES (4885, 213, 28, 9);
INSERT INTO ORDER_ITEM (ID, ORDER_ID, PRODUCT_ID, QUANTITY)
VALUES (4886, 213, 13, 11);
-- ### ORDER 204
INSERT INTO PAYMENT_DETAIL(ID, AMOUNT, PROVIDER, PROVIDER_PAYMENT_UUID)
VALUES (214, 1374.0, 'ICARD', '312120069');
INSERT INTO ORDERS (ID, CUST_ID, PAYMENT_ID, STATUS, AMOUNT, CREATED_ON, UPDATED_ON)
VALUES (214, 777, 214, 'DELIVERED', 1374.0, LOCALTIMESTAMP, LOCALTIMESTAMP);
INSERT INTO ORDER_ITEM (ID, ORDER_ID, PRODUCT_ID, QUANTITY)
VALUES (4887, 214, 27, 19);
INSERT INTO ORDER_ITEM (ID, ORDER_ID, PRODUCT_ID, QUANTITY)
VALUES (4888, 214, 46, 13);
INSERT INTO ORDER_ITEM (ID, ORDER_ID, PRODUCT_ID, QUANTITY)
VALUES (4889, 214, 43, 8);
INSERT INTO ORDER_ITEM (ID, ORDER_ID, PRODUCT_ID, QUANTITY)
VALUES (4890, 214, 13, 11);
INSERT INTO ORDER_ITEM (ID, ORDER_ID, PRODUCT_ID, QUANTITY)
VALUES (4891, 214, 45, 4);
INSERT INTO ORDER_ITEM (ID, ORDER_ID, PRODUCT_ID, QUANTITY)
VALUES (4892, 214, 44, 0);
INSERT INTO ORDER_ITEM (ID, ORDER_ID, PRODUCT_ID, QUANTITY)
VALUES (4893, 214, 40, 2);
INSERT INTO ORDER_ITEM (ID, ORDER_ID, PRODUCT_ID, QUANTITY)
VALUES (4894, 214, 33, 17);
INSERT INTO ORDER_ITEM (ID, ORDER_ID, PRODUCT_ID, QUANTITY)
VALUES (4895, 214, 22, 11);
INSERT INTO ORDER_ITEM (ID, ORDER_ID, PRODUCT_ID, QUANTITY)
VALUES (4896, 214, 48, 11);
INSERT INTO ORDER_ITEM (ID, ORDER_ID, PRODUCT_ID, QUANTITY)
VALUES (4897, 214, 59, 6);
INSERT INTO ORDER_ITEM (ID, ORDER_ID, PRODUCT_ID, QUANTITY)
VALUES (4898, 214, 54, 12);
INSERT INTO ORDER_ITEM (ID, ORDER_ID, PRODUCT_ID, QUANTITY)
VALUES (4899, 214, 57, 17);
INSERT INTO ORDER_ITEM (ID, ORDER_ID, PRODUCT_ID, QUANTITY)
VALUES (4900, 214, 35, 13);
INSERT INTO ORDER_ITEM (ID, ORDER_ID, PRODUCT_ID, QUANTITY)
VALUES (4901, 214, 34, 19);
INSERT INTO ORDER_ITEM (ID, ORDER_ID, PRODUCT_ID, QUANTITY)
VALUES (4902, 214, 21, 10);
-- ### ORDER 205
INSERT INTO PAYMENT_DETAIL(ID, AMOUNT, PROVIDER, PROVIDER_PAYMENT_UUID)
VALUES (215, 4135.0, 'MASTERCARD', '571785056');
INSERT INTO ORDERS (ID, CUST_ID, PAYMENT_ID, STATUS, AMOUNT, CREATED_ON, UPDATED_ON)
VALUES (215, 777, 215, 'DELIVERED', 4135.0, LOCALTIMESTAMP, LOCALTIMESTAMP);
INSERT INTO ORDER_ITEM (ID, ORDER_ID, PRODUCT_ID, QUANTITY)
VALUES (4903, 215, 46, 15);
INSERT INTO ORDER_ITEM (ID, ORDER_ID, PRODUCT_ID, QUANTITY)
VALUES (4904, 215, 33, 0);
INSERT INTO ORDER_ITEM (ID, ORDER_ID, PRODUCT_ID, QUANTITY)
VALUES (4905, 215, 38, 2);
INSERT INTO ORDER_ITEM (ID, ORDER_ID, PRODUCT_ID, QUANTITY)
VALUES (4906, 215, 30, 9);
INSERT INTO ORDER_ITEM (ID, ORDER_ID, PRODUCT_ID, QUANTITY)
VALUES (4907, 215, 36, 15);
INSERT INTO ORDER_ITEM (ID, ORDER_ID, PRODUCT_ID, QUANTITY)
VALUES (4908, 215, 32, 17);
INSERT INTO ORDER_ITEM (ID, ORDER_ID, PRODUCT_ID, QUANTITY)
VALUES (4909, 215, 21, 18);
INSERT INTO ORDER_ITEM (ID, ORDER_ID, PRODUCT_ID, QUANTITY)
VALUES (4910, 215, 28, 14);
INSERT INTO ORDER_ITEM (ID, ORDER_ID, PRODUCT_ID, QUANTITY)
VALUES (4911, 215, 25, 2);
INSERT INTO ORDER_ITEM (ID, ORDER_ID, PRODUCT_ID, QUANTITY)
VALUES (4912, 215, 26, 3);
INSERT INTO ORDER_ITEM (ID, ORDER_ID, PRODUCT_ID, QUANTITY)
VALUES (4913, 215, 58, 8);
INSERT INTO ORDER_ITEM (ID, ORDER_ID, PRODUCT_ID, QUANTITY)
VALUES (4914, 215, 52, 4);
INSERT INTO ORDER_ITEM (ID, ORDER_ID, PRODUCT_ID, QUANTITY)
VALUES (4915, 215, 12, 12);
INSERT INTO ORDER_ITEM (ID, ORDER_ID, PRODUCT_ID, QUANTITY)
VALUES (4916, 215, 45, 15);
INSERT INTO ORDER_ITEM (ID, ORDER_ID, PRODUCT_ID, QUANTITY)
VALUES (4917, 215, 48, 7);
INSERT INTO ORDER_ITEM (ID, ORDER_ID, PRODUCT_ID, QUANTITY)
VALUES (4918, 215, 43, 18);
INSERT INTO ORDER_ITEM (ID, ORDER_ID, PRODUCT_ID, QUANTITY)
VALUES (4919, 215, 15, 2);
INSERT INTO ORDER_ITEM (ID, ORDER_ID, PRODUCT_ID, QUANTITY)
VALUES (4920, 215, 22, 9);
INSERT INTO ORDER_ITEM (ID, ORDER_ID, PRODUCT_ID, QUANTITY)
VALUES (4921, 215, 57, 15);
INSERT INTO ORDER_ITEM (ID, ORDER_ID, PRODUCT_ID, QUANTITY)
VALUES (4922, 215, 20, 7);
INSERT INTO ORDER_ITEM (ID, ORDER_ID, PRODUCT_ID, QUANTITY)
VALUES (4923, 215, 14, 6);
INSERT INTO ORDER_ITEM (ID, ORDER_ID, PRODUCT_ID, QUANTITY)
VALUES (4924, 215, 19, 7);
INSERT INTO ORDER_ITEM (ID, ORDER_ID, PRODUCT_ID, QUANTITY)
VALUES (4925, 215, 47, 11);
INSERT INTO ORDER_ITEM (ID, ORDER_ID, PRODUCT_ID, QUANTITY)
VALUES (4926, 215, 17, 12);
INSERT INTO ORDER_ITEM (ID, ORDER_ID, PRODUCT_ID, QUANTITY)
VALUES (4927, 215, 56, 8);
-- ### ORDER 206
INSERT INTO PAYMENT_DETAIL(ID, AMOUNT, PROVIDER, PROVIDER_PAYMENT_UUID)
VALUES (216, 1340.0, 'ICARD', '235235166');
INSERT INTO ORDERS (ID, CUST_ID, PAYMENT_ID, STATUS, AMOUNT, CREATED_ON, UPDATED_ON)
VALUES (216, 777, 216, 'DELIVERED', 1340.0, LOCALTIMESTAMP, LOCALTIMESTAMP);
INSERT INTO ORDER_ITEM (ID, ORDER_ID, PRODUCT_ID, QUANTITY)
VALUES (4928, 216, 49, 19);
INSERT INTO ORDER_ITEM (ID, ORDER_ID, PRODUCT_ID, QUANTITY)
VALUES (4929, 216, 60, 7);
INSERT INTO ORDER_ITEM (ID, ORDER_ID, PRODUCT_ID, QUANTITY)
VALUES (4930, 216, 58, 20);
INSERT INTO ORDER_ITEM (ID, ORDER_ID, PRODUCT_ID, QUANTITY)
VALUES (4931, 216, 43, 11);
INSERT INTO ORDER_ITEM (ID, ORDER_ID, PRODUCT_ID, QUANTITY)
VALUES (4932, 216, 38, 11);
INSERT INTO ORDER_ITEM (ID, ORDER_ID, PRODUCT_ID, QUANTITY)
VALUES (4933, 216, 19, 18);
INSERT INTO ORDER_ITEM (ID, ORDER_ID, PRODUCT_ID, QUANTITY)
VALUES (4934, 216, 14, 16);
INSERT INTO ORDER_ITEM (ID, ORDER_ID, PRODUCT_ID, QUANTITY)
VALUES (4935, 216, 24, 18);
INSERT INTO ORDER_ITEM (ID, ORDER_ID, PRODUCT_ID, QUANTITY)
VALUES (4936, 216, 36, 20);
INSERT INTO ORDER_ITEM (ID, ORDER_ID, PRODUCT_ID, QUANTITY)
VALUES (4937, 216, 46, 3);
INSERT INTO ORDER_ITEM (ID, ORDER_ID, PRODUCT_ID, QUANTITY)
VALUES (4938, 216, 48, 11);
INSERT INTO ORDER_ITEM (ID, ORDER_ID, PRODUCT_ID, QUANTITY)
VALUES (4939, 216, 57, 7);
INSERT INTO ORDER_ITEM (ID, ORDER_ID, PRODUCT_ID, QUANTITY)
VALUES (4940, 216, 42, 0);
INSERT INTO ORDER_ITEM (ID, ORDER_ID, PRODUCT_ID, QUANTITY)
VALUES (4941, 216, 22, 11);
INSERT INTO ORDER_ITEM (ID, ORDER_ID, PRODUCT_ID, QUANTITY)
VALUES (4942, 216, 32, 16);
INSERT INTO ORDER_ITEM (ID, ORDER_ID, PRODUCT_ID, QUANTITY)
VALUES (4943, 216, 29, 10);
INSERT INTO ORDER_ITEM (ID, ORDER_ID, PRODUCT_ID, QUANTITY)
VALUES (4944, 216, 16, 10);
INSERT INTO ORDER_ITEM (ID, ORDER_ID, PRODUCT_ID, QUANTITY)
VALUES (4945, 216, 12, 11);
INSERT INTO ORDER_ITEM (ID, ORDER_ID, PRODUCT_ID, QUANTITY)
VALUES (4946, 216, 31, 20);
INSERT INTO ORDER_ITEM (ID, ORDER_ID, PRODUCT_ID, QUANTITY)
VALUES (4947, 216, 59, 11);
INSERT INTO ORDER_ITEM (ID, ORDER_ID, PRODUCT_ID, QUANTITY)
VALUES (4948, 216, 50, 14);
INSERT INTO ORDER_ITEM (ID, ORDER_ID, PRODUCT_ID, QUANTITY)
VALUES (4949, 216, 37, 15);
INSERT INTO ORDER_ITEM (ID, ORDER_ID, PRODUCT_ID, QUANTITY)
VALUES (4950, 216, 33, 9);
INSERT INTO ORDER_ITEM (ID, ORDER_ID, PRODUCT_ID, QUANTITY)
VALUES (4951, 216, 56, 13);
INSERT INTO ORDER_ITEM (ID, ORDER_ID, PRODUCT_ID, QUANTITY)
VALUES (4952, 216, 30, 20);
INSERT INTO ORDER_ITEM (ID, ORDER_ID, PRODUCT_ID, QUANTITY)
VALUES (4953, 216, 52, 5);
INSERT INTO ORDER_ITEM (ID, ORDER_ID, PRODUCT_ID, QUANTITY)
VALUES (4954, 216, 45, 2);
INSERT INTO ORDER_ITEM (ID, ORDER_ID, PRODUCT_ID, QUANTITY)
VALUES (4955, 216, 26, 17);
INSERT INTO ORDER_ITEM (ID, ORDER_ID, PRODUCT_ID, QUANTITY)
VALUES (4956, 216, 54, 15);
INSERT INTO ORDER_ITEM (ID, ORDER_ID, PRODUCT_ID, QUANTITY)
VALUES (4957, 216, 34, 13);
INSERT INTO ORDER_ITEM (ID, ORDER_ID, PRODUCT_ID, QUANTITY)
VALUES (4958, 216, 28, 0);
INSERT INTO ORDER_ITEM (ID, ORDER_ID, PRODUCT_ID, QUANTITY)
VALUES (4959, 216, 51, 10);
INSERT INTO ORDER_ITEM (ID, ORDER_ID, PRODUCT_ID, QUANTITY)
VALUES (4960, 216, 13, 16);
INSERT INTO ORDER_ITEM (ID, ORDER_ID, PRODUCT_ID, QUANTITY)
VALUES (4961, 216, 55, 14);
INSERT INTO ORDER_ITEM (ID, ORDER_ID, PRODUCT_ID, QUANTITY)
VALUES (4962, 216, 41, 2);
-- ### ORDER 207
INSERT INTO PAYMENT_DETAIL(ID, AMOUNT, PROVIDER, PROVIDER_PAYMENT_UUID)
VALUES (217, 261.0, 'ICARD', '192185666');
INSERT INTO ORDERS (ID, CUST_ID, PAYMENT_ID, STATUS, AMOUNT, CREATED_ON, UPDATED_ON)
VALUES (217, 777, 217, 'DELIVERED', 261.0, LOCALTIMESTAMP, LOCALTIMESTAMP);
INSERT INTO ORDER_ITEM (ID, ORDER_ID, PRODUCT_ID, QUANTITY)
VALUES (4963, 217, 52, 20);
INSERT INTO ORDER_ITEM (ID, ORDER_ID, PRODUCT_ID, QUANTITY)
VALUES (4964, 217, 42, 13);
INSERT INTO ORDER_ITEM (ID, ORDER_ID, PRODUCT_ID, QUANTITY)
VALUES (4965, 217, 38, 15);
INSERT INTO ORDER_ITEM (ID, ORDER_ID, PRODUCT_ID, QUANTITY)
VALUES (4966, 217, 14, 6);
INSERT INTO ORDER_ITEM (ID, ORDER_ID, PRODUCT_ID, QUANTITY)
VALUES (4967, 217, 21, 8);
INSERT INTO ORDER_ITEM (ID, ORDER_ID, PRODUCT_ID, QUANTITY)
VALUES (4968, 217, 36, 0);
INSERT INTO ORDER_ITEM (ID, ORDER_ID, PRODUCT_ID, QUANTITY)
VALUES (4969, 217, 13, 0);
INSERT INTO ORDER_ITEM (ID, ORDER_ID, PRODUCT_ID, QUANTITY)
VALUES (4970, 217, 30, 15);
INSERT INTO ORDER_ITEM (ID, ORDER_ID, PRODUCT_ID, QUANTITY)
VALUES (4971, 217, 58, 15);
INSERT INTO ORDER_ITEM (ID, ORDER_ID, PRODUCT_ID, QUANTITY)
VALUES (4972, 217, 35, 3);
INSERT INTO ORDER_ITEM (ID, ORDER_ID, PRODUCT_ID, QUANTITY)
VALUES (4973, 217, 34, 8);
INSERT INTO ORDER_ITEM (ID, ORDER_ID, PRODUCT_ID, QUANTITY)
VALUES (4974, 217, 59, 6);
INSERT INTO ORDER_ITEM (ID, ORDER_ID, PRODUCT_ID, QUANTITY)
VALUES (4975, 217, 24, 18);
-- ### ORDER 208
INSERT INTO PAYMENT_DETAIL(ID, AMOUNT, PROVIDER, PROVIDER_PAYMENT_UUID)
VALUES (218, 2501.0, 'ICARD', '95233818');
INSERT INTO ORDERS (ID, CUST_ID, PAYMENT_ID, STATUS, AMOUNT, CREATED_ON, UPDATED_ON)
VALUES (218, 777, 218, 'DELIVERED', 2501.0, LOCALTIMESTAMP, LOCALTIMESTAMP);
INSERT INTO ORDER_ITEM (ID, ORDER_ID, PRODUCT_ID, QUANTITY)
VALUES (4976, 218, 28, 6);
INSERT INTO ORDER_ITEM (ID, ORDER_ID, PRODUCT_ID, QUANTITY)
VALUES (4977, 218, 23, 13);
INSERT INTO ORDER_ITEM (ID, ORDER_ID, PRODUCT_ID, QUANTITY)
VALUES (4978, 218, 40, 7);
INSERT INTO ORDER_ITEM (ID, ORDER_ID, PRODUCT_ID, QUANTITY)
VALUES (4979, 218, 58, 13);
INSERT INTO ORDER_ITEM (ID, ORDER_ID, PRODUCT_ID, QUANTITY)
VALUES (4980, 218, 35, 1);
INSERT INTO ORDER_ITEM (ID, ORDER_ID, PRODUCT_ID, QUANTITY)
VALUES (4981, 218, 20, 17);
INSERT INTO ORDER_ITEM (ID, ORDER_ID, PRODUCT_ID, QUANTITY)
VALUES (4982, 218, 41, 11);
INSERT INTO ORDER_ITEM (ID, ORDER_ID, PRODUCT_ID, QUANTITY)
VALUES (4983, 218, 52, 4);
INSERT INTO ORDER_ITEM (ID, ORDER_ID, PRODUCT_ID, QUANTITY)
VALUES (4984, 218, 25, 11);
INSERT INTO ORDER_ITEM (ID, ORDER_ID, PRODUCT_ID, QUANTITY)
VALUES (4985, 218, 24, 1);
INSERT INTO ORDER_ITEM (ID, ORDER_ID, PRODUCT_ID, QUANTITY)
VALUES (4986, 218, 42, 18);
INSERT INTO ORDER_ITEM (ID, ORDER_ID, PRODUCT_ID, QUANTITY)
VALUES (4987, 218, 46, 18);
INSERT INTO ORDER_ITEM (ID, ORDER_ID, PRODUCT_ID, QUANTITY)
VALUES (4988, 218, 13, 5);
INSERT INTO ORDER_ITEM (ID, ORDER_ID, PRODUCT_ID, QUANTITY)
VALUES (4989, 218, 15, 9);
INSERT INTO ORDER_ITEM (ID, ORDER_ID, PRODUCT_ID, QUANTITY)
VALUES (4990, 218, 21, 1);
-- ### ORDER 209
INSERT INTO PAYMENT_DETAIL(ID, AMOUNT, PROVIDER, PROVIDER_PAYMENT_UUID)
VALUES (219, 951.0, 'VISA', '834024996');
INSERT INTO ORDERS (ID, CUST_ID, PAYMENT_ID, STATUS, AMOUNT, CREATED_ON, UPDATED_ON)
VALUES (219, 777, 219, 'DELIVERED', 951.0, LOCALTIMESTAMP, LOCALTIMESTAMP);
INSERT INTO ORDER_ITEM (ID, ORDER_ID, PRODUCT_ID, QUANTITY)
VALUES (4991, 219, 41, 8);
INSERT INTO ORDER_ITEM (ID, ORDER_ID, PRODUCT_ID, QUANTITY)
VALUES (4992, 219, 47, 9);
INSERT INTO ORDER_ITEM (ID, ORDER_ID, PRODUCT_ID, QUANTITY)
VALUES (4993, 219, 43, 20);
INSERT INTO ORDER_ITEM (ID, ORDER_ID, PRODUCT_ID, QUANTITY)
VALUES (4994, 219, 50, 12);
INSERT INTO ORDER_ITEM (ID, ORDER_ID, PRODUCT_ID, QUANTITY)
VALUES (4995, 219, 55, 12);
INSERT INTO ORDER_ITEM (ID, ORDER_ID, PRODUCT_ID, QUANTITY)
VALUES (4996, 219, 52, 20);
INSERT INTO ORDER_ITEM (ID, ORDER_ID, PRODUCT_ID, QUANTITY)
VALUES (4997, 219, 22, 11);
INSERT INTO ORDER_ITEM (ID, ORDER_ID, PRODUCT_ID, QUANTITY)
VALUES (4998, 219, 21, 8);
INSERT INTO ORDER_ITEM (ID, ORDER_ID, PRODUCT_ID, QUANTITY)
VALUES (4999, 219, 46, 0);
INSERT INTO ORDER_ITEM (ID, ORDER_ID, PRODUCT_ID, QUANTITY)
VALUES (5000, 219, 32, 1);
INSERT INTO ORDER_ITEM (ID, ORDER_ID, PRODUCT_ID, QUANTITY)
VALUES (5001, 219, 14, 1);
INSERT INTO ORDER_ITEM (ID, ORDER_ID, PRODUCT_ID, QUANTITY)
VALUES (5002, 219, 58, 13);
INSERT INTO ORDER_ITEM (ID, ORDER_ID, PRODUCT_ID, QUANTITY)
VALUES (5003, 219, 26, 11);
INSERT INTO ORDER_ITEM (ID, ORDER_ID, PRODUCT_ID, QUANTITY)
VALUES (5004, 219, 44, 6);
INSERT INTO ORDER_ITEM (ID, ORDER_ID, PRODUCT_ID, QUANTITY)
VALUES (5005, 219, 12, 0);
INSERT INTO ORDER_ITEM (ID, ORDER_ID, PRODUCT_ID, QUANTITY)
VALUES (5006, 219, 20, 19);
INSERT INTO ORDER_ITEM (ID, ORDER_ID, PRODUCT_ID, QUANTITY)
VALUES (5007, 219, 27, 13);
INSERT INTO ORDER_ITEM (ID, ORDER_ID, PRODUCT_ID, QUANTITY)
VALUES (5008, 219, 59, 9);
INSERT INTO ORDER_ITEM (ID, ORDER_ID, PRODUCT_ID, QUANTITY)
VALUES (5009, 219, 36, 3);
INSERT INTO ORDER_ITEM (ID, ORDER_ID, PRODUCT_ID, QUANTITY)
VALUES (5010, 219, 53, 15);
INSERT INTO ORDER_ITEM (ID, ORDER_ID, PRODUCT_ID, QUANTITY)
VALUES (5011, 219, 37, 2);
INSERT INTO ORDER_ITEM (ID, ORDER_ID, PRODUCT_ID, QUANTITY)
VALUES (5012, 219, 30, 11);
INSERT INTO ORDER_ITEM (ID, ORDER_ID, PRODUCT_ID, QUANTITY)
VALUES (5013, 219, 31, 2);
INSERT INTO ORDER_ITEM (ID, ORDER_ID, PRODUCT_ID, QUANTITY)
VALUES (5014, 219, 48, 3);
INSERT INTO ORDER_ITEM (ID, ORDER_ID, PRODUCT_ID, QUANTITY)
VALUES (5015, 219, 11, 12);
INSERT INTO ORDER_ITEM (ID, ORDER_ID, PRODUCT_ID, QUANTITY)
VALUES (5016, 219, 49, 16);
INSERT INTO ORDER_ITEM (ID, ORDER_ID, PRODUCT_ID, QUANTITY)
VALUES (5017, 219, 54, 2);
INSERT INTO ORDER_ITEM (ID, ORDER_ID, PRODUCT_ID, QUANTITY)
VALUES (5018, 219, 19, 13);
INSERT INTO ORDER_ITEM (ID, ORDER_ID, PRODUCT_ID, QUANTITY)
VALUES (5019, 219, 56, 6);
INSERT INTO ORDER_ITEM (ID, ORDER_ID, PRODUCT_ID, QUANTITY)
VALUES (5020, 219, 16, 2);
INSERT INTO ORDER_ITEM (ID, ORDER_ID, PRODUCT_ID, QUANTITY)
VALUES (5021, 219, 25, 10);
INSERT INTO ORDER_ITEM (ID, ORDER_ID, PRODUCT_ID, QUANTITY)
VALUES (5022, 219, 42, 10);
INSERT INTO ORDER_ITEM (ID, ORDER_ID, PRODUCT_ID, QUANTITY)
VALUES (5023, 219, 13, 13);
INSERT INTO ORDER_ITEM (ID, ORDER_ID, PRODUCT_ID, QUANTITY)
VALUES (5024, 219, 15, 5);
INSERT INTO ORDER_ITEM (ID, ORDER_ID, PRODUCT_ID, QUANTITY)
VALUES (5025, 219, 38, 13);
INSERT INTO ORDER_ITEM (ID, ORDER_ID, PRODUCT_ID, QUANTITY)
VALUES (5026, 219, 23, 12);
-- ### ORDER 210
INSERT INTO PAYMENT_DETAIL(ID, AMOUNT, PROVIDER, PROVIDER_PAYMENT_UUID)
VALUES (220, 2791.0, 'ICARD', '889192730');
INSERT INTO ORDERS (ID, CUST_ID, PAYMENT_ID, STATUS, AMOUNT, CREATED_ON, UPDATED_ON)
VALUES (220, 777, 220, 'DELIVERED', 2791.0, LOCALTIMESTAMP, LOCALTIMESTAMP);
INSERT INTO ORDER_ITEM (ID, ORDER_ID, PRODUCT_ID, QUANTITY)
VALUES (5027, 220, 26, 8);
INSERT INTO ORDER_ITEM (ID, ORDER_ID, PRODUCT_ID, QUANTITY)
VALUES (5028, 220, 20, 11);
INSERT INTO ORDER_ITEM (ID, ORDER_ID, PRODUCT_ID, QUANTITY)
VALUES (5029, 220, 12, 15);
INSERT INTO ORDER_ITEM (ID, ORDER_ID, PRODUCT_ID, QUANTITY)
VALUES (5030, 220, 13, 9);
INSERT INTO ORDER_ITEM (ID, ORDER_ID, PRODUCT_ID, QUANTITY)
VALUES (5031, 220, 30, 9);
INSERT INTO ORDER_ITEM (ID, ORDER_ID, PRODUCT_ID, QUANTITY)
VALUES (5032, 220, 29, 6);
INSERT INTO ORDER_ITEM (ID, ORDER_ID, PRODUCT_ID, QUANTITY)
VALUES (5033, 220, 46, 2);
INSERT INTO ORDER_ITEM (ID, ORDER_ID, PRODUCT_ID, QUANTITY)
VALUES (5034, 220, 16, 14);
INSERT INTO ORDER_ITEM (ID, ORDER_ID, PRODUCT_ID, QUANTITY)
VALUES (5035, 220, 47, 15);
INSERT INTO ORDER_ITEM (ID, ORDER_ID, PRODUCT_ID, QUANTITY)
VALUES (5036, 220, 55, 6);
INSERT INTO ORDER_ITEM (ID, ORDER_ID, PRODUCT_ID, QUANTITY)
VALUES (5037, 220, 28, 5);
INSERT INTO ORDER_ITEM (ID, ORDER_ID, PRODUCT_ID, QUANTITY)
VALUES (5038, 220, 56, 5);
INSERT INTO ORDER_ITEM (ID, ORDER_ID, PRODUCT_ID, QUANTITY)
VALUES (5039, 220, 37, 9);
INSERT INTO ORDER_ITEM (ID, ORDER_ID, PRODUCT_ID, QUANTITY)
VALUES (5040, 220, 36, 0);
INSERT INTO ORDER_ITEM (ID, ORDER_ID, PRODUCT_ID, QUANTITY)
VALUES (5041, 220, 18, 15);
INSERT INTO ORDER_ITEM (ID, ORDER_ID, PRODUCT_ID, QUANTITY)
VALUES (5042, 220, 59, 2);
INSERT INTO ORDER_ITEM (ID, ORDER_ID, PRODUCT_ID, QUANTITY)
VALUES (5043, 220, 48, 18);
INSERT INTO ORDER_ITEM (ID, ORDER_ID, PRODUCT_ID, QUANTITY)
VALUES (5044, 220, 32, 1);
INSERT INTO ORDER_ITEM (ID, ORDER_ID, PRODUCT_ID, QUANTITY)
VALUES (5045, 220, 15, 20);
INSERT INTO ORDER_ITEM (ID, ORDER_ID, PRODUCT_ID, QUANTITY)
VALUES (5046, 220, 17, 18);
INSERT INTO ORDER_ITEM (ID, ORDER_ID, PRODUCT_ID, QUANTITY)
VALUES (5047, 220, 19, 0);
INSERT INTO ORDER_ITEM (ID, ORDER_ID, PRODUCT_ID, QUANTITY)
VALUES (5048, 220, 52, 4);
INSERT INTO ORDER_ITEM (ID, ORDER_ID, PRODUCT_ID, QUANTITY)
VALUES (5049, 220, 11, 11);
INSERT INTO ORDER_ITEM (ID, ORDER_ID, PRODUCT_ID, QUANTITY)
VALUES (5050, 220, 34, 16);
INSERT INTO ORDER_ITEM (ID, ORDER_ID, PRODUCT_ID, QUANTITY)
VALUES (5051, 220, 27, 17);
INSERT INTO ORDER_ITEM (ID, ORDER_ID, PRODUCT_ID, QUANTITY)
VALUES (5052, 220, 51, 8);
INSERT INTO ORDER_ITEM (ID, ORDER_ID, PRODUCT_ID, QUANTITY)
VALUES (5053, 220, 45, 13);
INSERT INTO ORDER_ITEM (ID, ORDER_ID, PRODUCT_ID, QUANTITY)
VALUES (5054, 220, 31, 11);
INSERT INTO ORDER_ITEM (ID, ORDER_ID, PRODUCT_ID, QUANTITY)
VALUES (5055, 220, 23, 18);
INSERT INTO ORDER_ITEM (ID, ORDER_ID, PRODUCT_ID, QUANTITY)
VALUES (5056, 220, 22, 18);
INSERT INTO ORDER_ITEM (ID, ORDER_ID, PRODUCT_ID, QUANTITY)
VALUES (5057, 220, 54, 13);
INSERT INTO ORDER_ITEM (ID, ORDER_ID, PRODUCT_ID, QUANTITY)
VALUES (5058, 220, 33, 16);
INSERT INTO ORDER_ITEM (ID, ORDER_ID, PRODUCT_ID, QUANTITY)
VALUES (5059, 220, 38, 2);
INSERT INTO ORDER_ITEM (ID, ORDER_ID, PRODUCT_ID, QUANTITY)
VALUES (5060, 220, 43, 16);
INSERT INTO ORDER_ITEM (ID, ORDER_ID, PRODUCT_ID, QUANTITY)
VALUES (5061, 220, 50, 11);
INSERT INTO ORDER_ITEM (ID, ORDER_ID, PRODUCT_ID, QUANTITY)
VALUES (5062, 220, 60, 2);
INSERT INTO ORDER_ITEM (ID, ORDER_ID, PRODUCT_ID, QUANTITY)
VALUES (5063, 220, 53, 9);
INSERT INTO ORDER_ITEM (ID, ORDER_ID, PRODUCT_ID, QUANTITY)
VALUES (5064, 220, 40, 3);
INSERT INTO ORDER_ITEM (ID, ORDER_ID, PRODUCT_ID, QUANTITY)
VALUES (5065, 220, 44, 15);
INSERT INTO ORDER_ITEM (ID, ORDER_ID, PRODUCT_ID, QUANTITY)
VALUES (5066, 220, 42, 12);
INSERT INTO ORDER_ITEM (ID, ORDER_ID, PRODUCT_ID, QUANTITY)
VALUES (5067, 220, 58, 20);
INSERT INTO ORDER_ITEM (ID, ORDER_ID, PRODUCT_ID, QUANTITY)
VALUES (5068, 220, 57, 14);
INSERT INTO ORDER_ITEM (ID, ORDER_ID, PRODUCT_ID, QUANTITY)
VALUES (5069, 220, 39, 16);
INSERT INTO ORDER_ITEM (ID, ORDER_ID, PRODUCT_ID, QUANTITY)
VALUES (5070, 220, 35, 8);
INSERT INTO ORDER_ITEM (ID, ORDER_ID, PRODUCT_ID, QUANTITY)
VALUES (5071, 220, 24, 14);
INSERT INTO ORDER_ITEM (ID, ORDER_ID, PRODUCT_ID, QUANTITY)
VALUES (5072, 220, 21, 4);
INSERT INTO ORDER_ITEM (ID, ORDER_ID, PRODUCT_ID, QUANTITY)
VALUES (5073, 220, 14, 19);
-- ### ORDER 211
INSERT INTO PAYMENT_DETAIL(ID, AMOUNT, PROVIDER, PROVIDER_PAYMENT_UUID)
VALUES (221, 3448.0, 'PAYPAL', '645524000');
INSERT INTO ORDERS (ID, CUST_ID, PAYMENT_ID, STATUS, AMOUNT, CREATED_ON, UPDATED_ON)
VALUES (221, 777, 221, 'DELIVERED', 3448.0, LOCALTIMESTAMP, LOCALTIMESTAMP);
INSERT INTO ORDER_ITEM (ID, ORDER_ID, PRODUCT_ID, QUANTITY)
VALUES (5074, 221, 46, 16);
INSERT INTO ORDER_ITEM (ID, ORDER_ID, PRODUCT_ID, QUANTITY)
VALUES (5075, 221, 33, 7);
INSERT INTO ORDER_ITEM (ID, ORDER_ID, PRODUCT_ID, QUANTITY)
VALUES (5076, 221, 59, 17);
INSERT INTO ORDER_ITEM (ID, ORDER_ID, PRODUCT_ID, QUANTITY)
VALUES (5077, 221, 30, 10);
INSERT INTO ORDER_ITEM (ID, ORDER_ID, PRODUCT_ID, QUANTITY)
VALUES (5078, 221, 11, 4);
INSERT INTO ORDER_ITEM (ID, ORDER_ID, PRODUCT_ID, QUANTITY)
VALUES (5079, 221, 14, 5);
INSERT INTO ORDER_ITEM (ID, ORDER_ID, PRODUCT_ID, QUANTITY)
VALUES (5080, 221, 22, 2);
INSERT INTO ORDER_ITEM (ID, ORDER_ID, PRODUCT_ID, QUANTITY)
VALUES (5081, 221, 47, 6);
INSERT INTO ORDER_ITEM (ID, ORDER_ID, PRODUCT_ID, QUANTITY)
VALUES (5082, 221, 55, 5);
INSERT INTO ORDER_ITEM (ID, ORDER_ID, PRODUCT_ID, QUANTITY)
VALUES (5083, 221, 60, 7);
INSERT INTO ORDER_ITEM (ID, ORDER_ID, PRODUCT_ID, QUANTITY)
VALUES (5084, 221, 37, 6);
INSERT INTO ORDER_ITEM (ID, ORDER_ID, PRODUCT_ID, QUANTITY)
VALUES (5085, 221, 45, 13);
INSERT INTO ORDER_ITEM (ID, ORDER_ID, PRODUCT_ID, QUANTITY)
VALUES (5086, 221, 56, 9);
INSERT INTO ORDER_ITEM (ID, ORDER_ID, PRODUCT_ID, QUANTITY)
VALUES (5087, 221, 53, 17);
INSERT INTO ORDER_ITEM (ID, ORDER_ID, PRODUCT_ID, QUANTITY)
VALUES (5088, 221, 23, 0);
INSERT INTO ORDER_ITEM (ID, ORDER_ID, PRODUCT_ID, QUANTITY)
VALUES (5089, 221, 39, 2);
INSERT INTO ORDER_ITEM (ID, ORDER_ID, PRODUCT_ID, QUANTITY)
VALUES (5090, 221, 27, 8);
INSERT INTO ORDER_ITEM (ID, ORDER_ID, PRODUCT_ID, QUANTITY)
VALUES (5091, 221, 17, 10);
INSERT INTO ORDER_ITEM (ID, ORDER_ID, PRODUCT_ID, QUANTITY)
VALUES (5092, 221, 49, 17);
INSERT INTO ORDER_ITEM (ID, ORDER_ID, PRODUCT_ID, QUANTITY)
VALUES (5093, 221, 29, 6);
INSERT INTO ORDER_ITEM (ID, ORDER_ID, PRODUCT_ID, QUANTITY)
VALUES (5094, 221, 16, 14);
INSERT INTO ORDER_ITEM (ID, ORDER_ID, PRODUCT_ID, QUANTITY)
VALUES (5095, 221, 48, 7);
INSERT INTO ORDER_ITEM (ID, ORDER_ID, PRODUCT_ID, QUANTITY)
VALUES (5096, 221, 25, 0);
INSERT INTO ORDER_ITEM (ID, ORDER_ID, PRODUCT_ID, QUANTITY)
VALUES (5097, 221, 43, 9);
INSERT INTO ORDER_ITEM (ID, ORDER_ID, PRODUCT_ID, QUANTITY)
VALUES (5098, 221, 35, 6);
INSERT INTO ORDER_ITEM (ID, ORDER_ID, PRODUCT_ID, QUANTITY)
VALUES (5099, 221, 13, 6);
INSERT INTO ORDER_ITEM (ID, ORDER_ID, PRODUCT_ID, QUANTITY)
VALUES (5100, 221, 36, 3);
INSERT INTO ORDER_ITEM (ID, ORDER_ID, PRODUCT_ID, QUANTITY)
VALUES (5101, 221, 31, 10);
INSERT INTO ORDER_ITEM (ID, ORDER_ID, PRODUCT_ID, QUANTITY)
VALUES (5102, 221, 12, 20);
INSERT INTO ORDER_ITEM (ID, ORDER_ID, PRODUCT_ID, QUANTITY)
VALUES (5103, 221, 24, 15);
INSERT INTO ORDER_ITEM (ID, ORDER_ID, PRODUCT_ID, QUANTITY)
VALUES (5104, 221, 38, 10);
INSERT INTO ORDER_ITEM (ID, ORDER_ID, PRODUCT_ID, QUANTITY)
VALUES (5105, 221, 41, 16);
INSERT INTO ORDER_ITEM (ID, ORDER_ID, PRODUCT_ID, QUANTITY)
VALUES (5106, 221, 15, 20);
INSERT INTO ORDER_ITEM (ID, ORDER_ID, PRODUCT_ID, QUANTITY)
VALUES (5107, 221, 50, 5);
INSERT INTO ORDER_ITEM (ID, ORDER_ID, PRODUCT_ID, QUANTITY)
VALUES (5108, 221, 20, 6);
-- ### ORDER 212
INSERT INTO PAYMENT_DETAIL(ID, AMOUNT, PROVIDER, PROVIDER_PAYMENT_UUID)
VALUES (222, 2902.0, 'VISA', '217166678');
INSERT INTO ORDERS (ID, CUST_ID, PAYMENT_ID, STATUS, AMOUNT, CREATED_ON, UPDATED_ON)
VALUES (222, 777, 222, 'DELIVERED', 2902.0, LOCALTIMESTAMP, LOCALTIMESTAMP);
INSERT INTO ORDER_ITEM (ID, ORDER_ID, PRODUCT_ID, QUANTITY)
VALUES (5109, 222, 31, 5);
INSERT INTO ORDER_ITEM (ID, ORDER_ID, PRODUCT_ID, QUANTITY)
VALUES (5110, 222, 42, 8);
INSERT INTO ORDER_ITEM (ID, ORDER_ID, PRODUCT_ID, QUANTITY)
VALUES (5111, 222, 19, 11);
INSERT INTO ORDER_ITEM (ID, ORDER_ID, PRODUCT_ID, QUANTITY)
VALUES (5112, 222, 20, 8);
INSERT INTO ORDER_ITEM (ID, ORDER_ID, PRODUCT_ID, QUANTITY)
VALUES (5113, 222, 23, 10);
INSERT INTO ORDER_ITEM (ID, ORDER_ID, PRODUCT_ID, QUANTITY)
VALUES (5114, 222, 45, 20);
INSERT INTO ORDER_ITEM (ID, ORDER_ID, PRODUCT_ID, QUANTITY)
VALUES (5115, 222, 54, 6);
INSERT INTO ORDER_ITEM (ID, ORDER_ID, PRODUCT_ID, QUANTITY)
VALUES (5116, 222, 56, 5);
INSERT INTO ORDER_ITEM (ID, ORDER_ID, PRODUCT_ID, QUANTITY)
VALUES (5117, 222, 50, 7);
INSERT INTO ORDER_ITEM (ID, ORDER_ID, PRODUCT_ID, QUANTITY)
VALUES (5118, 222, 30, 8);
INSERT INTO ORDER_ITEM (ID, ORDER_ID, PRODUCT_ID, QUANTITY)
VALUES (5119, 222, 36, 11);
INSERT INTO ORDER_ITEM (ID, ORDER_ID, PRODUCT_ID, QUANTITY)
VALUES (5120, 222, 15, 8);
INSERT INTO ORDER_ITEM (ID, ORDER_ID, PRODUCT_ID, QUANTITY)
VALUES (5121, 222, 18, 15);
INSERT INTO ORDER_ITEM (ID, ORDER_ID, PRODUCT_ID, QUANTITY)
VALUES (5122, 222, 51, 3);
INSERT INTO ORDER_ITEM (ID, ORDER_ID, PRODUCT_ID, QUANTITY)
VALUES (5123, 222, 49, 13);
INSERT INTO ORDER_ITEM (ID, ORDER_ID, PRODUCT_ID, QUANTITY)
VALUES (5124, 222, 25, 14);
INSERT INTO ORDER_ITEM (ID, ORDER_ID, PRODUCT_ID, QUANTITY)
VALUES (5125, 222, 26, 3);
INSERT INTO ORDER_ITEM (ID, ORDER_ID, PRODUCT_ID, QUANTITY)
VALUES (5126, 222, 52, 3);
INSERT INTO ORDER_ITEM (ID, ORDER_ID, PRODUCT_ID, QUANTITY)
VALUES (5127, 222, 35, 3);
INSERT INTO ORDER_ITEM (ID, ORDER_ID, PRODUCT_ID, QUANTITY)
VALUES (5128, 222, 58, 9);
INSERT INTO ORDER_ITEM (ID, ORDER_ID, PRODUCT_ID, QUANTITY)
VALUES (5129, 222, 34, 6);
INSERT INTO ORDER_ITEM (ID, ORDER_ID, PRODUCT_ID, QUANTITY)
VALUES (5130, 222, 28, 17);
-- ### ORDER 213
INSERT INTO PAYMENT_DETAIL(ID, AMOUNT, PROVIDER, PROVIDER_PAYMENT_UUID)
VALUES (223, 2938.0, 'MASTERCARD', '121033181');
INSERT INTO ORDERS (ID, CUST_ID, PAYMENT_ID, STATUS, AMOUNT, CREATED_ON, UPDATED_ON)
VALUES (223, 777, 223, 'DELIVERED', 2938.0, LOCALTIMESTAMP, LOCALTIMESTAMP);
INSERT INTO ORDER_ITEM (ID, ORDER_ID, PRODUCT_ID, QUANTITY)
VALUES (5131, 223, 31, 6);
INSERT INTO ORDER_ITEM (ID, ORDER_ID, PRODUCT_ID, QUANTITY)
VALUES (5132, 223, 17, 10);
INSERT INTO ORDER_ITEM (ID, ORDER_ID, PRODUCT_ID, QUANTITY)
VALUES (5133, 223, 11, 19);
INSERT INTO ORDER_ITEM (ID, ORDER_ID, PRODUCT_ID, QUANTITY)
VALUES (5134, 223, 48, 4);
INSERT INTO ORDER_ITEM (ID, ORDER_ID, PRODUCT_ID, QUANTITY)
VALUES (5135, 223, 33, 8);
INSERT INTO ORDER_ITEM (ID, ORDER_ID, PRODUCT_ID, QUANTITY)
VALUES (5136, 223, 40, 2);
INSERT INTO ORDER_ITEM (ID, ORDER_ID, PRODUCT_ID, QUANTITY)
VALUES (5137, 223, 43, 0);
INSERT INTO ORDER_ITEM (ID, ORDER_ID, PRODUCT_ID, QUANTITY)
VALUES (5138, 223, 39, 8);
INSERT INTO ORDER_ITEM (ID, ORDER_ID, PRODUCT_ID, QUANTITY)
VALUES (5139, 223, 60, 8);
INSERT INTO ORDER_ITEM (ID, ORDER_ID, PRODUCT_ID, QUANTITY)
VALUES (5140, 223, 42, 6);
INSERT INTO ORDER_ITEM (ID, ORDER_ID, PRODUCT_ID, QUANTITY)
VALUES (5141, 223, 25, 11);
INSERT INTO ORDER_ITEM (ID, ORDER_ID, PRODUCT_ID, QUANTITY)
VALUES (5142, 223, 35, 9);
INSERT INTO ORDER_ITEM (ID, ORDER_ID, PRODUCT_ID, QUANTITY)
VALUES (5143, 223, 51, 0);
INSERT INTO ORDER_ITEM (ID, ORDER_ID, PRODUCT_ID, QUANTITY)
VALUES (5144, 223, 46, 20);
INSERT INTO ORDER_ITEM (ID, ORDER_ID, PRODUCT_ID, QUANTITY)
VALUES (5145, 223, 57, 5);
INSERT INTO ORDER_ITEM (ID, ORDER_ID, PRODUCT_ID, QUANTITY)
VALUES (5146, 223, 44, 12);
INSERT INTO ORDER_ITEM (ID, ORDER_ID, PRODUCT_ID, QUANTITY)
VALUES (5147, 223, 47, 15);
INSERT INTO ORDER_ITEM (ID, ORDER_ID, PRODUCT_ID, QUANTITY)
VALUES (5148, 223, 30, 19);
INSERT INTO ORDER_ITEM (ID, ORDER_ID, PRODUCT_ID, QUANTITY)
VALUES (5149, 223, 52, 1);
INSERT INTO ORDER_ITEM (ID, ORDER_ID, PRODUCT_ID, QUANTITY)
VALUES (5150, 223, 53, 7);
INSERT INTO ORDER_ITEM (ID, ORDER_ID, PRODUCT_ID, QUANTITY)
VALUES (5151, 223, 14, 18);
INSERT INTO ORDER_ITEM (ID, ORDER_ID, PRODUCT_ID, QUANTITY)
VALUES (5152, 223, 41, 16);
INSERT INTO ORDER_ITEM (ID, ORDER_ID, PRODUCT_ID, QUANTITY)
VALUES (5153, 223, 49, 3);
INSERT INTO ORDER_ITEM (ID, ORDER_ID, PRODUCT_ID, QUANTITY)
VALUES (5154, 223, 15, 3);
INSERT INTO ORDER_ITEM (ID, ORDER_ID, PRODUCT_ID, QUANTITY)
VALUES (5155, 223, 34, 17);
INSERT INTO ORDER_ITEM (ID, ORDER_ID, PRODUCT_ID, QUANTITY)
VALUES (5156, 223, 38, 9);
INSERT INTO ORDER_ITEM (ID, ORDER_ID, PRODUCT_ID, QUANTITY)
VALUES (5157, 223, 32, 8);
INSERT INTO ORDER_ITEM (ID, ORDER_ID, PRODUCT_ID, QUANTITY)
VALUES (5158, 223, 22, 15);
INSERT INTO ORDER_ITEM (ID, ORDER_ID, PRODUCT_ID, QUANTITY)
VALUES (5159, 223, 13, 1);
INSERT INTO ORDER_ITEM (ID, ORDER_ID, PRODUCT_ID, QUANTITY)
VALUES (5160, 223, 18, 1);
INSERT INTO ORDER_ITEM (ID, ORDER_ID, PRODUCT_ID, QUANTITY)
VALUES (5161, 223, 28, 20);
INSERT INTO ORDER_ITEM (ID, ORDER_ID, PRODUCT_ID, QUANTITY)
VALUES (5162, 223, 27, 14);
INSERT INTO ORDER_ITEM (ID, ORDER_ID, PRODUCT_ID, QUANTITY)
VALUES (5163, 223, 55, 11);
INSERT INTO ORDER_ITEM (ID, ORDER_ID, PRODUCT_ID, QUANTITY)
VALUES (5164, 223, 59, 19);
-- ### ORDER 214
INSERT INTO PAYMENT_DETAIL(ID, AMOUNT, PROVIDER, PROVIDER_PAYMENT_UUID)
VALUES (224, 3273.0, 'VISA', '517132797');
INSERT INTO ORDERS (ID, CUST_ID, PAYMENT_ID, STATUS, AMOUNT, CREATED_ON, UPDATED_ON)
VALUES (224, 777, 224, 'DELIVERED', 3273.0, LOCALTIMESTAMP, LOCALTIMESTAMP);
INSERT INTO ORDER_ITEM (ID, ORDER_ID, PRODUCT_ID, QUANTITY)
VALUES (5165, 224, 58, 12);
INSERT INTO ORDER_ITEM (ID, ORDER_ID, PRODUCT_ID, QUANTITY)
VALUES (5166, 224, 41, 10);
INSERT INTO ORDER_ITEM (ID, ORDER_ID, PRODUCT_ID, QUANTITY)
VALUES (5167, 224, 23, 7);
INSERT INTO ORDER_ITEM (ID, ORDER_ID, PRODUCT_ID, QUANTITY)
VALUES (5168, 224, 51, 13);
INSERT INTO ORDER_ITEM (ID, ORDER_ID, PRODUCT_ID, QUANTITY)
VALUES (5169, 224, 21, 5);
INSERT INTO ORDER_ITEM (ID, ORDER_ID, PRODUCT_ID, QUANTITY)
VALUES (5170, 224, 32, 19);
INSERT INTO ORDER_ITEM (ID, ORDER_ID, PRODUCT_ID, QUANTITY)
VALUES (5171, 224, 39, 9);
INSERT INTO ORDER_ITEM (ID, ORDER_ID, PRODUCT_ID, QUANTITY)
VALUES (5172, 224, 22, 5);
INSERT INTO ORDER_ITEM (ID, ORDER_ID, PRODUCT_ID, QUANTITY)
VALUES (5173, 224, 38, 11);
INSERT INTO ORDER_ITEM (ID, ORDER_ID, PRODUCT_ID, QUANTITY)
VALUES (5174, 224, 42, 0);
INSERT INTO ORDER_ITEM (ID, ORDER_ID, PRODUCT_ID, QUANTITY)
VALUES (5175, 224, 17, 2);
INSERT INTO ORDER_ITEM (ID, ORDER_ID, PRODUCT_ID, QUANTITY)
VALUES (5176, 224, 44, 13);
INSERT INTO ORDER_ITEM (ID, ORDER_ID, PRODUCT_ID, QUANTITY)
VALUES (5177, 224, 35, 13);
INSERT INTO ORDER_ITEM (ID, ORDER_ID, PRODUCT_ID, QUANTITY)
VALUES (5178, 224, 18, 10);
INSERT INTO ORDER_ITEM (ID, ORDER_ID, PRODUCT_ID, QUANTITY)
VALUES (5179, 224, 12, 15);
INSERT INTO ORDER_ITEM (ID, ORDER_ID, PRODUCT_ID, QUANTITY)
VALUES (5180, 224, 14, 13);
INSERT INTO ORDER_ITEM (ID, ORDER_ID, PRODUCT_ID, QUANTITY)
VALUES (5181, 224, 34, 20);
INSERT INTO ORDER_ITEM (ID, ORDER_ID, PRODUCT_ID, QUANTITY)
VALUES (5182, 224, 45, 16);
INSERT INTO ORDER_ITEM (ID, ORDER_ID, PRODUCT_ID, QUANTITY)
VALUES (5183, 224, 24, 1);
INSERT INTO ORDER_ITEM (ID, ORDER_ID, PRODUCT_ID, QUANTITY)
VALUES (5184, 224, 59, 9);
INSERT INTO ORDER_ITEM (ID, ORDER_ID, PRODUCT_ID, QUANTITY)
VALUES (5185, 224, 50, 18);
INSERT INTO ORDER_ITEM (ID, ORDER_ID, PRODUCT_ID, QUANTITY)
VALUES (5186, 224, 52, 11);
-- ### ORDER 215
INSERT INTO PAYMENT_DETAIL(ID, AMOUNT, PROVIDER, PROVIDER_PAYMENT_UUID)
VALUES (225, 3874.0, 'ICARD', '392771753');
INSERT INTO ORDERS (ID, CUST_ID, PAYMENT_ID, STATUS, AMOUNT, CREATED_ON, UPDATED_ON)
VALUES (225, 777, 225, 'DELIVERED', 3874.0, LOCALTIMESTAMP, LOCALTIMESTAMP);
INSERT INTO ORDER_ITEM (ID, ORDER_ID, PRODUCT_ID, QUANTITY)
VALUES (5187, 225, 29, 1);
INSERT INTO ORDER_ITEM (ID, ORDER_ID, PRODUCT_ID, QUANTITY)
VALUES (5188, 225, 56, 4);
INSERT INTO ORDER_ITEM (ID, ORDER_ID, PRODUCT_ID, QUANTITY)
VALUES (5189, 225, 39, 15);
INSERT INTO ORDER_ITEM (ID, ORDER_ID, PRODUCT_ID, QUANTITY)
VALUES (5190, 225, 35, 16);
INSERT INTO ORDER_ITEM (ID, ORDER_ID, PRODUCT_ID, QUANTITY)
VALUES (5191, 225, 46, 6);
INSERT INTO ORDER_ITEM (ID, ORDER_ID, PRODUCT_ID, QUANTITY)
VALUES (5192, 225, 33, 5);
INSERT INTO ORDER_ITEM (ID, ORDER_ID, PRODUCT_ID, QUANTITY)
VALUES (5193, 225, 41, 2);
INSERT INTO ORDER_ITEM (ID, ORDER_ID, PRODUCT_ID, QUANTITY)
VALUES (5194, 225, 32, 13);
INSERT INTO ORDER_ITEM (ID, ORDER_ID, PRODUCT_ID, QUANTITY)
VALUES (5195, 225, 21, 11);
INSERT INTO ORDER_ITEM (ID, ORDER_ID, PRODUCT_ID, QUANTITY)
VALUES (5196, 225, 47, 17);
INSERT INTO ORDER_ITEM (ID, ORDER_ID, PRODUCT_ID, QUANTITY)
VALUES (5197, 225, 58, 20);
INSERT INTO ORDER_ITEM (ID, ORDER_ID, PRODUCT_ID, QUANTITY)
VALUES (5198, 225, 45, 17);
INSERT INTO ORDER_ITEM (ID, ORDER_ID, PRODUCT_ID, QUANTITY)
VALUES (5199, 225, 28, 6);
INSERT INTO ORDER_ITEM (ID, ORDER_ID, PRODUCT_ID, QUANTITY)
VALUES (5200, 225, 36, 4);
INSERT INTO ORDER_ITEM (ID, ORDER_ID, PRODUCT_ID, QUANTITY)
VALUES (5201, 225, 57, 1);
INSERT INTO ORDER_ITEM (ID, ORDER_ID, PRODUCT_ID, QUANTITY)
VALUES (5202, 225, 19, 16);
INSERT INTO ORDER_ITEM (ID, ORDER_ID, PRODUCT_ID, QUANTITY)
VALUES (5203, 225, 23, 17);
INSERT INTO ORDER_ITEM (ID, ORDER_ID, PRODUCT_ID, QUANTITY)
VALUES (5204, 225, 38, 8);
INSERT INTO ORDER_ITEM (ID, ORDER_ID, PRODUCT_ID, QUANTITY)
VALUES (5205, 225, 15, 6);
INSERT INTO ORDER_ITEM (ID, ORDER_ID, PRODUCT_ID, QUANTITY)
VALUES (5206, 225, 25, 7);
INSERT INTO ORDER_ITEM (ID, ORDER_ID, PRODUCT_ID, QUANTITY)
VALUES (5207, 225, 37, 14);
INSERT INTO ORDER_ITEM (ID, ORDER_ID, PRODUCT_ID, QUANTITY)
VALUES (5208, 225, 42, 11);
INSERT INTO ORDER_ITEM (ID, ORDER_ID, PRODUCT_ID, QUANTITY)
VALUES (5209, 225, 43, 17);
INSERT INTO ORDER_ITEM (ID, ORDER_ID, PRODUCT_ID, QUANTITY)
VALUES (5210, 225, 30, 8);
INSERT INTO ORDER_ITEM (ID, ORDER_ID, PRODUCT_ID, QUANTITY)
VALUES (5211, 225, 12, 16);
INSERT INTO ORDER_ITEM (ID, ORDER_ID, PRODUCT_ID, QUANTITY)
VALUES (5212, 225, 44, 5);
INSERT INTO ORDER_ITEM (ID, ORDER_ID, PRODUCT_ID, QUANTITY)
VALUES (5213, 225, 48, 5);
INSERT INTO ORDER_ITEM (ID, ORDER_ID, PRODUCT_ID, QUANTITY)
VALUES (5214, 225, 59, 17);
INSERT INTO ORDER_ITEM (ID, ORDER_ID, PRODUCT_ID, QUANTITY)
VALUES (5215, 225, 26, 20);
INSERT INTO ORDER_ITEM (ID, ORDER_ID, PRODUCT_ID, QUANTITY)
VALUES (5216, 225, 17, 14);
INSERT INTO ORDER_ITEM (ID, ORDER_ID, PRODUCT_ID, QUANTITY)
VALUES (5217, 225, 20, 2);
INSERT INTO ORDER_ITEM (ID, ORDER_ID, PRODUCT_ID, QUANTITY)
VALUES (5218, 225, 52, 4);
INSERT INTO ORDER_ITEM (ID, ORDER_ID, PRODUCT_ID, QUANTITY)
VALUES (5219, 225, 27, 9);
INSERT INTO ORDER_ITEM (ID, ORDER_ID, PRODUCT_ID, QUANTITY)
VALUES (5220, 225, 50, 3);
INSERT INTO ORDER_ITEM (ID, ORDER_ID, PRODUCT_ID, QUANTITY)
VALUES (5221, 225, 60, 17);
INSERT INTO ORDER_ITEM (ID, ORDER_ID, PRODUCT_ID, QUANTITY)
VALUES (5222, 225, 11, 9);
INSERT INTO ORDER_ITEM (ID, ORDER_ID, PRODUCT_ID, QUANTITY)
VALUES (5223, 225, 53, 3);
INSERT INTO ORDER_ITEM (ID, ORDER_ID, PRODUCT_ID, QUANTITY)
VALUES (5224, 225, 22, 1);
INSERT INTO ORDER_ITEM (ID, ORDER_ID, PRODUCT_ID, QUANTITY)
VALUES (5225, 225, 31, 11);
INSERT INTO ORDER_ITEM (ID, ORDER_ID, PRODUCT_ID, QUANTITY)
VALUES (5226, 225, 24, 12);
-- ### ORDER 216
INSERT INTO PAYMENT_DETAIL(ID, AMOUNT, PROVIDER, PROVIDER_PAYMENT_UUID)
VALUES (226, 248.0, 'CRYPTO', '980979807');
INSERT INTO ORDERS (ID, CUST_ID, PAYMENT_ID, STATUS, AMOUNT, CREATED_ON, UPDATED_ON)
VALUES (226, 777, 226, 'DELIVERED', 248.0, LOCALTIMESTAMP, LOCALTIMESTAMP);
INSERT INTO ORDER_ITEM (ID, ORDER_ID, PRODUCT_ID, QUANTITY)
VALUES (5227, 226, 49, 4);
INSERT INTO ORDER_ITEM (ID, ORDER_ID, PRODUCT_ID, QUANTITY)
VALUES (5228, 226, 51, 16);
INSERT INTO ORDER_ITEM (ID, ORDER_ID, PRODUCT_ID, QUANTITY)
VALUES (5229, 226, 23, 12);
INSERT INTO ORDER_ITEM (ID, ORDER_ID, PRODUCT_ID, QUANTITY)
VALUES (5230, 226, 48, 14);
INSERT INTO ORDER_ITEM (ID, ORDER_ID, PRODUCT_ID, QUANTITY)
VALUES (5231, 226, 58, 10);
INSERT INTO ORDER_ITEM (ID, ORDER_ID, PRODUCT_ID, QUANTITY)
VALUES (5232, 226, 34, 14);
INSERT INTO ORDER_ITEM (ID, ORDER_ID, PRODUCT_ID, QUANTITY)
VALUES (5233, 226, 30, 13);
INSERT INTO ORDER_ITEM (ID, ORDER_ID, PRODUCT_ID, QUANTITY)
VALUES (5234, 226, 42, 7);
INSERT INTO ORDER_ITEM (ID, ORDER_ID, PRODUCT_ID, QUANTITY)
VALUES (5235, 226, 52, 10);
INSERT INTO ORDER_ITEM (ID, ORDER_ID, PRODUCT_ID, QUANTITY)
VALUES (5236, 226, 26, 2);
INSERT INTO ORDER_ITEM (ID, ORDER_ID, PRODUCT_ID, QUANTITY)
VALUES (5237, 226, 33, 18);
INSERT INTO ORDER_ITEM (ID, ORDER_ID, PRODUCT_ID, QUANTITY)
VALUES (5238, 226, 36, 7);
INSERT INTO ORDER_ITEM (ID, ORDER_ID, PRODUCT_ID, QUANTITY)
VALUES (5239, 226, 11, 1);
INSERT INTO ORDER_ITEM (ID, ORDER_ID, PRODUCT_ID, QUANTITY)
VALUES (5240, 226, 27, 19);
INSERT INTO ORDER_ITEM (ID, ORDER_ID, PRODUCT_ID, QUANTITY)
VALUES (5241, 226, 60, 18);
INSERT INTO ORDER_ITEM (ID, ORDER_ID, PRODUCT_ID, QUANTITY)
VALUES (5242, 226, 17, 0);
INSERT INTO ORDER_ITEM (ID, ORDER_ID, PRODUCT_ID, QUANTITY)
VALUES (5243, 226, 21, 3);
INSERT INTO ORDER_ITEM (ID, ORDER_ID, PRODUCT_ID, QUANTITY)
VALUES (5244, 226, 18, 8);
INSERT INTO ORDER_ITEM (ID, ORDER_ID, PRODUCT_ID, QUANTITY)
VALUES (5245, 226, 55, 12);
INSERT INTO ORDER_ITEM (ID, ORDER_ID, PRODUCT_ID, QUANTITY)
VALUES (5246, 226, 54, 19);
INSERT INTO ORDER_ITEM (ID, ORDER_ID, PRODUCT_ID, QUANTITY)
VALUES (5247, 226, 56, 5);
INSERT INTO ORDER_ITEM (ID, ORDER_ID, PRODUCT_ID, QUANTITY)
VALUES (5248, 226, 32, 4);
INSERT INTO ORDER_ITEM (ID, ORDER_ID, PRODUCT_ID, QUANTITY)
VALUES (5249, 226, 38, 2);
INSERT INTO ORDER_ITEM (ID, ORDER_ID, PRODUCT_ID, QUANTITY)
VALUES (5250, 226, 47, 4);
INSERT INTO ORDER_ITEM (ID, ORDER_ID, PRODUCT_ID, QUANTITY)
VALUES (5251, 226, 59, 8);
INSERT INTO ORDER_ITEM (ID, ORDER_ID, PRODUCT_ID, QUANTITY)
VALUES (5252, 226, 24, 18);
INSERT INTO ORDER_ITEM (ID, ORDER_ID, PRODUCT_ID, QUANTITY)
VALUES (5253, 226, 29, 11);
INSERT INTO ORDER_ITEM (ID, ORDER_ID, PRODUCT_ID, QUANTITY)
VALUES (5254, 226, 12, 9);
INSERT INTO ORDER_ITEM (ID, ORDER_ID, PRODUCT_ID, QUANTITY)
VALUES (5255, 226, 40, 2);
INSERT INTO ORDER_ITEM (ID, ORDER_ID, PRODUCT_ID, QUANTITY)
VALUES (5256, 226, 14, 20);
INSERT INTO ORDER_ITEM (ID, ORDER_ID, PRODUCT_ID, QUANTITY)
VALUES (5257, 226, 16, 11);
INSERT INTO ORDER_ITEM (ID, ORDER_ID, PRODUCT_ID, QUANTITY)
VALUES (5258, 226, 53, 1);
INSERT INTO ORDER_ITEM (ID, ORDER_ID, PRODUCT_ID, QUANTITY)
VALUES (5259, 226, 22, 9);
INSERT INTO ORDER_ITEM (ID, ORDER_ID, PRODUCT_ID, QUANTITY)
VALUES (5260, 226, 43, 7);
INSERT INTO ORDER_ITEM (ID, ORDER_ID, PRODUCT_ID, QUANTITY)
VALUES (5261, 226, 44, 18);
INSERT INTO ORDER_ITEM (ID, ORDER_ID, PRODUCT_ID, QUANTITY)
VALUES (5262, 226, 28, 16);
-- ### ORDER 217
INSERT INTO PAYMENT_DETAIL(ID, AMOUNT, PROVIDER, PROVIDER_PAYMENT_UUID)
VALUES (227, 2525.0, 'CRYPTO', '10287533');
INSERT INTO ORDERS (ID, CUST_ID, PAYMENT_ID, STATUS, AMOUNT, CREATED_ON, UPDATED_ON)
VALUES (227, 777, 227, 'DELIVERED', 2525.0, LOCALTIMESTAMP, LOCALTIMESTAMP);
INSERT INTO ORDER_ITEM (ID, ORDER_ID, PRODUCT_ID, QUANTITY)
VALUES (5263, 227, 31, 14);
INSERT INTO ORDER_ITEM (ID, ORDER_ID, PRODUCT_ID, QUANTITY)
VALUES (5264, 227, 20, 13);
INSERT INTO ORDER_ITEM (ID, ORDER_ID, PRODUCT_ID, QUANTITY)
VALUES (5265, 227, 15, 15);
INSERT INTO ORDER_ITEM (ID, ORDER_ID, PRODUCT_ID, QUANTITY)
VALUES (5266, 227, 16, 3);
INSERT INTO ORDER_ITEM (ID, ORDER_ID, PRODUCT_ID, QUANTITY)
VALUES (5267, 227, 54, 15);
INSERT INTO ORDER_ITEM (ID, ORDER_ID, PRODUCT_ID, QUANTITY)
VALUES (5268, 227, 25, 0);
INSERT INTO ORDER_ITEM (ID, ORDER_ID, PRODUCT_ID, QUANTITY)
VALUES (5269, 227, 12, 10);
INSERT INTO ORDER_ITEM (ID, ORDER_ID, PRODUCT_ID, QUANTITY)
VALUES (5270, 227, 52, 6);
INSERT INTO ORDER_ITEM (ID, ORDER_ID, PRODUCT_ID, QUANTITY)
VALUES (5271, 227, 11, 1);
INSERT INTO ORDER_ITEM (ID, ORDER_ID, PRODUCT_ID, QUANTITY)
VALUES (5272, 227, 49, 7);
INSERT INTO ORDER_ITEM (ID, ORDER_ID, PRODUCT_ID, QUANTITY)
VALUES (5273, 227, 19, 0);
INSERT INTO ORDER_ITEM (ID, ORDER_ID, PRODUCT_ID, QUANTITY)
VALUES (5274, 227, 21, 13);
INSERT INTO ORDER_ITEM (ID, ORDER_ID, PRODUCT_ID, QUANTITY)
VALUES (5275, 227, 38, 16);
INSERT INTO ORDER_ITEM (ID, ORDER_ID, PRODUCT_ID, QUANTITY)
VALUES (5276, 227, 50, 8);
INSERT INTO ORDER_ITEM (ID, ORDER_ID, PRODUCT_ID, QUANTITY)
VALUES (5277, 227, 43, 7);
INSERT INTO ORDER_ITEM (ID, ORDER_ID, PRODUCT_ID, QUANTITY)
VALUES (5278, 227, 58, 19);
INSERT INTO ORDER_ITEM (ID, ORDER_ID, PRODUCT_ID, QUANTITY)
VALUES (5279, 227, 41, 15);
INSERT INTO ORDER_ITEM (ID, ORDER_ID, PRODUCT_ID, QUANTITY)
VALUES (5280, 227, 23, 17);
INSERT INTO ORDER_ITEM (ID, ORDER_ID, PRODUCT_ID, QUANTITY)
VALUES (5281, 227, 47, 4);
INSERT INTO ORDER_ITEM (ID, ORDER_ID, PRODUCT_ID, QUANTITY)
VALUES (5282, 227, 32, 1);
INSERT INTO ORDER_ITEM (ID, ORDER_ID, PRODUCT_ID, QUANTITY)
VALUES (5283, 227, 28, 8);
INSERT INTO ORDER_ITEM (ID, ORDER_ID, PRODUCT_ID, QUANTITY)
VALUES (5284, 227, 35, 10);
INSERT INTO ORDER_ITEM (ID, ORDER_ID, PRODUCT_ID, QUANTITY)
VALUES (5285, 227, 18, 10);
INSERT INTO ORDER_ITEM (ID, ORDER_ID, PRODUCT_ID, QUANTITY)
VALUES (5286, 227, 51, 2);
INSERT INTO ORDER_ITEM (ID, ORDER_ID, PRODUCT_ID, QUANTITY)
VALUES (5287, 227, 55, 7);
INSERT INTO ORDER_ITEM (ID, ORDER_ID, PRODUCT_ID, QUANTITY)
VALUES (5288, 227, 56, 11);
INSERT INTO ORDER_ITEM (ID, ORDER_ID, PRODUCT_ID, QUANTITY)
VALUES (5289, 227, 29, 13);
INSERT INTO ORDER_ITEM (ID, ORDER_ID, PRODUCT_ID, QUANTITY)
VALUES (5290, 227, 39, 9);
INSERT INTO ORDER_ITEM (ID, ORDER_ID, PRODUCT_ID, QUANTITY)
VALUES (5291, 227, 36, 14);
INSERT INTO ORDER_ITEM (ID, ORDER_ID, PRODUCT_ID, QUANTITY)
VALUES (5292, 227, 17, 20);
INSERT INTO ORDER_ITEM (ID, ORDER_ID, PRODUCT_ID, QUANTITY)
VALUES (5293, 227, 30, 14);
INSERT INTO ORDER_ITEM (ID, ORDER_ID, PRODUCT_ID, QUANTITY)
VALUES (5294, 227, 44, 11);
INSERT INTO ORDER_ITEM (ID, ORDER_ID, PRODUCT_ID, QUANTITY)
VALUES (5295, 227, 14, 13);
INSERT INTO ORDER_ITEM (ID, ORDER_ID, PRODUCT_ID, QUANTITY)
VALUES (5296, 227, 53, 20);
INSERT INTO ORDER_ITEM (ID, ORDER_ID, PRODUCT_ID, QUANTITY)
VALUES (5297, 227, 13, 15);
INSERT INTO ORDER_ITEM (ID, ORDER_ID, PRODUCT_ID, QUANTITY)
VALUES (5298, 227, 37, 14);
INSERT INTO ORDER_ITEM (ID, ORDER_ID, PRODUCT_ID, QUANTITY)
VALUES (5299, 227, 46, 8);
INSERT INTO ORDER_ITEM (ID, ORDER_ID, PRODUCT_ID, QUANTITY)
VALUES (5300, 227, 22, 18);
INSERT INTO ORDER_ITEM (ID, ORDER_ID, PRODUCT_ID, QUANTITY)
VALUES (5301, 227, 33, 14);
INSERT INTO ORDER_ITEM (ID, ORDER_ID, PRODUCT_ID, QUANTITY)
VALUES (5302, 227, 45, 7);
INSERT INTO ORDER_ITEM (ID, ORDER_ID, PRODUCT_ID, QUANTITY)
VALUES (5303, 227, 60, 15);
INSERT INTO ORDER_ITEM (ID, ORDER_ID, PRODUCT_ID, QUANTITY)
VALUES (5304, 227, 42, 5);
INSERT INTO ORDER_ITEM (ID, ORDER_ID, PRODUCT_ID, QUANTITY)
VALUES (5305, 227, 48, 4);
INSERT INTO ORDER_ITEM (ID, ORDER_ID, PRODUCT_ID, QUANTITY)
VALUES (5306, 227, 57, 7);
INSERT INTO ORDER_ITEM (ID, ORDER_ID, PRODUCT_ID, QUANTITY)
VALUES (5307, 227, 40, 3);
INSERT INTO ORDER_ITEM (ID, ORDER_ID, PRODUCT_ID, QUANTITY)
VALUES (5308, 227, 59, 13);
INSERT INTO ORDER_ITEM (ID, ORDER_ID, PRODUCT_ID, QUANTITY)
VALUES (5309, 227, 34, 8);
-- ### ORDER 218
INSERT INTO PAYMENT_DETAIL(ID, AMOUNT, PROVIDER, PROVIDER_PAYMENT_UUID)
VALUES (228, 1038.0, 'VISA', '857172255');
INSERT INTO ORDERS (ID, CUST_ID, PAYMENT_ID, STATUS, AMOUNT, CREATED_ON, UPDATED_ON)
VALUES (228, 777, 228, 'DELIVERED', 1038.0, LOCALTIMESTAMP, LOCALTIMESTAMP);
INSERT INTO ORDER_ITEM (ID, ORDER_ID, PRODUCT_ID, QUANTITY)
VALUES (5310, 228, 21, 13);
INSERT INTO ORDER_ITEM (ID, ORDER_ID, PRODUCT_ID, QUANTITY)
VALUES (5311, 228, 30, 12);
INSERT INTO ORDER_ITEM (ID, ORDER_ID, PRODUCT_ID, QUANTITY)
VALUES (5312, 228, 40, 13);
INSERT INTO ORDER_ITEM (ID, ORDER_ID, PRODUCT_ID, QUANTITY)
VALUES (5313, 228, 47, 6);
INSERT INTO ORDER_ITEM (ID, ORDER_ID, PRODUCT_ID, QUANTITY)
VALUES (5314, 228, 44, 1);
INSERT INTO ORDER_ITEM (ID, ORDER_ID, PRODUCT_ID, QUANTITY)
VALUES (5315, 228, 43, 2);
INSERT INTO ORDER_ITEM (ID, ORDER_ID, PRODUCT_ID, QUANTITY)
VALUES (5316, 228, 20, 11);
INSERT INTO ORDER_ITEM (ID, ORDER_ID, PRODUCT_ID, QUANTITY)
VALUES (5317, 228, 22, 17);
INSERT INTO ORDER_ITEM (ID, ORDER_ID, PRODUCT_ID, QUANTITY)
VALUES (5318, 228, 13, 2);
INSERT INTO ORDER_ITEM (ID, ORDER_ID, PRODUCT_ID, QUANTITY)
VALUES (5319, 228, 46, 18);
INSERT INTO ORDER_ITEM (ID, ORDER_ID, PRODUCT_ID, QUANTITY)
VALUES (5320, 228, 36, 16);
INSERT INTO ORDER_ITEM (ID, ORDER_ID, PRODUCT_ID, QUANTITY)
VALUES (5321, 228, 55, 6);
INSERT INTO ORDER_ITEM (ID, ORDER_ID, PRODUCT_ID, QUANTITY)
VALUES (5322, 228, 59, 15);
INSERT INTO ORDER_ITEM (ID, ORDER_ID, PRODUCT_ID, QUANTITY)
VALUES (5323, 228, 18, 17);
INSERT INTO ORDER_ITEM (ID, ORDER_ID, PRODUCT_ID, QUANTITY)
VALUES (5324, 228, 34, 11);
INSERT INTO ORDER_ITEM (ID, ORDER_ID, PRODUCT_ID, QUANTITY)
VALUES (5325, 228, 11, 18);
INSERT INTO ORDER_ITEM (ID, ORDER_ID, PRODUCT_ID, QUANTITY)
VALUES (5326, 228, 31, 14);
INSERT INTO ORDER_ITEM (ID, ORDER_ID, PRODUCT_ID, QUANTITY)
VALUES (5327, 228, 53, 1);
INSERT INTO ORDER_ITEM (ID, ORDER_ID, PRODUCT_ID, QUANTITY)
VALUES (5328, 228, 14, 8);
INSERT INTO ORDER_ITEM (ID, ORDER_ID, PRODUCT_ID, QUANTITY)
VALUES (5329, 228, 32, 13);
INSERT INTO ORDER_ITEM (ID, ORDER_ID, PRODUCT_ID, QUANTITY)
VALUES (5330, 228, 51, 15);
INSERT INTO ORDER_ITEM (ID, ORDER_ID, PRODUCT_ID, QUANTITY)
VALUES (5331, 228, 19, 17);
INSERT INTO ORDER_ITEM (ID, ORDER_ID, PRODUCT_ID, QUANTITY)
VALUES (5332, 228, 60, 7);
INSERT INTO ORDER_ITEM (ID, ORDER_ID, PRODUCT_ID, QUANTITY)
VALUES (5333, 228, 52, 18);
INSERT INTO ORDER_ITEM (ID, ORDER_ID, PRODUCT_ID, QUANTITY)
VALUES (5334, 228, 29, 11);
INSERT INTO ORDER_ITEM (ID, ORDER_ID, PRODUCT_ID, QUANTITY)
VALUES (5335, 228, 15, 16);
INSERT INTO ORDER_ITEM (ID, ORDER_ID, PRODUCT_ID, QUANTITY)
VALUES (5336, 228, 16, 16);
INSERT INTO ORDER_ITEM (ID, ORDER_ID, PRODUCT_ID, QUANTITY)
VALUES (5337, 228, 57, 11);
INSERT INTO ORDER_ITEM (ID, ORDER_ID, PRODUCT_ID, QUANTITY)
VALUES (5338, 228, 45, 20);
INSERT INTO ORDER_ITEM (ID, ORDER_ID, PRODUCT_ID, QUANTITY)
VALUES (5339, 228, 54, 10);
INSERT INTO ORDER_ITEM (ID, ORDER_ID, PRODUCT_ID, QUANTITY)
VALUES (5340, 228, 25, 11);
INSERT INTO ORDER_ITEM (ID, ORDER_ID, PRODUCT_ID, QUANTITY)
VALUES (5341, 228, 35, 5);
INSERT INTO ORDER_ITEM (ID, ORDER_ID, PRODUCT_ID, QUANTITY)
VALUES (5342, 228, 50, 7);
INSERT INTO ORDER_ITEM (ID, ORDER_ID, PRODUCT_ID, QUANTITY)
VALUES (5343, 228, 37, 7);
INSERT INTO ORDER_ITEM (ID, ORDER_ID, PRODUCT_ID, QUANTITY)
VALUES (5344, 228, 39, 11);
INSERT INTO ORDER_ITEM (ID, ORDER_ID, PRODUCT_ID, QUANTITY)
VALUES (5345, 228, 26, 3);
INSERT INTO ORDER_ITEM (ID, ORDER_ID, PRODUCT_ID, QUANTITY)
VALUES (5346, 228, 12, 18);
INSERT INTO ORDER_ITEM (ID, ORDER_ID, PRODUCT_ID, QUANTITY)
VALUES (5347, 228, 28, 20);
INSERT INTO ORDER_ITEM (ID, ORDER_ID, PRODUCT_ID, QUANTITY)
VALUES (5348, 228, 48, 16);
-- ### ORDER 219
INSERT INTO PAYMENT_DETAIL(ID, AMOUNT, PROVIDER, PROVIDER_PAYMENT_UUID)
VALUES (229, 861.0, 'MASTERCARD', '634500589');
INSERT INTO ORDERS (ID, CUST_ID, PAYMENT_ID, STATUS, AMOUNT, CREATED_ON, UPDATED_ON)
VALUES (229, 777, 229, 'DELIVERED', 861.0, LOCALTIMESTAMP, LOCALTIMESTAMP);
INSERT INTO ORDER_ITEM (ID, ORDER_ID, PRODUCT_ID, QUANTITY)
VALUES (5349, 229, 22, 1);
INSERT INTO ORDER_ITEM (ID, ORDER_ID, PRODUCT_ID, QUANTITY)
VALUES (5350, 229, 37, 4);
INSERT INTO ORDER_ITEM (ID, ORDER_ID, PRODUCT_ID, QUANTITY)
VALUES (5351, 229, 32, 9);
INSERT INTO ORDER_ITEM (ID, ORDER_ID, PRODUCT_ID, QUANTITY)
VALUES (5352, 229, 58, 19);
INSERT INTO ORDER_ITEM (ID, ORDER_ID, PRODUCT_ID, QUANTITY)
VALUES (5353, 229, 53, 4);
INSERT INTO ORDER_ITEM (ID, ORDER_ID, PRODUCT_ID, QUANTITY)
VALUES (5354, 229, 19, 13);
INSERT INTO ORDER_ITEM (ID, ORDER_ID, PRODUCT_ID, QUANTITY)
VALUES (5355, 229, 13, 14);
INSERT INTO ORDER_ITEM (ID, ORDER_ID, PRODUCT_ID, QUANTITY)
VALUES (5356, 229, 59, 3);
INSERT INTO ORDER_ITEM (ID, ORDER_ID, PRODUCT_ID, QUANTITY)
VALUES (5357, 229, 48, 0);
INSERT INTO ORDER_ITEM (ID, ORDER_ID, PRODUCT_ID, QUANTITY)
VALUES (5358, 229, 35, 8);
INSERT INTO ORDER_ITEM (ID, ORDER_ID, PRODUCT_ID, QUANTITY)
VALUES (5359, 229, 60, 15);
INSERT INTO ORDER_ITEM (ID, ORDER_ID, PRODUCT_ID, QUANTITY)
VALUES (5360, 229, 57, 3);
INSERT INTO ORDER_ITEM (ID, ORDER_ID, PRODUCT_ID, QUANTITY)
VALUES (5361, 229, 16, 10);
INSERT INTO ORDER_ITEM (ID, ORDER_ID, PRODUCT_ID, QUANTITY)
VALUES (5362, 229, 52, 5);
INSERT INTO ORDER_ITEM (ID, ORDER_ID, PRODUCT_ID, QUANTITY)
VALUES (5363, 229, 15, 12);
INSERT INTO ORDER_ITEM (ID, ORDER_ID, PRODUCT_ID, QUANTITY)
VALUES (5364, 229, 40, 18);
INSERT INTO ORDER_ITEM (ID, ORDER_ID, PRODUCT_ID, QUANTITY)
VALUES (5365, 229, 14, 9);
INSERT INTO ORDER_ITEM (ID, ORDER_ID, PRODUCT_ID, QUANTITY)
VALUES (5366, 229, 23, 20);
INSERT INTO ORDER_ITEM (ID, ORDER_ID, PRODUCT_ID, QUANTITY)
VALUES (5367, 229, 45, 15);
INSERT INTO ORDER_ITEM (ID, ORDER_ID, PRODUCT_ID, QUANTITY)
VALUES (5368, 229, 27, 13);
INSERT INTO ORDER_ITEM (ID, ORDER_ID, PRODUCT_ID, QUANTITY)
VALUES (5369, 229, 56, 15);
INSERT INTO ORDER_ITEM (ID, ORDER_ID, PRODUCT_ID, QUANTITY)
VALUES (5370, 229, 33, 7);
INSERT INTO ORDER_ITEM (ID, ORDER_ID, PRODUCT_ID, QUANTITY)
VALUES (5371, 229, 25, 7);
INSERT INTO ORDER_ITEM (ID, ORDER_ID, PRODUCT_ID, QUANTITY)
VALUES (5372, 229, 42, 18);
INSERT INTO ORDER_ITEM (ID, ORDER_ID, PRODUCT_ID, QUANTITY)
VALUES (5373, 229, 31, 9);
INSERT INTO ORDER_ITEM (ID, ORDER_ID, PRODUCT_ID, QUANTITY)
VALUES (5374, 229, 18, 3);
INSERT INTO ORDER_ITEM (ID, ORDER_ID, PRODUCT_ID, QUANTITY)
VALUES (5375, 229, 44, 2);
INSERT INTO ORDER_ITEM (ID, ORDER_ID, PRODUCT_ID, QUANTITY)
VALUES (5376, 229, 47, 15);
INSERT INTO ORDER_ITEM (ID, ORDER_ID, PRODUCT_ID, QUANTITY)
VALUES (5377, 229, 21, 6);
INSERT INTO ORDER_ITEM (ID, ORDER_ID, PRODUCT_ID, QUANTITY)
VALUES (5378, 229, 55, 18);
INSERT INTO ORDER_ITEM (ID, ORDER_ID, PRODUCT_ID, QUANTITY)
VALUES (5379, 229, 39, 14);
INSERT INTO ORDER_ITEM (ID, ORDER_ID, PRODUCT_ID, QUANTITY)
VALUES (5380, 229, 46, 19);
INSERT INTO ORDER_ITEM (ID, ORDER_ID, PRODUCT_ID, QUANTITY)
VALUES (5381, 229, 26, 10);
INSERT INTO ORDER_ITEM (ID, ORDER_ID, PRODUCT_ID, QUANTITY)
VALUES (5382, 229, 24, 3);
INSERT INTO ORDER_ITEM (ID, ORDER_ID, PRODUCT_ID, QUANTITY)
VALUES (5383, 229, 43, 16);
INSERT INTO ORDER_ITEM (ID, ORDER_ID, PRODUCT_ID, QUANTITY)
VALUES (5384, 229, 49, 3);
INSERT INTO ORDER_ITEM (ID, ORDER_ID, PRODUCT_ID, QUANTITY)
VALUES (5385, 229, 36, 14);
INSERT INTO ORDER_ITEM (ID, ORDER_ID, PRODUCT_ID, QUANTITY)
VALUES (5386, 229, 54, 9);
INSERT INTO ORDER_ITEM (ID, ORDER_ID, PRODUCT_ID, QUANTITY)
VALUES (5387, 229, 29, 17);
INSERT INTO ORDER_ITEM (ID, ORDER_ID, PRODUCT_ID, QUANTITY)
VALUES (5388, 229, 51, 11);
INSERT INTO ORDER_ITEM (ID, ORDER_ID, PRODUCT_ID, QUANTITY)
VALUES (5389, 229, 34, 15);
INSERT INTO ORDER_ITEM (ID, ORDER_ID, PRODUCT_ID, QUANTITY)
VALUES (5390, 229, 11, 15);
INSERT INTO ORDER_ITEM (ID, ORDER_ID, PRODUCT_ID, QUANTITY)
VALUES (5391, 229, 50, 7);
INSERT INTO ORDER_ITEM (ID, ORDER_ID, PRODUCT_ID, QUANTITY)
VALUES (5392, 229, 20, 8);
INSERT INTO ORDER_ITEM (ID, ORDER_ID, PRODUCT_ID, QUANTITY)
VALUES (5393, 229, 30, 2);
INSERT INTO ORDER_ITEM (ID, ORDER_ID, PRODUCT_ID, QUANTITY)
VALUES (5394, 229, 12, 0);
INSERT INTO ORDER_ITEM (ID, ORDER_ID, PRODUCT_ID, QUANTITY)
VALUES (5395, 229, 17, 10);
-- ### ORDER 220
INSERT INTO PAYMENT_DETAIL(ID, AMOUNT, PROVIDER, PROVIDER_PAYMENT_UUID)
VALUES (230, 1510.0, 'PAYPAL', '533608197');
INSERT INTO ORDERS (ID, CUST_ID, PAYMENT_ID, STATUS, AMOUNT, CREATED_ON, UPDATED_ON)
VALUES (230, 777, 230, 'DELIVERED', 1510.0, LOCALTIMESTAMP, LOCALTIMESTAMP);
INSERT INTO ORDER_ITEM (ID, ORDER_ID, PRODUCT_ID, QUANTITY)
VALUES (5396, 230, 21, 8);
INSERT INTO ORDER_ITEM (ID, ORDER_ID, PRODUCT_ID, QUANTITY)
VALUES (5397, 230, 44, 14);
INSERT INTO ORDER_ITEM (ID, ORDER_ID, PRODUCT_ID, QUANTITY)
VALUES (5398, 230, 52, 5);
INSERT INTO ORDER_ITEM (ID, ORDER_ID, PRODUCT_ID, QUANTITY)
VALUES (5399, 230, 32, 10);
-- ### ORDER 221
INSERT INTO PAYMENT_DETAIL(ID, AMOUNT, PROVIDER, PROVIDER_PAYMENT_UUID)
VALUES (231, 2420.0, 'MASTERCARD', '227829');
INSERT INTO ORDERS (ID, CUST_ID, PAYMENT_ID, STATUS, AMOUNT, CREATED_ON, UPDATED_ON)
VALUES (231, 777, 231, 'DELIVERED', 2420.0, LOCALTIMESTAMP, LOCALTIMESTAMP);
INSERT INTO ORDER_ITEM (ID, ORDER_ID, PRODUCT_ID, QUANTITY)
VALUES (5400, 231, 38, 7);
INSERT INTO ORDER_ITEM (ID, ORDER_ID, PRODUCT_ID, QUANTITY)
VALUES (5401, 231, 42, 9);
INSERT INTO ORDER_ITEM (ID, ORDER_ID, PRODUCT_ID, QUANTITY)
VALUES (5402, 231, 34, 20);
INSERT INTO ORDER_ITEM (ID, ORDER_ID, PRODUCT_ID, QUANTITY)
VALUES (5403, 231, 14, 2);
INSERT INTO ORDER_ITEM (ID, ORDER_ID, PRODUCT_ID, QUANTITY)
VALUES (5404, 231, 15, 3);
INSERT INTO ORDER_ITEM (ID, ORDER_ID, PRODUCT_ID, QUANTITY)
VALUES (5405, 231, 60, 4);
INSERT INTO ORDER_ITEM (ID, ORDER_ID, PRODUCT_ID, QUANTITY)
VALUES (5406, 231, 22, 8);
INSERT INTO ORDER_ITEM (ID, ORDER_ID, PRODUCT_ID, QUANTITY)
VALUES (5407, 231, 21, 4);
INSERT INTO ORDER_ITEM (ID, ORDER_ID, PRODUCT_ID, QUANTITY)
VALUES (5408, 231, 33, 2);
INSERT INTO ORDER_ITEM (ID, ORDER_ID, PRODUCT_ID, QUANTITY)
VALUES (5409, 231, 25, 4);
INSERT INTO ORDER_ITEM (ID, ORDER_ID, PRODUCT_ID, QUANTITY)
VALUES (5410, 231, 16, 3);
INSERT INTO ORDER_ITEM (ID, ORDER_ID, PRODUCT_ID, QUANTITY)
VALUES (5411, 231, 28, 11);
INSERT INTO ORDER_ITEM (ID, ORDER_ID, PRODUCT_ID, QUANTITY)
VALUES (5412, 231, 18, 1);
INSERT INTO ORDER_ITEM (ID, ORDER_ID, PRODUCT_ID, QUANTITY)
VALUES (5413, 231, 41, 17);
INSERT INTO ORDER_ITEM (ID, ORDER_ID, PRODUCT_ID, QUANTITY)
VALUES (5414, 231, 48, 8);
INSERT INTO ORDER_ITEM (ID, ORDER_ID, PRODUCT_ID, QUANTITY)
VALUES (5415, 231, 43, 12);
INSERT INTO ORDER_ITEM (ID, ORDER_ID, PRODUCT_ID, QUANTITY)
VALUES (5416, 231, 39, 5);
INSERT INTO ORDER_ITEM (ID, ORDER_ID, PRODUCT_ID, QUANTITY)
VALUES (5417, 231, 53, 19);
INSERT INTO ORDER_ITEM (ID, ORDER_ID, PRODUCT_ID, QUANTITY)
VALUES (5418, 231, 54, 1);
INSERT INTO ORDER_ITEM (ID, ORDER_ID, PRODUCT_ID, QUANTITY)
VALUES (5419, 231, 13, 14);
INSERT INTO ORDER_ITEM (ID, ORDER_ID, PRODUCT_ID, QUANTITY)
VALUES (5420, 231, 59, 18);
INSERT INTO ORDER_ITEM (ID, ORDER_ID, PRODUCT_ID, QUANTITY)
VALUES (5421, 231, 35, 5);
INSERT INTO ORDER_ITEM (ID, ORDER_ID, PRODUCT_ID, QUANTITY)
VALUES (5422, 231, 27, 7);
INSERT INTO ORDER_ITEM (ID, ORDER_ID, PRODUCT_ID, QUANTITY)
VALUES (5423, 231, 40, 14);
INSERT INTO ORDER_ITEM (ID, ORDER_ID, PRODUCT_ID, QUANTITY)
VALUES (5424, 231, 58, 12);
INSERT INTO ORDER_ITEM (ID, ORDER_ID, PRODUCT_ID, QUANTITY)
VALUES (5425, 231, 30, 19);
INSERT INTO ORDER_ITEM (ID, ORDER_ID, PRODUCT_ID, QUANTITY)
VALUES (5426, 231, 45, 11);
INSERT INTO ORDER_ITEM (ID, ORDER_ID, PRODUCT_ID, QUANTITY)
VALUES (5427, 231, 37, 20);
INSERT INTO ORDER_ITEM (ID, ORDER_ID, PRODUCT_ID, QUANTITY)
VALUES (5428, 231, 26, 14);
INSERT INTO ORDER_ITEM (ID, ORDER_ID, PRODUCT_ID, QUANTITY)
VALUES (5429, 231, 20, 11);
INSERT INTO ORDER_ITEM (ID, ORDER_ID, PRODUCT_ID, QUANTITY)
VALUES (5430, 231, 11, 10);
INSERT INTO ORDER_ITEM (ID, ORDER_ID, PRODUCT_ID, QUANTITY)
VALUES (5431, 231, 19, 8);
INSERT INTO ORDER_ITEM (ID, ORDER_ID, PRODUCT_ID, QUANTITY)
VALUES (5432, 231, 12, 18);
INSERT INTO ORDER_ITEM (ID, ORDER_ID, PRODUCT_ID, QUANTITY)
VALUES (5433, 231, 56, 11);
INSERT INTO ORDER_ITEM (ID, ORDER_ID, PRODUCT_ID, QUANTITY)
VALUES (5434, 231, 17, 4);
INSERT INTO ORDER_ITEM (ID, ORDER_ID, PRODUCT_ID, QUANTITY)
VALUES (5435, 231, 55, 11);
INSERT INTO ORDER_ITEM (ID, ORDER_ID, PRODUCT_ID, QUANTITY)
VALUES (5436, 231, 47, 8);
INSERT INTO ORDER_ITEM (ID, ORDER_ID, PRODUCT_ID, QUANTITY)
VALUES (5437, 231, 24, 7);
INSERT INTO ORDER_ITEM (ID, ORDER_ID, PRODUCT_ID, QUANTITY)
VALUES (5438, 231, 36, 9);
INSERT INTO ORDER_ITEM (ID, ORDER_ID, PRODUCT_ID, QUANTITY)
VALUES (5439, 231, 44, 15);
INSERT INTO ORDER_ITEM (ID, ORDER_ID, PRODUCT_ID, QUANTITY)
VALUES (5440, 231, 46, 2);
INSERT INTO ORDER_ITEM (ID, ORDER_ID, PRODUCT_ID, QUANTITY)
VALUES (5441, 231, 31, 3);
INSERT INTO ORDER_ITEM (ID, ORDER_ID, PRODUCT_ID, QUANTITY)
VALUES (5442, 231, 29, 14);
INSERT INTO ORDER_ITEM (ID, ORDER_ID, PRODUCT_ID, QUANTITY)
VALUES (5443, 231, 32, 7);
INSERT INTO ORDER_ITEM (ID, ORDER_ID, PRODUCT_ID, QUANTITY)
VALUES (5444, 231, 50, 12);
INSERT INTO ORDER_ITEM (ID, ORDER_ID, PRODUCT_ID, QUANTITY)
VALUES (5445, 231, 49, 17);
INSERT INTO ORDER_ITEM (ID, ORDER_ID, PRODUCT_ID, QUANTITY)
VALUES (5446, 231, 52, 8);
-- ### ORDER 222
INSERT INTO PAYMENT_DETAIL(ID, AMOUNT, PROVIDER, PROVIDER_PAYMENT_UUID)
VALUES (232, 769.0, 'CRYPTO', '825609274');
INSERT INTO ORDERS (ID, CUST_ID, PAYMENT_ID, STATUS, AMOUNT, CREATED_ON, UPDATED_ON)
VALUES (232, 777, 232, 'DELIVERED', 769.0, LOCALTIMESTAMP, LOCALTIMESTAMP);
INSERT INTO ORDER_ITEM (ID, ORDER_ID, PRODUCT_ID, QUANTITY)
VALUES (5447, 232, 22, 13);
INSERT INTO ORDER_ITEM (ID, ORDER_ID, PRODUCT_ID, QUANTITY)
VALUES (5448, 232, 30, 5);
INSERT INTO ORDER_ITEM (ID, ORDER_ID, PRODUCT_ID, QUANTITY)
VALUES (5449, 232, 53, 17);
INSERT INTO ORDER_ITEM (ID, ORDER_ID, PRODUCT_ID, QUANTITY)
VALUES (5450, 232, 17, 12);
INSERT INTO ORDER_ITEM (ID, ORDER_ID, PRODUCT_ID, QUANTITY)
VALUES (5451, 232, 19, 0);
INSERT INTO ORDER_ITEM (ID, ORDER_ID, PRODUCT_ID, QUANTITY)
VALUES (5452, 232, 13, 14);
INSERT INTO ORDER_ITEM (ID, ORDER_ID, PRODUCT_ID, QUANTITY)
VALUES (5453, 232, 39, 1);
INSERT INTO ORDER_ITEM (ID, ORDER_ID, PRODUCT_ID, QUANTITY)
VALUES (5454, 232, 36, 4);
INSERT INTO ORDER_ITEM (ID, ORDER_ID, PRODUCT_ID, QUANTITY)
VALUES (5455, 232, 29, 17);
INSERT INTO ORDER_ITEM (ID, ORDER_ID, PRODUCT_ID, QUANTITY)
VALUES (5456, 232, 60, 5);
INSERT INTO ORDER_ITEM (ID, ORDER_ID, PRODUCT_ID, QUANTITY)
VALUES (5457, 232, 14, 17);
INSERT INTO ORDER_ITEM (ID, ORDER_ID, PRODUCT_ID, QUANTITY)
VALUES (5458, 232, 54, 13);
INSERT INTO ORDER_ITEM (ID, ORDER_ID, PRODUCT_ID, QUANTITY)
VALUES (5459, 232, 44, 12);
INSERT INTO ORDER_ITEM (ID, ORDER_ID, PRODUCT_ID, QUANTITY)
VALUES (5460, 232, 16, 13);
INSERT INTO ORDER_ITEM (ID, ORDER_ID, PRODUCT_ID, QUANTITY)
VALUES (5461, 232, 33, 18);
INSERT INTO ORDER_ITEM (ID, ORDER_ID, PRODUCT_ID, QUANTITY)
VALUES (5462, 232, 34, 15);
INSERT INTO ORDER_ITEM (ID, ORDER_ID, PRODUCT_ID, QUANTITY)
VALUES (5463, 232, 50, 7);
INSERT INTO ORDER_ITEM (ID, ORDER_ID, PRODUCT_ID, QUANTITY)
VALUES (5464, 232, 21, 2);
INSERT INTO ORDER_ITEM (ID, ORDER_ID, PRODUCT_ID, QUANTITY)
VALUES (5465, 232, 58, 12);
INSERT INTO ORDER_ITEM (ID, ORDER_ID, PRODUCT_ID, QUANTITY)
VALUES (5466, 232, 12, 1);
INSERT INTO ORDER_ITEM (ID, ORDER_ID, PRODUCT_ID, QUANTITY)
VALUES (5467, 232, 27, 4);
INSERT INTO ORDER_ITEM (ID, ORDER_ID, PRODUCT_ID, QUANTITY)
VALUES (5468, 232, 52, 10);
INSERT INTO ORDER_ITEM (ID, ORDER_ID, PRODUCT_ID, QUANTITY)
VALUES (5469, 232, 24, 2);
INSERT INTO ORDER_ITEM (ID, ORDER_ID, PRODUCT_ID, QUANTITY)
VALUES (5470, 232, 20, 6);
INSERT INTO ORDER_ITEM (ID, ORDER_ID, PRODUCT_ID, QUANTITY)
VALUES (5471, 232, 47, 6);
INSERT INTO ORDER_ITEM (ID, ORDER_ID, PRODUCT_ID, QUANTITY)
VALUES (5472, 232, 48, 11);
INSERT INTO ORDER_ITEM (ID, ORDER_ID, PRODUCT_ID, QUANTITY)
VALUES (5473, 232, 11, 0);
INSERT INTO ORDER_ITEM (ID, ORDER_ID, PRODUCT_ID, QUANTITY)
VALUES (5474, 232, 31, 0);
INSERT INTO ORDER_ITEM (ID, ORDER_ID, PRODUCT_ID, QUANTITY)
VALUES (5475, 232, 45, 10);
INSERT INTO ORDER_ITEM (ID, ORDER_ID, PRODUCT_ID, QUANTITY)
VALUES (5476, 232, 35, 19);
INSERT INTO ORDER_ITEM (ID, ORDER_ID, PRODUCT_ID, QUANTITY)
VALUES (5477, 232, 37, 19);
INSERT INTO ORDER_ITEM (ID, ORDER_ID, PRODUCT_ID, QUANTITY)
VALUES (5478, 232, 59, 5);
INSERT INTO ORDER_ITEM (ID, ORDER_ID, PRODUCT_ID, QUANTITY)
VALUES (5479, 232, 55, 2);
INSERT INTO ORDER_ITEM (ID, ORDER_ID, PRODUCT_ID, QUANTITY)
VALUES (5480, 232, 18, 13);
INSERT INTO ORDER_ITEM (ID, ORDER_ID, PRODUCT_ID, QUANTITY)
VALUES (5481, 232, 57, 2);
INSERT INTO ORDER_ITEM (ID, ORDER_ID, PRODUCT_ID, QUANTITY)
VALUES (5482, 232, 56, 12);
INSERT INTO ORDER_ITEM (ID, ORDER_ID, PRODUCT_ID, QUANTITY)
VALUES (5483, 232, 40, 14);
INSERT INTO ORDER_ITEM (ID, ORDER_ID, PRODUCT_ID, QUANTITY)
VALUES (5484, 232, 51, 10);
INSERT INTO ORDER_ITEM (ID, ORDER_ID, PRODUCT_ID, QUANTITY)
VALUES (5485, 232, 43, 0);
INSERT INTO ORDER_ITEM (ID, ORDER_ID, PRODUCT_ID, QUANTITY)
VALUES (5486, 232, 38, 11);
INSERT INTO ORDER_ITEM (ID, ORDER_ID, PRODUCT_ID, QUANTITY)
VALUES (5487, 232, 28, 5);
INSERT INTO ORDER_ITEM (ID, ORDER_ID, PRODUCT_ID, QUANTITY)
VALUES (5488, 232, 49, 17);
INSERT INTO ORDER_ITEM (ID, ORDER_ID, PRODUCT_ID, QUANTITY)
VALUES (5489, 232, 46, 15);
INSERT INTO ORDER_ITEM (ID, ORDER_ID, PRODUCT_ID, QUANTITY)
VALUES (5490, 232, 42, 0);
INSERT INTO ORDER_ITEM (ID, ORDER_ID, PRODUCT_ID, QUANTITY)
VALUES (5491, 232, 41, 8);
INSERT INTO ORDER_ITEM (ID, ORDER_ID, PRODUCT_ID, QUANTITY)
VALUES (5492, 232, 23, 7);
INSERT INTO ORDER_ITEM (ID, ORDER_ID, PRODUCT_ID, QUANTITY)
VALUES (5493, 232, 32, 9);
-- ### ORDER 223
INSERT INTO PAYMENT_DETAIL(ID, AMOUNT, PROVIDER, PROVIDER_PAYMENT_UUID)
VALUES (233, 2153.0, 'VISA', '399891430');
INSERT INTO ORDERS (ID, CUST_ID, PAYMENT_ID, STATUS, AMOUNT, CREATED_ON, UPDATED_ON)
VALUES (233, 777, 233, 'DELIVERED', 2153.0, LOCALTIMESTAMP, LOCALTIMESTAMP);
INSERT INTO ORDER_ITEM (ID, ORDER_ID, PRODUCT_ID, QUANTITY)
VALUES (5494, 233, 39, 16);
INSERT INTO ORDER_ITEM (ID, ORDER_ID, PRODUCT_ID, QUANTITY)
VALUES (5495, 233, 48, 20);
INSERT INTO ORDER_ITEM (ID, ORDER_ID, PRODUCT_ID, QUANTITY)
VALUES (5496, 233, 51, 8);
INSERT INTO ORDER_ITEM (ID, ORDER_ID, PRODUCT_ID, QUANTITY)
VALUES (5497, 233, 50, 19);
INSERT INTO ORDER_ITEM (ID, ORDER_ID, PRODUCT_ID, QUANTITY)
VALUES (5498, 233, 18, 17);
INSERT INTO ORDER_ITEM (ID, ORDER_ID, PRODUCT_ID, QUANTITY)
VALUES (5499, 233, 59, 14);
INSERT INTO ORDER_ITEM (ID, ORDER_ID, PRODUCT_ID, QUANTITY)
VALUES (5500, 233, 25, 11);
INSERT INTO ORDER_ITEM (ID, ORDER_ID, PRODUCT_ID, QUANTITY)
VALUES (5501, 233, 53, 0);
INSERT INTO ORDER_ITEM (ID, ORDER_ID, PRODUCT_ID, QUANTITY)
VALUES (5502, 233, 33, 4);
INSERT INTO ORDER_ITEM (ID, ORDER_ID, PRODUCT_ID, QUANTITY)
VALUES (5503, 233, 54, 4);
INSERT INTO ORDER_ITEM (ID, ORDER_ID, PRODUCT_ID, QUANTITY)
VALUES (5504, 233, 12, 6);
INSERT INTO ORDER_ITEM (ID, ORDER_ID, PRODUCT_ID, QUANTITY)
VALUES (5505, 233, 57, 16);
INSERT INTO ORDER_ITEM (ID, ORDER_ID, PRODUCT_ID, QUANTITY)
VALUES (5506, 233, 24, 11);
INSERT INTO ORDER_ITEM (ID, ORDER_ID, PRODUCT_ID, QUANTITY)
VALUES (5507, 233, 46, 15);
INSERT INTO ORDER_ITEM (ID, ORDER_ID, PRODUCT_ID, QUANTITY)
VALUES (5508, 233, 42, 9);
INSERT INTO ORDER_ITEM (ID, ORDER_ID, PRODUCT_ID, QUANTITY)
VALUES (5509, 233, 15, 9);
INSERT INTO ORDER_ITEM (ID, ORDER_ID, PRODUCT_ID, QUANTITY)
VALUES (5510, 233, 13, 14);
INSERT INTO ORDER_ITEM (ID, ORDER_ID, PRODUCT_ID, QUANTITY)
VALUES (5511, 233, 14, 15);
INSERT INTO ORDER_ITEM (ID, ORDER_ID, PRODUCT_ID, QUANTITY)
VALUES (5512, 233, 52, 1);
INSERT INTO ORDER_ITEM (ID, ORDER_ID, PRODUCT_ID, QUANTITY)
VALUES (5513, 233, 60, 17);
INSERT INTO ORDER_ITEM (ID, ORDER_ID, PRODUCT_ID, QUANTITY)
VALUES (5514, 233, 40, 9);
INSERT INTO ORDER_ITEM (ID, ORDER_ID, PRODUCT_ID, QUANTITY)
VALUES (5515, 233, 26, 9);
INSERT INTO ORDER_ITEM (ID, ORDER_ID, PRODUCT_ID, QUANTITY)
VALUES (5516, 233, 20, 3);
INSERT INTO ORDER_ITEM (ID, ORDER_ID, PRODUCT_ID, QUANTITY)
VALUES (5517, 233, 35, 4);
INSERT INTO ORDER_ITEM (ID, ORDER_ID, PRODUCT_ID, QUANTITY)
VALUES (5518, 233, 44, 9);
INSERT INTO ORDER_ITEM (ID, ORDER_ID, PRODUCT_ID, QUANTITY)
VALUES (5519, 233, 37, 2);
INSERT INTO ORDER_ITEM (ID, ORDER_ID, PRODUCT_ID, QUANTITY)
VALUES (5520, 233, 47, 19);
INSERT INTO ORDER_ITEM (ID, ORDER_ID, PRODUCT_ID, QUANTITY)
VALUES (5521, 233, 58, 1);
INSERT INTO ORDER_ITEM (ID, ORDER_ID, PRODUCT_ID, QUANTITY)
VALUES (5522, 233, 55, 18);
INSERT INTO ORDER_ITEM (ID, ORDER_ID, PRODUCT_ID, QUANTITY)
VALUES (5523, 233, 19, 3);
INSERT INTO ORDER_ITEM (ID, ORDER_ID, PRODUCT_ID, QUANTITY)
VALUES (5524, 233, 11, 16);
INSERT INTO ORDER_ITEM (ID, ORDER_ID, PRODUCT_ID, QUANTITY)
VALUES (5525, 233, 17, 20);
INSERT INTO ORDER_ITEM (ID, ORDER_ID, PRODUCT_ID, QUANTITY)
VALUES (5526, 233, 36, 5);
INSERT INTO ORDER_ITEM (ID, ORDER_ID, PRODUCT_ID, QUANTITY)
VALUES (5527, 233, 43, 15);
INSERT INTO ORDER_ITEM (ID, ORDER_ID, PRODUCT_ID, QUANTITY)
VALUES (5528, 233, 41, 15);
INSERT INTO ORDER_ITEM (ID, ORDER_ID, PRODUCT_ID, QUANTITY)
VALUES (5529, 233, 22, 20);
INSERT INTO ORDER_ITEM (ID, ORDER_ID, PRODUCT_ID, QUANTITY)
VALUES (5530, 233, 49, 19);
INSERT INTO ORDER_ITEM (ID, ORDER_ID, PRODUCT_ID, QUANTITY)
VALUES (5531, 233, 45, 0);
INSERT INTO ORDER_ITEM (ID, ORDER_ID, PRODUCT_ID, QUANTITY)
VALUES (5532, 233, 31, 20);
-- ### ORDER 224
INSERT INTO PAYMENT_DETAIL(ID, AMOUNT, PROVIDER, PROVIDER_PAYMENT_UUID)
VALUES (234, 6.0, 'MASTERCARD', '80670440');
INSERT INTO ORDERS (ID, CUST_ID, PAYMENT_ID, STATUS, AMOUNT, CREATED_ON, UPDATED_ON)
VALUES (234, 777, 234, 'DELIVERED', 6.0, LOCALTIMESTAMP, LOCALTIMESTAMP);
INSERT INTO ORDER_ITEM (ID, ORDER_ID, PRODUCT_ID, QUANTITY)
VALUES (5533, 234, 31, 2);
INSERT INTO ORDER_ITEM (ID, ORDER_ID, PRODUCT_ID, QUANTITY)
VALUES (5534, 234, 39, 20);
INSERT INTO ORDER_ITEM (ID, ORDER_ID, PRODUCT_ID, QUANTITY)
VALUES (5535, 234, 26, 14);
INSERT INTO ORDER_ITEM (ID, ORDER_ID, PRODUCT_ID, QUANTITY)
VALUES (5536, 234, 58, 16);
INSERT INTO ORDER_ITEM (ID, ORDER_ID, PRODUCT_ID, QUANTITY)
VALUES (5537, 234, 57, 8);
INSERT INTO ORDER_ITEM (ID, ORDER_ID, PRODUCT_ID, QUANTITY)
VALUES (5538, 234, 17, 5);
INSERT INTO ORDER_ITEM (ID, ORDER_ID, PRODUCT_ID, QUANTITY)
VALUES (5539, 234, 30, 14);
INSERT INTO ORDER_ITEM (ID, ORDER_ID, PRODUCT_ID, QUANTITY)
VALUES (5540, 234, 25, 3);
INSERT INTO ORDER_ITEM (ID, ORDER_ID, PRODUCT_ID, QUANTITY)
VALUES (5541, 234, 43, 2);
INSERT INTO ORDER_ITEM (ID, ORDER_ID, PRODUCT_ID, QUANTITY)
VALUES (5542, 234, 53, 12);
INSERT INTO ORDER_ITEM (ID, ORDER_ID, PRODUCT_ID, QUANTITY)
VALUES (5543, 234, 20, 8);
INSERT INTO ORDER_ITEM (ID, ORDER_ID, PRODUCT_ID, QUANTITY)
VALUES (5544, 234, 52, 2);
INSERT INTO ORDER_ITEM (ID, ORDER_ID, PRODUCT_ID, QUANTITY)
VALUES (5545, 234, 28, 18);
INSERT INTO ORDER_ITEM (ID, ORDER_ID, PRODUCT_ID, QUANTITY)
VALUES (5546, 234, 22, 20);
INSERT INTO ORDER_ITEM (ID, ORDER_ID, PRODUCT_ID, QUANTITY)
VALUES (5547, 234, 18, 9);
INSERT INTO ORDER_ITEM (ID, ORDER_ID, PRODUCT_ID, QUANTITY)
VALUES (5548, 234, 32, 19);
INSERT INTO ORDER_ITEM (ID, ORDER_ID, PRODUCT_ID, QUANTITY)
VALUES (5549, 234, 35, 16);
INSERT INTO ORDER_ITEM (ID, ORDER_ID, PRODUCT_ID, QUANTITY)
VALUES (5550, 234, 37, 18);
INSERT INTO ORDER_ITEM (ID, ORDER_ID, PRODUCT_ID, QUANTITY)
VALUES (5551, 234, 27, 7);
INSERT INTO ORDER_ITEM (ID, ORDER_ID, PRODUCT_ID, QUANTITY)
VALUES (5552, 234, 12, 9);
INSERT INTO ORDER_ITEM (ID, ORDER_ID, PRODUCT_ID, QUANTITY)
VALUES (5553, 234, 42, 14);
INSERT INTO ORDER_ITEM (ID, ORDER_ID, PRODUCT_ID, QUANTITY)
VALUES (5554, 234, 56, 0);
INSERT INTO ORDER_ITEM (ID, ORDER_ID, PRODUCT_ID, QUANTITY)
VALUES (5555, 234, 14, 9);
INSERT INTO ORDER_ITEM (ID, ORDER_ID, PRODUCT_ID, QUANTITY)
VALUES (5556, 234, 19, 7);
INSERT INTO ORDER_ITEM (ID, ORDER_ID, PRODUCT_ID, QUANTITY)
VALUES (5557, 234, 47, 11);
INSERT INTO ORDER_ITEM (ID, ORDER_ID, PRODUCT_ID, QUANTITY)
VALUES (5558, 234, 44, 3);
INSERT INTO ORDER_ITEM (ID, ORDER_ID, PRODUCT_ID, QUANTITY)
VALUES (5559, 234, 13, 9);
INSERT INTO ORDER_ITEM (ID, ORDER_ID, PRODUCT_ID, QUANTITY)
VALUES (5560, 234, 60, 12);
INSERT INTO ORDER_ITEM (ID, ORDER_ID, PRODUCT_ID, QUANTITY)
VALUES (5561, 234, 38, 14);
INSERT INTO ORDER_ITEM (ID, ORDER_ID, PRODUCT_ID, QUANTITY)
VALUES (5562, 234, 41, 1);
INSERT INTO ORDER_ITEM (ID, ORDER_ID, PRODUCT_ID, QUANTITY)
VALUES (5563, 234, 40, 5);
INSERT INTO ORDER_ITEM (ID, ORDER_ID, PRODUCT_ID, QUANTITY)
VALUES (5564, 234, 45, 12);
INSERT INTO ORDER_ITEM (ID, ORDER_ID, PRODUCT_ID, QUANTITY)
VALUES (5565, 234, 50, 10);
-- ### ORDER 225
INSERT INTO PAYMENT_DETAIL(ID, AMOUNT, PROVIDER, PROVIDER_PAYMENT_UUID)
VALUES (235, 1807.0, 'VISA', '581161575');
INSERT INTO ORDERS (ID, CUST_ID, PAYMENT_ID, STATUS, AMOUNT, CREATED_ON, UPDATED_ON)
VALUES (235, 777, 235, 'DELIVERED', 1807.0, LOCALTIMESTAMP, LOCALTIMESTAMP);
INSERT INTO ORDER_ITEM (ID, ORDER_ID, PRODUCT_ID, QUANTITY)
VALUES (5566, 235, 37, 13);
INSERT INTO ORDER_ITEM (ID, ORDER_ID, PRODUCT_ID, QUANTITY)
VALUES (5567, 235, 40, 5);
INSERT INTO ORDER_ITEM (ID, ORDER_ID, PRODUCT_ID, QUANTITY)
VALUES (5568, 235, 14, 15);
INSERT INTO ORDER_ITEM (ID, ORDER_ID, PRODUCT_ID, QUANTITY)
VALUES (5569, 235, 11, 11);
INSERT INTO ORDER_ITEM (ID, ORDER_ID, PRODUCT_ID, QUANTITY)
VALUES (5570, 235, 24, 14);
INSERT INTO ORDER_ITEM (ID, ORDER_ID, PRODUCT_ID, QUANTITY)
VALUES (5571, 235, 32, 14);
INSERT INTO ORDER_ITEM (ID, ORDER_ID, PRODUCT_ID, QUANTITY)
VALUES (5572, 235, 58, 6);
INSERT INTO ORDER_ITEM (ID, ORDER_ID, PRODUCT_ID, QUANTITY)
VALUES (5573, 235, 35, 9);
INSERT INTO ORDER_ITEM (ID, ORDER_ID, PRODUCT_ID, QUANTITY)
VALUES (5574, 235, 43, 15);
INSERT INTO ORDER_ITEM (ID, ORDER_ID, PRODUCT_ID, QUANTITY)
VALUES (5575, 235, 51, 12);
INSERT INTO ORDER_ITEM (ID, ORDER_ID, PRODUCT_ID, QUANTITY)
VALUES (5576, 235, 56, 9);
INSERT INTO ORDER_ITEM (ID, ORDER_ID, PRODUCT_ID, QUANTITY)
VALUES (5577, 235, 44, 5);
INSERT INTO ORDER_ITEM (ID, ORDER_ID, PRODUCT_ID, QUANTITY)
VALUES (5578, 235, 18, 19);
INSERT INTO ORDER_ITEM (ID, ORDER_ID, PRODUCT_ID, QUANTITY)
VALUES (5579, 235, 39, 2);
INSERT INTO ORDER_ITEM (ID, ORDER_ID, PRODUCT_ID, QUANTITY)
VALUES (5580, 235, 53, 6);
INSERT INTO ORDER_ITEM (ID, ORDER_ID, PRODUCT_ID, QUANTITY)
VALUES (5581, 235, 17, 8);
INSERT INTO ORDER_ITEM (ID, ORDER_ID, PRODUCT_ID, QUANTITY)
VALUES (5582, 235, 12, 15);
INSERT INTO ORDER_ITEM (ID, ORDER_ID, PRODUCT_ID, QUANTITY)
VALUES (5583, 235, 55, 9);
INSERT INTO ORDER_ITEM (ID, ORDER_ID, PRODUCT_ID, QUANTITY)
VALUES (5584, 235, 15, 1);
INSERT INTO ORDER_ITEM (ID, ORDER_ID, PRODUCT_ID, QUANTITY)
VALUES (5585, 235, 19, 1);
INSERT INTO ORDER_ITEM (ID, ORDER_ID, PRODUCT_ID, QUANTITY)
VALUES (5586, 235, 47, 2);
INSERT INTO ORDER_ITEM (ID, ORDER_ID, PRODUCT_ID, QUANTITY)
VALUES (5587, 235, 48, 11);
INSERT INTO ORDER_ITEM (ID, ORDER_ID, PRODUCT_ID, QUANTITY)
VALUES (5588, 235, 38, 14);
INSERT INTO ORDER_ITEM (ID, ORDER_ID, PRODUCT_ID, QUANTITY)
VALUES (5589, 235, 33, 14);
INSERT INTO ORDER_ITEM (ID, ORDER_ID, PRODUCT_ID, QUANTITY)
VALUES (5590, 235, 28, 16);
INSERT INTO ORDER_ITEM (ID, ORDER_ID, PRODUCT_ID, QUANTITY)
VALUES (5591, 235, 42, 11);
INSERT INTO ORDER_ITEM (ID, ORDER_ID, PRODUCT_ID, QUANTITY)
VALUES (5592, 235, 34, 1);
INSERT INTO ORDER_ITEM (ID, ORDER_ID, PRODUCT_ID, QUANTITY)
VALUES (5593, 235, 59, 14);
INSERT INTO ORDER_ITEM (ID, ORDER_ID, PRODUCT_ID, QUANTITY)
VALUES (5594, 235, 23, 1);
INSERT INTO ORDER_ITEM (ID, ORDER_ID, PRODUCT_ID, QUANTITY)
VALUES (5595, 235, 25, 7);
INSERT INTO ORDER_ITEM (ID, ORDER_ID, PRODUCT_ID, QUANTITY)
VALUES (5596, 235, 16, 3);
INSERT INTO ORDER_ITEM (ID, ORDER_ID, PRODUCT_ID, QUANTITY)
VALUES (5597, 235, 31, 2);
INSERT INTO ORDER_ITEM (ID, ORDER_ID, PRODUCT_ID, QUANTITY)
VALUES (5598, 235, 41, 12);
INSERT INTO ORDER_ITEM (ID, ORDER_ID, PRODUCT_ID, QUANTITY)
VALUES (5599, 235, 60, 10);
INSERT INTO ORDER_ITEM (ID, ORDER_ID, PRODUCT_ID, QUANTITY)
VALUES (5600, 235, 27, 7);
INSERT INTO ORDER_ITEM (ID, ORDER_ID, PRODUCT_ID, QUANTITY)
VALUES (5601, 235, 49, 10);
INSERT INTO ORDER_ITEM (ID, ORDER_ID, PRODUCT_ID, QUANTITY)
VALUES (5602, 235, 36, 17);
INSERT INTO ORDER_ITEM (ID, ORDER_ID, PRODUCT_ID, QUANTITY)
VALUES (5603, 235, 45, 1);
INSERT INTO ORDER_ITEM (ID, ORDER_ID, PRODUCT_ID, QUANTITY)
VALUES (5604, 235, 30, 12);
INSERT INTO ORDER_ITEM (ID, ORDER_ID, PRODUCT_ID, QUANTITY)
VALUES (5605, 235, 21, 5);
INSERT INTO ORDER_ITEM (ID, ORDER_ID, PRODUCT_ID, QUANTITY)
VALUES (5606, 235, 52, 20);
INSERT INTO ORDER_ITEM (ID, ORDER_ID, PRODUCT_ID, QUANTITY)
VALUES (5607, 235, 54, 6);
INSERT INTO ORDER_ITEM (ID, ORDER_ID, PRODUCT_ID, QUANTITY)
VALUES (5608, 235, 13, 5);
INSERT INTO ORDER_ITEM (ID, ORDER_ID, PRODUCT_ID, QUANTITY)
VALUES (5609, 235, 20, 3);
-- ### ORDER 226
INSERT INTO PAYMENT_DETAIL(ID, AMOUNT, PROVIDER, PROVIDER_PAYMENT_UUID)
VALUES (236, 3069.0, 'CRYPTO', '283436359');
INSERT INTO ORDERS (ID, CUST_ID, PAYMENT_ID, STATUS, AMOUNT, CREATED_ON, UPDATED_ON)
VALUES (236, 777, 236, 'DELIVERED', 3069.0, LOCALTIMESTAMP, LOCALTIMESTAMP);
INSERT INTO ORDER_ITEM (ID, ORDER_ID, PRODUCT_ID, QUANTITY)
VALUES (5610, 236, 19, 1);
INSERT INTO ORDER_ITEM (ID, ORDER_ID, PRODUCT_ID, QUANTITY)
VALUES (5611, 236, 31, 6);
INSERT INTO ORDER_ITEM (ID, ORDER_ID, PRODUCT_ID, QUANTITY)
VALUES (5612, 236, 34, 19);
INSERT INTO ORDER_ITEM (ID, ORDER_ID, PRODUCT_ID, QUANTITY)
VALUES (5613, 236, 37, 5);
INSERT INTO ORDER_ITEM (ID, ORDER_ID, PRODUCT_ID, QUANTITY)
VALUES (5614, 236, 26, 12);
INSERT INTO ORDER_ITEM (ID, ORDER_ID, PRODUCT_ID, QUANTITY)
VALUES (5615, 236, 40, 9);
INSERT INTO ORDER_ITEM (ID, ORDER_ID, PRODUCT_ID, QUANTITY)
VALUES (5616, 236, 49, 14);
INSERT INTO ORDER_ITEM (ID, ORDER_ID, PRODUCT_ID, QUANTITY)
VALUES (5617, 236, 54, 15);
INSERT INTO ORDER_ITEM (ID, ORDER_ID, PRODUCT_ID, QUANTITY)
VALUES (5618, 236, 56, 5);
INSERT INTO ORDER_ITEM (ID, ORDER_ID, PRODUCT_ID, QUANTITY)
VALUES (5619, 236, 24, 8);
INSERT INTO ORDER_ITEM (ID, ORDER_ID, PRODUCT_ID, QUANTITY)
VALUES (5620, 236, 38, 14);
INSERT INTO ORDER_ITEM (ID, ORDER_ID, PRODUCT_ID, QUANTITY)
VALUES (5621, 236, 53, 6);
INSERT INTO ORDER_ITEM (ID, ORDER_ID, PRODUCT_ID, QUANTITY)
VALUES (5622, 236, 44, 19);
INSERT INTO ORDER_ITEM (ID, ORDER_ID, PRODUCT_ID, QUANTITY)
VALUES (5623, 236, 46, 3);
INSERT INTO ORDER_ITEM (ID, ORDER_ID, PRODUCT_ID, QUANTITY)
VALUES (5624, 236, 33, 0);
INSERT INTO ORDER_ITEM (ID, ORDER_ID, PRODUCT_ID, QUANTITY)
VALUES (5625, 236, 11, 7);
INSERT INTO ORDER_ITEM (ID, ORDER_ID, PRODUCT_ID, QUANTITY)
VALUES (5626, 236, 17, 11);
INSERT INTO ORDER_ITEM (ID, ORDER_ID, PRODUCT_ID, QUANTITY)
VALUES (5627, 236, 42, 1);
INSERT INTO ORDER_ITEM (ID, ORDER_ID, PRODUCT_ID, QUANTITY)
VALUES (5628, 236, 23, 1);
INSERT INTO ORDER_ITEM (ID, ORDER_ID, PRODUCT_ID, QUANTITY)
VALUES (5629, 236, 32, 3);
INSERT INTO ORDER_ITEM (ID, ORDER_ID, PRODUCT_ID, QUANTITY)
VALUES (5630, 236, 20, 18);
INSERT INTO ORDER_ITEM (ID, ORDER_ID, PRODUCT_ID, QUANTITY)
VALUES (5631, 236, 16, 4);
INSERT INTO ORDER_ITEM (ID, ORDER_ID, PRODUCT_ID, QUANTITY)
VALUES (5632, 236, 48, 12);
INSERT INTO ORDER_ITEM (ID, ORDER_ID, PRODUCT_ID, QUANTITY)
VALUES (5633, 236, 35, 9);
INSERT INTO ORDER_ITEM (ID, ORDER_ID, PRODUCT_ID, QUANTITY)
VALUES (5634, 236, 28, 8);
INSERT INTO ORDER_ITEM (ID, ORDER_ID, PRODUCT_ID, QUANTITY)
VALUES (5635, 236, 41, 6);
INSERT INTO ORDER_ITEM (ID, ORDER_ID, PRODUCT_ID, QUANTITY)
VALUES (5636, 236, 52, 0);
INSERT INTO ORDER_ITEM (ID, ORDER_ID, PRODUCT_ID, QUANTITY)
VALUES (5637, 236, 27, 5);
INSERT INTO ORDER_ITEM (ID, ORDER_ID, PRODUCT_ID, QUANTITY)
VALUES (5638, 236, 59, 6);
INSERT INTO ORDER_ITEM (ID, ORDER_ID, PRODUCT_ID, QUANTITY)
VALUES (5639, 236, 13, 2);
INSERT INTO ORDER_ITEM (ID, ORDER_ID, PRODUCT_ID, QUANTITY)
VALUES (5640, 236, 14, 7);
INSERT INTO ORDER_ITEM (ID, ORDER_ID, PRODUCT_ID, QUANTITY)
VALUES (5641, 236, 58, 5);
INSERT INTO ORDER_ITEM (ID, ORDER_ID, PRODUCT_ID, QUANTITY)
VALUES (5642, 236, 15, 13);
INSERT INTO ORDER_ITEM (ID, ORDER_ID, PRODUCT_ID, QUANTITY)
VALUES (5643, 236, 45, 2);
INSERT INTO ORDER_ITEM (ID, ORDER_ID, PRODUCT_ID, QUANTITY)
VALUES (5644, 236, 21, 18);
INSERT INTO ORDER_ITEM (ID, ORDER_ID, PRODUCT_ID, QUANTITY)
VALUES (5645, 236, 36, 12);
INSERT INTO ORDER_ITEM (ID, ORDER_ID, PRODUCT_ID, QUANTITY)
VALUES (5646, 236, 12, 13);
INSERT INTO ORDER_ITEM (ID, ORDER_ID, PRODUCT_ID, QUANTITY)
VALUES (5647, 236, 25, 20);
INSERT INTO ORDER_ITEM (ID, ORDER_ID, PRODUCT_ID, QUANTITY)
VALUES (5648, 236, 29, 5);
INSERT INTO ORDER_ITEM (ID, ORDER_ID, PRODUCT_ID, QUANTITY)
VALUES (5649, 236, 30, 7);
INSERT INTO ORDER_ITEM (ID, ORDER_ID, PRODUCT_ID, QUANTITY)
VALUES (5650, 236, 55, 10);
INSERT INTO ORDER_ITEM (ID, ORDER_ID, PRODUCT_ID, QUANTITY)
VALUES (5651, 236, 22, 7);
INSERT INTO ORDER_ITEM (ID, ORDER_ID, PRODUCT_ID, QUANTITY)
VALUES (5652, 236, 60, 19);
INSERT INTO ORDER_ITEM (ID, ORDER_ID, PRODUCT_ID, QUANTITY)
VALUES (5653, 236, 18, 19);
INSERT INTO ORDER_ITEM (ID, ORDER_ID, PRODUCT_ID, QUANTITY)
VALUES (5654, 236, 43, 19);
INSERT INTO ORDER_ITEM (ID, ORDER_ID, PRODUCT_ID, QUANTITY)
VALUES (5655, 236, 57, 9);
-- ### ORDER 227
INSERT INTO PAYMENT_DETAIL(ID, AMOUNT, PROVIDER, PROVIDER_PAYMENT_UUID)
VALUES (237, 2252.0, 'VISA', '94737797');
INSERT INTO ORDERS (ID, CUST_ID, PAYMENT_ID, STATUS, AMOUNT, CREATED_ON, UPDATED_ON)
VALUES (237, 777, 237, 'DELIVERED', 2252.0, LOCALTIMESTAMP, LOCALTIMESTAMP);
INSERT INTO ORDER_ITEM (ID, ORDER_ID, PRODUCT_ID, QUANTITY)
VALUES (5656, 237, 19, 9);
INSERT INTO ORDER_ITEM (ID, ORDER_ID, PRODUCT_ID, QUANTITY)
VALUES (5657, 237, 57, 6);
INSERT INTO ORDER_ITEM (ID, ORDER_ID, PRODUCT_ID, QUANTITY)
VALUES (5658, 237, 44, 5);
INSERT INTO ORDER_ITEM (ID, ORDER_ID, PRODUCT_ID, QUANTITY)
VALUES (5659, 237, 26, 8);
INSERT INTO ORDER_ITEM (ID, ORDER_ID, PRODUCT_ID, QUANTITY)
VALUES (5660, 237, 59, 17);
INSERT INTO ORDER_ITEM (ID, ORDER_ID, PRODUCT_ID, QUANTITY)
VALUES (5661, 237, 45, 2);
INSERT INTO ORDER_ITEM (ID, ORDER_ID, PRODUCT_ID, QUANTITY)
VALUES (5662, 237, 15, 20);
INSERT INTO ORDER_ITEM (ID, ORDER_ID, PRODUCT_ID, QUANTITY)
VALUES (5663, 237, 55, 2);
INSERT INTO ORDER_ITEM (ID, ORDER_ID, PRODUCT_ID, QUANTITY)
VALUES (5664, 237, 40, 15);
INSERT INTO ORDER_ITEM (ID, ORDER_ID, PRODUCT_ID, QUANTITY)
VALUES (5665, 237, 58, 0);
INSERT INTO ORDER_ITEM (ID, ORDER_ID, PRODUCT_ID, QUANTITY)
VALUES (5666, 237, 13, 4);
INSERT INTO ORDER_ITEM (ID, ORDER_ID, PRODUCT_ID, QUANTITY)
VALUES (5667, 237, 32, 17);
INSERT INTO ORDER_ITEM (ID, ORDER_ID, PRODUCT_ID, QUANTITY)
VALUES (5668, 237, 21, 2);
INSERT INTO ORDER_ITEM (ID, ORDER_ID, PRODUCT_ID, QUANTITY)
VALUES (5669, 237, 25, 13);
INSERT INTO ORDER_ITEM (ID, ORDER_ID, PRODUCT_ID, QUANTITY)
VALUES (5670, 237, 43, 17);
INSERT INTO ORDER_ITEM (ID, ORDER_ID, PRODUCT_ID, QUANTITY)
VALUES (5671, 237, 11, 5);
INSERT INTO ORDER_ITEM (ID, ORDER_ID, PRODUCT_ID, QUANTITY)
VALUES (5672, 237, 36, 7);
INSERT INTO ORDER_ITEM (ID, ORDER_ID, PRODUCT_ID, QUANTITY)
VALUES (5673, 237, 35, 14);
INSERT INTO ORDER_ITEM (ID, ORDER_ID, PRODUCT_ID, QUANTITY)
VALUES (5674, 237, 18, 19);
INSERT INTO ORDER_ITEM (ID, ORDER_ID, PRODUCT_ID, QUANTITY)
VALUES (5675, 237, 16, 12);
INSERT INTO ORDER_ITEM (ID, ORDER_ID, PRODUCT_ID, QUANTITY)
VALUES (5676, 237, 52, 20);
INSERT INTO ORDER_ITEM (ID, ORDER_ID, PRODUCT_ID, QUANTITY)
VALUES (5677, 237, 49, 8);
INSERT INTO ORDER_ITEM (ID, ORDER_ID, PRODUCT_ID, QUANTITY)
VALUES (5678, 237, 28, 18);
INSERT INTO ORDER_ITEM (ID, ORDER_ID, PRODUCT_ID, QUANTITY)
VALUES (5679, 237, 23, 17);
INSERT INTO ORDER_ITEM (ID, ORDER_ID, PRODUCT_ID, QUANTITY)
VALUES (5680, 237, 42, 20);
INSERT INTO ORDER_ITEM (ID, ORDER_ID, PRODUCT_ID, QUANTITY)
VALUES (5681, 237, 22, 13);
INSERT INTO ORDER_ITEM (ID, ORDER_ID, PRODUCT_ID, QUANTITY)
VALUES (5682, 237, 41, 14);
INSERT INTO ORDER_ITEM (ID, ORDER_ID, PRODUCT_ID, QUANTITY)
VALUES (5683, 237, 20, 19);
INSERT INTO ORDER_ITEM (ID, ORDER_ID, PRODUCT_ID, QUANTITY)
VALUES (5684, 237, 14, 0);
INSERT INTO ORDER_ITEM (ID, ORDER_ID, PRODUCT_ID, QUANTITY)
VALUES (5685, 237, 53, 12);
INSERT INTO ORDER_ITEM (ID, ORDER_ID, PRODUCT_ID, QUANTITY)
VALUES (5686, 237, 17, 5);
INSERT INTO ORDER_ITEM (ID, ORDER_ID, PRODUCT_ID, QUANTITY)
VALUES (5687, 237, 39, 0);
INSERT INTO ORDER_ITEM (ID, ORDER_ID, PRODUCT_ID, QUANTITY)
VALUES (5688, 237, 56, 19);
INSERT INTO ORDER_ITEM (ID, ORDER_ID, PRODUCT_ID, QUANTITY)
VALUES (5689, 237, 30, 8);
INSERT INTO ORDER_ITEM (ID, ORDER_ID, PRODUCT_ID, QUANTITY)
VALUES (5690, 237, 38, 7);
INSERT INTO ORDER_ITEM (ID, ORDER_ID, PRODUCT_ID, QUANTITY)
VALUES (5691, 237, 31, 7);
INSERT INTO ORDER_ITEM (ID, ORDER_ID, PRODUCT_ID, QUANTITY)
VALUES (5692, 237, 37, 2);
INSERT INTO ORDER_ITEM (ID, ORDER_ID, PRODUCT_ID, QUANTITY)
VALUES (5693, 237, 29, 1);
INSERT INTO ORDER_ITEM (ID, ORDER_ID, PRODUCT_ID, QUANTITY)
VALUES (5694, 237, 24, 7);
INSERT INTO ORDER_ITEM (ID, ORDER_ID, PRODUCT_ID, QUANTITY)
VALUES (5695, 237, 50, 12);
INSERT INTO ORDER_ITEM (ID, ORDER_ID, PRODUCT_ID, QUANTITY)
VALUES (5696, 237, 51, 19);
INSERT INTO ORDER_ITEM (ID, ORDER_ID, PRODUCT_ID, QUANTITY)
VALUES (5697, 237, 34, 16);
-- ### ORDER 228
INSERT INTO PAYMENT_DETAIL(ID, AMOUNT, PROVIDER, PROVIDER_PAYMENT_UUID)
VALUES (238, 2430.0, 'VISA', '709630644');
INSERT INTO ORDERS (ID, CUST_ID, PAYMENT_ID, STATUS, AMOUNT, CREATED_ON, UPDATED_ON)
VALUES (238, 777, 238, 'DELIVERED', 2430.0, LOCALTIMESTAMP, LOCALTIMESTAMP);
INSERT INTO ORDER_ITEM (ID, ORDER_ID, PRODUCT_ID, QUANTITY)
VALUES (5698, 238, 34, 14);
INSERT INTO ORDER_ITEM (ID, ORDER_ID, PRODUCT_ID, QUANTITY)
VALUES (5699, 238, 16, 16);
INSERT INTO ORDER_ITEM (ID, ORDER_ID, PRODUCT_ID, QUANTITY)
VALUES (5700, 238, 46, 9);
INSERT INTO ORDER_ITEM (ID, ORDER_ID, PRODUCT_ID, QUANTITY)
VALUES (5701, 238, 57, 10);
INSERT INTO ORDER_ITEM (ID, ORDER_ID, PRODUCT_ID, QUANTITY)
VALUES (5702, 238, 21, 0);
INSERT INTO ORDER_ITEM (ID, ORDER_ID, PRODUCT_ID, QUANTITY)
VALUES (5703, 238, 18, 16);
INSERT INTO ORDER_ITEM (ID, ORDER_ID, PRODUCT_ID, QUANTITY)
VALUES (5704, 238, 32, 12);
INSERT INTO ORDER_ITEM (ID, ORDER_ID, PRODUCT_ID, QUANTITY)
VALUES (5705, 238, 17, 14);
INSERT INTO ORDER_ITEM (ID, ORDER_ID, PRODUCT_ID, QUANTITY)
VALUES (5706, 238, 51, 2);
INSERT INTO ORDER_ITEM (ID, ORDER_ID, PRODUCT_ID, QUANTITY)
VALUES (5707, 238, 13, 4);
INSERT INTO ORDER_ITEM (ID, ORDER_ID, PRODUCT_ID, QUANTITY)
VALUES (5708, 238, 26, 13);
INSERT INTO ORDER_ITEM (ID, ORDER_ID, PRODUCT_ID, QUANTITY)
VALUES (5709, 238, 11, 18);
INSERT INTO ORDER_ITEM (ID, ORDER_ID, PRODUCT_ID, QUANTITY)
VALUES (5710, 238, 15, 15);
INSERT INTO ORDER_ITEM (ID, ORDER_ID, PRODUCT_ID, QUANTITY)
VALUES (5711, 238, 27, 0);
INSERT INTO ORDER_ITEM (ID, ORDER_ID, PRODUCT_ID, QUANTITY)
VALUES (5712, 238, 50, 19);
INSERT INTO ORDER_ITEM (ID, ORDER_ID, PRODUCT_ID, QUANTITY)
VALUES (5713, 238, 59, 0);
INSERT INTO ORDER_ITEM (ID, ORDER_ID, PRODUCT_ID, QUANTITY)
VALUES (5714, 238, 41, 2);
INSERT INTO ORDER_ITEM (ID, ORDER_ID, PRODUCT_ID, QUANTITY)
VALUES (5715, 238, 55, 11);
INSERT INTO ORDER_ITEM (ID, ORDER_ID, PRODUCT_ID, QUANTITY)
VALUES (5716, 238, 43, 16);
INSERT INTO ORDER_ITEM (ID, ORDER_ID, PRODUCT_ID, QUANTITY)
VALUES (5717, 238, 14, 3);
INSERT INTO ORDER_ITEM (ID, ORDER_ID, PRODUCT_ID, QUANTITY)
VALUES (5718, 238, 23, 5);
INSERT INTO ORDER_ITEM (ID, ORDER_ID, PRODUCT_ID, QUANTITY)
VALUES (5719, 238, 36, 11);
INSERT INTO ORDER_ITEM (ID, ORDER_ID, PRODUCT_ID, QUANTITY)
VALUES (5720, 238, 54, 18);
INSERT INTO ORDER_ITEM (ID, ORDER_ID, PRODUCT_ID, QUANTITY)
VALUES (5721, 238, 29, 9);
INSERT INTO ORDER_ITEM (ID, ORDER_ID, PRODUCT_ID, QUANTITY)
VALUES (5722, 238, 35, 0);
INSERT INTO ORDER_ITEM (ID, ORDER_ID, PRODUCT_ID, QUANTITY)
VALUES (5723, 238, 20, 7);
INSERT INTO ORDER_ITEM (ID, ORDER_ID, PRODUCT_ID, QUANTITY)
VALUES (5724, 238, 60, 15);
INSERT INTO ORDER_ITEM (ID, ORDER_ID, PRODUCT_ID, QUANTITY)
VALUES (5725, 238, 53, 17);
INSERT INTO ORDER_ITEM (ID, ORDER_ID, PRODUCT_ID, QUANTITY)
VALUES (5726, 238, 39, 14);
INSERT INTO ORDER_ITEM (ID, ORDER_ID, PRODUCT_ID, QUANTITY)
VALUES (5727, 238, 56, 2);
INSERT INTO ORDER_ITEM (ID, ORDER_ID, PRODUCT_ID, QUANTITY)
VALUES (5728, 238, 22, 5);
INSERT INTO ORDER_ITEM (ID, ORDER_ID, PRODUCT_ID, QUANTITY)
VALUES (5729, 238, 24, 15);
INSERT INTO ORDER_ITEM (ID, ORDER_ID, PRODUCT_ID, QUANTITY)
VALUES (5730, 238, 52, 0);
-- ### ORDER 229
INSERT INTO PAYMENT_DETAIL(ID, AMOUNT, PROVIDER, PROVIDER_PAYMENT_UUID)
VALUES (239, 180.0, 'ICARD', '291734257');
INSERT INTO ORDERS (ID, CUST_ID, PAYMENT_ID, STATUS, AMOUNT, CREATED_ON, UPDATED_ON)
VALUES (239, 777, 239, 'DELIVERED', 180.0, LOCALTIMESTAMP, LOCALTIMESTAMP);
INSERT INTO ORDER_ITEM (ID, ORDER_ID, PRODUCT_ID, QUANTITY)
VALUES (5731, 239, 13, 20);
INSERT INTO ORDER_ITEM (ID, ORDER_ID, PRODUCT_ID, QUANTITY)
VALUES (5732, 239, 12, 16);
INSERT INTO ORDER_ITEM (ID, ORDER_ID, PRODUCT_ID, QUANTITY)
VALUES (5733, 239, 46, 19);
INSERT INTO ORDER_ITEM (ID, ORDER_ID, PRODUCT_ID, QUANTITY)
VALUES (5734, 239, 24, 13);
INSERT INTO ORDER_ITEM (ID, ORDER_ID, PRODUCT_ID, QUANTITY)
VALUES (5735, 239, 35, 4);
INSERT INTO ORDER_ITEM (ID, ORDER_ID, PRODUCT_ID, QUANTITY)
VALUES (5736, 239, 48, 4);
INSERT INTO ORDER_ITEM (ID, ORDER_ID, PRODUCT_ID, QUANTITY)
VALUES (5737, 239, 20, 14);
INSERT INTO ORDER_ITEM (ID, ORDER_ID, PRODUCT_ID, QUANTITY)
VALUES (5738, 239, 38, 17);
INSERT INTO ORDER_ITEM (ID, ORDER_ID, PRODUCT_ID, QUANTITY)
VALUES (5739, 239, 17, 20);
INSERT INTO ORDER_ITEM (ID, ORDER_ID, PRODUCT_ID, QUANTITY)
VALUES (5740, 239, 23, 6);
INSERT INTO ORDER_ITEM (ID, ORDER_ID, PRODUCT_ID, QUANTITY)
VALUES (5741, 239, 40, 7);
INSERT INTO ORDER_ITEM (ID, ORDER_ID, PRODUCT_ID, QUANTITY)
VALUES (5742, 239, 49, 14);
INSERT INTO ORDER_ITEM (ID, ORDER_ID, PRODUCT_ID, QUANTITY)
VALUES (5743, 239, 14, 17);
INSERT INTO ORDER_ITEM (ID, ORDER_ID, PRODUCT_ID, QUANTITY)
VALUES (5744, 239, 45, 8);
INSERT INTO ORDER_ITEM (ID, ORDER_ID, PRODUCT_ID, QUANTITY)
VALUES (5745, 239, 16, 8);
INSERT INTO ORDER_ITEM (ID, ORDER_ID, PRODUCT_ID, QUANTITY)
VALUES (5746, 239, 55, 17);
-- ### ORDER 230
INSERT INTO PAYMENT_DETAIL(ID, AMOUNT, PROVIDER, PROVIDER_PAYMENT_UUID)
VALUES (240, 2060.0, 'ICARD', '454672717');
INSERT INTO ORDERS (ID, CUST_ID, PAYMENT_ID, STATUS, AMOUNT, CREATED_ON, UPDATED_ON)
VALUES (240, 777, 240, 'DELIVERED', 2060.0, LOCALTIMESTAMP, LOCALTIMESTAMP);
INSERT INTO ORDER_ITEM (ID, ORDER_ID, PRODUCT_ID, QUANTITY)
VALUES (5747, 240, 56, 14);
INSERT INTO ORDER_ITEM (ID, ORDER_ID, PRODUCT_ID, QUANTITY)
VALUES (5748, 240, 52, 8);
INSERT INTO ORDER_ITEM (ID, ORDER_ID, PRODUCT_ID, QUANTITY)
VALUES (5749, 240, 26, 5);
INSERT INTO ORDER_ITEM (ID, ORDER_ID, PRODUCT_ID, QUANTITY)
VALUES (5750, 240, 51, 10);
INSERT INTO ORDER_ITEM (ID, ORDER_ID, PRODUCT_ID, QUANTITY)
VALUES (5751, 240, 18, 20);
INSERT INTO ORDER_ITEM (ID, ORDER_ID, PRODUCT_ID, QUANTITY)
VALUES (5752, 240, 28, 20);
INSERT INTO ORDER_ITEM (ID, ORDER_ID, PRODUCT_ID, QUANTITY)
VALUES (5753, 240, 11, 0);
INSERT INTO ORDER_ITEM (ID, ORDER_ID, PRODUCT_ID, QUANTITY)
VALUES (5754, 240, 12, 8);
INSERT INTO ORDER_ITEM (ID, ORDER_ID, PRODUCT_ID, QUANTITY)
VALUES (5755, 240, 35, 13);
INSERT INTO ORDER_ITEM (ID, ORDER_ID, PRODUCT_ID, QUANTITY)
VALUES (5756, 240, 30, 18);
INSERT INTO ORDER_ITEM (ID, ORDER_ID, PRODUCT_ID, QUANTITY)
VALUES (5757, 240, 55, 0);
INSERT INTO ORDER_ITEM (ID, ORDER_ID, PRODUCT_ID, QUANTITY)
VALUES (5758, 240, 14, 18);
INSERT INTO ORDER_ITEM (ID, ORDER_ID, PRODUCT_ID, QUANTITY)
VALUES (5759, 240, 20, 7);
INSERT INTO ORDER_ITEM (ID, ORDER_ID, PRODUCT_ID, QUANTITY)
VALUES (5760, 240, 42, 2);
INSERT INTO ORDER_ITEM (ID, ORDER_ID, PRODUCT_ID, QUANTITY)
VALUES (5761, 240, 15, 20);
INSERT INTO ORDER_ITEM (ID, ORDER_ID, PRODUCT_ID, QUANTITY)
VALUES (5762, 240, 36, 16);
INSERT INTO ORDER_ITEM (ID, ORDER_ID, PRODUCT_ID, QUANTITY)
VALUES (5763, 240, 33, 4);
INSERT INTO ORDER_ITEM (ID, ORDER_ID, PRODUCT_ID, QUANTITY)
VALUES (5764, 240, 48, 14);
INSERT INTO ORDER_ITEM (ID, ORDER_ID, PRODUCT_ID, QUANTITY)
VALUES (5765, 240, 57, 15);
INSERT INTO ORDER_ITEM (ID, ORDER_ID, PRODUCT_ID, QUANTITY)
VALUES (5766, 240, 49, 17);
INSERT INTO ORDER_ITEM (ID, ORDER_ID, PRODUCT_ID, QUANTITY)
VALUES (5767, 240, 24, 3);
INSERT INTO ORDER_ITEM (ID, ORDER_ID, PRODUCT_ID, QUANTITY)
VALUES (5768, 240, 60, 5);
INSERT INTO ORDER_ITEM (ID, ORDER_ID, PRODUCT_ID, QUANTITY)
VALUES (5769, 240, 43, 17);
INSERT INTO ORDER_ITEM (ID, ORDER_ID, PRODUCT_ID, QUANTITY)
VALUES (5770, 240, 45, 16);
INSERT INTO ORDER_ITEM (ID, ORDER_ID, PRODUCT_ID, QUANTITY)
VALUES (5771, 240, 40, 20);
INSERT INTO ORDER_ITEM (ID, ORDER_ID, PRODUCT_ID, QUANTITY)
VALUES (5772, 240, 46, 6);
INSERT INTO ORDER_ITEM (ID, ORDER_ID, PRODUCT_ID, QUANTITY)
VALUES (5773, 240, 29, 4);
INSERT INTO ORDER_ITEM (ID, ORDER_ID, PRODUCT_ID, QUANTITY)
VALUES (5774, 240, 16, 9);
INSERT INTO ORDER_ITEM (ID, ORDER_ID, PRODUCT_ID, QUANTITY)
VALUES (5775, 240, 25, 4);
INSERT INTO ORDER_ITEM (ID, ORDER_ID, PRODUCT_ID, QUANTITY)
VALUES (5776, 240, 34, 20);
INSERT INTO ORDER_ITEM (ID, ORDER_ID, PRODUCT_ID, QUANTITY)
VALUES (5777, 240, 27, 2);
INSERT INTO ORDER_ITEM (ID, ORDER_ID, PRODUCT_ID, QUANTITY)
VALUES (5778, 240, 44, 6);
INSERT INTO ORDER_ITEM (ID, ORDER_ID, PRODUCT_ID, QUANTITY)
VALUES (5779, 240, 58, 14);
INSERT INTO ORDER_ITEM (ID, ORDER_ID, PRODUCT_ID, QUANTITY)
VALUES (5780, 240, 39, 4);
INSERT INTO ORDER_ITEM (ID, ORDER_ID, PRODUCT_ID, QUANTITY)
VALUES (5781, 240, 21, 11);
INSERT INTO ORDER_ITEM (ID, ORDER_ID, PRODUCT_ID, QUANTITY)
VALUES (5782, 240, 13, 10);
INSERT INTO ORDER_ITEM (ID, ORDER_ID, PRODUCT_ID, QUANTITY)
VALUES (5783, 240, 19, 1);
INSERT INTO ORDER_ITEM (ID, ORDER_ID, PRODUCT_ID, QUANTITY)
VALUES (5784, 240, 50, 13);
INSERT INTO ORDER_ITEM (ID, ORDER_ID, PRODUCT_ID, QUANTITY)
VALUES (5785, 240, 37, 19);
INSERT INTO ORDER_ITEM (ID, ORDER_ID, PRODUCT_ID, QUANTITY)
VALUES (5786, 240, 17, 13);
INSERT INTO ORDER_ITEM (ID, ORDER_ID, PRODUCT_ID, QUANTITY)
VALUES (5787, 240, 38, 7);
-- ### ORDER 231
INSERT INTO PAYMENT_DETAIL(ID, AMOUNT, PROVIDER, PROVIDER_PAYMENT_UUID)
VALUES (241, 1187.0, 'MASTERCARD', '826154659');
INSERT INTO ORDERS (ID, CUST_ID, PAYMENT_ID, STATUS, AMOUNT, CREATED_ON, UPDATED_ON)
VALUES (241, 777, 241, 'DELIVERED', 1187.0, LOCALTIMESTAMP, LOCALTIMESTAMP);
INSERT INTO ORDER_ITEM (ID, ORDER_ID, PRODUCT_ID, QUANTITY)
VALUES (5788, 241, 36, 8);
INSERT INTO ORDER_ITEM (ID, ORDER_ID, PRODUCT_ID, QUANTITY)
VALUES (5789, 241, 35, 6);
-- ### ORDER 232
INSERT INTO PAYMENT_DETAIL(ID, AMOUNT, PROVIDER, PROVIDER_PAYMENT_UUID)
VALUES (242, 1490.0, 'ICARD', '264089479');
INSERT INTO ORDERS (ID, CUST_ID, PAYMENT_ID, STATUS, AMOUNT, CREATED_ON, UPDATED_ON)
VALUES (242, 777, 242, 'DELIVERED', 1490.0, LOCALTIMESTAMP, LOCALTIMESTAMP);
INSERT INTO ORDER_ITEM (ID, ORDER_ID, PRODUCT_ID, QUANTITY)
VALUES (5790, 242, 47, 13);
INSERT INTO ORDER_ITEM (ID, ORDER_ID, PRODUCT_ID, QUANTITY)
VALUES (5791, 242, 30, 11);
INSERT INTO ORDER_ITEM (ID, ORDER_ID, PRODUCT_ID, QUANTITY)
VALUES (5792, 242, 27, 13);
INSERT INTO ORDER_ITEM (ID, ORDER_ID, PRODUCT_ID, QUANTITY)
VALUES (5793, 242, 17, 6);
INSERT INTO ORDER_ITEM (ID, ORDER_ID, PRODUCT_ID, QUANTITY)
VALUES (5794, 242, 24, 12);
INSERT INTO ORDER_ITEM (ID, ORDER_ID, PRODUCT_ID, QUANTITY)
VALUES (5795, 242, 43, 15);
INSERT INTO ORDER_ITEM (ID, ORDER_ID, PRODUCT_ID, QUANTITY)
VALUES (5796, 242, 54, 3);
-- ### ORDER 233
INSERT INTO PAYMENT_DETAIL(ID, AMOUNT, PROVIDER, PROVIDER_PAYMENT_UUID)
VALUES (243, 1360.0, 'MASTERCARD', '386693504');
INSERT INTO ORDERS (ID, CUST_ID, PAYMENT_ID, STATUS, AMOUNT, CREATED_ON, UPDATED_ON)
VALUES (243, 777, 243, 'DELIVERED', 1360.0, LOCALTIMESTAMP, LOCALTIMESTAMP);
INSERT INTO ORDER_ITEM (ID, ORDER_ID, PRODUCT_ID, QUANTITY)
VALUES (5797, 243, 28, 1);
INSERT INTO ORDER_ITEM (ID, ORDER_ID, PRODUCT_ID, QUANTITY)
VALUES (5798, 243, 41, 14);
INSERT INTO ORDER_ITEM (ID, ORDER_ID, PRODUCT_ID, QUANTITY)
VALUES (5799, 243, 40, 12);
INSERT INTO ORDER_ITEM (ID, ORDER_ID, PRODUCT_ID, QUANTITY)
VALUES (5800, 243, 50, 6);
INSERT INTO ORDER_ITEM (ID, ORDER_ID, PRODUCT_ID, QUANTITY)
VALUES (5801, 243, 17, 0);
INSERT INTO ORDER_ITEM (ID, ORDER_ID, PRODUCT_ID, QUANTITY)
VALUES (5802, 243, 42, 1);
INSERT INTO ORDER_ITEM (ID, ORDER_ID, PRODUCT_ID, QUANTITY)
VALUES (5803, 243, 47, 0);
INSERT INTO ORDER_ITEM (ID, ORDER_ID, PRODUCT_ID, QUANTITY)
VALUES (5804, 243, 58, 13);
INSERT INTO ORDER_ITEM (ID, ORDER_ID, PRODUCT_ID, QUANTITY)
VALUES (5805, 243, 19, 19);
INSERT INTO ORDER_ITEM (ID, ORDER_ID, PRODUCT_ID, QUANTITY)
VALUES (5806, 243, 18, 8);
INSERT INTO ORDER_ITEM (ID, ORDER_ID, PRODUCT_ID, QUANTITY)
VALUES (5807, 243, 11, 18);
INSERT INTO ORDER_ITEM (ID, ORDER_ID, PRODUCT_ID, QUANTITY)
VALUES (5808, 243, 52, 11);
INSERT INTO ORDER_ITEM (ID, ORDER_ID, PRODUCT_ID, QUANTITY)
VALUES (5809, 243, 30, 18);
INSERT INTO ORDER_ITEM (ID, ORDER_ID, PRODUCT_ID, QUANTITY)
VALUES (5810, 243, 12, 0);
INSERT INTO ORDER_ITEM (ID, ORDER_ID, PRODUCT_ID, QUANTITY)
VALUES (5811, 243, 34, 14);
INSERT INTO ORDER_ITEM (ID, ORDER_ID, PRODUCT_ID, QUANTITY)
VALUES (5812, 243, 27, 8);
INSERT INTO ORDER_ITEM (ID, ORDER_ID, PRODUCT_ID, QUANTITY)
VALUES (5813, 243, 37, 7);
INSERT INTO ORDER_ITEM (ID, ORDER_ID, PRODUCT_ID, QUANTITY)
VALUES (5814, 243, 54, 12);
INSERT INTO ORDER_ITEM (ID, ORDER_ID, PRODUCT_ID, QUANTITY)
VALUES (5815, 243, 26, 19);
INSERT INTO ORDER_ITEM (ID, ORDER_ID, PRODUCT_ID, QUANTITY)
VALUES (5816, 243, 45, 7);
INSERT INTO ORDER_ITEM (ID, ORDER_ID, PRODUCT_ID, QUANTITY)
VALUES (5817, 243, 44, 19);
INSERT INTO ORDER_ITEM (ID, ORDER_ID, PRODUCT_ID, QUANTITY)
VALUES (5818, 243, 53, 0);
-- ### ORDER 234
INSERT INTO PAYMENT_DETAIL(ID, AMOUNT, PROVIDER, PROVIDER_PAYMENT_UUID)
VALUES (244, 748.0, 'VISA', '840905075');
INSERT INTO ORDERS (ID, CUST_ID, PAYMENT_ID, STATUS, AMOUNT, CREATED_ON, UPDATED_ON)
VALUES (244, 777, 244, 'DELIVERED', 748.0, LOCALTIMESTAMP, LOCALTIMESTAMP);
INSERT INTO ORDER_ITEM (ID, ORDER_ID, PRODUCT_ID, QUANTITY)
VALUES (5819, 244, 12, 8);
INSERT INTO ORDER_ITEM (ID, ORDER_ID, PRODUCT_ID, QUANTITY)
VALUES (5820, 244, 56, 10);
INSERT INTO ORDER_ITEM (ID, ORDER_ID, PRODUCT_ID, QUANTITY)
VALUES (5821, 244, 35, 9);
INSERT INTO ORDER_ITEM (ID, ORDER_ID, PRODUCT_ID, QUANTITY)
VALUES (5822, 244, 28, 10);
INSERT INTO ORDER_ITEM (ID, ORDER_ID, PRODUCT_ID, QUANTITY)
VALUES (5823, 244, 24, 7);
INSERT INTO ORDER_ITEM (ID, ORDER_ID, PRODUCT_ID, QUANTITY)
VALUES (5824, 244, 37, 0);
INSERT INTO ORDER_ITEM (ID, ORDER_ID, PRODUCT_ID, QUANTITY)
VALUES (5825, 244, 34, 11);
INSERT INTO ORDER_ITEM (ID, ORDER_ID, PRODUCT_ID, QUANTITY)
VALUES (5826, 244, 17, 4);
INSERT INTO ORDER_ITEM (ID, ORDER_ID, PRODUCT_ID, QUANTITY)
VALUES (5827, 244, 36, 9);
INSERT INTO ORDER_ITEM (ID, ORDER_ID, PRODUCT_ID, QUANTITY)
VALUES (5828, 244, 21, 3);
INSERT INTO ORDER_ITEM (ID, ORDER_ID, PRODUCT_ID, QUANTITY)
VALUES (5829, 244, 27, 0);
INSERT INTO ORDER_ITEM (ID, ORDER_ID, PRODUCT_ID, QUANTITY)
VALUES (5830, 244, 32, 11);
INSERT INTO ORDER_ITEM (ID, ORDER_ID, PRODUCT_ID, QUANTITY)
VALUES (5831, 244, 26, 12);
INSERT INTO ORDER_ITEM (ID, ORDER_ID, PRODUCT_ID, QUANTITY)
VALUES (5832, 244, 29, 7);
INSERT INTO ORDER_ITEM (ID, ORDER_ID, PRODUCT_ID, QUANTITY)
VALUES (5833, 244, 48, 17);
INSERT INTO ORDER_ITEM (ID, ORDER_ID, PRODUCT_ID, QUANTITY)
VALUES (5834, 244, 43, 12);
INSERT INTO ORDER_ITEM (ID, ORDER_ID, PRODUCT_ID, QUANTITY)
VALUES (5835, 244, 58, 6);
INSERT INTO ORDER_ITEM (ID, ORDER_ID, PRODUCT_ID, QUANTITY)
VALUES (5836, 244, 51, 7);
INSERT INTO ORDER_ITEM (ID, ORDER_ID, PRODUCT_ID, QUANTITY)
VALUES (5837, 244, 60, 2);
INSERT INTO ORDER_ITEM (ID, ORDER_ID, PRODUCT_ID, QUANTITY)
VALUES (5838, 244, 57, 2);
INSERT INTO ORDER_ITEM (ID, ORDER_ID, PRODUCT_ID, QUANTITY)
VALUES (5839, 244, 19, 13);
INSERT INTO ORDER_ITEM (ID, ORDER_ID, PRODUCT_ID, QUANTITY)
VALUES (5840, 244, 11, 18);
INSERT INTO ORDER_ITEM (ID, ORDER_ID, PRODUCT_ID, QUANTITY)
VALUES (5841, 244, 59, 4);
INSERT INTO ORDER_ITEM (ID, ORDER_ID, PRODUCT_ID, QUANTITY)
VALUES (5842, 244, 16, 20);
INSERT INTO ORDER_ITEM (ID, ORDER_ID, PRODUCT_ID, QUANTITY)
VALUES (5843, 244, 30, 9);
INSERT INTO ORDER_ITEM (ID, ORDER_ID, PRODUCT_ID, QUANTITY)
VALUES (5844, 244, 52, 1);
INSERT INTO ORDER_ITEM (ID, ORDER_ID, PRODUCT_ID, QUANTITY)
VALUES (5845, 244, 54, 13);
INSERT INTO ORDER_ITEM (ID, ORDER_ID, PRODUCT_ID, QUANTITY)
VALUES (5846, 244, 46, 2);
INSERT INTO ORDER_ITEM (ID, ORDER_ID, PRODUCT_ID, QUANTITY)
VALUES (5847, 244, 15, 8);
INSERT INTO ORDER_ITEM (ID, ORDER_ID, PRODUCT_ID, QUANTITY)
VALUES (5848, 244, 49, 6);
INSERT INTO ORDER_ITEM (ID, ORDER_ID, PRODUCT_ID, QUANTITY)
VALUES (5849, 244, 18, 5);
INSERT INTO ORDER_ITEM (ID, ORDER_ID, PRODUCT_ID, QUANTITY)
VALUES (5850, 244, 55, 15);
INSERT INTO ORDER_ITEM (ID, ORDER_ID, PRODUCT_ID, QUANTITY)
VALUES (5851, 244, 20, 11);
INSERT INTO ORDER_ITEM (ID, ORDER_ID, PRODUCT_ID, QUANTITY)
VALUES (5852, 244, 31, 10);
INSERT INTO ORDER_ITEM (ID, ORDER_ID, PRODUCT_ID, QUANTITY)
VALUES (5853, 244, 44, 6);
INSERT INTO ORDER_ITEM (ID, ORDER_ID, PRODUCT_ID, QUANTITY)
VALUES (5854, 244, 38, 11);
INSERT INTO ORDER_ITEM (ID, ORDER_ID, PRODUCT_ID, QUANTITY)
VALUES (5855, 244, 40, 13);
INSERT INTO ORDER_ITEM (ID, ORDER_ID, PRODUCT_ID, QUANTITY)
VALUES (5856, 244, 13, 16);
INSERT INTO ORDER_ITEM (ID, ORDER_ID, PRODUCT_ID, QUANTITY)
VALUES (5857, 244, 45, 17);
INSERT INTO ORDER_ITEM (ID, ORDER_ID, PRODUCT_ID, QUANTITY)
VALUES (5858, 244, 41, 13);
INSERT INTO ORDER_ITEM (ID, ORDER_ID, PRODUCT_ID, QUANTITY)
VALUES (5859, 244, 53, 18);
-- ### ORDER 235
INSERT INTO PAYMENT_DETAIL(ID, AMOUNT, PROVIDER, PROVIDER_PAYMENT_UUID)
VALUES (245, 2857.0, 'CRYPTO', '207698886');
INSERT INTO ORDERS (ID, CUST_ID, PAYMENT_ID, STATUS, AMOUNT, CREATED_ON, UPDATED_ON)
VALUES (245, 777, 245, 'DELIVERED', 2857.0, LOCALTIMESTAMP, LOCALTIMESTAMP);
INSERT INTO ORDER_ITEM (ID, ORDER_ID, PRODUCT_ID, QUANTITY)
VALUES (5860, 245, 36, 7);
INSERT INTO ORDER_ITEM (ID, ORDER_ID, PRODUCT_ID, QUANTITY)
VALUES (5861, 245, 46, 10);
INSERT INTO ORDER_ITEM (ID, ORDER_ID, PRODUCT_ID, QUANTITY)
VALUES (5862, 245, 27, 19);
INSERT INTO ORDER_ITEM (ID, ORDER_ID, PRODUCT_ID, QUANTITY)
VALUES (5863, 245, 24, 5);
INSERT INTO ORDER_ITEM (ID, ORDER_ID, PRODUCT_ID, QUANTITY)
VALUES (5864, 245, 14, 15);
INSERT INTO ORDER_ITEM (ID, ORDER_ID, PRODUCT_ID, QUANTITY)
VALUES (5865, 245, 59, 20);
INSERT INTO ORDER_ITEM (ID, ORDER_ID, PRODUCT_ID, QUANTITY)
VALUES (5866, 245, 25, 10);
INSERT INTO ORDER_ITEM (ID, ORDER_ID, PRODUCT_ID, QUANTITY)
VALUES (5867, 245, 26, 17);
INSERT INTO ORDER_ITEM (ID, ORDER_ID, PRODUCT_ID, QUANTITY)
VALUES (5868, 245, 28, 15);
INSERT INTO ORDER_ITEM (ID, ORDER_ID, PRODUCT_ID, QUANTITY)
VALUES (5869, 245, 13, 17);
INSERT INTO ORDER_ITEM (ID, ORDER_ID, PRODUCT_ID, QUANTITY)
VALUES (5870, 245, 43, 10);
INSERT INTO ORDER_ITEM (ID, ORDER_ID, PRODUCT_ID, QUANTITY)
VALUES (5871, 245, 19, 0);
INSERT INTO ORDER_ITEM (ID, ORDER_ID, PRODUCT_ID, QUANTITY)
VALUES (5872, 245, 34, 15);
-- ### ORDER 236
INSERT INTO PAYMENT_DETAIL(ID, AMOUNT, PROVIDER, PROVIDER_PAYMENT_UUID)
VALUES (246, 2130.0, 'ICARD', '574596419');
INSERT INTO ORDERS (ID, CUST_ID, PAYMENT_ID, STATUS, AMOUNT, CREATED_ON, UPDATED_ON)
VALUES (246, 777, 246, 'DELIVERED', 2130.0, LOCALTIMESTAMP, LOCALTIMESTAMP);
INSERT INTO ORDER_ITEM (ID, ORDER_ID, PRODUCT_ID, QUANTITY)
VALUES (5873, 246, 46, 10);
INSERT INTO ORDER_ITEM (ID, ORDER_ID, PRODUCT_ID, QUANTITY)
VALUES (5874, 246, 30, 8);
INSERT INTO ORDER_ITEM (ID, ORDER_ID, PRODUCT_ID, QUANTITY)
VALUES (5875, 246, 37, 7);
INSERT INTO ORDER_ITEM (ID, ORDER_ID, PRODUCT_ID, QUANTITY)
VALUES (5876, 246, 22, 16);
INSERT INTO ORDER_ITEM (ID, ORDER_ID, PRODUCT_ID, QUANTITY)
VALUES (5877, 246, 19, 2);
INSERT INTO ORDER_ITEM (ID, ORDER_ID, PRODUCT_ID, QUANTITY)
VALUES (5878, 246, 36, 13);
INSERT INTO ORDER_ITEM (ID, ORDER_ID, PRODUCT_ID, QUANTITY)
VALUES (5879, 246, 54, 13);
INSERT INTO ORDER_ITEM (ID, ORDER_ID, PRODUCT_ID, QUANTITY)
VALUES (5880, 246, 26, 16);
INSERT INTO ORDER_ITEM (ID, ORDER_ID, PRODUCT_ID, QUANTITY)
VALUES (5881, 246, 38, 5);
INSERT INTO ORDER_ITEM (ID, ORDER_ID, PRODUCT_ID, QUANTITY)
VALUES (5882, 246, 12, 2);
INSERT INTO ORDER_ITEM (ID, ORDER_ID, PRODUCT_ID, QUANTITY)
VALUES (5883, 246, 27, 13);
INSERT INTO ORDER_ITEM (ID, ORDER_ID, PRODUCT_ID, QUANTITY)
VALUES (5884, 246, 34, 14);
INSERT INTO ORDER_ITEM (ID, ORDER_ID, PRODUCT_ID, QUANTITY)
VALUES (5885, 246, 43, 3);
INSERT INTO ORDER_ITEM (ID, ORDER_ID, PRODUCT_ID, QUANTITY)
VALUES (5886, 246, 60, 16);
INSERT INTO ORDER_ITEM (ID, ORDER_ID, PRODUCT_ID, QUANTITY)
VALUES (5887, 246, 13, 4);
INSERT INTO ORDER_ITEM (ID, ORDER_ID, PRODUCT_ID, QUANTITY)
VALUES (5888, 246, 25, 7);
INSERT INTO ORDER_ITEM (ID, ORDER_ID, PRODUCT_ID, QUANTITY)
VALUES (5889, 246, 15, 17);
INSERT INTO ORDER_ITEM (ID, ORDER_ID, PRODUCT_ID, QUANTITY)
VALUES (5890, 246, 18, 10);
INSERT INTO ORDER_ITEM (ID, ORDER_ID, PRODUCT_ID, QUANTITY)
VALUES (5891, 246, 58, 14);
INSERT INTO ORDER_ITEM (ID, ORDER_ID, PRODUCT_ID, QUANTITY)
VALUES (5892, 246, 31, 1);
INSERT INTO ORDER_ITEM (ID, ORDER_ID, PRODUCT_ID, QUANTITY)
VALUES (5893, 246, 11, 9);
INSERT INTO ORDER_ITEM (ID, ORDER_ID, PRODUCT_ID, QUANTITY)
VALUES (5894, 246, 59, 20);
INSERT INTO ORDER_ITEM (ID, ORDER_ID, PRODUCT_ID, QUANTITY)
VALUES (5895, 246, 57, 14);
INSERT INTO ORDER_ITEM (ID, ORDER_ID, PRODUCT_ID, QUANTITY)
VALUES (5896, 246, 28, 19);
INSERT INTO ORDER_ITEM (ID, ORDER_ID, PRODUCT_ID, QUANTITY)
VALUES (5897, 246, 52, 12);
INSERT INTO ORDER_ITEM (ID, ORDER_ID, PRODUCT_ID, QUANTITY)
VALUES (5898, 246, 39, 4);
INSERT INTO ORDER_ITEM (ID, ORDER_ID, PRODUCT_ID, QUANTITY)
VALUES (5899, 246, 45, 16);
-- ### ORDER 237
INSERT INTO PAYMENT_DETAIL(ID, AMOUNT, PROVIDER, PROVIDER_PAYMENT_UUID)
VALUES (247, 38.0, 'ICARD', '31275430');
INSERT INTO ORDERS (ID, CUST_ID, PAYMENT_ID, STATUS, AMOUNT, CREATED_ON, UPDATED_ON)
VALUES (247, 777, 247, 'DELIVERED', 38.0, LOCALTIMESTAMP, LOCALTIMESTAMP);
INSERT INTO ORDER_ITEM (ID, ORDER_ID, PRODUCT_ID, QUANTITY)
VALUES (5900, 247, 33, 9);
INSERT INTO ORDER_ITEM (ID, ORDER_ID, PRODUCT_ID, QUANTITY)
VALUES (5901, 247, 38, 15);
INSERT INTO ORDER_ITEM (ID, ORDER_ID, PRODUCT_ID, QUANTITY)
VALUES (5902, 247, 12, 1);
-- ### ORDER 238
INSERT INTO PAYMENT_DETAIL(ID, AMOUNT, PROVIDER, PROVIDER_PAYMENT_UUID)
VALUES (248, 195.0, 'PAYPAL', '110700980');
INSERT INTO ORDERS (ID, CUST_ID, PAYMENT_ID, STATUS, AMOUNT, CREATED_ON, UPDATED_ON)
VALUES (248, 777, 248, 'DELIVERED', 195.0, LOCALTIMESTAMP, LOCALTIMESTAMP);
INSERT INTO ORDER_ITEM (ID, ORDER_ID, PRODUCT_ID, QUANTITY)
VALUES (5903, 248, 51, 18);
INSERT INTO ORDER_ITEM (ID, ORDER_ID, PRODUCT_ID, QUANTITY)
VALUES (5904, 248, 55, 8);
INSERT INTO ORDER_ITEM (ID, ORDER_ID, PRODUCT_ID, QUANTITY)
VALUES (5905, 248, 19, 10);
INSERT INTO ORDER_ITEM (ID, ORDER_ID, PRODUCT_ID, QUANTITY)
VALUES (5906, 248, 11, 17);
INSERT INTO ORDER_ITEM (ID, ORDER_ID, PRODUCT_ID, QUANTITY)
VALUES (5907, 248, 39, 20);
INSERT INTO ORDER_ITEM (ID, ORDER_ID, PRODUCT_ID, QUANTITY)
VALUES (5908, 248, 42, 17);
INSERT INTO ORDER_ITEM (ID, ORDER_ID, PRODUCT_ID, QUANTITY)
VALUES (5909, 248, 12, 6);
INSERT INTO ORDER_ITEM (ID, ORDER_ID, PRODUCT_ID, QUANTITY)
VALUES (5910, 248, 44, 3);
INSERT INTO ORDER_ITEM (ID, ORDER_ID, PRODUCT_ID, QUANTITY)
VALUES (5911, 248, 17, 3);
INSERT INTO ORDER_ITEM (ID, ORDER_ID, PRODUCT_ID, QUANTITY)
VALUES (5912, 248, 54, 11);
INSERT INTO ORDER_ITEM (ID, ORDER_ID, PRODUCT_ID, QUANTITY)
VALUES (5913, 248, 43, 17);
INSERT INTO ORDER_ITEM (ID, ORDER_ID, PRODUCT_ID, QUANTITY)
VALUES (5914, 248, 57, 17);
INSERT INTO ORDER_ITEM (ID, ORDER_ID, PRODUCT_ID, QUANTITY)
VALUES (5915, 248, 60, 4);
INSERT INTO ORDER_ITEM (ID, ORDER_ID, PRODUCT_ID, QUANTITY)
VALUES (5916, 248, 41, 18);
INSERT INTO ORDER_ITEM (ID, ORDER_ID, PRODUCT_ID, QUANTITY)
VALUES (5917, 248, 36, 9);
INSERT INTO ORDER_ITEM (ID, ORDER_ID, PRODUCT_ID, QUANTITY)
VALUES (5918, 248, 56, 2);
INSERT INTO ORDER_ITEM (ID, ORDER_ID, PRODUCT_ID, QUANTITY)
VALUES (5919, 248, 58, 5);
INSERT INTO ORDER_ITEM (ID, ORDER_ID, PRODUCT_ID, QUANTITY)
VALUES (5920, 248, 18, 19);
INSERT INTO ORDER_ITEM (ID, ORDER_ID, PRODUCT_ID, QUANTITY)
VALUES (5921, 248, 59, 13);
INSERT INTO ORDER_ITEM (ID, ORDER_ID, PRODUCT_ID, QUANTITY)
VALUES (5922, 248, 14, 20);
INSERT INTO ORDER_ITEM (ID, ORDER_ID, PRODUCT_ID, QUANTITY)
VALUES (5923, 248, 25, 12);
INSERT INTO ORDER_ITEM (ID, ORDER_ID, PRODUCT_ID, QUANTITY)
VALUES (5924, 248, 34, 15);
INSERT INTO ORDER_ITEM (ID, ORDER_ID, PRODUCT_ID, QUANTITY)
VALUES (5925, 248, 15, 11);
INSERT INTO ORDER_ITEM (ID, ORDER_ID, PRODUCT_ID, QUANTITY)
VALUES (5926, 248, 49, 19);
INSERT INTO ORDER_ITEM (ID, ORDER_ID, PRODUCT_ID, QUANTITY)
VALUES (5927, 248, 40, 12);
INSERT INTO ORDER_ITEM (ID, ORDER_ID, PRODUCT_ID, QUANTITY)
VALUES (5928, 248, 13, 20);
INSERT INTO ORDER_ITEM (ID, ORDER_ID, PRODUCT_ID, QUANTITY)
VALUES (5929, 248, 46, 18);
INSERT INTO ORDER_ITEM (ID, ORDER_ID, PRODUCT_ID, QUANTITY)
VALUES (5930, 248, 24, 1);
INSERT INTO ORDER_ITEM (ID, ORDER_ID, PRODUCT_ID, QUANTITY)
VALUES (5931, 248, 53, 19);
INSERT INTO ORDER_ITEM (ID, ORDER_ID, PRODUCT_ID, QUANTITY)
VALUES (5932, 248, 27, 15);
INSERT INTO ORDER_ITEM (ID, ORDER_ID, PRODUCT_ID, QUANTITY)
VALUES (5933, 248, 38, 12);
INSERT INTO ORDER_ITEM (ID, ORDER_ID, PRODUCT_ID, QUANTITY)
VALUES (5934, 248, 22, 3);
INSERT INTO ORDER_ITEM (ID, ORDER_ID, PRODUCT_ID, QUANTITY)
VALUES (5935, 248, 32, 1);
INSERT INTO ORDER_ITEM (ID, ORDER_ID, PRODUCT_ID, QUANTITY)
VALUES (5936, 248, 33, 8);
INSERT INTO ORDER_ITEM (ID, ORDER_ID, PRODUCT_ID, QUANTITY)
VALUES (5937, 248, 37, 10);
INSERT INTO ORDER_ITEM (ID, ORDER_ID, PRODUCT_ID, QUANTITY)
VALUES (5938, 248, 52, 2);
INSERT INTO ORDER_ITEM (ID, ORDER_ID, PRODUCT_ID, QUANTITY)
VALUES (5939, 248, 47, 17);
INSERT INTO ORDER_ITEM (ID, ORDER_ID, PRODUCT_ID, QUANTITY)
VALUES (5940, 248, 31, 19);
INSERT INTO ORDER_ITEM (ID, ORDER_ID, PRODUCT_ID, QUANTITY)
VALUES (5941, 248, 50, 6);
INSERT INTO ORDER_ITEM (ID, ORDER_ID, PRODUCT_ID, QUANTITY)
VALUES (5942, 248, 16, 15);
INSERT INTO ORDER_ITEM (ID, ORDER_ID, PRODUCT_ID, QUANTITY)
VALUES (5943, 248, 28, 7);
INSERT INTO ORDER_ITEM (ID, ORDER_ID, PRODUCT_ID, QUANTITY)
VALUES (5944, 248, 20, 6);
INSERT INTO ORDER_ITEM (ID, ORDER_ID, PRODUCT_ID, QUANTITY)
VALUES (5945, 248, 29, 2);
INSERT INTO ORDER_ITEM (ID, ORDER_ID, PRODUCT_ID, QUANTITY)
VALUES (5946, 248, 35, 14);
-- ### ORDER 239
INSERT INTO PAYMENT_DETAIL(ID, AMOUNT, PROVIDER, PROVIDER_PAYMENT_UUID)
VALUES (249, 4471.0, 'VISA', '345715917');
INSERT INTO ORDERS (ID, CUST_ID, PAYMENT_ID, STATUS, AMOUNT, CREATED_ON, UPDATED_ON)
VALUES (249, 777, 249, 'DELIVERED', 4471.0, LOCALTIMESTAMP, LOCALTIMESTAMP);
INSERT INTO ORDER_ITEM (ID, ORDER_ID, PRODUCT_ID, QUANTITY)
VALUES (5947, 249, 20, 9);
INSERT INTO ORDER_ITEM (ID, ORDER_ID, PRODUCT_ID, QUANTITY)
VALUES (5948, 249, 45, 1);
INSERT INTO ORDER_ITEM (ID, ORDER_ID, PRODUCT_ID, QUANTITY)
VALUES (5949, 249, 28, 20);
INSERT INTO ORDER_ITEM (ID, ORDER_ID, PRODUCT_ID, QUANTITY)
VALUES (5950, 249, 29, 15);
INSERT INTO ORDER_ITEM (ID, ORDER_ID, PRODUCT_ID, QUANTITY)
VALUES (5951, 249, 58, 18);
INSERT INTO ORDER_ITEM (ID, ORDER_ID, PRODUCT_ID, QUANTITY)
VALUES (5952, 249, 56, 14);
INSERT INTO ORDER_ITEM (ID, ORDER_ID, PRODUCT_ID, QUANTITY)
VALUES (5953, 249, 46, 10);
INSERT INTO ORDER_ITEM (ID, ORDER_ID, PRODUCT_ID, QUANTITY)
VALUES (5954, 249, 31, 20);
INSERT INTO ORDER_ITEM (ID, ORDER_ID, PRODUCT_ID, QUANTITY)
VALUES (5955, 249, 34, 10);
INSERT INTO ORDER_ITEM (ID, ORDER_ID, PRODUCT_ID, QUANTITY)
VALUES (5956, 249, 36, 17);
INSERT INTO ORDER_ITEM (ID, ORDER_ID, PRODUCT_ID, QUANTITY)
VALUES (5957, 249, 17, 5);
INSERT INTO ORDER_ITEM (ID, ORDER_ID, PRODUCT_ID, QUANTITY)
VALUES (5958, 249, 23, 13);
INSERT INTO ORDER_ITEM (ID, ORDER_ID, PRODUCT_ID, QUANTITY)
VALUES (5959, 249, 24, 20);
INSERT INTO ORDER_ITEM (ID, ORDER_ID, PRODUCT_ID, QUANTITY)
VALUES (5960, 249, 14, 13);
INSERT INTO ORDER_ITEM (ID, ORDER_ID, PRODUCT_ID, QUANTITY)
VALUES (5961, 249, 13, 14);
-- ### ORDER 240
INSERT INTO PAYMENT_DETAIL(ID, AMOUNT, PROVIDER, PROVIDER_PAYMENT_UUID)
VALUES (250, 1707.0, 'ICARD', '412053931');
INSERT INTO ORDERS (ID, CUST_ID, PAYMENT_ID, STATUS, AMOUNT, CREATED_ON, UPDATED_ON)
VALUES (250, 777, 250, 'DELIVERED', 1707.0, LOCALTIMESTAMP, LOCALTIMESTAMP);
INSERT INTO ORDER_ITEM (ID, ORDER_ID, PRODUCT_ID, QUANTITY)
VALUES (5962, 250, 53, 17);
INSERT INTO ORDER_ITEM (ID, ORDER_ID, PRODUCT_ID, QUANTITY)
VALUES (5963, 250, 33, 19);
INSERT INTO ORDER_ITEM (ID, ORDER_ID, PRODUCT_ID, QUANTITY)
VALUES (5964, 250, 12, 1);
INSERT INTO ORDER_ITEM (ID, ORDER_ID, PRODUCT_ID, QUANTITY)
VALUES (5965, 250, 28, 2);
INSERT INTO ORDER_ITEM (ID, ORDER_ID, PRODUCT_ID, QUANTITY)
VALUES (5966, 250, 18, 1);
INSERT INTO ORDER_ITEM (ID, ORDER_ID, PRODUCT_ID, QUANTITY)
VALUES (5967, 250, 17, 3);
INSERT INTO ORDER_ITEM (ID, ORDER_ID, PRODUCT_ID, QUANTITY)
VALUES (5968, 250, 55, 3);
INSERT INTO ORDER_ITEM (ID, ORDER_ID, PRODUCT_ID, QUANTITY)
VALUES (5969, 250, 40, 8);
INSERT INTO ORDER_ITEM (ID, ORDER_ID, PRODUCT_ID, QUANTITY)
VALUES (5970, 250, 32, 5);
INSERT INTO ORDER_ITEM (ID, ORDER_ID, PRODUCT_ID, QUANTITY)
VALUES (5971, 250, 22, 1);
INSERT INTO ORDER_ITEM (ID, ORDER_ID, PRODUCT_ID, QUANTITY)
VALUES (5972, 250, 49, 2);
INSERT INTO ORDER_ITEM (ID, ORDER_ID, PRODUCT_ID, QUANTITY)
VALUES (5973, 250, 47, 9);
INSERT INTO ORDER_ITEM (ID, ORDER_ID, PRODUCT_ID, QUANTITY)
VALUES (5974, 250, 48, 5);
INSERT INTO ORDER_ITEM (ID, ORDER_ID, PRODUCT_ID, QUANTITY)
VALUES (5975, 250, 36, 14);
INSERT INTO ORDER_ITEM (ID, ORDER_ID, PRODUCT_ID, QUANTITY)
VALUES (5976, 250, 24, 3);
INSERT INTO ORDER_ITEM (ID, ORDER_ID, PRODUCT_ID, QUANTITY)
VALUES (5977, 250, 58, 20);
INSERT INTO ORDER_ITEM (ID, ORDER_ID, PRODUCT_ID, QUANTITY)
VALUES (5978, 250, 60, 11);
INSERT INTO ORDER_ITEM (ID, ORDER_ID, PRODUCT_ID, QUANTITY)
VALUES (5979, 250, 34, 7);
INSERT INTO ORDER_ITEM (ID, ORDER_ID, PRODUCT_ID, QUANTITY)
VALUES (5980, 250, 56, 7);
INSERT INTO ORDER_ITEM (ID, ORDER_ID, PRODUCT_ID, QUANTITY)
VALUES (5981, 250, 51, 2);
INSERT INTO ORDER_ITEM (ID, ORDER_ID, PRODUCT_ID, QUANTITY)
VALUES (5982, 250, 11, 2);
INSERT INTO ORDER_ITEM (ID, ORDER_ID, PRODUCT_ID, QUANTITY)
VALUES (5983, 250, 25, 9);
INSERT INTO ORDER_ITEM (ID, ORDER_ID, PRODUCT_ID, QUANTITY)
VALUES (5984, 250, 26, 19);
INSERT INTO ORDER_ITEM (ID, ORDER_ID, PRODUCT_ID, QUANTITY)
VALUES (5985, 250, 54, 12);
INSERT INTO ORDER_ITEM (ID, ORDER_ID, PRODUCT_ID, QUANTITY)
VALUES (5986, 250, 59, 7);
INSERT INTO ORDER_ITEM (ID, ORDER_ID, PRODUCT_ID, QUANTITY)
VALUES (5987, 250, 14, 1);
INSERT INTO ORDER_ITEM (ID, ORDER_ID, PRODUCT_ID, QUANTITY)
VALUES (5988, 250, 42, 12);
INSERT INTO ORDER_ITEM (ID, ORDER_ID, PRODUCT_ID, QUANTITY)
VALUES (5989, 250, 16, 18);
INSERT INTO ORDER_ITEM (ID, ORDER_ID, PRODUCT_ID, QUANTITY)
VALUES (5990, 250, 52, 3);
INSERT INTO ORDER_ITEM (ID, ORDER_ID, PRODUCT_ID, QUANTITY)
VALUES (5991, 250, 35, 7);
INSERT INTO ORDER_ITEM (ID, ORDER_ID, PRODUCT_ID, QUANTITY)
VALUES (5992, 250, 50, 2);
INSERT INTO ORDER_ITEM (ID, ORDER_ID, PRODUCT_ID, QUANTITY)
VALUES (5993, 250, 45, 11);
INSERT INTO ORDER_ITEM (ID, ORDER_ID, PRODUCT_ID, QUANTITY)
VALUES (5994, 250, 46, 12);
INSERT INTO ORDER_ITEM (ID, ORDER_ID, PRODUCT_ID, QUANTITY)
VALUES (5995, 250, 29, 11);
INSERT INTO ORDER_ITEM (ID, ORDER_ID, PRODUCT_ID, QUANTITY)
VALUES (5996, 250, 27, 2);
-- ### ORDER 241
INSERT INTO PAYMENT_DETAIL(ID, AMOUNT, PROVIDER, PROVIDER_PAYMENT_UUID)
VALUES (251, 563.0, 'CRYPTO', '477823403');
INSERT INTO ORDERS (ID, CUST_ID, PAYMENT_ID, STATUS, AMOUNT, CREATED_ON, UPDATED_ON)
VALUES (251, 777, 251, 'DELIVERED', 563.0, LOCALTIMESTAMP, LOCALTIMESTAMP);
INSERT INTO ORDER_ITEM (ID, ORDER_ID, PRODUCT_ID, QUANTITY)
VALUES (5997, 251, 22, 20);
-- ### ORDER 242
INSERT INTO PAYMENT_DETAIL(ID, AMOUNT, PROVIDER, PROVIDER_PAYMENT_UUID)
VALUES (252, 1249.0, 'VISA', '923128225');
INSERT INTO ORDERS (ID, CUST_ID, PAYMENT_ID, STATUS, AMOUNT, CREATED_ON, UPDATED_ON)
VALUES (252, 777, 252, 'DELIVERED', 1249.0, LOCALTIMESTAMP, LOCALTIMESTAMP);
INSERT INTO ORDER_ITEM (ID, ORDER_ID, PRODUCT_ID, QUANTITY)
VALUES (5998, 252, 50, 14);
INSERT INTO ORDER_ITEM (ID, ORDER_ID, PRODUCT_ID, QUANTITY)
VALUES (5999, 252, 28, 1);
INSERT INTO ORDER_ITEM (ID, ORDER_ID, PRODUCT_ID, QUANTITY)
VALUES (6000, 252, 18, 14);
INSERT INTO ORDER_ITEM (ID, ORDER_ID, PRODUCT_ID, QUANTITY)
VALUES (6001, 252, 56, 1);
INSERT INTO ORDER_ITEM (ID, ORDER_ID, PRODUCT_ID, QUANTITY)
VALUES (6002, 252, 17, 16);
INSERT INTO ORDER_ITEM (ID, ORDER_ID, PRODUCT_ID, QUANTITY)
VALUES (6003, 252, 48, 20);
INSERT INTO ORDER_ITEM (ID, ORDER_ID, PRODUCT_ID, QUANTITY)
VALUES (6004, 252, 58, 8);
INSERT INTO ORDER_ITEM (ID, ORDER_ID, PRODUCT_ID, QUANTITY)
VALUES (6005, 252, 36, 2);
INSERT INTO ORDER_ITEM (ID, ORDER_ID, PRODUCT_ID, QUANTITY)
VALUES (6006, 252, 43, 18);
INSERT INTO ORDER_ITEM (ID, ORDER_ID, PRODUCT_ID, QUANTITY)
VALUES (6007, 252, 39, 15);
-- ### ORDER 243
INSERT INTO PAYMENT_DETAIL(ID, AMOUNT, PROVIDER, PROVIDER_PAYMENT_UUID)
VALUES (253, 3227.0, 'CRYPTO', '409908610');
INSERT INTO ORDERS (ID, CUST_ID, PAYMENT_ID, STATUS, AMOUNT, CREATED_ON, UPDATED_ON)
VALUES (253, 777, 253, 'DELIVERED', 3227.0, LOCALTIMESTAMP, LOCALTIMESTAMP);
INSERT INTO ORDER_ITEM (ID, ORDER_ID, PRODUCT_ID, QUANTITY)
VALUES (6008, 253, 25, 5);
INSERT INTO ORDER_ITEM (ID, ORDER_ID, PRODUCT_ID, QUANTITY)
VALUES (6009, 253, 30, 11);
INSERT INTO ORDER_ITEM (ID, ORDER_ID, PRODUCT_ID, QUANTITY)
VALUES (6010, 253, 34, 2);
INSERT INTO ORDER_ITEM (ID, ORDER_ID, PRODUCT_ID, QUANTITY)
VALUES (6011, 253, 42, 5);
INSERT INTO ORDER_ITEM (ID, ORDER_ID, PRODUCT_ID, QUANTITY)
VALUES (6012, 253, 45, 15);
INSERT INTO ORDER_ITEM (ID, ORDER_ID, PRODUCT_ID, QUANTITY)
VALUES (6013, 253, 48, 0);
INSERT INTO ORDER_ITEM (ID, ORDER_ID, PRODUCT_ID, QUANTITY)
VALUES (6014, 253, 32, 17);
INSERT INTO ORDER_ITEM (ID, ORDER_ID, PRODUCT_ID, QUANTITY)
VALUES (6015, 253, 13, 16);
INSERT INTO ORDER_ITEM (ID, ORDER_ID, PRODUCT_ID, QUANTITY)
VALUES (6016, 253, 41, 9);
INSERT INTO ORDER_ITEM (ID, ORDER_ID, PRODUCT_ID, QUANTITY)
VALUES (6017, 253, 11, 13);
INSERT INTO ORDER_ITEM (ID, ORDER_ID, PRODUCT_ID, QUANTITY)
VALUES (6018, 253, 35, 8);
INSERT INTO ORDER_ITEM (ID, ORDER_ID, PRODUCT_ID, QUANTITY)
VALUES (6019, 253, 58, 14);
INSERT INTO ORDER_ITEM (ID, ORDER_ID, PRODUCT_ID, QUANTITY)
VALUES (6020, 253, 53, 13);
INSERT INTO ORDER_ITEM (ID, ORDER_ID, PRODUCT_ID, QUANTITY)
VALUES (6021, 253, 27, 12);
INSERT INTO ORDER_ITEM (ID, ORDER_ID, PRODUCT_ID, QUANTITY)
VALUES (6022, 253, 36, 1);
INSERT INTO ORDER_ITEM (ID, ORDER_ID, PRODUCT_ID, QUANTITY)
VALUES (6023, 253, 54, 3);
INSERT INTO ORDER_ITEM (ID, ORDER_ID, PRODUCT_ID, QUANTITY)
VALUES (6024, 253, 18, 5);
-- ### ORDER 244
INSERT INTO PAYMENT_DETAIL(ID, AMOUNT, PROVIDER, PROVIDER_PAYMENT_UUID)
VALUES (254, 744.0, 'CRYPTO', '625723740');
INSERT INTO ORDERS (ID, CUST_ID, PAYMENT_ID, STATUS, AMOUNT, CREATED_ON, UPDATED_ON)
VALUES (254, 777, 254, 'DELIVERED', 744.0, LOCALTIMESTAMP, LOCALTIMESTAMP);
INSERT INTO ORDER_ITEM (ID, ORDER_ID, PRODUCT_ID, QUANTITY)
VALUES (6025, 254, 20, 20);
INSERT INTO ORDER_ITEM (ID, ORDER_ID, PRODUCT_ID, QUANTITY)
VALUES (6026, 254, 56, 13);
-- ### ORDER 245
INSERT INTO PAYMENT_DETAIL(ID, AMOUNT, PROVIDER, PROVIDER_PAYMENT_UUID)
VALUES (255, 1274.0, 'MASTERCARD', '970547998');
INSERT INTO ORDERS (ID, CUST_ID, PAYMENT_ID, STATUS, AMOUNT, CREATED_ON, UPDATED_ON)
VALUES (255, 777, 255, 'DELIVERED', 1274.0, LOCALTIMESTAMP, LOCALTIMESTAMP);
INSERT INTO ORDER_ITEM (ID, ORDER_ID, PRODUCT_ID, QUANTITY)
VALUES (6027, 255, 22, 19);
INSERT INTO ORDER_ITEM (ID, ORDER_ID, PRODUCT_ID, QUANTITY)
VALUES (6028, 255, 31, 1);
INSERT INTO ORDER_ITEM (ID, ORDER_ID, PRODUCT_ID, QUANTITY)
VALUES (6029, 255, 12, 15);
INSERT INTO ORDER_ITEM (ID, ORDER_ID, PRODUCT_ID, QUANTITY)
VALUES (6030, 255, 36, 11);
INSERT INTO ORDER_ITEM (ID, ORDER_ID, PRODUCT_ID, QUANTITY)
VALUES (6031, 255, 46, 4);
INSERT INTO ORDER_ITEM (ID, ORDER_ID, PRODUCT_ID, QUANTITY)
VALUES (6032, 255, 47, 18);
INSERT INTO ORDER_ITEM (ID, ORDER_ID, PRODUCT_ID, QUANTITY)
VALUES (6033, 255, 57, 6);
INSERT INTO ORDER_ITEM (ID, ORDER_ID, PRODUCT_ID, QUANTITY)
VALUES (6034, 255, 27, 18);
INSERT INTO ORDER_ITEM (ID, ORDER_ID, PRODUCT_ID, QUANTITY)
VALUES (6035, 255, 18, 16);
INSERT INTO ORDER_ITEM (ID, ORDER_ID, PRODUCT_ID, QUANTITY)
VALUES (6036, 255, 54, 9);
INSERT INTO ORDER_ITEM (ID, ORDER_ID, PRODUCT_ID, QUANTITY)
VALUES (6037, 255, 23, 7);
INSERT INTO ORDER_ITEM (ID, ORDER_ID, PRODUCT_ID, QUANTITY)
VALUES (6038, 255, 58, 20);
-- ### ORDER 246
INSERT INTO PAYMENT_DETAIL(ID, AMOUNT, PROVIDER, PROVIDER_PAYMENT_UUID)
VALUES (256, 1449.0, 'PAYPAL', '288248415');
INSERT INTO ORDERS (ID, CUST_ID, PAYMENT_ID, STATUS, AMOUNT, CREATED_ON, UPDATED_ON)
VALUES (256, 777, 256, 'DELIVERED', 1449.0, LOCALTIMESTAMP, LOCALTIMESTAMP);
-- ### ORDER 247
INSERT INTO PAYMENT_DETAIL(ID, AMOUNT, PROVIDER, PROVIDER_PAYMENT_UUID)
VALUES (257, 1523.0, 'PAYPAL', '822167008');
INSERT INTO ORDERS (ID, CUST_ID, PAYMENT_ID, STATUS, AMOUNT, CREATED_ON, UPDATED_ON)
VALUES (257, 777, 257, 'DELIVERED', 1523.0, LOCALTIMESTAMP, LOCALTIMESTAMP);
INSERT INTO ORDER_ITEM (ID, ORDER_ID, PRODUCT_ID, QUANTITY)
VALUES (6039, 257, 50, 0);
INSERT INTO ORDER_ITEM (ID, ORDER_ID, PRODUCT_ID, QUANTITY)
VALUES (6040, 257, 60, 20);
INSERT INTO ORDER_ITEM (ID, ORDER_ID, PRODUCT_ID, QUANTITY)
VALUES (6041, 257, 52, 20);
INSERT INTO ORDER_ITEM (ID, ORDER_ID, PRODUCT_ID, QUANTITY)
VALUES (6042, 257, 40, 1);
INSERT INTO ORDER_ITEM (ID, ORDER_ID, PRODUCT_ID, QUANTITY)
VALUES (6043, 257, 26, 16);
INSERT INTO ORDER_ITEM (ID, ORDER_ID, PRODUCT_ID, QUANTITY)
VALUES (6044, 257, 21, 19);
INSERT INTO ORDER_ITEM (ID, ORDER_ID, PRODUCT_ID, QUANTITY)
VALUES (6045, 257, 39, 15);
INSERT INTO ORDER_ITEM (ID, ORDER_ID, PRODUCT_ID, QUANTITY)
VALUES (6046, 257, 20, 16);
INSERT INTO ORDER_ITEM (ID, ORDER_ID, PRODUCT_ID, QUANTITY)
VALUES (6047, 257, 48, 1);
-- ### ORDER 248
INSERT INTO PAYMENT_DETAIL(ID, AMOUNT, PROVIDER, PROVIDER_PAYMENT_UUID)
VALUES (258, 286.0, 'CRYPTO', '192772136');
INSERT INTO ORDERS (ID, CUST_ID, PAYMENT_ID, STATUS, AMOUNT, CREATED_ON, UPDATED_ON)
VALUES (258, 777, 258, 'DELIVERED', 286.0, LOCALTIMESTAMP, LOCALTIMESTAMP);
INSERT INTO ORDER_ITEM (ID, ORDER_ID, PRODUCT_ID, QUANTITY)
VALUES (6048, 258, 26, 13);
INSERT INTO ORDER_ITEM (ID, ORDER_ID, PRODUCT_ID, QUANTITY)
VALUES (6049, 258, 11, 2);
INSERT INTO ORDER_ITEM (ID, ORDER_ID, PRODUCT_ID, QUANTITY)
VALUES (6050, 258, 15, 4);
INSERT INTO ORDER_ITEM (ID, ORDER_ID, PRODUCT_ID, QUANTITY)
VALUES (6051, 258, 36, 19);
INSERT INTO ORDER_ITEM (ID, ORDER_ID, PRODUCT_ID, QUANTITY)
VALUES (6052, 258, 30, 5);
INSERT INTO ORDER_ITEM (ID, ORDER_ID, PRODUCT_ID, QUANTITY)
VALUES (6053, 258, 41, 13);
INSERT INTO ORDER_ITEM (ID, ORDER_ID, PRODUCT_ID, QUANTITY)
VALUES (6054, 258, 13, 14);
INSERT INTO ORDER_ITEM (ID, ORDER_ID, PRODUCT_ID, QUANTITY)
VALUES (6055, 258, 27, 19);
INSERT INTO ORDER_ITEM (ID, ORDER_ID, PRODUCT_ID, QUANTITY)
VALUES (6056, 258, 43, 10);
INSERT INTO ORDER_ITEM (ID, ORDER_ID, PRODUCT_ID, QUANTITY)
VALUES (6057, 258, 29, 3);
INSERT INTO ORDER_ITEM (ID, ORDER_ID, PRODUCT_ID, QUANTITY)
VALUES (6058, 258, 21, 17);
INSERT INTO ORDER_ITEM (ID, ORDER_ID, PRODUCT_ID, QUANTITY)
VALUES (6059, 258, 56, 14);
INSERT INTO ORDER_ITEM (ID, ORDER_ID, PRODUCT_ID, QUANTITY)
VALUES (6060, 258, 58, 6);
INSERT INTO ORDER_ITEM (ID, ORDER_ID, PRODUCT_ID, QUANTITY)
VALUES (6061, 258, 47, 0);
INSERT INTO ORDER_ITEM (ID, ORDER_ID, PRODUCT_ID, QUANTITY)
VALUES (6062, 258, 19, 18);
INSERT INTO ORDER_ITEM (ID, ORDER_ID, PRODUCT_ID, QUANTITY)
VALUES (6063, 258, 49, 14);
INSERT INTO ORDER_ITEM (ID, ORDER_ID, PRODUCT_ID, QUANTITY)
VALUES (6064, 258, 39, 9);
INSERT INTO ORDER_ITEM (ID, ORDER_ID, PRODUCT_ID, QUANTITY)
VALUES (6065, 258, 59, 17);
INSERT INTO ORDER_ITEM (ID, ORDER_ID, PRODUCT_ID, QUANTITY)
VALUES (6066, 258, 51, 16);
INSERT INTO ORDER_ITEM (ID, ORDER_ID, PRODUCT_ID, QUANTITY)
VALUES (6067, 258, 54, 18);
INSERT INTO ORDER_ITEM (ID, ORDER_ID, PRODUCT_ID, QUANTITY)
VALUES (6068, 258, 44, 13);
INSERT INTO ORDER_ITEM (ID, ORDER_ID, PRODUCT_ID, QUANTITY)
VALUES (6069, 258, 40, 18);
INSERT INTO ORDER_ITEM (ID, ORDER_ID, PRODUCT_ID, QUANTITY)
VALUES (6070, 258, 31, 12);
INSERT INTO ORDER_ITEM (ID, ORDER_ID, PRODUCT_ID, QUANTITY)
VALUES (6071, 258, 16, 6);
INSERT INTO ORDER_ITEM (ID, ORDER_ID, PRODUCT_ID, QUANTITY)
VALUES (6072, 258, 50, 12);
INSERT INTO ORDER_ITEM (ID, ORDER_ID, PRODUCT_ID, QUANTITY)
VALUES (6073, 258, 32, 13);
INSERT INTO ORDER_ITEM (ID, ORDER_ID, PRODUCT_ID, QUANTITY)
VALUES (6074, 258, 52, 11);
-- ### ORDER 249
INSERT INTO PAYMENT_DETAIL(ID, AMOUNT, PROVIDER, PROVIDER_PAYMENT_UUID)
VALUES (259, 3062.0, 'CRYPTO', '339492491');
INSERT INTO ORDERS (ID, CUST_ID, PAYMENT_ID, STATUS, AMOUNT, CREATED_ON, UPDATED_ON)
VALUES (259, 777, 259, 'DELIVERED', 3062.0, LOCALTIMESTAMP, LOCALTIMESTAMP);
INSERT INTO ORDER_ITEM (ID, ORDER_ID, PRODUCT_ID, QUANTITY)
VALUES (6075, 259, 13, 10);
INSERT INTO ORDER_ITEM (ID, ORDER_ID, PRODUCT_ID, QUANTITY)
VALUES (6076, 259, 60, 0);
INSERT INTO ORDER_ITEM (ID, ORDER_ID, PRODUCT_ID, QUANTITY)
VALUES (6077, 259, 15, 8);
INSERT INTO ORDER_ITEM (ID, ORDER_ID, PRODUCT_ID, QUANTITY)
VALUES (6078, 259, 44, 14);
INSERT INTO ORDER_ITEM (ID, ORDER_ID, PRODUCT_ID, QUANTITY)
VALUES (6079, 259, 12, 19);
INSERT INTO ORDER_ITEM (ID, ORDER_ID, PRODUCT_ID, QUANTITY)
VALUES (6080, 259, 18, 10);
INSERT INTO ORDER_ITEM (ID, ORDER_ID, PRODUCT_ID, QUANTITY)
VALUES (6081, 259, 51, 19);
INSERT INTO ORDER_ITEM (ID, ORDER_ID, PRODUCT_ID, QUANTITY)
VALUES (6082, 259, 40, 16);
INSERT INTO ORDER_ITEM (ID, ORDER_ID, PRODUCT_ID, QUANTITY)
VALUES (6083, 259, 34, 3);
INSERT INTO ORDER_ITEM (ID, ORDER_ID, PRODUCT_ID, QUANTITY)
VALUES (6084, 259, 11, 20);
INSERT INTO ORDER_ITEM (ID, ORDER_ID, PRODUCT_ID, QUANTITY)
VALUES (6085, 259, 39, 12);
INSERT INTO ORDER_ITEM (ID, ORDER_ID, PRODUCT_ID, QUANTITY)
VALUES (6086, 259, 29, 1);
INSERT INTO ORDER_ITEM (ID, ORDER_ID, PRODUCT_ID, QUANTITY)
VALUES (6087, 259, 33, 16);
INSERT INTO ORDER_ITEM (ID, ORDER_ID, PRODUCT_ID, QUANTITY)
VALUES (6088, 259, 27, 16);
INSERT INTO ORDER_ITEM (ID, ORDER_ID, PRODUCT_ID, QUANTITY)
VALUES (6089, 259, 53, 20);
INSERT INTO ORDER_ITEM (ID, ORDER_ID, PRODUCT_ID, QUANTITY)
VALUES (6090, 259, 22, 10);
INSERT INTO ORDER_ITEM (ID, ORDER_ID, PRODUCT_ID, QUANTITY)
VALUES (6091, 259, 23, 9);
INSERT INTO ORDER_ITEM (ID, ORDER_ID, PRODUCT_ID, QUANTITY)
VALUES (6092, 259, 26, 4);
INSERT INTO ORDER_ITEM (ID, ORDER_ID, PRODUCT_ID, QUANTITY)
VALUES (6093, 259, 48, 7);
INSERT INTO ORDER_ITEM (ID, ORDER_ID, PRODUCT_ID, QUANTITY)
VALUES (6094, 259, 54, 10);
INSERT INTO ORDER_ITEM (ID, ORDER_ID, PRODUCT_ID, QUANTITY)
VALUES (6095, 259, 50, 8);
INSERT INTO ORDER_ITEM (ID, ORDER_ID, PRODUCT_ID, QUANTITY)
VALUES (6096, 259, 17, 20);
INSERT INTO ORDER_ITEM (ID, ORDER_ID, PRODUCT_ID, QUANTITY)
VALUES (6097, 259, 57, 1);
INSERT INTO ORDER_ITEM (ID, ORDER_ID, PRODUCT_ID, QUANTITY)
VALUES (6098, 259, 45, 14);
INSERT INTO ORDER_ITEM (ID, ORDER_ID, PRODUCT_ID, QUANTITY)
VALUES (6099, 259, 56, 7);
INSERT INTO ORDER_ITEM (ID, ORDER_ID, PRODUCT_ID, QUANTITY)
VALUES (6100, 259, 20, 16);
INSERT INTO ORDER_ITEM (ID, ORDER_ID, PRODUCT_ID, QUANTITY)
VALUES (6101, 259, 41, 2);
INSERT INTO ORDER_ITEM (ID, ORDER_ID, PRODUCT_ID, QUANTITY)
VALUES (6102, 259, 36, 17);
INSERT INTO ORDER_ITEM (ID, ORDER_ID, PRODUCT_ID, QUANTITY)
VALUES (6103, 259, 30, 16);
INSERT INTO ORDER_ITEM (ID, ORDER_ID, PRODUCT_ID, QUANTITY)
VALUES (6104, 259, 35, 18);
INSERT INTO ORDER_ITEM (ID, ORDER_ID, PRODUCT_ID, QUANTITY)
VALUES (6105, 259, 21, 17);
INSERT INTO ORDER_ITEM (ID, ORDER_ID, PRODUCT_ID, QUANTITY)
VALUES (6106, 259, 42, 7);
INSERT INTO ORDER_ITEM (ID, ORDER_ID, PRODUCT_ID, QUANTITY)
VALUES (6107, 259, 14, 9);
INSERT INTO ORDER_ITEM (ID, ORDER_ID, PRODUCT_ID, QUANTITY)
VALUES (6108, 259, 58, 0);
INSERT INTO ORDER_ITEM (ID, ORDER_ID, PRODUCT_ID, QUANTITY)
VALUES (6109, 259, 24, 13);
-- ### ORDER 250
INSERT INTO PAYMENT_DETAIL(ID, AMOUNT, PROVIDER, PROVIDER_PAYMENT_UUID)
VALUES (260, 1902.0, 'ICARD', '492246511');
INSERT INTO ORDERS (ID, CUST_ID, PAYMENT_ID, STATUS, AMOUNT, CREATED_ON, UPDATED_ON)
VALUES (260, 777, 260, 'DELIVERED', 1902.0, LOCALTIMESTAMP, LOCALTIMESTAMP);
INSERT INTO ORDER_ITEM (ID, ORDER_ID, PRODUCT_ID, QUANTITY)
VALUES (6110, 260, 45, 6);
INSERT INTO ORDER_ITEM (ID, ORDER_ID, PRODUCT_ID, QUANTITY)
VALUES (6111, 260, 25, 20);
INSERT INTO ORDER_ITEM (ID, ORDER_ID, PRODUCT_ID, QUANTITY)
VALUES (6112, 260, 11, 18);
INSERT INTO ORDER_ITEM (ID, ORDER_ID, PRODUCT_ID, QUANTITY)
VALUES (6113, 260, 54, 16);
INSERT INTO ORDER_ITEM (ID, ORDER_ID, PRODUCT_ID, QUANTITY)
VALUES (6114, 260, 14, 0);
INSERT INTO ORDER_ITEM (ID, ORDER_ID, PRODUCT_ID, QUANTITY)
VALUES (6115, 260, 60, 7);
INSERT INTO ORDER_ITEM (ID, ORDER_ID, PRODUCT_ID, QUANTITY)
VALUES (6116, 260, 19, 19);
INSERT INTO ORDER_ITEM (ID, ORDER_ID, PRODUCT_ID, QUANTITY)
VALUES (6117, 260, 22, 8);
INSERT INTO ORDER_ITEM (ID, ORDER_ID, PRODUCT_ID, QUANTITY)
VALUES (6118, 260, 23, 12);
INSERT INTO ORDER_ITEM (ID, ORDER_ID, PRODUCT_ID, QUANTITY)
VALUES (6119, 260, 28, 13);
INSERT INTO ORDER_ITEM (ID, ORDER_ID, PRODUCT_ID, QUANTITY)
VALUES (6120, 260, 31, 13);
INSERT INTO ORDER_ITEM (ID, ORDER_ID, PRODUCT_ID, QUANTITY)
VALUES (6121, 260, 59, 0);
INSERT INTO ORDER_ITEM (ID, ORDER_ID, PRODUCT_ID, QUANTITY)
VALUES (6122, 260, 48, 20);
INSERT INTO ORDER_ITEM (ID, ORDER_ID, PRODUCT_ID, QUANTITY)
VALUES (6123, 260, 16, 16);
INSERT INTO ORDER_ITEM (ID, ORDER_ID, PRODUCT_ID, QUANTITY)
VALUES (6124, 260, 44, 6);
INSERT INTO ORDER_ITEM (ID, ORDER_ID, PRODUCT_ID, QUANTITY)
VALUES (6125, 260, 15, 0);
INSERT INTO ORDER_ITEM (ID, ORDER_ID, PRODUCT_ID, QUANTITY)
VALUES (6126, 260, 57, 8);
INSERT INTO ORDER_ITEM (ID, ORDER_ID, PRODUCT_ID, QUANTITY)
VALUES (6127, 260, 26, 12);
INSERT INTO ORDER_ITEM (ID, ORDER_ID, PRODUCT_ID, QUANTITY)
VALUES (6128, 260, 13, 12);
INSERT INTO ORDER_ITEM (ID, ORDER_ID, PRODUCT_ID, QUANTITY)
VALUES (6129, 260, 38, 13);
INSERT INTO ORDER_ITEM (ID, ORDER_ID, PRODUCT_ID, QUANTITY)
VALUES (6130, 260, 24, 12);
INSERT INTO ORDER_ITEM (ID, ORDER_ID, PRODUCT_ID, QUANTITY)
VALUES (6131, 260, 41, 3);
INSERT INTO ORDER_ITEM (ID, ORDER_ID, PRODUCT_ID, QUANTITY)
VALUES (6132, 260, 53, 17);
INSERT INTO ORDER_ITEM (ID, ORDER_ID, PRODUCT_ID, QUANTITY)
VALUES (6133, 260, 20, 2);
INSERT INTO ORDER_ITEM (ID, ORDER_ID, PRODUCT_ID, QUANTITY)
VALUES (6134, 260, 43, 3);
INSERT INTO ORDER_ITEM (ID, ORDER_ID, PRODUCT_ID, QUANTITY)
VALUES (6135, 260, 36, 18);
INSERT INTO ORDER_ITEM (ID, ORDER_ID, PRODUCT_ID, QUANTITY)
VALUES (6136, 260, 56, 20);
INSERT INTO ORDER_ITEM (ID, ORDER_ID, PRODUCT_ID, QUANTITY)
VALUES (6137, 260, 49, 19);
INSERT INTO ORDER_ITEM (ID, ORDER_ID, PRODUCT_ID, QUANTITY)
VALUES (6138, 260, 40, 13);
INSERT INTO ORDER_ITEM (ID, ORDER_ID, PRODUCT_ID, QUANTITY)
VALUES (6139, 260, 18, 1);
INSERT INTO ORDER_ITEM (ID, ORDER_ID, PRODUCT_ID, QUANTITY)
VALUES (6140, 260, 50, 11);
INSERT INTO ORDER_ITEM (ID, ORDER_ID, PRODUCT_ID, QUANTITY)
VALUES (6141, 260, 33, 7);
INSERT INTO ORDER_ITEM (ID, ORDER_ID, PRODUCT_ID, QUANTITY)
VALUES (6142, 260, 46, 13);
INSERT INTO ORDER_ITEM (ID, ORDER_ID, PRODUCT_ID, QUANTITY)
VALUES (6143, 260, 39, 15);
INSERT INTO ORDER_ITEM (ID, ORDER_ID, PRODUCT_ID, QUANTITY)
VALUES (6144, 260, 52, 4);
INSERT INTO ORDER_ITEM (ID, ORDER_ID, PRODUCT_ID, QUANTITY)
VALUES (6145, 260, 17, 0);
INSERT INTO ORDER_ITEM (ID, ORDER_ID, PRODUCT_ID, QUANTITY)
VALUES (6146, 260, 32, 14);
INSERT INTO ORDER_ITEM (ID, ORDER_ID, PRODUCT_ID, QUANTITY)
VALUES (6147, 260, 55, 13);
INSERT INTO ORDER_ITEM (ID, ORDER_ID, PRODUCT_ID, QUANTITY)
VALUES (6148, 260, 12, 15);
INSERT INTO ORDER_ITEM (ID, ORDER_ID, PRODUCT_ID, QUANTITY)
VALUES (6149, 260, 42, 20);
INSERT INTO ORDER_ITEM (ID, ORDER_ID, PRODUCT_ID, QUANTITY)
VALUES (6150, 260, 21, 6);
INSERT INTO ORDER_ITEM (ID, ORDER_ID, PRODUCT_ID, QUANTITY)
VALUES (6151, 260, 29, 17);
INSERT INTO ORDER_ITEM (ID, ORDER_ID, PRODUCT_ID, QUANTITY)
VALUES (6152, 260, 27, 11);
INSERT INTO ORDER_ITEM (ID, ORDER_ID, PRODUCT_ID, QUANTITY)
VALUES (6153, 260, 51, 4);
-- ### ORDER 251
INSERT INTO PAYMENT_DETAIL(ID, AMOUNT, PROVIDER, PROVIDER_PAYMENT_UUID)
VALUES (261, 1447.0, 'MASTERCARD', '817537338');
INSERT INTO ORDERS (ID, CUST_ID, PAYMENT_ID, STATUS, AMOUNT, CREATED_ON, UPDATED_ON)
VALUES (261, 777, 261, 'DELIVERED', 1447.0, LOCALTIMESTAMP, LOCALTIMESTAMP);
INSERT INTO ORDER_ITEM (ID, ORDER_ID, PRODUCT_ID, QUANTITY)
VALUES (6154, 261, 14, 4);
INSERT INTO ORDER_ITEM (ID, ORDER_ID, PRODUCT_ID, QUANTITY)
VALUES (6155, 261, 17, 5);
INSERT INTO ORDER_ITEM (ID, ORDER_ID, PRODUCT_ID, QUANTITY)
VALUES (6156, 261, 49, 8);
INSERT INTO ORDER_ITEM (ID, ORDER_ID, PRODUCT_ID, QUANTITY)
VALUES (6157, 261, 34, 19);
INSERT INTO ORDER_ITEM (ID, ORDER_ID, PRODUCT_ID, QUANTITY)
VALUES (6158, 261, 43, 3);
INSERT INTO ORDER_ITEM (ID, ORDER_ID, PRODUCT_ID, QUANTITY)
VALUES (6159, 261, 28, 2);
INSERT INTO ORDER_ITEM (ID, ORDER_ID, PRODUCT_ID, QUANTITY)
VALUES (6160, 261, 60, 14);
INSERT INTO ORDER_ITEM (ID, ORDER_ID, PRODUCT_ID, QUANTITY)
VALUES (6161, 261, 52, 2);
INSERT INTO ORDER_ITEM (ID, ORDER_ID, PRODUCT_ID, QUANTITY)
VALUES (6162, 261, 41, 4);
INSERT INTO ORDER_ITEM (ID, ORDER_ID, PRODUCT_ID, QUANTITY)
VALUES (6163, 261, 47, 1);
INSERT INTO ORDER_ITEM (ID, ORDER_ID, PRODUCT_ID, QUANTITY)
VALUES (6164, 261, 15, 19);
INSERT INTO ORDER_ITEM (ID, ORDER_ID, PRODUCT_ID, QUANTITY)
VALUES (6165, 261, 55, 3);
INSERT INTO ORDER_ITEM (ID, ORDER_ID, PRODUCT_ID, QUANTITY)
VALUES (6166, 261, 56, 8);
INSERT INTO ORDER_ITEM (ID, ORDER_ID, PRODUCT_ID, QUANTITY)
VALUES (6167, 261, 30, 6);
INSERT INTO ORDER_ITEM (ID, ORDER_ID, PRODUCT_ID, QUANTITY)
VALUES (6168, 261, 38, 9);
INSERT INTO ORDER_ITEM (ID, ORDER_ID, PRODUCT_ID, QUANTITY)
VALUES (6169, 261, 32, 4);
INSERT INTO ORDER_ITEM (ID, ORDER_ID, PRODUCT_ID, QUANTITY)
VALUES (6170, 261, 29, 5);
INSERT INTO ORDER_ITEM (ID, ORDER_ID, PRODUCT_ID, QUANTITY)
VALUES (6171, 261, 57, 18);
INSERT INTO ORDER_ITEM (ID, ORDER_ID, PRODUCT_ID, QUANTITY)
VALUES (6172, 261, 21, 10);
INSERT INTO ORDER_ITEM (ID, ORDER_ID, PRODUCT_ID, QUANTITY)
VALUES (6173, 261, 59, 16);
INSERT INTO ORDER_ITEM (ID, ORDER_ID, PRODUCT_ID, QUANTITY)
VALUES (6174, 261, 13, 3);
INSERT INTO ORDER_ITEM (ID, ORDER_ID, PRODUCT_ID, QUANTITY)
VALUES (6175, 261, 24, 0);
INSERT INTO ORDER_ITEM (ID, ORDER_ID, PRODUCT_ID, QUANTITY)
VALUES (6176, 261, 37, 12);
INSERT INTO ORDER_ITEM (ID, ORDER_ID, PRODUCT_ID, QUANTITY)
VALUES (6177, 261, 36, 15);
INSERT INTO ORDER_ITEM (ID, ORDER_ID, PRODUCT_ID, QUANTITY)
VALUES (6178, 261, 39, 13);
INSERT INTO ORDER_ITEM (ID, ORDER_ID, PRODUCT_ID, QUANTITY)
VALUES (6179, 261, 20, 19);
INSERT INTO ORDER_ITEM (ID, ORDER_ID, PRODUCT_ID, QUANTITY)
VALUES (6180, 261, 50, 8);
INSERT INTO ORDER_ITEM (ID, ORDER_ID, PRODUCT_ID, QUANTITY)
VALUES (6181, 261, 48, 8);
INSERT INTO ORDER_ITEM (ID, ORDER_ID, PRODUCT_ID, QUANTITY)
VALUES (6182, 261, 16, 8);
INSERT INTO ORDER_ITEM (ID, ORDER_ID, PRODUCT_ID, QUANTITY)
VALUES (6183, 261, 27, 8);
INSERT INTO ORDER_ITEM (ID, ORDER_ID, PRODUCT_ID, QUANTITY)
VALUES (6184, 261, 22, 19);
INSERT INTO ORDER_ITEM (ID, ORDER_ID, PRODUCT_ID, QUANTITY)
VALUES (6185, 261, 46, 9);
INSERT INTO ORDER_ITEM (ID, ORDER_ID, PRODUCT_ID, QUANTITY)
VALUES (6186, 261, 44, 17);
INSERT INTO ORDER_ITEM (ID, ORDER_ID, PRODUCT_ID, QUANTITY)
VALUES (6187, 261, 53, 13);
INSERT INTO ORDER_ITEM (ID, ORDER_ID, PRODUCT_ID, QUANTITY)
VALUES (6188, 261, 12, 15);
INSERT INTO ORDER_ITEM (ID, ORDER_ID, PRODUCT_ID, QUANTITY)
VALUES (6189, 261, 42, 10);
INSERT INTO ORDER_ITEM (ID, ORDER_ID, PRODUCT_ID, QUANTITY)
VALUES (6190, 261, 40, 6);
INSERT INTO ORDER_ITEM (ID, ORDER_ID, PRODUCT_ID, QUANTITY)
VALUES (6191, 261, 58, 19);
-- ### ORDER 252
INSERT INTO PAYMENT_DETAIL(ID, AMOUNT, PROVIDER, PROVIDER_PAYMENT_UUID)
VALUES (262, 2656.0, 'MASTERCARD', '557528723');
INSERT INTO ORDERS (ID, CUST_ID, PAYMENT_ID, STATUS, AMOUNT, CREATED_ON, UPDATED_ON)
VALUES (262, 777, 262, 'DELIVERED', 2656.0, LOCALTIMESTAMP, LOCALTIMESTAMP);
INSERT INTO ORDER_ITEM (ID, ORDER_ID, PRODUCT_ID, QUANTITY)
VALUES (6192, 262, 59, 19);
INSERT INTO ORDER_ITEM (ID, ORDER_ID, PRODUCT_ID, QUANTITY)
VALUES (6193, 262, 21, 19);
INSERT INTO ORDER_ITEM (ID, ORDER_ID, PRODUCT_ID, QUANTITY)
VALUES (6194, 262, 51, 7);
INSERT INTO ORDER_ITEM (ID, ORDER_ID, PRODUCT_ID, QUANTITY)
VALUES (6195, 262, 34, 4);
INSERT INTO ORDER_ITEM (ID, ORDER_ID, PRODUCT_ID, QUANTITY)
VALUES (6196, 262, 22, 16);
INSERT INTO ORDER_ITEM (ID, ORDER_ID, PRODUCT_ID, QUANTITY)
VALUES (6197, 262, 42, 15);
INSERT INTO ORDER_ITEM (ID, ORDER_ID, PRODUCT_ID, QUANTITY)
VALUES (6198, 262, 60, 8);
INSERT INTO ORDER_ITEM (ID, ORDER_ID, PRODUCT_ID, QUANTITY)
VALUES (6199, 262, 18, 17);
INSERT INTO ORDER_ITEM (ID, ORDER_ID, PRODUCT_ID, QUANTITY)
VALUES (6200, 262, 28, 7);
INSERT INTO ORDER_ITEM (ID, ORDER_ID, PRODUCT_ID, QUANTITY)
VALUES (6201, 262, 40, 4);
INSERT INTO ORDER_ITEM (ID, ORDER_ID, PRODUCT_ID, QUANTITY)
VALUES (6202, 262, 13, 15);
INSERT INTO ORDER_ITEM (ID, ORDER_ID, PRODUCT_ID, QUANTITY)
VALUES (6203, 262, 38, 12);
INSERT INTO ORDER_ITEM (ID, ORDER_ID, PRODUCT_ID, QUANTITY)
VALUES (6204, 262, 48, 14);
INSERT INTO ORDER_ITEM (ID, ORDER_ID, PRODUCT_ID, QUANTITY)
VALUES (6205, 262, 32, 1);
INSERT INTO ORDER_ITEM (ID, ORDER_ID, PRODUCT_ID, QUANTITY)
VALUES (6206, 262, 12, 13);
INSERT INTO ORDER_ITEM (ID, ORDER_ID, PRODUCT_ID, QUANTITY)
VALUES (6207, 262, 19, 20);
INSERT INTO ORDER_ITEM (ID, ORDER_ID, PRODUCT_ID, QUANTITY)
VALUES (6208, 262, 58, 7);
INSERT INTO ORDER_ITEM (ID, ORDER_ID, PRODUCT_ID, QUANTITY)
VALUES (6209, 262, 55, 11);
-- ### ORDER 253
INSERT INTO PAYMENT_DETAIL(ID, AMOUNT, PROVIDER, PROVIDER_PAYMENT_UUID)
VALUES (263, 1654.0, 'ICARD', '241697126');
INSERT INTO ORDERS (ID, CUST_ID, PAYMENT_ID, STATUS, AMOUNT, CREATED_ON, UPDATED_ON)
VALUES (263, 777, 263, 'DELIVERED', 1654.0, LOCALTIMESTAMP, LOCALTIMESTAMP);
INSERT INTO ORDER_ITEM (ID, ORDER_ID, PRODUCT_ID, QUANTITY)
VALUES (6210, 263, 36, 14);
INSERT INTO ORDER_ITEM (ID, ORDER_ID, PRODUCT_ID, QUANTITY)
VALUES (6211, 263, 32, 0);
INSERT INTO ORDER_ITEM (ID, ORDER_ID, PRODUCT_ID, QUANTITY)
VALUES (6212, 263, 18, 7);
-- ### ORDER 254
INSERT INTO PAYMENT_DETAIL(ID, AMOUNT, PROVIDER, PROVIDER_PAYMENT_UUID)
VALUES (264, 99.0, 'ICARD', '817724758');
INSERT INTO ORDERS (ID, CUST_ID, PAYMENT_ID, STATUS, AMOUNT, CREATED_ON, UPDATED_ON)
VALUES (264, 777, 264, 'DELIVERED', 99.0, LOCALTIMESTAMP, LOCALTIMESTAMP);
INSERT INTO ORDER_ITEM (ID, ORDER_ID, PRODUCT_ID, QUANTITY)
VALUES (6213, 264, 38, 3);
INSERT INTO ORDER_ITEM (ID, ORDER_ID, PRODUCT_ID, QUANTITY)
VALUES (6214, 264, 23, 2);
INSERT INTO ORDER_ITEM (ID, ORDER_ID, PRODUCT_ID, QUANTITY)
VALUES (6215, 264, 18, 20);
INSERT INTO ORDER_ITEM (ID, ORDER_ID, PRODUCT_ID, QUANTITY)
VALUES (6216, 264, 21, 13);
INSERT INTO ORDER_ITEM (ID, ORDER_ID, PRODUCT_ID, QUANTITY)
VALUES (6217, 264, 59, 2);
INSERT INTO ORDER_ITEM (ID, ORDER_ID, PRODUCT_ID, QUANTITY)
VALUES (6218, 264, 20, 17);
INSERT INTO ORDER_ITEM (ID, ORDER_ID, PRODUCT_ID, QUANTITY)
VALUES (6219, 264, 44, 10);
INSERT INTO ORDER_ITEM (ID, ORDER_ID, PRODUCT_ID, QUANTITY)
VALUES (6220, 264, 27, 1);
INSERT INTO ORDER_ITEM (ID, ORDER_ID, PRODUCT_ID, QUANTITY)
VALUES (6221, 264, 13, 4);
INSERT INTO ORDER_ITEM (ID, ORDER_ID, PRODUCT_ID, QUANTITY)
VALUES (6222, 264, 15, 12);
INSERT INTO ORDER_ITEM (ID, ORDER_ID, PRODUCT_ID, QUANTITY)
VALUES (6223, 264, 33, 5);
INSERT INTO ORDER_ITEM (ID, ORDER_ID, PRODUCT_ID, QUANTITY)
VALUES (6224, 264, 36, 3);
INSERT INTO ORDER_ITEM (ID, ORDER_ID, PRODUCT_ID, QUANTITY)
VALUES (6225, 264, 32, 19);
INSERT INTO ORDER_ITEM (ID, ORDER_ID, PRODUCT_ID, QUANTITY)
VALUES (6226, 264, 48, 14);
INSERT INTO ORDER_ITEM (ID, ORDER_ID, PRODUCT_ID, QUANTITY)
VALUES (6227, 264, 30, 8);
INSERT INTO ORDER_ITEM (ID, ORDER_ID, PRODUCT_ID, QUANTITY)
VALUES (6228, 264, 45, 7);
INSERT INTO ORDER_ITEM (ID, ORDER_ID, PRODUCT_ID, QUANTITY)
VALUES (6229, 264, 14, 1);
INSERT INTO ORDER_ITEM (ID, ORDER_ID, PRODUCT_ID, QUANTITY)
VALUES (6230, 264, 28, 10);
INSERT INTO ORDER_ITEM (ID, ORDER_ID, PRODUCT_ID, QUANTITY)
VALUES (6231, 264, 31, 7);
INSERT INTO ORDER_ITEM (ID, ORDER_ID, PRODUCT_ID, QUANTITY)
VALUES (6232, 264, 34, 16);
INSERT INTO ORDER_ITEM (ID, ORDER_ID, PRODUCT_ID, QUANTITY)
VALUES (6233, 264, 17, 3);
INSERT INTO ORDER_ITEM (ID, ORDER_ID, PRODUCT_ID, QUANTITY)
VALUES (6234, 264, 53, 7);
INSERT INTO ORDER_ITEM (ID, ORDER_ID, PRODUCT_ID, QUANTITY)
VALUES (6235, 264, 41, 20);
INSERT INTO ORDER_ITEM (ID, ORDER_ID, PRODUCT_ID, QUANTITY)
VALUES (6236, 264, 57, 10);
INSERT INTO ORDER_ITEM (ID, ORDER_ID, PRODUCT_ID, QUANTITY)
VALUES (6237, 264, 35, 4);
INSERT INTO ORDER_ITEM (ID, ORDER_ID, PRODUCT_ID, QUANTITY)
VALUES (6238, 264, 16, 15);
INSERT INTO ORDER_ITEM (ID, ORDER_ID, PRODUCT_ID, QUANTITY)
VALUES (6239, 264, 12, 18);
INSERT INTO ORDER_ITEM (ID, ORDER_ID, PRODUCT_ID, QUANTITY)
VALUES (6240, 264, 19, 16);
INSERT INTO ORDER_ITEM (ID, ORDER_ID, PRODUCT_ID, QUANTITY)
VALUES (6241, 264, 24, 0);
INSERT INTO ORDER_ITEM (ID, ORDER_ID, PRODUCT_ID, QUANTITY)
VALUES (6242, 264, 39, 3);
INSERT INTO ORDER_ITEM (ID, ORDER_ID, PRODUCT_ID, QUANTITY)
VALUES (6243, 264, 54, 8);
INSERT INTO ORDER_ITEM (ID, ORDER_ID, PRODUCT_ID, QUANTITY)
VALUES (6244, 264, 52, 13);
INSERT INTO ORDER_ITEM (ID, ORDER_ID, PRODUCT_ID, QUANTITY)
VALUES (6245, 264, 29, 19);
INSERT INTO ORDER_ITEM (ID, ORDER_ID, PRODUCT_ID, QUANTITY)
VALUES (6246, 264, 58, 0);
INSERT INTO ORDER_ITEM (ID, ORDER_ID, PRODUCT_ID, QUANTITY)
VALUES (6247, 264, 26, 9);
INSERT INTO ORDER_ITEM (ID, ORDER_ID, PRODUCT_ID, QUANTITY)
VALUES (6248, 264, 11, 11);
INSERT INTO ORDER_ITEM (ID, ORDER_ID, PRODUCT_ID, QUANTITY)
VALUES (6249, 264, 55, 5);
-- ### ORDER 255
INSERT INTO PAYMENT_DETAIL(ID, AMOUNT, PROVIDER, PROVIDER_PAYMENT_UUID)
VALUES (265, 3480.0, 'MASTERCARD', '391523840');
INSERT INTO ORDERS (ID, CUST_ID, PAYMENT_ID, STATUS, AMOUNT, CREATED_ON, UPDATED_ON)
VALUES (265, 777, 265, 'DELIVERED', 3480.0, LOCALTIMESTAMP, LOCALTIMESTAMP);
INSERT INTO ORDER_ITEM (ID, ORDER_ID, PRODUCT_ID, QUANTITY)
VALUES (6250, 265, 27, 17);
INSERT INTO ORDER_ITEM (ID, ORDER_ID, PRODUCT_ID, QUANTITY)
VALUES (6251, 265, 40, 9);
INSERT INTO ORDER_ITEM (ID, ORDER_ID, PRODUCT_ID, QUANTITY)
VALUES (6252, 265, 35, 1);
INSERT INTO ORDER_ITEM (ID, ORDER_ID, PRODUCT_ID, QUANTITY)
VALUES (6253, 265, 47, 8);
INSERT INTO ORDER_ITEM (ID, ORDER_ID, PRODUCT_ID, QUANTITY)
VALUES (6254, 265, 45, 16);
-- ### ORDER 256
INSERT INTO PAYMENT_DETAIL(ID, AMOUNT, PROVIDER, PROVIDER_PAYMENT_UUID)
VALUES (266, 2531.0, 'CRYPTO', '558162819');
INSERT INTO ORDERS (ID, CUST_ID, PAYMENT_ID, STATUS, AMOUNT, CREATED_ON, UPDATED_ON)
VALUES (266, 777, 266, 'DELIVERED', 2531.0, LOCALTIMESTAMP, LOCALTIMESTAMP);
INSERT INTO ORDER_ITEM (ID, ORDER_ID, PRODUCT_ID, QUANTITY)
VALUES (6255, 266, 48, 19);
INSERT INTO ORDER_ITEM (ID, ORDER_ID, PRODUCT_ID, QUANTITY)
VALUES (6256, 266, 46, 19);
INSERT INTO ORDER_ITEM (ID, ORDER_ID, PRODUCT_ID, QUANTITY)
VALUES (6257, 266, 36, 16);
INSERT INTO ORDER_ITEM (ID, ORDER_ID, PRODUCT_ID, QUANTITY)
VALUES (6258, 266, 30, 10);
INSERT INTO ORDER_ITEM (ID, ORDER_ID, PRODUCT_ID, QUANTITY)
VALUES (6259, 266, 23, 7);
INSERT INTO ORDER_ITEM (ID, ORDER_ID, PRODUCT_ID, QUANTITY)
VALUES (6260, 266, 31, 16);
INSERT INTO ORDER_ITEM (ID, ORDER_ID, PRODUCT_ID, QUANTITY)
VALUES (6261, 266, 55, 17);
INSERT INTO ORDER_ITEM (ID, ORDER_ID, PRODUCT_ID, QUANTITY)
VALUES (6262, 266, 17, 13);
INSERT INTO ORDER_ITEM (ID, ORDER_ID, PRODUCT_ID, QUANTITY)
VALUES (6263, 266, 26, 13);
INSERT INTO ORDER_ITEM (ID, ORDER_ID, PRODUCT_ID, QUANTITY)
VALUES (6264, 266, 21, 6);
INSERT INTO ORDER_ITEM (ID, ORDER_ID, PRODUCT_ID, QUANTITY)
VALUES (6265, 266, 28, 20);
INSERT INTO ORDER_ITEM (ID, ORDER_ID, PRODUCT_ID, QUANTITY)
VALUES (6266, 266, 47, 10);
INSERT INTO ORDER_ITEM (ID, ORDER_ID, PRODUCT_ID, QUANTITY)
VALUES (6267, 266, 57, 5);
INSERT INTO ORDER_ITEM (ID, ORDER_ID, PRODUCT_ID, QUANTITY)
VALUES (6268, 266, 42, 17);
INSERT INTO ORDER_ITEM (ID, ORDER_ID, PRODUCT_ID, QUANTITY)
VALUES (6269, 266, 39, 1);
INSERT INTO ORDER_ITEM (ID, ORDER_ID, PRODUCT_ID, QUANTITY)
VALUES (6270, 266, 38, 14);
INSERT INTO ORDER_ITEM (ID, ORDER_ID, PRODUCT_ID, QUANTITY)
VALUES (6271, 266, 19, 4);
INSERT INTO ORDER_ITEM (ID, ORDER_ID, PRODUCT_ID, QUANTITY)
VALUES (6272, 266, 24, 12);
INSERT INTO ORDER_ITEM (ID, ORDER_ID, PRODUCT_ID, QUANTITY)
VALUES (6273, 266, 11, 8);
INSERT INTO ORDER_ITEM (ID, ORDER_ID, PRODUCT_ID, QUANTITY)
VALUES (6274, 266, 45, 19);
INSERT INTO ORDER_ITEM (ID, ORDER_ID, PRODUCT_ID, QUANTITY)
VALUES (6275, 266, 27, 11);
INSERT INTO ORDER_ITEM (ID, ORDER_ID, PRODUCT_ID, QUANTITY)
VALUES (6276, 266, 58, 12);
INSERT INTO ORDER_ITEM (ID, ORDER_ID, PRODUCT_ID, QUANTITY)
VALUES (6277, 266, 35, 20);
INSERT INTO ORDER_ITEM (ID, ORDER_ID, PRODUCT_ID, QUANTITY)
VALUES (6278, 266, 56, 9);
INSERT INTO ORDER_ITEM (ID, ORDER_ID, PRODUCT_ID, QUANTITY)
VALUES (6279, 266, 20, 12);
INSERT INTO ORDER_ITEM (ID, ORDER_ID, PRODUCT_ID, QUANTITY)
VALUES (6280, 266, 37, 1);
INSERT INTO ORDER_ITEM (ID, ORDER_ID, PRODUCT_ID, QUANTITY)
VALUES (6281, 266, 60, 10);
INSERT INTO ORDER_ITEM (ID, ORDER_ID, PRODUCT_ID, QUANTITY)
VALUES (6282, 266, 18, 17);
INSERT INTO ORDER_ITEM (ID, ORDER_ID, PRODUCT_ID, QUANTITY)
VALUES (6283, 266, 54, 11);
INSERT INTO ORDER_ITEM (ID, ORDER_ID, PRODUCT_ID, QUANTITY)
VALUES (6284, 266, 15, 4);
INSERT INTO ORDER_ITEM (ID, ORDER_ID, PRODUCT_ID, QUANTITY)
VALUES (6285, 266, 34, 19);
INSERT INTO ORDER_ITEM (ID, ORDER_ID, PRODUCT_ID, QUANTITY)
VALUES (6286, 266, 43, 19);
INSERT INTO ORDER_ITEM (ID, ORDER_ID, PRODUCT_ID, QUANTITY)
VALUES (6287, 266, 32, 12);
INSERT INTO ORDER_ITEM (ID, ORDER_ID, PRODUCT_ID, QUANTITY)
VALUES (6288, 266, 49, 5);
INSERT INTO ORDER_ITEM (ID, ORDER_ID, PRODUCT_ID, QUANTITY)
VALUES (6289, 266, 13, 4);
INSERT INTO ORDER_ITEM (ID, ORDER_ID, PRODUCT_ID, QUANTITY)
VALUES (6290, 266, 16, 12);
INSERT INTO ORDER_ITEM (ID, ORDER_ID, PRODUCT_ID, QUANTITY)
VALUES (6291, 266, 25, 16);
INSERT INTO ORDER_ITEM (ID, ORDER_ID, PRODUCT_ID, QUANTITY)
VALUES (6292, 266, 50, 19);
INSERT INTO ORDER_ITEM (ID, ORDER_ID, PRODUCT_ID, QUANTITY)
VALUES (6293, 266, 53, 16);
INSERT INTO ORDER_ITEM (ID, ORDER_ID, PRODUCT_ID, QUANTITY)
VALUES (6294, 266, 14, 3);
INSERT INTO ORDER_ITEM (ID, ORDER_ID, PRODUCT_ID, QUANTITY)
VALUES (6295, 266, 44, 11);
INSERT INTO ORDER_ITEM (ID, ORDER_ID, PRODUCT_ID, QUANTITY)
VALUES (6296, 266, 33, 15);
-- ### ORDER 257
INSERT INTO PAYMENT_DETAIL(ID, AMOUNT, PROVIDER, PROVIDER_PAYMENT_UUID)
VALUES (267, 1660.0, 'MASTERCARD', '205398940');
INSERT INTO ORDERS (ID, CUST_ID, PAYMENT_ID, STATUS, AMOUNT, CREATED_ON, UPDATED_ON)
VALUES (267, 777, 267, 'DELIVERED', 1660.0, LOCALTIMESTAMP, LOCALTIMESTAMP);
INSERT INTO ORDER_ITEM (ID, ORDER_ID, PRODUCT_ID, QUANTITY)
VALUES (6297, 267, 16, 8);
INSERT INTO ORDER_ITEM (ID, ORDER_ID, PRODUCT_ID, QUANTITY)
VALUES (6298, 267, 42, 20);
INSERT INTO ORDER_ITEM (ID, ORDER_ID, PRODUCT_ID, QUANTITY)
VALUES (6299, 267, 58, 5);
INSERT INTO ORDER_ITEM (ID, ORDER_ID, PRODUCT_ID, QUANTITY)
VALUES (6300, 267, 24, 3);
INSERT INTO ORDER_ITEM (ID, ORDER_ID, PRODUCT_ID, QUANTITY)
VALUES (6301, 267, 54, 11);
INSERT INTO ORDER_ITEM (ID, ORDER_ID, PRODUCT_ID, QUANTITY)
VALUES (6302, 267, 27, 16);
INSERT INTO ORDER_ITEM (ID, ORDER_ID, PRODUCT_ID, QUANTITY)
VALUES (6303, 267, 34, 11);
INSERT INTO ORDER_ITEM (ID, ORDER_ID, PRODUCT_ID, QUANTITY)
VALUES (6304, 267, 43, 3);
INSERT INTO ORDER_ITEM (ID, ORDER_ID, PRODUCT_ID, QUANTITY)
VALUES (6305, 267, 44, 2);
INSERT INTO ORDER_ITEM (ID, ORDER_ID, PRODUCT_ID, QUANTITY)
VALUES (6306, 267, 11, 1);
INSERT INTO ORDER_ITEM (ID, ORDER_ID, PRODUCT_ID, QUANTITY)
VALUES (6307, 267, 46, 18);
INSERT INTO ORDER_ITEM (ID, ORDER_ID, PRODUCT_ID, QUANTITY)
VALUES (6308, 267, 37, 0);
INSERT INTO ORDER_ITEM (ID, ORDER_ID, PRODUCT_ID, QUANTITY)
VALUES (6309, 267, 26, 1);
INSERT INTO ORDER_ITEM (ID, ORDER_ID, PRODUCT_ID, QUANTITY)
VALUES (6310, 267, 13, 2);
INSERT INTO ORDER_ITEM (ID, ORDER_ID, PRODUCT_ID, QUANTITY)
VALUES (6311, 267, 33, 12);
INSERT INTO ORDER_ITEM (ID, ORDER_ID, PRODUCT_ID, QUANTITY)
VALUES (6312, 267, 48, 5);
INSERT INTO ORDER_ITEM (ID, ORDER_ID, PRODUCT_ID, QUANTITY)
VALUES (6313, 267, 45, 16);
INSERT INTO ORDER_ITEM (ID, ORDER_ID, PRODUCT_ID, QUANTITY)
VALUES (6314, 267, 51, 4);
INSERT INTO ORDER_ITEM (ID, ORDER_ID, PRODUCT_ID, QUANTITY)
VALUES (6315, 267, 56, 18);
INSERT INTO ORDER_ITEM (ID, ORDER_ID, PRODUCT_ID, QUANTITY)
VALUES (6316, 267, 23, 8);
INSERT INTO ORDER_ITEM (ID, ORDER_ID, PRODUCT_ID, QUANTITY)
VALUES (6317, 267, 14, 14);
INSERT INTO ORDER_ITEM (ID, ORDER_ID, PRODUCT_ID, QUANTITY)
VALUES (6318, 267, 30, 11);
INSERT INTO ORDER_ITEM (ID, ORDER_ID, PRODUCT_ID, QUANTITY)
VALUES (6319, 267, 21, 17);
INSERT INTO ORDER_ITEM (ID, ORDER_ID, PRODUCT_ID, QUANTITY)
VALUES (6320, 267, 17, 17);
INSERT INTO ORDER_ITEM (ID, ORDER_ID, PRODUCT_ID, QUANTITY)
VALUES (6321, 267, 40, 20);
INSERT INTO ORDER_ITEM (ID, ORDER_ID, PRODUCT_ID, QUANTITY)
VALUES (6322, 267, 52, 0);
INSERT INTO ORDER_ITEM (ID, ORDER_ID, PRODUCT_ID, QUANTITY)
VALUES (6323, 267, 39, 6);
INSERT INTO ORDER_ITEM (ID, ORDER_ID, PRODUCT_ID, QUANTITY)
VALUES (6324, 267, 35, 2);
INSERT INTO ORDER_ITEM (ID, ORDER_ID, PRODUCT_ID, QUANTITY)
VALUES (6325, 267, 55, 19);
INSERT INTO ORDER_ITEM (ID, ORDER_ID, PRODUCT_ID, QUANTITY)
VALUES (6326, 267, 47, 6);
INSERT INTO ORDER_ITEM (ID, ORDER_ID, PRODUCT_ID, QUANTITY)
VALUES (6327, 267, 32, 8);
INSERT INTO ORDER_ITEM (ID, ORDER_ID, PRODUCT_ID, QUANTITY)
VALUES (6328, 267, 31, 2);
INSERT INTO ORDER_ITEM (ID, ORDER_ID, PRODUCT_ID, QUANTITY)
VALUES (6329, 267, 53, 10);
INSERT INTO ORDER_ITEM (ID, ORDER_ID, PRODUCT_ID, QUANTITY)
VALUES (6330, 267, 50, 15);
INSERT INTO ORDER_ITEM (ID, ORDER_ID, PRODUCT_ID, QUANTITY)
VALUES (6331, 267, 15, 13);
INSERT INTO ORDER_ITEM (ID, ORDER_ID, PRODUCT_ID, QUANTITY)
VALUES (6332, 267, 41, 13);
INSERT INTO ORDER_ITEM (ID, ORDER_ID, PRODUCT_ID, QUANTITY)
VALUES (6333, 267, 28, 15);
INSERT INTO ORDER_ITEM (ID, ORDER_ID, PRODUCT_ID, QUANTITY)
VALUES (6334, 267, 29, 5);
INSERT INTO ORDER_ITEM (ID, ORDER_ID, PRODUCT_ID, QUANTITY)
VALUES (6335, 267, 38, 18);
INSERT INTO ORDER_ITEM (ID, ORDER_ID, PRODUCT_ID, QUANTITY)
VALUES (6336, 267, 60, 10);
INSERT INTO ORDER_ITEM (ID, ORDER_ID, PRODUCT_ID, QUANTITY)
VALUES (6337, 267, 22, 3);
INSERT INTO ORDER_ITEM (ID, ORDER_ID, PRODUCT_ID, QUANTITY)
VALUES (6338, 267, 12, 0);
INSERT INTO ORDER_ITEM (ID, ORDER_ID, PRODUCT_ID, QUANTITY)
VALUES (6339, 267, 36, 3);
INSERT INTO ORDER_ITEM (ID, ORDER_ID, PRODUCT_ID, QUANTITY)
VALUES (6340, 267, 57, 7);
-- ### ORDER 258
INSERT INTO PAYMENT_DETAIL(ID, AMOUNT, PROVIDER, PROVIDER_PAYMENT_UUID)
VALUES (268, 2467.0, 'CRYPTO', '572332538');
INSERT INTO ORDERS (ID, CUST_ID, PAYMENT_ID, STATUS, AMOUNT, CREATED_ON, UPDATED_ON)
VALUES (268, 777, 268, 'DELIVERED', 2467.0, LOCALTIMESTAMP, LOCALTIMESTAMP);
INSERT INTO ORDER_ITEM (ID, ORDER_ID, PRODUCT_ID, QUANTITY)
VALUES (6341, 268, 44, 8);
INSERT INTO ORDER_ITEM (ID, ORDER_ID, PRODUCT_ID, QUANTITY)
VALUES (6342, 268, 15, 13);
INSERT INTO ORDER_ITEM (ID, ORDER_ID, PRODUCT_ID, QUANTITY)
VALUES (6343, 268, 31, 20);
INSERT INTO ORDER_ITEM (ID, ORDER_ID, PRODUCT_ID, QUANTITY)
VALUES (6344, 268, 16, 13);
INSERT INTO ORDER_ITEM (ID, ORDER_ID, PRODUCT_ID, QUANTITY)
VALUES (6345, 268, 11, 19);
INSERT INTO ORDER_ITEM (ID, ORDER_ID, PRODUCT_ID, QUANTITY)
VALUES (6346, 268, 35, 14);
INSERT INTO ORDER_ITEM (ID, ORDER_ID, PRODUCT_ID, QUANTITY)
VALUES (6347, 268, 60, 9);
INSERT INTO ORDER_ITEM (ID, ORDER_ID, PRODUCT_ID, QUANTITY)
VALUES (6348, 268, 57, 16);
INSERT INTO ORDER_ITEM (ID, ORDER_ID, PRODUCT_ID, QUANTITY)
VALUES (6349, 268, 41, 0);
INSERT INTO ORDER_ITEM (ID, ORDER_ID, PRODUCT_ID, QUANTITY)
VALUES (6350, 268, 52, 10);
INSERT INTO ORDER_ITEM (ID, ORDER_ID, PRODUCT_ID, QUANTITY)
VALUES (6351, 268, 17, 11);
INSERT INTO ORDER_ITEM (ID, ORDER_ID, PRODUCT_ID, QUANTITY)
VALUES (6352, 268, 49, 10);
INSERT INTO ORDER_ITEM (ID, ORDER_ID, PRODUCT_ID, QUANTITY)
VALUES (6353, 268, 28, 17);
INSERT INTO ORDER_ITEM (ID, ORDER_ID, PRODUCT_ID, QUANTITY)
VALUES (6354, 268, 19, 15);
INSERT INTO ORDER_ITEM (ID, ORDER_ID, PRODUCT_ID, QUANTITY)
VALUES (6355, 268, 12, 9);
INSERT INTO ORDER_ITEM (ID, ORDER_ID, PRODUCT_ID, QUANTITY)
VALUES (6356, 268, 34, 16);
-- ### ORDER 259
INSERT INTO PAYMENT_DETAIL(ID, AMOUNT, PROVIDER, PROVIDER_PAYMENT_UUID)
VALUES (269, 3464.0, 'ICARD', '827126837');
INSERT INTO ORDERS (ID, CUST_ID, PAYMENT_ID, STATUS, AMOUNT, CREATED_ON, UPDATED_ON)
VALUES (269, 777, 269, 'DELIVERED', 3464.0, LOCALTIMESTAMP, LOCALTIMESTAMP);
INSERT INTO ORDER_ITEM (ID, ORDER_ID, PRODUCT_ID, QUANTITY)
VALUES (6357, 269, 25, 3);
INSERT INTO ORDER_ITEM (ID, ORDER_ID, PRODUCT_ID, QUANTITY)
VALUES (6358, 269, 43, 7);
INSERT INTO ORDER_ITEM (ID, ORDER_ID, PRODUCT_ID, QUANTITY)
VALUES (6359, 269, 49, 19);
INSERT INTO ORDER_ITEM (ID, ORDER_ID, PRODUCT_ID, QUANTITY)
VALUES (6360, 269, 37, 15);
INSERT INTO ORDER_ITEM (ID, ORDER_ID, PRODUCT_ID, QUANTITY)
VALUES (6361, 269, 41, 6);
INSERT INTO ORDER_ITEM (ID, ORDER_ID, PRODUCT_ID, QUANTITY)
VALUES (6362, 269, 19, 9);
INSERT INTO ORDER_ITEM (ID, ORDER_ID, PRODUCT_ID, QUANTITY)
VALUES (6363, 269, 58, 19);
INSERT INTO ORDER_ITEM (ID, ORDER_ID, PRODUCT_ID, QUANTITY)
VALUES (6364, 269, 24, 13);
INSERT INTO ORDER_ITEM (ID, ORDER_ID, PRODUCT_ID, QUANTITY)
VALUES (6365, 269, 12, 19);
INSERT INTO ORDER_ITEM (ID, ORDER_ID, PRODUCT_ID, QUANTITY)
VALUES (6366, 269, 21, 1);
INSERT INTO ORDER_ITEM (ID, ORDER_ID, PRODUCT_ID, QUANTITY)
VALUES (6367, 269, 33, 7);
INSERT INTO ORDER_ITEM (ID, ORDER_ID, PRODUCT_ID, QUANTITY)
VALUES (6368, 269, 28, 1);
INSERT INTO ORDER_ITEM (ID, ORDER_ID, PRODUCT_ID, QUANTITY)
VALUES (6369, 269, 20, 6);
INSERT INTO ORDER_ITEM (ID, ORDER_ID, PRODUCT_ID, QUANTITY)
VALUES (6370, 269, 47, 1);
INSERT INTO ORDER_ITEM (ID, ORDER_ID, PRODUCT_ID, QUANTITY)
VALUES (6371, 269, 57, 20);
INSERT INTO ORDER_ITEM (ID, ORDER_ID, PRODUCT_ID, QUANTITY)
VALUES (6372, 269, 42, 17);
INSERT INTO ORDER_ITEM (ID, ORDER_ID, PRODUCT_ID, QUANTITY)
VALUES (6373, 269, 18, 6);
INSERT INTO ORDER_ITEM (ID, ORDER_ID, PRODUCT_ID, QUANTITY)
VALUES (6374, 269, 35, 4);
INSERT INTO ORDER_ITEM (ID, ORDER_ID, PRODUCT_ID, QUANTITY)
VALUES (6375, 269, 17, 20);
INSERT INTO ORDER_ITEM (ID, ORDER_ID, PRODUCT_ID, QUANTITY)
VALUES (6376, 269, 29, 15);
INSERT INTO ORDER_ITEM (ID, ORDER_ID, PRODUCT_ID, QUANTITY)
VALUES (6377, 269, 31, 8);
INSERT INTO ORDER_ITEM (ID, ORDER_ID, PRODUCT_ID, QUANTITY)
VALUES (6378, 269, 40, 9);
INSERT INTO ORDER_ITEM (ID, ORDER_ID, PRODUCT_ID, QUANTITY)
VALUES (6379, 269, 46, 15);
INSERT INTO ORDER_ITEM (ID, ORDER_ID, PRODUCT_ID, QUANTITY)
VALUES (6380, 269, 54, 14);
INSERT INTO ORDER_ITEM (ID, ORDER_ID, PRODUCT_ID, QUANTITY)
VALUES (6381, 269, 16, 7);
INSERT INTO ORDER_ITEM (ID, ORDER_ID, PRODUCT_ID, QUANTITY)
VALUES (6382, 269, 22, 4);
INSERT INTO ORDER_ITEM (ID, ORDER_ID, PRODUCT_ID, QUANTITY)
VALUES (6383, 269, 14, 12);
INSERT INTO ORDER_ITEM (ID, ORDER_ID, PRODUCT_ID, QUANTITY)
VALUES (6384, 269, 15, 5);
INSERT INTO ORDER_ITEM (ID, ORDER_ID, PRODUCT_ID, QUANTITY)
VALUES (6385, 269, 50, 8);
INSERT INTO ORDER_ITEM (ID, ORDER_ID, PRODUCT_ID, QUANTITY)
VALUES (6386, 269, 26, 17);
INSERT INTO ORDER_ITEM (ID, ORDER_ID, PRODUCT_ID, QUANTITY)
VALUES (6387, 269, 32, 5);
INSERT INTO ORDER_ITEM (ID, ORDER_ID, PRODUCT_ID, QUANTITY)
VALUES (6388, 269, 11, 6);
INSERT INTO ORDER_ITEM (ID, ORDER_ID, PRODUCT_ID, QUANTITY)
VALUES (6389, 269, 53, 1);
INSERT INTO ORDER_ITEM (ID, ORDER_ID, PRODUCT_ID, QUANTITY)
VALUES (6390, 269, 38, 18);
-- ### ORDER 260
INSERT INTO PAYMENT_DETAIL(ID, AMOUNT, PROVIDER, PROVIDER_PAYMENT_UUID)
VALUES (270, 4422.0, 'ICARD', '588258417');
INSERT INTO ORDERS (ID, CUST_ID, PAYMENT_ID, STATUS, AMOUNT, CREATED_ON, UPDATED_ON)
VALUES (270, 777, 270, 'DELIVERED', 4422.0, LOCALTIMESTAMP, LOCALTIMESTAMP);
INSERT INTO ORDER_ITEM (ID, ORDER_ID, PRODUCT_ID, QUANTITY)
VALUES (6391, 270, 30, 18);
INSERT INTO ORDER_ITEM (ID, ORDER_ID, PRODUCT_ID, QUANTITY)
VALUES (6392, 270, 38, 7);
INSERT INTO ORDER_ITEM (ID, ORDER_ID, PRODUCT_ID, QUANTITY)
VALUES (6393, 270, 44, 10);
INSERT INTO ORDER_ITEM (ID, ORDER_ID, PRODUCT_ID, QUANTITY)
VALUES (6394, 270, 58, 0);
INSERT INTO ORDER_ITEM (ID, ORDER_ID, PRODUCT_ID, QUANTITY)
VALUES (6395, 270, 48, 14);
INSERT INTO ORDER_ITEM (ID, ORDER_ID, PRODUCT_ID, QUANTITY)
VALUES (6396, 270, 41, 1);
INSERT INTO ORDER_ITEM (ID, ORDER_ID, PRODUCT_ID, QUANTITY)
VALUES (6397, 270, 60, 6);
INSERT INTO ORDER_ITEM (ID, ORDER_ID, PRODUCT_ID, QUANTITY)
VALUES (6398, 270, 49, 16);
INSERT INTO ORDER_ITEM (ID, ORDER_ID, PRODUCT_ID, QUANTITY)
VALUES (6399, 270, 57, 4);
INSERT INTO ORDER_ITEM (ID, ORDER_ID, PRODUCT_ID, QUANTITY)
VALUES (6400, 270, 20, 2);
INSERT INTO ORDER_ITEM (ID, ORDER_ID, PRODUCT_ID, QUANTITY)
VALUES (6401, 270, 47, 19);
INSERT INTO ORDER_ITEM (ID, ORDER_ID, PRODUCT_ID, QUANTITY)
VALUES (6402, 270, 46, 15);
INSERT INTO ORDER_ITEM (ID, ORDER_ID, PRODUCT_ID, QUANTITY)
VALUES (6403, 270, 14, 8);
INSERT INTO ORDER_ITEM (ID, ORDER_ID, PRODUCT_ID, QUANTITY)
VALUES (6404, 270, 11, 0);
INSERT INTO ORDER_ITEM (ID, ORDER_ID, PRODUCT_ID, QUANTITY)
VALUES (6405, 270, 18, 12);
INSERT INTO ORDER_ITEM (ID, ORDER_ID, PRODUCT_ID, QUANTITY)
VALUES (6406, 270, 51, 6);
INSERT INTO ORDER_ITEM (ID, ORDER_ID, PRODUCT_ID, QUANTITY)
VALUES (6407, 270, 39, 12);
INSERT INTO ORDER_ITEM (ID, ORDER_ID, PRODUCT_ID, QUANTITY)
VALUES (6408, 270, 37, 10);
INSERT INTO ORDER_ITEM (ID, ORDER_ID, PRODUCT_ID, QUANTITY)
VALUES (6409, 270, 50, 11);
INSERT INTO ORDER_ITEM (ID, ORDER_ID, PRODUCT_ID, QUANTITY)
VALUES (6410, 270, 29, 3);
INSERT INTO ORDER_ITEM (ID, ORDER_ID, PRODUCT_ID, QUANTITY)
VALUES (6411, 270, 35, 20);
INSERT INTO ORDER_ITEM (ID, ORDER_ID, PRODUCT_ID, QUANTITY)
VALUES (6412, 270, 27, 14);
INSERT INTO ORDER_ITEM (ID, ORDER_ID, PRODUCT_ID, QUANTITY)
VALUES (6413, 270, 40, 17);
INSERT INTO ORDER_ITEM (ID, ORDER_ID, PRODUCT_ID, QUANTITY)
VALUES (6414, 270, 52, 1);
INSERT INTO ORDER_ITEM (ID, ORDER_ID, PRODUCT_ID, QUANTITY)
VALUES (6415, 270, 25, 2);
INSERT INTO ORDER_ITEM (ID, ORDER_ID, PRODUCT_ID, QUANTITY)
VALUES (6416, 270, 13, 19);
-- ### ORDER 261
INSERT INTO PAYMENT_DETAIL(ID, AMOUNT, PROVIDER, PROVIDER_PAYMENT_UUID)
VALUES (271, 1374.0, 'PAYPAL', '273111919');
INSERT INTO ORDERS (ID, CUST_ID, PAYMENT_ID, STATUS, AMOUNT, CREATED_ON, UPDATED_ON)
VALUES (271, 777, 271, 'DELIVERED', 1374.0, LOCALTIMESTAMP, LOCALTIMESTAMP);
INSERT INTO ORDER_ITEM (ID, ORDER_ID, PRODUCT_ID, QUANTITY)
VALUES (6417, 271, 28, 4);
INSERT INTO ORDER_ITEM (ID, ORDER_ID, PRODUCT_ID, QUANTITY)
VALUES (6418, 271, 12, 19);
INSERT INTO ORDER_ITEM (ID, ORDER_ID, PRODUCT_ID, QUANTITY)
VALUES (6419, 271, 11, 1);
INSERT INTO ORDER_ITEM (ID, ORDER_ID, PRODUCT_ID, QUANTITY)
VALUES (6420, 271, 34, 5);
INSERT INTO ORDER_ITEM (ID, ORDER_ID, PRODUCT_ID, QUANTITY)
VALUES (6421, 271, 19, 14);
INSERT INTO ORDER_ITEM (ID, ORDER_ID, PRODUCT_ID, QUANTITY)
VALUES (6422, 271, 30, 3);
INSERT INTO ORDER_ITEM (ID, ORDER_ID, PRODUCT_ID, QUANTITY)
VALUES (6423, 271, 58, 7);
INSERT INTO ORDER_ITEM (ID, ORDER_ID, PRODUCT_ID, QUANTITY)
VALUES (6424, 271, 22, 19);
INSERT INTO ORDER_ITEM (ID, ORDER_ID, PRODUCT_ID, QUANTITY)
VALUES (6425, 271, 42, 20);
INSERT INTO ORDER_ITEM (ID, ORDER_ID, PRODUCT_ID, QUANTITY)
VALUES (6426, 271, 43, 20);
INSERT INTO ORDER_ITEM (ID, ORDER_ID, PRODUCT_ID, QUANTITY)
VALUES (6427, 271, 57, 18);
INSERT INTO ORDER_ITEM (ID, ORDER_ID, PRODUCT_ID, QUANTITY)
VALUES (6428, 271, 25, 16);
INSERT INTO ORDER_ITEM (ID, ORDER_ID, PRODUCT_ID, QUANTITY)
VALUES (6429, 271, 40, 6);
INSERT INTO ORDER_ITEM (ID, ORDER_ID, PRODUCT_ID, QUANTITY)
VALUES (6430, 271, 23, 20);
INSERT INTO ORDER_ITEM (ID, ORDER_ID, PRODUCT_ID, QUANTITY)
VALUES (6431, 271, 47, 0);
INSERT INTO ORDER_ITEM (ID, ORDER_ID, PRODUCT_ID, QUANTITY)
VALUES (6432, 271, 24, 1);
INSERT INTO ORDER_ITEM (ID, ORDER_ID, PRODUCT_ID, QUANTITY)
VALUES (6433, 271, 27, 0);
INSERT INTO ORDER_ITEM (ID, ORDER_ID, PRODUCT_ID, QUANTITY)
VALUES (6434, 271, 56, 8);
INSERT INTO ORDER_ITEM (ID, ORDER_ID, PRODUCT_ID, QUANTITY)
VALUES (6435, 271, 21, 1);
INSERT INTO ORDER_ITEM (ID, ORDER_ID, PRODUCT_ID, QUANTITY)
VALUES (6436, 271, 39, 3);
INSERT INTO ORDER_ITEM (ID, ORDER_ID, PRODUCT_ID, QUANTITY)
VALUES (6437, 271, 31, 9);
INSERT INTO ORDER_ITEM (ID, ORDER_ID, PRODUCT_ID, QUANTITY)
VALUES (6438, 271, 16, 2);
INSERT INTO ORDER_ITEM (ID, ORDER_ID, PRODUCT_ID, QUANTITY)
VALUES (6439, 271, 53, 4);
INSERT INTO ORDER_ITEM (ID, ORDER_ID, PRODUCT_ID, QUANTITY)
VALUES (6440, 271, 33, 20);
INSERT INTO ORDER_ITEM (ID, ORDER_ID, PRODUCT_ID, QUANTITY)
VALUES (6441, 271, 50, 8);
INSERT INTO ORDER_ITEM (ID, ORDER_ID, PRODUCT_ID, QUANTITY)
VALUES (6442, 271, 51, 13);
INSERT INTO ORDER_ITEM (ID, ORDER_ID, PRODUCT_ID, QUANTITY)
VALUES (6443, 271, 14, 8);
INSERT INTO ORDER_ITEM (ID, ORDER_ID, PRODUCT_ID, QUANTITY)
VALUES (6444, 271, 48, 17);
INSERT INTO ORDER_ITEM (ID, ORDER_ID, PRODUCT_ID, QUANTITY)
VALUES (6445, 271, 32, 9);
INSERT INTO ORDER_ITEM (ID, ORDER_ID, PRODUCT_ID, QUANTITY)
VALUES (6446, 271, 54, 15);
INSERT INTO ORDER_ITEM (ID, ORDER_ID, PRODUCT_ID, QUANTITY)
VALUES (6447, 271, 45, 10);
INSERT INTO ORDER_ITEM (ID, ORDER_ID, PRODUCT_ID, QUANTITY)
VALUES (6448, 271, 29, 15);
INSERT INTO ORDER_ITEM (ID, ORDER_ID, PRODUCT_ID, QUANTITY)
VALUES (6449, 271, 17, 19);
-- ### ORDER 262
INSERT INTO PAYMENT_DETAIL(ID, AMOUNT, PROVIDER, PROVIDER_PAYMENT_UUID)
VALUES (272, 2856.0, 'VISA', '300731125');
INSERT INTO ORDERS (ID, CUST_ID, PAYMENT_ID, STATUS, AMOUNT, CREATED_ON, UPDATED_ON)
VALUES (272, 777, 272, 'DELIVERED', 2856.0, LOCALTIMESTAMP, LOCALTIMESTAMP);
INSERT INTO ORDER_ITEM (ID, ORDER_ID, PRODUCT_ID, QUANTITY)
VALUES (6450, 272, 15, 5);
INSERT INTO ORDER_ITEM (ID, ORDER_ID, PRODUCT_ID, QUANTITY)
VALUES (6451, 272, 27, 14);
-- ### ORDER 263
INSERT INTO PAYMENT_DETAIL(ID, AMOUNT, PROVIDER, PROVIDER_PAYMENT_UUID)
VALUES (273, 2721.0, 'VISA', '431872133');
INSERT INTO ORDERS (ID, CUST_ID, PAYMENT_ID, STATUS, AMOUNT, CREATED_ON, UPDATED_ON)
VALUES (273, 777, 273, 'DELIVERED', 2721.0, LOCALTIMESTAMP, LOCALTIMESTAMP);
INSERT INTO ORDER_ITEM (ID, ORDER_ID, PRODUCT_ID, QUANTITY)
VALUES (6452, 273, 42, 13);
INSERT INTO ORDER_ITEM (ID, ORDER_ID, PRODUCT_ID, QUANTITY)
VALUES (6453, 273, 60, 13);
INSERT INTO ORDER_ITEM (ID, ORDER_ID, PRODUCT_ID, QUANTITY)
VALUES (6454, 273, 12, 12);
INSERT INTO ORDER_ITEM (ID, ORDER_ID, PRODUCT_ID, QUANTITY)
VALUES (6455, 273, 37, 7);
INSERT INTO ORDER_ITEM (ID, ORDER_ID, PRODUCT_ID, QUANTITY)
VALUES (6456, 273, 40, 17);
INSERT INTO ORDER_ITEM (ID, ORDER_ID, PRODUCT_ID, QUANTITY)
VALUES (6457, 273, 24, 15);
INSERT INTO ORDER_ITEM (ID, ORDER_ID, PRODUCT_ID, QUANTITY)
VALUES (6458, 273, 47, 7);
INSERT INTO ORDER_ITEM (ID, ORDER_ID, PRODUCT_ID, QUANTITY)
VALUES (6459, 273, 56, 11);
INSERT INTO ORDER_ITEM (ID, ORDER_ID, PRODUCT_ID, QUANTITY)
VALUES (6460, 273, 44, 2);
INSERT INTO ORDER_ITEM (ID, ORDER_ID, PRODUCT_ID, QUANTITY)
VALUES (6461, 273, 59, 4);
INSERT INTO ORDER_ITEM (ID, ORDER_ID, PRODUCT_ID, QUANTITY)
VALUES (6462, 273, 23, 20);
INSERT INTO ORDER_ITEM (ID, ORDER_ID, PRODUCT_ID, QUANTITY)
VALUES (6463, 273, 20, 1);
INSERT INTO ORDER_ITEM (ID, ORDER_ID, PRODUCT_ID, QUANTITY)
VALUES (6464, 273, 55, 7);
INSERT INTO ORDER_ITEM (ID, ORDER_ID, PRODUCT_ID, QUANTITY)
VALUES (6465, 273, 34, 17);
INSERT INTO ORDER_ITEM (ID, ORDER_ID, PRODUCT_ID, QUANTITY)
VALUES (6466, 273, 48, 8);
INSERT INTO ORDER_ITEM (ID, ORDER_ID, PRODUCT_ID, QUANTITY)
VALUES (6467, 273, 26, 7);
INSERT INTO ORDER_ITEM (ID, ORDER_ID, PRODUCT_ID, QUANTITY)
VALUES (6468, 273, 41, 2);
INSERT INTO ORDER_ITEM (ID, ORDER_ID, PRODUCT_ID, QUANTITY)
VALUES (6469, 273, 46, 1);
INSERT INTO ORDER_ITEM (ID, ORDER_ID, PRODUCT_ID, QUANTITY)
VALUES (6470, 273, 27, 2);
INSERT INTO ORDER_ITEM (ID, ORDER_ID, PRODUCT_ID, QUANTITY)
VALUES (6471, 273, 36, 8);
INSERT INTO ORDER_ITEM (ID, ORDER_ID, PRODUCT_ID, QUANTITY)
VALUES (6472, 273, 38, 18);
INSERT INTO ORDER_ITEM (ID, ORDER_ID, PRODUCT_ID, QUANTITY)
VALUES (6473, 273, 39, 14);
INSERT INTO ORDER_ITEM (ID, ORDER_ID, PRODUCT_ID, QUANTITY)
VALUES (6474, 273, 28, 6);
INSERT INTO ORDER_ITEM (ID, ORDER_ID, PRODUCT_ID, QUANTITY)
VALUES (6475, 273, 32, 4);
INSERT INTO ORDER_ITEM (ID, ORDER_ID, PRODUCT_ID, QUANTITY)
VALUES (6476, 273, 45, 6);
INSERT INTO ORDER_ITEM (ID, ORDER_ID, PRODUCT_ID, QUANTITY)
VALUES (6477, 273, 30, 18);
INSERT INTO ORDER_ITEM (ID, ORDER_ID, PRODUCT_ID, QUANTITY)
VALUES (6478, 273, 58, 2);
INSERT INTO ORDER_ITEM (ID, ORDER_ID, PRODUCT_ID, QUANTITY)
VALUES (6479, 273, 13, 15);
INSERT INTO ORDER_ITEM (ID, ORDER_ID, PRODUCT_ID, QUANTITY)
VALUES (6480, 273, 15, 20);
INSERT INTO ORDER_ITEM (ID, ORDER_ID, PRODUCT_ID, QUANTITY)
VALUES (6481, 273, 11, 5);
INSERT INTO ORDER_ITEM (ID, ORDER_ID, PRODUCT_ID, QUANTITY)
VALUES (6482, 273, 35, 10);
INSERT INTO ORDER_ITEM (ID, ORDER_ID, PRODUCT_ID, QUANTITY)
VALUES (6483, 273, 50, 8);
INSERT INTO ORDER_ITEM (ID, ORDER_ID, PRODUCT_ID, QUANTITY)
VALUES (6484, 273, 43, 14);
INSERT INTO ORDER_ITEM (ID, ORDER_ID, PRODUCT_ID, QUANTITY)
VALUES (6485, 273, 19, 17);
INSERT INTO ORDER_ITEM (ID, ORDER_ID, PRODUCT_ID, QUANTITY)
VALUES (6486, 273, 14, 1);
INSERT INTO ORDER_ITEM (ID, ORDER_ID, PRODUCT_ID, QUANTITY)
VALUES (6487, 273, 16, 9);
INSERT INTO ORDER_ITEM (ID, ORDER_ID, PRODUCT_ID, QUANTITY)
VALUES (6488, 273, 33, 1);
INSERT INTO ORDER_ITEM (ID, ORDER_ID, PRODUCT_ID, QUANTITY)
VALUES (6489, 273, 22, 0);
INSERT INTO ORDER_ITEM (ID, ORDER_ID, PRODUCT_ID, QUANTITY)
VALUES (6490, 273, 18, 18);
-- ### ORDER 264
INSERT INTO PAYMENT_DETAIL(ID, AMOUNT, PROVIDER, PROVIDER_PAYMENT_UUID)
VALUES (274, 4337.0, 'PAYPAL', '696744680');
INSERT INTO ORDERS (ID, CUST_ID, PAYMENT_ID, STATUS, AMOUNT, CREATED_ON, UPDATED_ON)
VALUES (274, 777, 274, 'DELIVERED', 4337.0, LOCALTIMESTAMP, LOCALTIMESTAMP);
INSERT INTO ORDER_ITEM (ID, ORDER_ID, PRODUCT_ID, QUANTITY)
VALUES (6491, 274, 47, 7);
INSERT INTO ORDER_ITEM (ID, ORDER_ID, PRODUCT_ID, QUANTITY)
VALUES (6492, 274, 27, 4);
INSERT INTO ORDER_ITEM (ID, ORDER_ID, PRODUCT_ID, QUANTITY)
VALUES (6493, 274, 18, 10);
INSERT INTO ORDER_ITEM (ID, ORDER_ID, PRODUCT_ID, QUANTITY)
VALUES (6494, 274, 26, 15);
INSERT INTO ORDER_ITEM (ID, ORDER_ID, PRODUCT_ID, QUANTITY)
VALUES (6495, 274, 25, 10);
INSERT INTO ORDER_ITEM (ID, ORDER_ID, PRODUCT_ID, QUANTITY)
VALUES (6496, 274, 60, 2);
INSERT INTO ORDER_ITEM (ID, ORDER_ID, PRODUCT_ID, QUANTITY)
VALUES (6497, 274, 42, 18);
INSERT INTO ORDER_ITEM (ID, ORDER_ID, PRODUCT_ID, QUANTITY)
VALUES (6498, 274, 16, 4);
INSERT INTO ORDER_ITEM (ID, ORDER_ID, PRODUCT_ID, QUANTITY)
VALUES (6499, 274, 52, 8);
INSERT INTO ORDER_ITEM (ID, ORDER_ID, PRODUCT_ID, QUANTITY)
VALUES (6500, 274, 53, 2);
INSERT INTO ORDER_ITEM (ID, ORDER_ID, PRODUCT_ID, QUANTITY)
VALUES (6501, 274, 39, 6);
INSERT INTO ORDER_ITEM (ID, ORDER_ID, PRODUCT_ID, QUANTITY)
VALUES (6502, 274, 17, 10);
INSERT INTO ORDER_ITEM (ID, ORDER_ID, PRODUCT_ID, QUANTITY)
VALUES (6503, 274, 31, 0);
INSERT INTO ORDER_ITEM (ID, ORDER_ID, PRODUCT_ID, QUANTITY)
VALUES (6504, 274, 44, 13);
INSERT INTO ORDER_ITEM (ID, ORDER_ID, PRODUCT_ID, QUANTITY)
VALUES (6505, 274, 57, 7);
INSERT INTO ORDER_ITEM (ID, ORDER_ID, PRODUCT_ID, QUANTITY)
VALUES (6506, 274, 33, 11);
INSERT INTO ORDER_ITEM (ID, ORDER_ID, PRODUCT_ID, QUANTITY)
VALUES (6507, 274, 51, 1);
INSERT INTO ORDER_ITEM (ID, ORDER_ID, PRODUCT_ID, QUANTITY)
VALUES (6508, 274, 20, 8);
-- ### ORDER 265
INSERT INTO PAYMENT_DETAIL(ID, AMOUNT, PROVIDER, PROVIDER_PAYMENT_UUID)
VALUES (275, 2496.0, 'CRYPTO', '813739314');
INSERT INTO ORDERS (ID, CUST_ID, PAYMENT_ID, STATUS, AMOUNT, CREATED_ON, UPDATED_ON)
VALUES (275, 777, 275, 'DELIVERED', 2496.0, LOCALTIMESTAMP, LOCALTIMESTAMP);
INSERT INTO ORDER_ITEM (ID, ORDER_ID, PRODUCT_ID, QUANTITY)
VALUES (6509, 275, 35, 17);
INSERT INTO ORDER_ITEM (ID, ORDER_ID, PRODUCT_ID, QUANTITY)
VALUES (6510, 275, 13, 16);
INSERT INTO ORDER_ITEM (ID, ORDER_ID, PRODUCT_ID, QUANTITY)
VALUES (6511, 275, 21, 13);
INSERT INTO ORDER_ITEM (ID, ORDER_ID, PRODUCT_ID, QUANTITY)
VALUES (6512, 275, 29, 8);
INSERT INTO ORDER_ITEM (ID, ORDER_ID, PRODUCT_ID, QUANTITY)
VALUES (6513, 275, 40, 0);
INSERT INTO ORDER_ITEM (ID, ORDER_ID, PRODUCT_ID, QUANTITY)
VALUES (6514, 275, 51, 20);
INSERT INTO ORDER_ITEM (ID, ORDER_ID, PRODUCT_ID, QUANTITY)
VALUES (6515, 275, 27, 2);
INSERT INTO ORDER_ITEM (ID, ORDER_ID, PRODUCT_ID, QUANTITY)
VALUES (6516, 275, 59, 0);
INSERT INTO ORDER_ITEM (ID, ORDER_ID, PRODUCT_ID, QUANTITY)
VALUES (6517, 275, 15, 20);
INSERT INTO ORDER_ITEM (ID, ORDER_ID, PRODUCT_ID, QUANTITY)
VALUES (6518, 275, 58, 20);
INSERT INTO ORDER_ITEM (ID, ORDER_ID, PRODUCT_ID, QUANTITY)
VALUES (6519, 275, 53, 5);
INSERT INTO ORDER_ITEM (ID, ORDER_ID, PRODUCT_ID, QUANTITY)
VALUES (6520, 275, 52, 9);
INSERT INTO ORDER_ITEM (ID, ORDER_ID, PRODUCT_ID, QUANTITY)
VALUES (6521, 275, 32, 4);
INSERT INTO ORDER_ITEM (ID, ORDER_ID, PRODUCT_ID, QUANTITY)
VALUES (6522, 275, 28, 3);
INSERT INTO ORDER_ITEM (ID, ORDER_ID, PRODUCT_ID, QUANTITY)
VALUES (6523, 275, 20, 8);
INSERT INTO ORDER_ITEM (ID, ORDER_ID, PRODUCT_ID, QUANTITY)
VALUES (6524, 275, 30, 2);
INSERT INTO ORDER_ITEM (ID, ORDER_ID, PRODUCT_ID, QUANTITY)
VALUES (6525, 275, 54, 4);
INSERT INTO ORDER_ITEM (ID, ORDER_ID, PRODUCT_ID, QUANTITY)
VALUES (6526, 275, 41, 18);
INSERT INTO ORDER_ITEM (ID, ORDER_ID, PRODUCT_ID, QUANTITY)
VALUES (6527, 275, 26, 19);
INSERT INTO ORDER_ITEM (ID, ORDER_ID, PRODUCT_ID, QUANTITY)
VALUES (6528, 275, 56, 16);
INSERT INTO ORDER_ITEM (ID, ORDER_ID, PRODUCT_ID, QUANTITY)
VALUES (6529, 275, 48, 15);
INSERT INTO ORDER_ITEM (ID, ORDER_ID, PRODUCT_ID, QUANTITY)
VALUES (6530, 275, 39, 12);
INSERT INTO ORDER_ITEM (ID, ORDER_ID, PRODUCT_ID, QUANTITY)
VALUES (6531, 275, 37, 6);
INSERT INTO ORDER_ITEM (ID, ORDER_ID, PRODUCT_ID, QUANTITY)
VALUES (6532, 275, 22, 1);
INSERT INTO ORDER_ITEM (ID, ORDER_ID, PRODUCT_ID, QUANTITY)
VALUES (6533, 275, 49, 17);
INSERT INTO ORDER_ITEM (ID, ORDER_ID, PRODUCT_ID, QUANTITY)
VALUES (6534, 275, 42, 2);
INSERT INTO ORDER_ITEM (ID, ORDER_ID, PRODUCT_ID, QUANTITY)
VALUES (6535, 275, 11, 2);
INSERT INTO ORDER_ITEM (ID, ORDER_ID, PRODUCT_ID, QUANTITY)
VALUES (6536, 275, 38, 13);
INSERT INTO ORDER_ITEM (ID, ORDER_ID, PRODUCT_ID, QUANTITY)
VALUES (6537, 275, 25, 1);
INSERT INTO ORDER_ITEM (ID, ORDER_ID, PRODUCT_ID, QUANTITY)
VALUES (6538, 275, 23, 17);
INSERT INTO ORDER_ITEM (ID, ORDER_ID, PRODUCT_ID, QUANTITY)
VALUES (6539, 275, 19, 12);
INSERT INTO ORDER_ITEM (ID, ORDER_ID, PRODUCT_ID, QUANTITY)
VALUES (6540, 275, 14, 3);
INSERT INTO ORDER_ITEM (ID, ORDER_ID, PRODUCT_ID, QUANTITY)
VALUES (6541, 275, 24, 7);
INSERT INTO ORDER_ITEM (ID, ORDER_ID, PRODUCT_ID, QUANTITY)
VALUES (6542, 275, 44, 8);
INSERT INTO ORDER_ITEM (ID, ORDER_ID, PRODUCT_ID, QUANTITY)
VALUES (6543, 275, 46, 20);
INSERT INTO ORDER_ITEM (ID, ORDER_ID, PRODUCT_ID, QUANTITY)
VALUES (6544, 275, 47, 7);
INSERT INTO ORDER_ITEM (ID, ORDER_ID, PRODUCT_ID, QUANTITY)
VALUES (6545, 275, 17, 8);
INSERT INTO ORDER_ITEM (ID, ORDER_ID, PRODUCT_ID, QUANTITY)
VALUES (6546, 275, 18, 6);
INSERT INTO ORDER_ITEM (ID, ORDER_ID, PRODUCT_ID, QUANTITY)
VALUES (6547, 275, 34, 9);
INSERT INTO ORDER_ITEM (ID, ORDER_ID, PRODUCT_ID, QUANTITY)
VALUES (6548, 275, 31, 8);
INSERT INTO ORDER_ITEM (ID, ORDER_ID, PRODUCT_ID, QUANTITY)
VALUES (6549, 275, 55, 20);
INSERT INTO ORDER_ITEM (ID, ORDER_ID, PRODUCT_ID, QUANTITY)
VALUES (6550, 275, 43, 6);
-- ### ORDER 266
INSERT INTO PAYMENT_DETAIL(ID, AMOUNT, PROVIDER, PROVIDER_PAYMENT_UUID)
VALUES (276, 2543.0, 'PAYPAL', '535225566');
INSERT INTO ORDERS (ID, CUST_ID, PAYMENT_ID, STATUS, AMOUNT, CREATED_ON, UPDATED_ON)
VALUES (276, 777, 276, 'DELIVERED', 2543.0, LOCALTIMESTAMP, LOCALTIMESTAMP);
INSERT INTO ORDER_ITEM (ID, ORDER_ID, PRODUCT_ID, QUANTITY)
VALUES (6551, 276, 29, 16);
INSERT INTO ORDER_ITEM (ID, ORDER_ID, PRODUCT_ID, QUANTITY)
VALUES (6552, 276, 37, 5);
INSERT INTO ORDER_ITEM (ID, ORDER_ID, PRODUCT_ID, QUANTITY)
VALUES (6553, 276, 51, 10);
INSERT INTO ORDER_ITEM (ID, ORDER_ID, PRODUCT_ID, QUANTITY)
VALUES (6554, 276, 56, 12);
INSERT INTO ORDER_ITEM (ID, ORDER_ID, PRODUCT_ID, QUANTITY)
VALUES (6555, 276, 25, 16);
INSERT INTO ORDER_ITEM (ID, ORDER_ID, PRODUCT_ID, QUANTITY)
VALUES (6556, 276, 23, 10);
INSERT INTO ORDER_ITEM (ID, ORDER_ID, PRODUCT_ID, QUANTITY)
VALUES (6557, 276, 49, 7);
-- ### ORDER 267
INSERT INTO PAYMENT_DETAIL(ID, AMOUNT, PROVIDER, PROVIDER_PAYMENT_UUID)
VALUES (277, 4217.0, 'CRYPTO', '961903539');
INSERT INTO ORDERS (ID, CUST_ID, PAYMENT_ID, STATUS, AMOUNT, CREATED_ON, UPDATED_ON)
VALUES (277, 777, 277, 'DELIVERED', 4217.0, LOCALTIMESTAMP, LOCALTIMESTAMP);
INSERT INTO ORDER_ITEM (ID, ORDER_ID, PRODUCT_ID, QUANTITY)
VALUES (6558, 277, 23, 11);
INSERT INTO ORDER_ITEM (ID, ORDER_ID, PRODUCT_ID, QUANTITY)
VALUES (6559, 277, 41, 1);
INSERT INTO ORDER_ITEM (ID, ORDER_ID, PRODUCT_ID, QUANTITY)
VALUES (6560, 277, 52, 3);
INSERT INTO ORDER_ITEM (ID, ORDER_ID, PRODUCT_ID, QUANTITY)
VALUES (6561, 277, 45, 2);
INSERT INTO ORDER_ITEM (ID, ORDER_ID, PRODUCT_ID, QUANTITY)
VALUES (6562, 277, 57, 14);
INSERT INTO ORDER_ITEM (ID, ORDER_ID, PRODUCT_ID, QUANTITY)
VALUES (6563, 277, 20, 16);
INSERT INTO ORDER_ITEM (ID, ORDER_ID, PRODUCT_ID, QUANTITY)
VALUES (6564, 277, 12, 10);
INSERT INTO ORDER_ITEM (ID, ORDER_ID, PRODUCT_ID, QUANTITY)
VALUES (6565, 277, 17, 0);
INSERT INTO ORDER_ITEM (ID, ORDER_ID, PRODUCT_ID, QUANTITY)
VALUES (6566, 277, 36, 20);
INSERT INTO ORDER_ITEM (ID, ORDER_ID, PRODUCT_ID, QUANTITY)
VALUES (6567, 277, 56, 8);
INSERT INTO ORDER_ITEM (ID, ORDER_ID, PRODUCT_ID, QUANTITY)
VALUES (6568, 277, 19, 8);
INSERT INTO ORDER_ITEM (ID, ORDER_ID, PRODUCT_ID, QUANTITY)
VALUES (6569, 277, 11, 12);
INSERT INTO ORDER_ITEM (ID, ORDER_ID, PRODUCT_ID, QUANTITY)
VALUES (6570, 277, 32, 13);
INSERT INTO ORDER_ITEM (ID, ORDER_ID, PRODUCT_ID, QUANTITY)
VALUES (6571, 277, 22, 20);
INSERT INTO ORDER_ITEM (ID, ORDER_ID, PRODUCT_ID, QUANTITY)
VALUES (6572, 277, 18, 13);
INSERT INTO ORDER_ITEM (ID, ORDER_ID, PRODUCT_ID, QUANTITY)
VALUES (6573, 277, 27, 12);
INSERT INTO ORDER_ITEM (ID, ORDER_ID, PRODUCT_ID, QUANTITY)
VALUES (6574, 277, 49, 8);
INSERT INTO ORDER_ITEM (ID, ORDER_ID, PRODUCT_ID, QUANTITY)
VALUES (6575, 277, 43, 0);
INSERT INTO ORDER_ITEM (ID, ORDER_ID, PRODUCT_ID, QUANTITY)
VALUES (6576, 277, 14, 7);
INSERT INTO ORDER_ITEM (ID, ORDER_ID, PRODUCT_ID, QUANTITY)
VALUES (6577, 277, 25, 15);
INSERT INTO ORDER_ITEM (ID, ORDER_ID, PRODUCT_ID, QUANTITY)
VALUES (6578, 277, 50, 15);
INSERT INTO ORDER_ITEM (ID, ORDER_ID, PRODUCT_ID, QUANTITY)
VALUES (6579, 277, 58, 3);
INSERT INTO ORDER_ITEM (ID, ORDER_ID, PRODUCT_ID, QUANTITY)
VALUES (6580, 277, 24, 2);
INSERT INTO ORDER_ITEM (ID, ORDER_ID, PRODUCT_ID, QUANTITY)
VALUES (6581, 277, 39, 2);
INSERT INTO ORDER_ITEM (ID, ORDER_ID, PRODUCT_ID, QUANTITY)
VALUES (6582, 277, 21, 17);
INSERT INTO ORDER_ITEM (ID, ORDER_ID, PRODUCT_ID, QUANTITY)
VALUES (6583, 277, 37, 19);
INSERT INTO ORDER_ITEM (ID, ORDER_ID, PRODUCT_ID, QUANTITY)
VALUES (6584, 277, 31, 0);
INSERT INTO ORDER_ITEM (ID, ORDER_ID, PRODUCT_ID, QUANTITY)
VALUES (6585, 277, 47, 18);
INSERT INTO ORDER_ITEM (ID, ORDER_ID, PRODUCT_ID, QUANTITY)
VALUES (6586, 277, 53, 4);
INSERT INTO ORDER_ITEM (ID, ORDER_ID, PRODUCT_ID, QUANTITY)
VALUES (6587, 277, 26, 11);
INSERT INTO ORDER_ITEM (ID, ORDER_ID, PRODUCT_ID, QUANTITY)
VALUES (6588, 277, 51, 7);
INSERT INTO ORDER_ITEM (ID, ORDER_ID, PRODUCT_ID, QUANTITY)
VALUES (6589, 277, 34, 0);
INSERT INTO ORDER_ITEM (ID, ORDER_ID, PRODUCT_ID, QUANTITY)
VALUES (6590, 277, 30, 8);
-- ### ORDER 268
INSERT INTO PAYMENT_DETAIL(ID, AMOUNT, PROVIDER, PROVIDER_PAYMENT_UUID)
VALUES (278, 869.0, 'PAYPAL', '595463307');
INSERT INTO ORDERS (ID, CUST_ID, PAYMENT_ID, STATUS, AMOUNT, CREATED_ON, UPDATED_ON)
VALUES (278, 777, 278, 'DELIVERED', 869.0, LOCALTIMESTAMP, LOCALTIMESTAMP);
INSERT INTO ORDER_ITEM (ID, ORDER_ID, PRODUCT_ID, QUANTITY)
VALUES (6591, 278, 31, 17);
INSERT INTO ORDER_ITEM (ID, ORDER_ID, PRODUCT_ID, QUANTITY)
VALUES (6592, 278, 50, 17);
INSERT INTO ORDER_ITEM (ID, ORDER_ID, PRODUCT_ID, QUANTITY)
VALUES (6593, 278, 24, 10);
INSERT INTO ORDER_ITEM (ID, ORDER_ID, PRODUCT_ID, QUANTITY)
VALUES (6594, 278, 25, 14);
-- ### ORDER 269
INSERT INTO PAYMENT_DETAIL(ID, AMOUNT, PROVIDER, PROVIDER_PAYMENT_UUID)
VALUES (279, 1689.0, 'ICARD', '603190841');
INSERT INTO ORDERS (ID, CUST_ID, PAYMENT_ID, STATUS, AMOUNT, CREATED_ON, UPDATED_ON)
VALUES (279, 777, 279, 'DELIVERED', 1689.0, LOCALTIMESTAMP, LOCALTIMESTAMP);
INSERT INTO ORDER_ITEM (ID, ORDER_ID, PRODUCT_ID, QUANTITY)
VALUES (6595, 279, 35, 17);
INSERT INTO ORDER_ITEM (ID, ORDER_ID, PRODUCT_ID, QUANTITY)
VALUES (6596, 279, 14, 4);
INSERT INTO ORDER_ITEM (ID, ORDER_ID, PRODUCT_ID, QUANTITY)
VALUES (6597, 279, 48, 6);
INSERT INTO ORDER_ITEM (ID, ORDER_ID, PRODUCT_ID, QUANTITY)
VALUES (6598, 279, 41, 8);
INSERT INTO ORDER_ITEM (ID, ORDER_ID, PRODUCT_ID, QUANTITY)
VALUES (6599, 279, 57, 4);
INSERT INTO ORDER_ITEM (ID, ORDER_ID, PRODUCT_ID, QUANTITY)
VALUES (6600, 279, 42, 7);
INSERT INTO ORDER_ITEM (ID, ORDER_ID, PRODUCT_ID, QUANTITY)
VALUES (6601, 279, 16, 4);
INSERT INTO ORDER_ITEM (ID, ORDER_ID, PRODUCT_ID, QUANTITY)
VALUES (6602, 279, 60, 15);
INSERT INTO ORDER_ITEM (ID, ORDER_ID, PRODUCT_ID, QUANTITY)
VALUES (6603, 279, 56, 4);
INSERT INTO ORDER_ITEM (ID, ORDER_ID, PRODUCT_ID, QUANTITY)
VALUES (6604, 279, 27, 17);
INSERT INTO ORDER_ITEM (ID, ORDER_ID, PRODUCT_ID, QUANTITY)
VALUES (6605, 279, 26, 5);
INSERT INTO ORDER_ITEM (ID, ORDER_ID, PRODUCT_ID, QUANTITY)
VALUES (6606, 279, 22, 9);
INSERT INTO ORDER_ITEM (ID, ORDER_ID, PRODUCT_ID, QUANTITY)
VALUES (6607, 279, 24, 14);
INSERT INTO ORDER_ITEM (ID, ORDER_ID, PRODUCT_ID, QUANTITY)
VALUES (6608, 279, 59, 5);
-- ### ORDER 270
INSERT INTO PAYMENT_DETAIL(ID, AMOUNT, PROVIDER, PROVIDER_PAYMENT_UUID)
VALUES (280, 4.0, 'VISA', '232823462');
INSERT INTO ORDERS (ID, CUST_ID, PAYMENT_ID, STATUS, AMOUNT, CREATED_ON, UPDATED_ON)
VALUES (280, 777, 280, 'DELIVERED', 4.0, LOCALTIMESTAMP, LOCALTIMESTAMP);
INSERT INTO ORDER_ITEM (ID, ORDER_ID, PRODUCT_ID, QUANTITY)
VALUES (6609, 280, 41, 14);
INSERT INTO ORDER_ITEM (ID, ORDER_ID, PRODUCT_ID, QUANTITY)
VALUES (6610, 280, 36, 6);
INSERT INTO ORDER_ITEM (ID, ORDER_ID, PRODUCT_ID, QUANTITY)
VALUES (6611, 280, 47, 7);
INSERT INTO ORDER_ITEM (ID, ORDER_ID, PRODUCT_ID, QUANTITY)
VALUES (6612, 280, 57, 14);
INSERT INTO ORDER_ITEM (ID, ORDER_ID, PRODUCT_ID, QUANTITY)
VALUES (6613, 280, 25, 8);
INSERT INTO ORDER_ITEM (ID, ORDER_ID, PRODUCT_ID, QUANTITY)
VALUES (6614, 280, 38, 11);
INSERT INTO ORDER_ITEM (ID, ORDER_ID, PRODUCT_ID, QUANTITY)
VALUES (6615, 280, 42, 2);
INSERT INTO ORDER_ITEM (ID, ORDER_ID, PRODUCT_ID, QUANTITY)
VALUES (6616, 280, 35, 8);
INSERT INTO ORDER_ITEM (ID, ORDER_ID, PRODUCT_ID, QUANTITY)
VALUES (6617, 280, 59, 18);
INSERT INTO ORDER_ITEM (ID, ORDER_ID, PRODUCT_ID, QUANTITY)
VALUES (6618, 280, 22, 1);
INSERT INTO ORDER_ITEM (ID, ORDER_ID, PRODUCT_ID, QUANTITY)
VALUES (6619, 280, 52, 9);
INSERT INTO ORDER_ITEM (ID, ORDER_ID, PRODUCT_ID, QUANTITY)
VALUES (6620, 280, 11, 11);
INSERT INTO ORDER_ITEM (ID, ORDER_ID, PRODUCT_ID, QUANTITY)
VALUES (6621, 280, 28, 7);
INSERT INTO ORDER_ITEM (ID, ORDER_ID, PRODUCT_ID, QUANTITY)
VALUES (6622, 280, 50, 11);
INSERT INTO ORDER_ITEM (ID, ORDER_ID, PRODUCT_ID, QUANTITY)
VALUES (6623, 280, 12, 16);
INSERT INTO ORDER_ITEM (ID, ORDER_ID, PRODUCT_ID, QUANTITY)
VALUES (6624, 280, 49, 16);
INSERT INTO ORDER_ITEM (ID, ORDER_ID, PRODUCT_ID, QUANTITY)
VALUES (6625, 280, 56, 13);
INSERT INTO ORDER_ITEM (ID, ORDER_ID, PRODUCT_ID, QUANTITY)
VALUES (6626, 280, 30, 10);
INSERT INTO ORDER_ITEM (ID, ORDER_ID, PRODUCT_ID, QUANTITY)
VALUES (6627, 280, 23, 12);
INSERT INTO ORDER_ITEM (ID, ORDER_ID, PRODUCT_ID, QUANTITY)
VALUES (6628, 280, 27, 16);
INSERT INTO ORDER_ITEM (ID, ORDER_ID, PRODUCT_ID, QUANTITY)
VALUES (6629, 280, 46, 14);
INSERT INTO ORDER_ITEM (ID, ORDER_ID, PRODUCT_ID, QUANTITY)
VALUES (6630, 280, 16, 17);
INSERT INTO ORDER_ITEM (ID, ORDER_ID, PRODUCT_ID, QUANTITY)
VALUES (6631, 280, 34, 8);
INSERT INTO ORDER_ITEM (ID, ORDER_ID, PRODUCT_ID, QUANTITY)
VALUES (6632, 280, 32, 15);
INSERT INTO ORDER_ITEM (ID, ORDER_ID, PRODUCT_ID, QUANTITY)
VALUES (6633, 280, 31, 3);
INSERT INTO ORDER_ITEM (ID, ORDER_ID, PRODUCT_ID, QUANTITY)
VALUES (6634, 280, 21, 14);
INSERT INTO ORDER_ITEM (ID, ORDER_ID, PRODUCT_ID, QUANTITY)
VALUES (6635, 280, 37, 17);
INSERT INTO ORDER_ITEM (ID, ORDER_ID, PRODUCT_ID, QUANTITY)
VALUES (6636, 280, 24, 13);
INSERT INTO ORDER_ITEM (ID, ORDER_ID, PRODUCT_ID, QUANTITY)
VALUES (6637, 280, 26, 2);
INSERT INTO ORDER_ITEM (ID, ORDER_ID, PRODUCT_ID, QUANTITY)
VALUES (6638, 280, 18, 13);
INSERT INTO ORDER_ITEM (ID, ORDER_ID, PRODUCT_ID, QUANTITY)
VALUES (6639, 280, 58, 1);
-- ### ORDER 271
INSERT INTO PAYMENT_DETAIL(ID, AMOUNT, PROVIDER, PROVIDER_PAYMENT_UUID)
VALUES (281, 4099.0, 'ICARD', '830745046');
INSERT INTO ORDERS (ID, CUST_ID, PAYMENT_ID, STATUS, AMOUNT, CREATED_ON, UPDATED_ON)
VALUES (281, 777, 281, 'DELIVERED', 4099.0, LOCALTIMESTAMP, LOCALTIMESTAMP);
INSERT INTO ORDER_ITEM (ID, ORDER_ID, PRODUCT_ID, QUANTITY)
VALUES (6640, 281, 25, 1);
INSERT INTO ORDER_ITEM (ID, ORDER_ID, PRODUCT_ID, QUANTITY)
VALUES (6641, 281, 20, 11);
INSERT INTO ORDER_ITEM (ID, ORDER_ID, PRODUCT_ID, QUANTITY)
VALUES (6642, 281, 40, 18);
INSERT INTO ORDER_ITEM (ID, ORDER_ID, PRODUCT_ID, QUANTITY)
VALUES (6643, 281, 23, 16);
INSERT INTO ORDER_ITEM (ID, ORDER_ID, PRODUCT_ID, QUANTITY)
VALUES (6644, 281, 44, 1);
INSERT INTO ORDER_ITEM (ID, ORDER_ID, PRODUCT_ID, QUANTITY)
VALUES (6645, 281, 38, 12);
INSERT INTO ORDER_ITEM (ID, ORDER_ID, PRODUCT_ID, QUANTITY)
VALUES (6646, 281, 17, 12);
INSERT INTO ORDER_ITEM (ID, ORDER_ID, PRODUCT_ID, QUANTITY)
VALUES (6647, 281, 59, 8);
INSERT INTO ORDER_ITEM (ID, ORDER_ID, PRODUCT_ID, QUANTITY)
VALUES (6648, 281, 45, 15);
INSERT INTO ORDER_ITEM (ID, ORDER_ID, PRODUCT_ID, QUANTITY)
VALUES (6649, 281, 18, 15);
INSERT INTO ORDER_ITEM (ID, ORDER_ID, PRODUCT_ID, QUANTITY)
VALUES (6650, 281, 42, 10);
INSERT INTO ORDER_ITEM (ID, ORDER_ID, PRODUCT_ID, QUANTITY)
VALUES (6651, 281, 56, 3);
INSERT INTO ORDER_ITEM (ID, ORDER_ID, PRODUCT_ID, QUANTITY)
VALUES (6652, 281, 52, 9);
INSERT INTO ORDER_ITEM (ID, ORDER_ID, PRODUCT_ID, QUANTITY)
VALUES (6653, 281, 15, 16);
INSERT INTO ORDER_ITEM (ID, ORDER_ID, PRODUCT_ID, QUANTITY)
VALUES (6654, 281, 27, 0);
INSERT INTO ORDER_ITEM (ID, ORDER_ID, PRODUCT_ID, QUANTITY)
VALUES (6655, 281, 28, 9);
INSERT INTO ORDER_ITEM (ID, ORDER_ID, PRODUCT_ID, QUANTITY)
VALUES (6656, 281, 30, 15);
INSERT INTO ORDER_ITEM (ID, ORDER_ID, PRODUCT_ID, QUANTITY)
VALUES (6657, 281, 53, 14);
INSERT INTO ORDER_ITEM (ID, ORDER_ID, PRODUCT_ID, QUANTITY)
VALUES (6658, 281, 24, 8);
INSERT INTO ORDER_ITEM (ID, ORDER_ID, PRODUCT_ID, QUANTITY)
VALUES (6659, 281, 26, 19);
INSERT INTO ORDER_ITEM (ID, ORDER_ID, PRODUCT_ID, QUANTITY)
VALUES (6660, 281, 50, 9);
INSERT INTO ORDER_ITEM (ID, ORDER_ID, PRODUCT_ID, QUANTITY)
VALUES (6661, 281, 14, 14);
INSERT INTO ORDER_ITEM (ID, ORDER_ID, PRODUCT_ID, QUANTITY)
VALUES (6662, 281, 60, 20);
INSERT INTO ORDER_ITEM (ID, ORDER_ID, PRODUCT_ID, QUANTITY)
VALUES (6663, 281, 33, 3);
INSERT INTO ORDER_ITEM (ID, ORDER_ID, PRODUCT_ID, QUANTITY)
VALUES (6664, 281, 31, 1);
INSERT INTO ORDER_ITEM (ID, ORDER_ID, PRODUCT_ID, QUANTITY)
VALUES (6665, 281, 55, 3);
INSERT INTO ORDER_ITEM (ID, ORDER_ID, PRODUCT_ID, QUANTITY)
VALUES (6666, 281, 51, 8);
INSERT INTO ORDER_ITEM (ID, ORDER_ID, PRODUCT_ID, QUANTITY)
VALUES (6667, 281, 35, 14);
INSERT INTO ORDER_ITEM (ID, ORDER_ID, PRODUCT_ID, QUANTITY)
VALUES (6668, 281, 22, 7);
INSERT INTO ORDER_ITEM (ID, ORDER_ID, PRODUCT_ID, QUANTITY)
VALUES (6669, 281, 46, 6);
INSERT INTO ORDER_ITEM (ID, ORDER_ID, PRODUCT_ID, QUANTITY)
VALUES (6670, 281, 48, 15);
INSERT INTO ORDER_ITEM (ID, ORDER_ID, PRODUCT_ID, QUANTITY)
VALUES (6671, 281, 37, 2);
INSERT INTO ORDER_ITEM (ID, ORDER_ID, PRODUCT_ID, QUANTITY)
VALUES (6672, 281, 41, 3);
INSERT INTO ORDER_ITEM (ID, ORDER_ID, PRODUCT_ID, QUANTITY)
VALUES (6673, 281, 49, 0);
INSERT INTO ORDER_ITEM (ID, ORDER_ID, PRODUCT_ID, QUANTITY)
VALUES (6674, 281, 57, 4);
INSERT INTO ORDER_ITEM (ID, ORDER_ID, PRODUCT_ID, QUANTITY)
VALUES (6675, 281, 58, 4);
-- ### ORDER 272
INSERT INTO PAYMENT_DETAIL(ID, AMOUNT, PROVIDER, PROVIDER_PAYMENT_UUID)
VALUES (282, 2050.0, 'ICARD', '949026874');
INSERT INTO ORDERS (ID, CUST_ID, PAYMENT_ID, STATUS, AMOUNT, CREATED_ON, UPDATED_ON)
VALUES (282, 777, 282, 'DELIVERED', 2050.0, LOCALTIMESTAMP, LOCALTIMESTAMP);
INSERT INTO ORDER_ITEM (ID, ORDER_ID, PRODUCT_ID, QUANTITY)
VALUES (6676, 282, 11, 18);
INSERT INTO ORDER_ITEM (ID, ORDER_ID, PRODUCT_ID, QUANTITY)
VALUES (6677, 282, 52, 9);
INSERT INTO ORDER_ITEM (ID, ORDER_ID, PRODUCT_ID, QUANTITY)
VALUES (6678, 282, 38, 6);
INSERT INTO ORDER_ITEM (ID, ORDER_ID, PRODUCT_ID, QUANTITY)
VALUES (6679, 282, 28, 12);
INSERT INTO ORDER_ITEM (ID, ORDER_ID, PRODUCT_ID, QUANTITY)
VALUES (6680, 282, 50, 10);
INSERT INTO ORDER_ITEM (ID, ORDER_ID, PRODUCT_ID, QUANTITY)
VALUES (6681, 282, 46, 6);
INSERT INTO ORDER_ITEM (ID, ORDER_ID, PRODUCT_ID, QUANTITY)
VALUES (6682, 282, 41, 12);
INSERT INTO ORDER_ITEM (ID, ORDER_ID, PRODUCT_ID, QUANTITY)
VALUES (6683, 282, 37, 19);
INSERT INTO ORDER_ITEM (ID, ORDER_ID, PRODUCT_ID, QUANTITY)
VALUES (6684, 282, 34, 10);
INSERT INTO ORDER_ITEM (ID, ORDER_ID, PRODUCT_ID, QUANTITY)
VALUES (6685, 282, 22, 5);
INSERT INTO ORDER_ITEM (ID, ORDER_ID, PRODUCT_ID, QUANTITY)
VALUES (6686, 282, 59, 15);
INSERT INTO ORDER_ITEM (ID, ORDER_ID, PRODUCT_ID, QUANTITY)
VALUES (6687, 282, 44, 5);
INSERT INTO ORDER_ITEM (ID, ORDER_ID, PRODUCT_ID, QUANTITY)
VALUES (6688, 282, 26, 3);
INSERT INTO ORDER_ITEM (ID, ORDER_ID, PRODUCT_ID, QUANTITY)
VALUES (6689, 282, 31, 7);
INSERT INTO ORDER_ITEM (ID, ORDER_ID, PRODUCT_ID, QUANTITY)
VALUES (6690, 282, 23, 18);
INSERT INTO ORDER_ITEM (ID, ORDER_ID, PRODUCT_ID, QUANTITY)
VALUES (6691, 282, 36, 0);
INSERT INTO ORDER_ITEM (ID, ORDER_ID, PRODUCT_ID, QUANTITY)
VALUES (6692, 282, 35, 18);
INSERT INTO ORDER_ITEM (ID, ORDER_ID, PRODUCT_ID, QUANTITY)
VALUES (6693, 282, 15, 19);
INSERT INTO ORDER_ITEM (ID, ORDER_ID, PRODUCT_ID, QUANTITY)
VALUES (6694, 282, 55, 0);
INSERT INTO ORDER_ITEM (ID, ORDER_ID, PRODUCT_ID, QUANTITY)
VALUES (6695, 282, 29, 12);
INSERT INTO ORDER_ITEM (ID, ORDER_ID, PRODUCT_ID, QUANTITY)
VALUES (6696, 282, 17, 4);
INSERT INTO ORDER_ITEM (ID, ORDER_ID, PRODUCT_ID, QUANTITY)
VALUES (6697, 282, 24, 20);
INSERT INTO ORDER_ITEM (ID, ORDER_ID, PRODUCT_ID, QUANTITY)
VALUES (6698, 282, 14, 3);
INSERT INTO ORDER_ITEM (ID, ORDER_ID, PRODUCT_ID, QUANTITY)
VALUES (6699, 282, 32, 6);
INSERT INTO ORDER_ITEM (ID, ORDER_ID, PRODUCT_ID, QUANTITY)
VALUES (6700, 282, 33, 15);
INSERT INTO ORDER_ITEM (ID, ORDER_ID, PRODUCT_ID, QUANTITY)
VALUES (6701, 282, 27, 0);
INSERT INTO ORDER_ITEM (ID, ORDER_ID, PRODUCT_ID, QUANTITY)
VALUES (6702, 282, 42, 4);
INSERT INTO ORDER_ITEM (ID, ORDER_ID, PRODUCT_ID, QUANTITY)
VALUES (6703, 282, 53, 15);
INSERT INTO ORDER_ITEM (ID, ORDER_ID, PRODUCT_ID, QUANTITY)
VALUES (6704, 282, 40, 18);
INSERT INTO ORDER_ITEM (ID, ORDER_ID, PRODUCT_ID, QUANTITY)
VALUES (6705, 282, 51, 18);
INSERT INTO ORDER_ITEM (ID, ORDER_ID, PRODUCT_ID, QUANTITY)
VALUES (6706, 282, 57, 2);
INSERT INTO ORDER_ITEM (ID, ORDER_ID, PRODUCT_ID, QUANTITY)
VALUES (6707, 282, 30, 12);
INSERT INTO ORDER_ITEM (ID, ORDER_ID, PRODUCT_ID, QUANTITY)
VALUES (6708, 282, 25, 10);
INSERT INTO ORDER_ITEM (ID, ORDER_ID, PRODUCT_ID, QUANTITY)
VALUES (6709, 282, 39, 6);
INSERT INTO ORDER_ITEM (ID, ORDER_ID, PRODUCT_ID, QUANTITY)
VALUES (6710, 282, 45, 6);
INSERT INTO ORDER_ITEM (ID, ORDER_ID, PRODUCT_ID, QUANTITY)
VALUES (6711, 282, 43, 4);
INSERT INTO ORDER_ITEM (ID, ORDER_ID, PRODUCT_ID, QUANTITY)
VALUES (6712, 282, 18, 1);
INSERT INTO ORDER_ITEM (ID, ORDER_ID, PRODUCT_ID, QUANTITY)
VALUES (6713, 282, 13, 2);
INSERT INTO ORDER_ITEM (ID, ORDER_ID, PRODUCT_ID, QUANTITY)
VALUES (6714, 282, 58, 13);
INSERT INTO ORDER_ITEM (ID, ORDER_ID, PRODUCT_ID, QUANTITY)
VALUES (6715, 282, 19, 8);
INSERT INTO ORDER_ITEM (ID, ORDER_ID, PRODUCT_ID, QUANTITY)
VALUES (6716, 282, 12, 3);
INSERT INTO ORDER_ITEM (ID, ORDER_ID, PRODUCT_ID, QUANTITY)
VALUES (6717, 282, 47, 15);
-- ### ORDER 273
INSERT INTO PAYMENT_DETAIL(ID, AMOUNT, PROVIDER, PROVIDER_PAYMENT_UUID)
VALUES (283, 535.0, 'PAYPAL', '140220173');
INSERT INTO ORDERS (ID, CUST_ID, PAYMENT_ID, STATUS, AMOUNT, CREATED_ON, UPDATED_ON)
VALUES (283, 777, 283, 'DELIVERED', 535.0, LOCALTIMESTAMP, LOCALTIMESTAMP);
INSERT INTO ORDER_ITEM (ID, ORDER_ID, PRODUCT_ID, QUANTITY)
VALUES (6718, 283, 32, 10);
INSERT INTO ORDER_ITEM (ID, ORDER_ID, PRODUCT_ID, QUANTITY)
VALUES (6719, 283, 24, 16);
INSERT INTO ORDER_ITEM (ID, ORDER_ID, PRODUCT_ID, QUANTITY)
VALUES (6720, 283, 44, 5);
-- ### ORDER 274
INSERT INTO PAYMENT_DETAIL(ID, AMOUNT, PROVIDER, PROVIDER_PAYMENT_UUID)
VALUES (284, 3289.0, 'MASTERCARD', '184743865');
INSERT INTO ORDERS (ID, CUST_ID, PAYMENT_ID, STATUS, AMOUNT, CREATED_ON, UPDATED_ON)
VALUES (284, 777, 284, 'DELIVERED', 3289.0, LOCALTIMESTAMP, LOCALTIMESTAMP);
INSERT INTO ORDER_ITEM (ID, ORDER_ID, PRODUCT_ID, QUANTITY)
VALUES (6721, 284, 21, 10);
INSERT INTO ORDER_ITEM (ID, ORDER_ID, PRODUCT_ID, QUANTITY)
VALUES (6722, 284, 36, 4);
INSERT INTO ORDER_ITEM (ID, ORDER_ID, PRODUCT_ID, QUANTITY)
VALUES (6723, 284, 25, 3);
INSERT INTO ORDER_ITEM (ID, ORDER_ID, PRODUCT_ID, QUANTITY)
VALUES (6724, 284, 58, 16);
INSERT INTO ORDER_ITEM (ID, ORDER_ID, PRODUCT_ID, QUANTITY)
VALUES (6725, 284, 50, 2);
INSERT INTO ORDER_ITEM (ID, ORDER_ID, PRODUCT_ID, QUANTITY)
VALUES (6726, 284, 22, 15);
INSERT INTO ORDER_ITEM (ID, ORDER_ID, PRODUCT_ID, QUANTITY)
VALUES (6727, 284, 43, 15);
INSERT INTO ORDER_ITEM (ID, ORDER_ID, PRODUCT_ID, QUANTITY)
VALUES (6728, 284, 53, 3);
INSERT INTO ORDER_ITEM (ID, ORDER_ID, PRODUCT_ID, QUANTITY)
VALUES (6729, 284, 60, 17);
INSERT INTO ORDER_ITEM (ID, ORDER_ID, PRODUCT_ID, QUANTITY)
VALUES (6730, 284, 11, 9);
INSERT INTO ORDER_ITEM (ID, ORDER_ID, PRODUCT_ID, QUANTITY)
VALUES (6731, 284, 35, 6);
INSERT INTO ORDER_ITEM (ID, ORDER_ID, PRODUCT_ID, QUANTITY)
VALUES (6732, 284, 18, 0);
INSERT INTO ORDER_ITEM (ID, ORDER_ID, PRODUCT_ID, QUANTITY)
VALUES (6733, 284, 31, 14);
INSERT INTO ORDER_ITEM (ID, ORDER_ID, PRODUCT_ID, QUANTITY)
VALUES (6734, 284, 41, 14);
INSERT INTO ORDER_ITEM (ID, ORDER_ID, PRODUCT_ID, QUANTITY)
VALUES (6735, 284, 30, 5);
INSERT INTO ORDER_ITEM (ID, ORDER_ID, PRODUCT_ID, QUANTITY)
VALUES (6736, 284, 48, 17);
INSERT INTO ORDER_ITEM (ID, ORDER_ID, PRODUCT_ID, QUANTITY)
VALUES (6737, 284, 19, 15);
INSERT INTO ORDER_ITEM (ID, ORDER_ID, PRODUCT_ID, QUANTITY)
VALUES (6738, 284, 37, 15);
INSERT INTO ORDER_ITEM (ID, ORDER_ID, PRODUCT_ID, QUANTITY)
VALUES (6739, 284, 14, 15);
INSERT INTO ORDER_ITEM (ID, ORDER_ID, PRODUCT_ID, QUANTITY)
VALUES (6740, 284, 57, 16);
INSERT INTO ORDER_ITEM (ID, ORDER_ID, PRODUCT_ID, QUANTITY)
VALUES (6741, 284, 26, 16);
INSERT INTO ORDER_ITEM (ID, ORDER_ID, PRODUCT_ID, QUANTITY)
VALUES (6742, 284, 39, 11);
INSERT INTO ORDER_ITEM (ID, ORDER_ID, PRODUCT_ID, QUANTITY)
VALUES (6743, 284, 15, 12);
INSERT INTO ORDER_ITEM (ID, ORDER_ID, PRODUCT_ID, QUANTITY)
VALUES (6744, 284, 47, 17);
INSERT INTO ORDER_ITEM (ID, ORDER_ID, PRODUCT_ID, QUANTITY)
VALUES (6745, 284, 45, 16);
INSERT INTO ORDER_ITEM (ID, ORDER_ID, PRODUCT_ID, QUANTITY)
VALUES (6746, 284, 33, 13);
INSERT INTO ORDER_ITEM (ID, ORDER_ID, PRODUCT_ID, QUANTITY)
VALUES (6747, 284, 17, 10);
INSERT INTO ORDER_ITEM (ID, ORDER_ID, PRODUCT_ID, QUANTITY)
VALUES (6748, 284, 44, 12);
INSERT INTO ORDER_ITEM (ID, ORDER_ID, PRODUCT_ID, QUANTITY)
VALUES (6749, 284, 49, 20);
INSERT INTO ORDER_ITEM (ID, ORDER_ID, PRODUCT_ID, QUANTITY)
VALUES (6750, 284, 56, 20);
INSERT INTO ORDER_ITEM (ID, ORDER_ID, PRODUCT_ID, QUANTITY)
VALUES (6751, 284, 51, 20);
INSERT INTO ORDER_ITEM (ID, ORDER_ID, PRODUCT_ID, QUANTITY)
VALUES (6752, 284, 42, 5);
INSERT INTO ORDER_ITEM (ID, ORDER_ID, PRODUCT_ID, QUANTITY)
VALUES (6753, 284, 27, 10);
INSERT INTO ORDER_ITEM (ID, ORDER_ID, PRODUCT_ID, QUANTITY)
VALUES (6754, 284, 12, 2);
INSERT INTO ORDER_ITEM (ID, ORDER_ID, PRODUCT_ID, QUANTITY)
VALUES (6755, 284, 55, 2);
INSERT INTO ORDER_ITEM (ID, ORDER_ID, PRODUCT_ID, QUANTITY)
VALUES (6756, 284, 16, 4);
INSERT INTO ORDER_ITEM (ID, ORDER_ID, PRODUCT_ID, QUANTITY)
VALUES (6757, 284, 23, 9);
INSERT INTO ORDER_ITEM (ID, ORDER_ID, PRODUCT_ID, QUANTITY)
VALUES (6758, 284, 13, 11);
INSERT INTO ORDER_ITEM (ID, ORDER_ID, PRODUCT_ID, QUANTITY)
VALUES (6759, 284, 59, 15);
INSERT INTO ORDER_ITEM (ID, ORDER_ID, PRODUCT_ID, QUANTITY)
VALUES (6760, 284, 46, 3);
INSERT INTO ORDER_ITEM (ID, ORDER_ID, PRODUCT_ID, QUANTITY)
VALUES (6761, 284, 40, 9);
INSERT INTO ORDER_ITEM (ID, ORDER_ID, PRODUCT_ID, QUANTITY)
VALUES (6762, 284, 28, 6);
INSERT INTO ORDER_ITEM (ID, ORDER_ID, PRODUCT_ID, QUANTITY)
VALUES (6763, 284, 34, 0);
-- ### ORDER 275
INSERT INTO PAYMENT_DETAIL(ID, AMOUNT, PROVIDER, PROVIDER_PAYMENT_UUID)
VALUES (285, 2850.0, 'ICARD', '872154719');
INSERT INTO ORDERS (ID, CUST_ID, PAYMENT_ID, STATUS, AMOUNT, CREATED_ON, UPDATED_ON)
VALUES (285, 777, 285, 'DELIVERED', 2850.0, LOCALTIMESTAMP, LOCALTIMESTAMP);
INSERT INTO ORDER_ITEM (ID, ORDER_ID, PRODUCT_ID, QUANTITY)
VALUES (6764, 285, 15, 7);
INSERT INTO ORDER_ITEM (ID, ORDER_ID, PRODUCT_ID, QUANTITY)
VALUES (6765, 285, 41, 7);
INSERT INTO ORDER_ITEM (ID, ORDER_ID, PRODUCT_ID, QUANTITY)
VALUES (6766, 285, 34, 13);
INSERT INTO ORDER_ITEM (ID, ORDER_ID, PRODUCT_ID, QUANTITY)
VALUES (6767, 285, 23, 10);
INSERT INTO ORDER_ITEM (ID, ORDER_ID, PRODUCT_ID, QUANTITY)
VALUES (6768, 285, 11, 17);
INSERT INTO ORDER_ITEM (ID, ORDER_ID, PRODUCT_ID, QUANTITY)
VALUES (6769, 285, 12, 18);
INSERT INTO ORDER_ITEM (ID, ORDER_ID, PRODUCT_ID, QUANTITY)
VALUES (6770, 285, 52, 14);
INSERT INTO ORDER_ITEM (ID, ORDER_ID, PRODUCT_ID, QUANTITY)
VALUES (6771, 285, 37, 19);
INSERT INTO ORDER_ITEM (ID, ORDER_ID, PRODUCT_ID, QUANTITY)
VALUES (6772, 285, 44, 6);
INSERT INTO ORDER_ITEM (ID, ORDER_ID, PRODUCT_ID, QUANTITY)
VALUES (6773, 285, 29, 10);
INSERT INTO ORDER_ITEM (ID, ORDER_ID, PRODUCT_ID, QUANTITY)
VALUES (6774, 285, 48, 1);
INSERT INTO ORDER_ITEM (ID, ORDER_ID, PRODUCT_ID, QUANTITY)
VALUES (6775, 285, 36, 13);
INSERT INTO ORDER_ITEM (ID, ORDER_ID, PRODUCT_ID, QUANTITY)
VALUES (6776, 285, 53, 9);
INSERT INTO ORDER_ITEM (ID, ORDER_ID, PRODUCT_ID, QUANTITY)
VALUES (6777, 285, 35, 6);
INSERT INTO ORDER_ITEM (ID, ORDER_ID, PRODUCT_ID, QUANTITY)
VALUES (6778, 285, 27, 6);
INSERT INTO ORDER_ITEM (ID, ORDER_ID, PRODUCT_ID, QUANTITY)
VALUES (6779, 285, 20, 1);
INSERT INTO ORDER_ITEM (ID, ORDER_ID, PRODUCT_ID, QUANTITY)
VALUES (6780, 285, 40, 0);
INSERT INTO ORDER_ITEM (ID, ORDER_ID, PRODUCT_ID, QUANTITY)
VALUES (6781, 285, 56, 20);
INSERT INTO ORDER_ITEM (ID, ORDER_ID, PRODUCT_ID, QUANTITY)
VALUES (6782, 285, 13, 12);
INSERT INTO ORDER_ITEM (ID, ORDER_ID, PRODUCT_ID, QUANTITY)
VALUES (6783, 285, 30, 10);
INSERT INTO ORDER_ITEM (ID, ORDER_ID, PRODUCT_ID, QUANTITY)
VALUES (6784, 285, 39, 9);
INSERT INTO ORDER_ITEM (ID, ORDER_ID, PRODUCT_ID, QUANTITY)
VALUES (6785, 285, 46, 20);
INSERT INTO ORDER_ITEM (ID, ORDER_ID, PRODUCT_ID, QUANTITY)
VALUES (6786, 285, 38, 6);
INSERT INTO ORDER_ITEM (ID, ORDER_ID, PRODUCT_ID, QUANTITY)
VALUES (6787, 285, 19, 5);
INSERT INTO ORDER_ITEM (ID, ORDER_ID, PRODUCT_ID, QUANTITY)
VALUES (6788, 285, 32, 20);
-- ### ORDER 276
INSERT INTO PAYMENT_DETAIL(ID, AMOUNT, PROVIDER, PROVIDER_PAYMENT_UUID)
VALUES (286, 1538.0, 'VISA', '769578962');
INSERT INTO ORDERS (ID, CUST_ID, PAYMENT_ID, STATUS, AMOUNT, CREATED_ON, UPDATED_ON)
VALUES (286, 777, 286, 'DELIVERED', 1538.0, LOCALTIMESTAMP, LOCALTIMESTAMP);
INSERT INTO ORDER_ITEM (ID, ORDER_ID, PRODUCT_ID, QUANTITY)
VALUES (6789, 286, 25, 0);
INSERT INTO ORDER_ITEM (ID, ORDER_ID, PRODUCT_ID, QUANTITY)
VALUES (6790, 286, 50, 12);
INSERT INTO ORDER_ITEM (ID, ORDER_ID, PRODUCT_ID, QUANTITY)
VALUES (6791, 286, 13, 5);
INSERT INTO ORDER_ITEM (ID, ORDER_ID, PRODUCT_ID, QUANTITY)
VALUES (6792, 286, 18, 9);
INSERT INTO ORDER_ITEM (ID, ORDER_ID, PRODUCT_ID, QUANTITY)
VALUES (6793, 286, 34, 16);
INSERT INTO ORDER_ITEM (ID, ORDER_ID, PRODUCT_ID, QUANTITY)
VALUES (6794, 286, 16, 12);
INSERT INTO ORDER_ITEM (ID, ORDER_ID, PRODUCT_ID, QUANTITY)
VALUES (6795, 286, 47, 11);
INSERT INTO ORDER_ITEM (ID, ORDER_ID, PRODUCT_ID, QUANTITY)
VALUES (6796, 286, 57, 10);
INSERT INTO ORDER_ITEM (ID, ORDER_ID, PRODUCT_ID, QUANTITY)
VALUES (6797, 286, 49, 15);
INSERT INTO ORDER_ITEM (ID, ORDER_ID, PRODUCT_ID, QUANTITY)
VALUES (6798, 286, 28, 0);
INSERT INTO ORDER_ITEM (ID, ORDER_ID, PRODUCT_ID, QUANTITY)
VALUES (6799, 286, 32, 19);
INSERT INTO ORDER_ITEM (ID, ORDER_ID, PRODUCT_ID, QUANTITY)
VALUES (6800, 286, 26, 8);
INSERT INTO ORDER_ITEM (ID, ORDER_ID, PRODUCT_ID, QUANTITY)
VALUES (6801, 286, 51, 8);
INSERT INTO ORDER_ITEM (ID, ORDER_ID, PRODUCT_ID, QUANTITY)
VALUES (6802, 286, 36, 3);
INSERT INTO ORDER_ITEM (ID, ORDER_ID, PRODUCT_ID, QUANTITY)
VALUES (6803, 286, 55, 2);
INSERT INTO ORDER_ITEM (ID, ORDER_ID, PRODUCT_ID, QUANTITY)
VALUES (6804, 286, 52, 12);
INSERT INTO ORDER_ITEM (ID, ORDER_ID, PRODUCT_ID, QUANTITY)
VALUES (6805, 286, 35, 3);
INSERT INTO ORDER_ITEM (ID, ORDER_ID, PRODUCT_ID, QUANTITY)
VALUES (6806, 286, 20, 18);
INSERT INTO ORDER_ITEM (ID, ORDER_ID, PRODUCT_ID, QUANTITY)
VALUES (6807, 286, 30, 10);
INSERT INTO ORDER_ITEM (ID, ORDER_ID, PRODUCT_ID, QUANTITY)
VALUES (6808, 286, 53, 4);
INSERT INTO ORDER_ITEM (ID, ORDER_ID, PRODUCT_ID, QUANTITY)
VALUES (6809, 286, 15, 10);
INSERT INTO ORDER_ITEM (ID, ORDER_ID, PRODUCT_ID, QUANTITY)
VALUES (6810, 286, 33, 11);
INSERT INTO ORDER_ITEM (ID, ORDER_ID, PRODUCT_ID, QUANTITY)
VALUES (6811, 286, 21, 0);
-- ### ORDER 277
INSERT INTO PAYMENT_DETAIL(ID, AMOUNT, PROVIDER, PROVIDER_PAYMENT_UUID)
VALUES (287, 2183.0, 'VISA', '107396784');
INSERT INTO ORDERS (ID, CUST_ID, PAYMENT_ID, STATUS, AMOUNT, CREATED_ON, UPDATED_ON)
VALUES (287, 777, 287, 'DELIVERED', 2183.0, LOCALTIMESTAMP, LOCALTIMESTAMP);
INSERT INTO ORDER_ITEM (ID, ORDER_ID, PRODUCT_ID, QUANTITY)
VALUES (6812, 287, 27, 4);
INSERT INTO ORDER_ITEM (ID, ORDER_ID, PRODUCT_ID, QUANTITY)
VALUES (6813, 287, 12, 7);
INSERT INTO ORDER_ITEM (ID, ORDER_ID, PRODUCT_ID, QUANTITY)
VALUES (6814, 287, 47, 20);
INSERT INTO ORDER_ITEM (ID, ORDER_ID, PRODUCT_ID, QUANTITY)
VALUES (6815, 287, 32, 5);
INSERT INTO ORDER_ITEM (ID, ORDER_ID, PRODUCT_ID, QUANTITY)
VALUES (6816, 287, 38, 17);
-- ### ORDER 278
INSERT INTO PAYMENT_DETAIL(ID, AMOUNT, PROVIDER, PROVIDER_PAYMENT_UUID)
VALUES (288, 4473.0, 'CRYPTO', '530622390');
INSERT INTO ORDERS (ID, CUST_ID, PAYMENT_ID, STATUS, AMOUNT, CREATED_ON, UPDATED_ON)
VALUES (288, 777, 288, 'DELIVERED', 4473.0, LOCALTIMESTAMP, LOCALTIMESTAMP);
INSERT INTO ORDER_ITEM (ID, ORDER_ID, PRODUCT_ID, QUANTITY)
VALUES (6817, 288, 25, 2);
INSERT INTO ORDER_ITEM (ID, ORDER_ID, PRODUCT_ID, QUANTITY)
VALUES (6818, 288, 21, 20);
INSERT INTO ORDER_ITEM (ID, ORDER_ID, PRODUCT_ID, QUANTITY)
VALUES (6819, 288, 57, 7);
INSERT INTO ORDER_ITEM (ID, ORDER_ID, PRODUCT_ID, QUANTITY)
VALUES (6820, 288, 38, 16);
INSERT INTO ORDER_ITEM (ID, ORDER_ID, PRODUCT_ID, QUANTITY)
VALUES (6821, 288, 43, 7);
INSERT INTO ORDER_ITEM (ID, ORDER_ID, PRODUCT_ID, QUANTITY)
VALUES (6822, 288, 41, 10);
INSERT INTO ORDER_ITEM (ID, ORDER_ID, PRODUCT_ID, QUANTITY)
VALUES (6823, 288, 37, 4);
INSERT INTO ORDER_ITEM (ID, ORDER_ID, PRODUCT_ID, QUANTITY)
VALUES (6824, 288, 23, 2);
INSERT INTO ORDER_ITEM (ID, ORDER_ID, PRODUCT_ID, QUANTITY)
VALUES (6825, 288, 39, 3);
INSERT INTO ORDER_ITEM (ID, ORDER_ID, PRODUCT_ID, QUANTITY)
VALUES (6826, 288, 34, 14);
INSERT INTO ORDER_ITEM (ID, ORDER_ID, PRODUCT_ID, QUANTITY)
VALUES (6827, 288, 15, 1);
INSERT INTO ORDER_ITEM (ID, ORDER_ID, PRODUCT_ID, QUANTITY)
VALUES (6828, 288, 49, 19);
INSERT INTO ORDER_ITEM (ID, ORDER_ID, PRODUCT_ID, QUANTITY)
VALUES (6829, 288, 31, 15);
INSERT INTO ORDER_ITEM (ID, ORDER_ID, PRODUCT_ID, QUANTITY)
VALUES (6830, 288, 54, 17);
INSERT INTO ORDER_ITEM (ID, ORDER_ID, PRODUCT_ID, QUANTITY)
VALUES (6831, 288, 33, 10);
INSERT INTO ORDER_ITEM (ID, ORDER_ID, PRODUCT_ID, QUANTITY)
VALUES (6832, 288, 36, 0);
INSERT INTO ORDER_ITEM (ID, ORDER_ID, PRODUCT_ID, QUANTITY)
VALUES (6833, 288, 53, 12);
INSERT INTO ORDER_ITEM (ID, ORDER_ID, PRODUCT_ID, QUANTITY)
VALUES (6834, 288, 58, 0);
INSERT INTO ORDER_ITEM (ID, ORDER_ID, PRODUCT_ID, QUANTITY)
VALUES (6835, 288, 24, 1);
-- ### ORDER 279
INSERT INTO PAYMENT_DETAIL(ID, AMOUNT, PROVIDER, PROVIDER_PAYMENT_UUID)
VALUES (289, 914.0, 'ICARD', '7641850');
INSERT INTO ORDERS (ID, CUST_ID, PAYMENT_ID, STATUS, AMOUNT, CREATED_ON, UPDATED_ON)
VALUES (289, 777, 289, 'DELIVERED', 914.0, LOCALTIMESTAMP, LOCALTIMESTAMP);
INSERT INTO ORDER_ITEM (ID, ORDER_ID, PRODUCT_ID, QUANTITY)
VALUES (6836, 289, 24, 9);
INSERT INTO ORDER_ITEM (ID, ORDER_ID, PRODUCT_ID, QUANTITY)
VALUES (6837, 289, 58, 0);
INSERT INTO ORDER_ITEM (ID, ORDER_ID, PRODUCT_ID, QUANTITY)
VALUES (6838, 289, 22, 4);
INSERT INTO ORDER_ITEM (ID, ORDER_ID, PRODUCT_ID, QUANTITY)
VALUES (6839, 289, 18, 1);
INSERT INTO ORDER_ITEM (ID, ORDER_ID, PRODUCT_ID, QUANTITY)
VALUES (6840, 289, 11, 19);
INSERT INTO ORDER_ITEM (ID, ORDER_ID, PRODUCT_ID, QUANTITY)
VALUES (6841, 289, 33, 19);
-- ### ORDER 280
INSERT INTO PAYMENT_DETAIL(ID, AMOUNT, PROVIDER, PROVIDER_PAYMENT_UUID)
VALUES (290, 1655.0, 'MASTERCARD', '598163444');
INSERT INTO ORDERS (ID, CUST_ID, PAYMENT_ID, STATUS, AMOUNT, CREATED_ON, UPDATED_ON)
VALUES (290, 777, 290, 'DELIVERED', 1655.0, LOCALTIMESTAMP, LOCALTIMESTAMP);
INSERT INTO ORDER_ITEM (ID, ORDER_ID, PRODUCT_ID, QUANTITY)
VALUES (6842, 290, 31, 12);
INSERT INTO ORDER_ITEM (ID, ORDER_ID, PRODUCT_ID, QUANTITY)
VALUES (6843, 290, 29, 6);
INSERT INTO ORDER_ITEM (ID, ORDER_ID, PRODUCT_ID, QUANTITY)
VALUES (6844, 290, 28, 9);
INSERT INTO ORDER_ITEM (ID, ORDER_ID, PRODUCT_ID, QUANTITY)
VALUES (6845, 290, 11, 14);
INSERT INTO ORDER_ITEM (ID, ORDER_ID, PRODUCT_ID, QUANTITY)
VALUES (6846, 290, 17, 17);
INSERT INTO ORDER_ITEM (ID, ORDER_ID, PRODUCT_ID, QUANTITY)
VALUES (6847, 290, 59, 14);
INSERT INTO ORDER_ITEM (ID, ORDER_ID, PRODUCT_ID, QUANTITY)
VALUES (6848, 290, 40, 2);
INSERT INTO ORDER_ITEM (ID, ORDER_ID, PRODUCT_ID, QUANTITY)
VALUES (6849, 290, 12, 1);
INSERT INTO ORDER_ITEM (ID, ORDER_ID, PRODUCT_ID, QUANTITY)
VALUES (6850, 290, 48, 7);
INSERT INTO ORDER_ITEM (ID, ORDER_ID, PRODUCT_ID, QUANTITY)
VALUES (6851, 290, 33, 11);
INSERT INTO ORDER_ITEM (ID, ORDER_ID, PRODUCT_ID, QUANTITY)
VALUES (6852, 290, 32, 4);
INSERT INTO ORDER_ITEM (ID, ORDER_ID, PRODUCT_ID, QUANTITY)
VALUES (6853, 290, 58, 1);
INSERT INTO ORDER_ITEM (ID, ORDER_ID, PRODUCT_ID, QUANTITY)
VALUES (6854, 290, 41, 4);
INSERT INTO ORDER_ITEM (ID, ORDER_ID, PRODUCT_ID, QUANTITY)
VALUES (6855, 290, 49, 8);
INSERT INTO ORDER_ITEM (ID, ORDER_ID, PRODUCT_ID, QUANTITY)
VALUES (6856, 290, 53, 12);
INSERT INTO ORDER_ITEM (ID, ORDER_ID, PRODUCT_ID, QUANTITY)
VALUES (6857, 290, 56, 7);
INSERT INTO ORDER_ITEM (ID, ORDER_ID, PRODUCT_ID, QUANTITY)
VALUES (6858, 290, 36, 10);
INSERT INTO ORDER_ITEM (ID, ORDER_ID, PRODUCT_ID, QUANTITY)
VALUES (6859, 290, 55, 12);
INSERT INTO ORDER_ITEM (ID, ORDER_ID, PRODUCT_ID, QUANTITY)
VALUES (6860, 290, 18, 9);
INSERT INTO ORDER_ITEM (ID, ORDER_ID, PRODUCT_ID, QUANTITY)
VALUES (6861, 290, 47, 10);
INSERT INTO ORDER_ITEM (ID, ORDER_ID, PRODUCT_ID, QUANTITY)
VALUES (6862, 290, 35, 17);
INSERT INTO ORDER_ITEM (ID, ORDER_ID, PRODUCT_ID, QUANTITY)
VALUES (6863, 290, 44, 4);
INSERT INTO ORDER_ITEM (ID, ORDER_ID, PRODUCT_ID, QUANTITY)
VALUES (6864, 290, 24, 18);
INSERT INTO ORDER_ITEM (ID, ORDER_ID, PRODUCT_ID, QUANTITY)
VALUES (6865, 290, 38, 12);
INSERT INTO ORDER_ITEM (ID, ORDER_ID, PRODUCT_ID, QUANTITY)
VALUES (6866, 290, 27, 6);
INSERT INTO ORDER_ITEM (ID, ORDER_ID, PRODUCT_ID, QUANTITY)
VALUES (6867, 290, 39, 4);
INSERT INTO ORDER_ITEM (ID, ORDER_ID, PRODUCT_ID, QUANTITY)
VALUES (6868, 290, 42, 6);
INSERT INTO ORDER_ITEM (ID, ORDER_ID, PRODUCT_ID, QUANTITY)
VALUES (6869, 290, 19, 6);
INSERT INTO ORDER_ITEM (ID, ORDER_ID, PRODUCT_ID, QUANTITY)
VALUES (6870, 290, 15, 18);
INSERT INTO ORDER_ITEM (ID, ORDER_ID, PRODUCT_ID, QUANTITY)
VALUES (6871, 290, 16, 8);
INSERT INTO ORDER_ITEM (ID, ORDER_ID, PRODUCT_ID, QUANTITY)
VALUES (6872, 290, 25, 3);
INSERT INTO ORDER_ITEM (ID, ORDER_ID, PRODUCT_ID, QUANTITY)
VALUES (6873, 290, 22, 11);
INSERT INTO ORDER_ITEM (ID, ORDER_ID, PRODUCT_ID, QUANTITY)
VALUES (6874, 290, 43, 0);
INSERT INTO ORDER_ITEM (ID, ORDER_ID, PRODUCT_ID, QUANTITY)
VALUES (6875, 290, 30, 1);
INSERT INTO ORDER_ITEM (ID, ORDER_ID, PRODUCT_ID, QUANTITY)
VALUES (6876, 290, 14, 19);
INSERT INTO ORDER_ITEM (ID, ORDER_ID, PRODUCT_ID, QUANTITY)
VALUES (6877, 290, 45, 10);
INSERT INTO ORDER_ITEM (ID, ORDER_ID, PRODUCT_ID, QUANTITY)
VALUES (6878, 290, 13, 4);
INSERT INTO ORDER_ITEM (ID, ORDER_ID, PRODUCT_ID, QUANTITY)
VALUES (6879, 290, 52, 1);
INSERT INTO ORDER_ITEM (ID, ORDER_ID, PRODUCT_ID, QUANTITY)
VALUES (6880, 290, 21, 9);
INSERT INTO ORDER_ITEM (ID, ORDER_ID, PRODUCT_ID, QUANTITY)
VALUES (6881, 290, 50, 10);
INSERT INTO ORDER_ITEM (ID, ORDER_ID, PRODUCT_ID, QUANTITY)
VALUES (6882, 290, 37, 11);
INSERT INTO ORDER_ITEM (ID, ORDER_ID, PRODUCT_ID, QUANTITY)
VALUES (6883, 290, 46, 3);
INSERT INTO ORDER_ITEM (ID, ORDER_ID, PRODUCT_ID, QUANTITY)
VALUES (6884, 290, 51, 10);
INSERT INTO ORDER_ITEM (ID, ORDER_ID, PRODUCT_ID, QUANTITY)
VALUES (6885, 290, 34, 0);
INSERT INTO ORDER_ITEM (ID, ORDER_ID, PRODUCT_ID, QUANTITY)
VALUES (6886, 290, 20, 15);
INSERT INTO ORDER_ITEM (ID, ORDER_ID, PRODUCT_ID, QUANTITY)
VALUES (6887, 290, 26, 18);
-- ### ORDER 281
INSERT INTO PAYMENT_DETAIL(ID, AMOUNT, PROVIDER, PROVIDER_PAYMENT_UUID)
VALUES (291, 2765.0, 'MASTERCARD', '737708300');
INSERT INTO ORDERS (ID, CUST_ID, PAYMENT_ID, STATUS, AMOUNT, CREATED_ON, UPDATED_ON)
VALUES (291, 777, 291, 'DELIVERED', 2765.0, LOCALTIMESTAMP, LOCALTIMESTAMP);
INSERT INTO ORDER_ITEM (ID, ORDER_ID, PRODUCT_ID, QUANTITY)
VALUES (6888, 291, 43, 13);
INSERT INTO ORDER_ITEM (ID, ORDER_ID, PRODUCT_ID, QUANTITY)
VALUES (6889, 291, 19, 7);
INSERT INTO ORDER_ITEM (ID, ORDER_ID, PRODUCT_ID, QUANTITY)
VALUES (6890, 291, 44, 4);
INSERT INTO ORDER_ITEM (ID, ORDER_ID, PRODUCT_ID, QUANTITY)
VALUES (6891, 291, 55, 10);
INSERT INTO ORDER_ITEM (ID, ORDER_ID, PRODUCT_ID, QUANTITY)
VALUES (6892, 291, 29, 1);
INSERT INTO ORDER_ITEM (ID, ORDER_ID, PRODUCT_ID, QUANTITY)
VALUES (6893, 291, 14, 5);
INSERT INTO ORDER_ITEM (ID, ORDER_ID, PRODUCT_ID, QUANTITY)
VALUES (6894, 291, 28, 9);
INSERT INTO ORDER_ITEM (ID, ORDER_ID, PRODUCT_ID, QUANTITY)
VALUES (6895, 291, 45, 0);
INSERT INTO ORDER_ITEM (ID, ORDER_ID, PRODUCT_ID, QUANTITY)
VALUES (6896, 291, 16, 9);
INSERT INTO ORDER_ITEM (ID, ORDER_ID, PRODUCT_ID, QUANTITY)
VALUES (6897, 291, 46, 7);
INSERT INTO ORDER_ITEM (ID, ORDER_ID, PRODUCT_ID, QUANTITY)
VALUES (6898, 291, 11, 16);
INSERT INTO ORDER_ITEM (ID, ORDER_ID, PRODUCT_ID, QUANTITY)
VALUES (6899, 291, 40, 4);
INSERT INTO ORDER_ITEM (ID, ORDER_ID, PRODUCT_ID, QUANTITY)
VALUES (6900, 291, 39, 8);
INSERT INTO ORDER_ITEM (ID, ORDER_ID, PRODUCT_ID, QUANTITY)
VALUES (6901, 291, 34, 20);
INSERT INTO ORDER_ITEM (ID, ORDER_ID, PRODUCT_ID, QUANTITY)
VALUES (6902, 291, 50, 2);
INSERT INTO ORDER_ITEM (ID, ORDER_ID, PRODUCT_ID, QUANTITY)
VALUES (6903, 291, 42, 14);
INSERT INTO ORDER_ITEM (ID, ORDER_ID, PRODUCT_ID, QUANTITY)
VALUES (6904, 291, 51, 13);
INSERT INTO ORDER_ITEM (ID, ORDER_ID, PRODUCT_ID, QUANTITY)
VALUES (6905, 291, 12, 1);
INSERT INTO ORDER_ITEM (ID, ORDER_ID, PRODUCT_ID, QUANTITY)
VALUES (6906, 291, 20, 15);
INSERT INTO ORDER_ITEM (ID, ORDER_ID, PRODUCT_ID, QUANTITY)
VALUES (6907, 291, 33, 1);
INSERT INTO ORDER_ITEM (ID, ORDER_ID, PRODUCT_ID, QUANTITY)
VALUES (6908, 291, 23, 17);
INSERT INTO ORDER_ITEM (ID, ORDER_ID, PRODUCT_ID, QUANTITY)
VALUES (6909, 291, 26, 5);
-- ### ORDER 282
INSERT INTO PAYMENT_DETAIL(ID, AMOUNT, PROVIDER, PROVIDER_PAYMENT_UUID)
VALUES (292, 4445.0, 'MASTERCARD', '75207741');
INSERT INTO ORDERS (ID, CUST_ID, PAYMENT_ID, STATUS, AMOUNT, CREATED_ON, UPDATED_ON)
VALUES (292, 777, 292, 'DELIVERED', 4445.0, LOCALTIMESTAMP, LOCALTIMESTAMP);
INSERT INTO ORDER_ITEM (ID, ORDER_ID, PRODUCT_ID, QUANTITY)
VALUES (6910, 292, 31, 17);
INSERT INTO ORDER_ITEM (ID, ORDER_ID, PRODUCT_ID, QUANTITY)
VALUES (6911, 292, 55, 18);
INSERT INTO ORDER_ITEM (ID, ORDER_ID, PRODUCT_ID, QUANTITY)
VALUES (6912, 292, 33, 12);
INSERT INTO ORDER_ITEM (ID, ORDER_ID, PRODUCT_ID, QUANTITY)
VALUES (6913, 292, 12, 4);
INSERT INTO ORDER_ITEM (ID, ORDER_ID, PRODUCT_ID, QUANTITY)
VALUES (6914, 292, 14, 5);
INSERT INTO ORDER_ITEM (ID, ORDER_ID, PRODUCT_ID, QUANTITY)
VALUES (6915, 292, 26, 15);
INSERT INTO ORDER_ITEM (ID, ORDER_ID, PRODUCT_ID, QUANTITY)
VALUES (6916, 292, 17, 6);
INSERT INTO ORDER_ITEM (ID, ORDER_ID, PRODUCT_ID, QUANTITY)
VALUES (6917, 292, 56, 10);
INSERT INTO ORDER_ITEM (ID, ORDER_ID, PRODUCT_ID, QUANTITY)
VALUES (6918, 292, 46, 17);
INSERT INTO ORDER_ITEM (ID, ORDER_ID, PRODUCT_ID, QUANTITY)
VALUES (6919, 292, 28, 8);
INSERT INTO ORDER_ITEM (ID, ORDER_ID, PRODUCT_ID, QUANTITY)
VALUES (6920, 292, 54, 0);
INSERT INTO ORDER_ITEM (ID, ORDER_ID, PRODUCT_ID, QUANTITY)
VALUES (6921, 292, 30, 6);
INSERT INTO ORDER_ITEM (ID, ORDER_ID, PRODUCT_ID, QUANTITY)
VALUES (6922, 292, 60, 13);
INSERT INTO ORDER_ITEM (ID, ORDER_ID, PRODUCT_ID, QUANTITY)
VALUES (6923, 292, 43, 20);
INSERT INTO ORDER_ITEM (ID, ORDER_ID, PRODUCT_ID, QUANTITY)
VALUES (6924, 292, 38, 3);
INSERT INTO ORDER_ITEM (ID, ORDER_ID, PRODUCT_ID, QUANTITY)
VALUES (6925, 292, 48, 9);
INSERT INTO ORDER_ITEM (ID, ORDER_ID, PRODUCT_ID, QUANTITY)
VALUES (6926, 292, 24, 7);
INSERT INTO ORDER_ITEM (ID, ORDER_ID, PRODUCT_ID, QUANTITY)
VALUES (6927, 292, 49, 12);
INSERT INTO ORDER_ITEM (ID, ORDER_ID, PRODUCT_ID, QUANTITY)
VALUES (6928, 292, 44, 8);
INSERT INTO ORDER_ITEM (ID, ORDER_ID, PRODUCT_ID, QUANTITY)
VALUES (6929, 292, 23, 10);
INSERT INTO ORDER_ITEM (ID, ORDER_ID, PRODUCT_ID, QUANTITY)
VALUES (6930, 292, 37, 18);
INSERT INTO ORDER_ITEM (ID, ORDER_ID, PRODUCT_ID, QUANTITY)
VALUES (6931, 292, 13, 3);
INSERT INTO ORDER_ITEM (ID, ORDER_ID, PRODUCT_ID, QUANTITY)
VALUES (6932, 292, 21, 15);
INSERT INTO ORDER_ITEM (ID, ORDER_ID, PRODUCT_ID, QUANTITY)
VALUES (6933, 292, 19, 19);
-- ### ORDER 283
INSERT INTO PAYMENT_DETAIL(ID, AMOUNT, PROVIDER, PROVIDER_PAYMENT_UUID)
VALUES (293, 748.0, 'PAYPAL', '875628391');
INSERT INTO ORDERS (ID, CUST_ID, PAYMENT_ID, STATUS, AMOUNT, CREATED_ON, UPDATED_ON)
VALUES (293, 777, 293, 'DELIVERED', 748.0, LOCALTIMESTAMP, LOCALTIMESTAMP);
INSERT INTO ORDER_ITEM (ID, ORDER_ID, PRODUCT_ID, QUANTITY)
VALUES (6934, 293, 53, 6);
INSERT INTO ORDER_ITEM (ID, ORDER_ID, PRODUCT_ID, QUANTITY)
VALUES (6935, 293, 60, 0);
INSERT INTO ORDER_ITEM (ID, ORDER_ID, PRODUCT_ID, QUANTITY)
VALUES (6936, 293, 55, 12);
INSERT INTO ORDER_ITEM (ID, ORDER_ID, PRODUCT_ID, QUANTITY)
VALUES (6937, 293, 43, 16);
INSERT INTO ORDER_ITEM (ID, ORDER_ID, PRODUCT_ID, QUANTITY)
VALUES (6938, 293, 52, 16);
INSERT INTO ORDER_ITEM (ID, ORDER_ID, PRODUCT_ID, QUANTITY)
VALUES (6939, 293, 18, 2);
INSERT INTO ORDER_ITEM (ID, ORDER_ID, PRODUCT_ID, QUANTITY)
VALUES (6940, 293, 48, 10);
INSERT INTO ORDER_ITEM (ID, ORDER_ID, PRODUCT_ID, QUANTITY)
VALUES (6941, 293, 20, 3);
INSERT INTO ORDER_ITEM (ID, ORDER_ID, PRODUCT_ID, QUANTITY)
VALUES (6942, 293, 38, 18);
INSERT INTO ORDER_ITEM (ID, ORDER_ID, PRODUCT_ID, QUANTITY)
VALUES (6943, 293, 49, 12);
-- ### ORDER 284
INSERT INTO PAYMENT_DETAIL(ID, AMOUNT, PROVIDER, PROVIDER_PAYMENT_UUID)
VALUES (294, 538.0, 'ICARD', '147085979');
INSERT INTO ORDERS (ID, CUST_ID, PAYMENT_ID, STATUS, AMOUNT, CREATED_ON, UPDATED_ON)
VALUES (294, 777, 294, 'DELIVERED', 538.0, LOCALTIMESTAMP, LOCALTIMESTAMP);
INSERT INTO ORDER_ITEM (ID, ORDER_ID, PRODUCT_ID, QUANTITY)
VALUES (6944, 294, 36, 20);
INSERT INTO ORDER_ITEM (ID, ORDER_ID, PRODUCT_ID, QUANTITY)
VALUES (6945, 294, 37, 19);
INSERT INTO ORDER_ITEM (ID, ORDER_ID, PRODUCT_ID, QUANTITY)
VALUES (6946, 294, 15, 15);
INSERT INTO ORDER_ITEM (ID, ORDER_ID, PRODUCT_ID, QUANTITY)
VALUES (6947, 294, 48, 2);
INSERT INTO ORDER_ITEM (ID, ORDER_ID, PRODUCT_ID, QUANTITY)
VALUES (6948, 294, 27, 5);
INSERT INTO ORDER_ITEM (ID, ORDER_ID, PRODUCT_ID, QUANTITY)
VALUES (6949, 294, 17, 0);
INSERT INTO ORDER_ITEM (ID, ORDER_ID, PRODUCT_ID, QUANTITY)
VALUES (6950, 294, 24, 15);
INSERT INTO ORDER_ITEM (ID, ORDER_ID, PRODUCT_ID, QUANTITY)
VALUES (6951, 294, 52, 0);
INSERT INTO ORDER_ITEM (ID, ORDER_ID, PRODUCT_ID, QUANTITY)
VALUES (6952, 294, 38, 17);
INSERT INTO ORDER_ITEM (ID, ORDER_ID, PRODUCT_ID, QUANTITY)
VALUES (6953, 294, 22, 1);
INSERT INTO ORDER_ITEM (ID, ORDER_ID, PRODUCT_ID, QUANTITY)
VALUES (6954, 294, 57, 10);
INSERT INTO ORDER_ITEM (ID, ORDER_ID, PRODUCT_ID, QUANTITY)
VALUES (6955, 294, 41, 19);
-- ### ORDER 285
INSERT INTO PAYMENT_DETAIL(ID, AMOUNT, PROVIDER, PROVIDER_PAYMENT_UUID)
VALUES (295, 3890.0, 'PAYPAL', '595039392');
INSERT INTO ORDERS (ID, CUST_ID, PAYMENT_ID, STATUS, AMOUNT, CREATED_ON, UPDATED_ON)
VALUES (295, 777, 295, 'DELIVERED', 3890.0, LOCALTIMESTAMP, LOCALTIMESTAMP);
-- ### ORDER 286
INSERT INTO PAYMENT_DETAIL(ID, AMOUNT, PROVIDER, PROVIDER_PAYMENT_UUID)
VALUES (296, 1254.0, 'MASTERCARD', '710896255');
INSERT INTO ORDERS (ID, CUST_ID, PAYMENT_ID, STATUS, AMOUNT, CREATED_ON, UPDATED_ON)
VALUES (296, 777, 296, 'DELIVERED', 1254.0, LOCALTIMESTAMP, LOCALTIMESTAMP);
INSERT INTO ORDER_ITEM (ID, ORDER_ID, PRODUCT_ID, QUANTITY)
VALUES (6956, 296, 60, 3);
INSERT INTO ORDER_ITEM (ID, ORDER_ID, PRODUCT_ID, QUANTITY)
VALUES (6957, 296, 44, 11);
INSERT INTO ORDER_ITEM (ID, ORDER_ID, PRODUCT_ID, QUANTITY)
VALUES (6958, 296, 48, 18);
INSERT INTO ORDER_ITEM (ID, ORDER_ID, PRODUCT_ID, QUANTITY)
VALUES (6959, 296, 36, 6);
INSERT INTO ORDER_ITEM (ID, ORDER_ID, PRODUCT_ID, QUANTITY)
VALUES (6960, 296, 35, 1);
INSERT INTO ORDER_ITEM (ID, ORDER_ID, PRODUCT_ID, QUANTITY)
VALUES (6961, 296, 19, 11);
INSERT INTO ORDER_ITEM (ID, ORDER_ID, PRODUCT_ID, QUANTITY)
VALUES (6962, 296, 30, 3);
INSERT INTO ORDER_ITEM (ID, ORDER_ID, PRODUCT_ID, QUANTITY)
VALUES (6963, 296, 46, 11);
INSERT INTO ORDER_ITEM (ID, ORDER_ID, PRODUCT_ID, QUANTITY)
VALUES (6964, 296, 13, 13);
INSERT INTO ORDER_ITEM (ID, ORDER_ID, PRODUCT_ID, QUANTITY)
VALUES (6965, 296, 27, 20);
INSERT INTO ORDER_ITEM (ID, ORDER_ID, PRODUCT_ID, QUANTITY)
VALUES (6966, 296, 29, 15);
INSERT INTO ORDER_ITEM (ID, ORDER_ID, PRODUCT_ID, QUANTITY)
VALUES (6967, 296, 45, 9);
INSERT INTO ORDER_ITEM (ID, ORDER_ID, PRODUCT_ID, QUANTITY)
VALUES (6968, 296, 25, 4);
INSERT INTO ORDER_ITEM (ID, ORDER_ID, PRODUCT_ID, QUANTITY)
VALUES (6969, 296, 31, 1);
INSERT INTO ORDER_ITEM (ID, ORDER_ID, PRODUCT_ID, QUANTITY)
VALUES (6970, 296, 28, 6);
INSERT INTO ORDER_ITEM (ID, ORDER_ID, PRODUCT_ID, QUANTITY)
VALUES (6971, 296, 58, 15);
INSERT INTO ORDER_ITEM (ID, ORDER_ID, PRODUCT_ID, QUANTITY)
VALUES (6972, 296, 40, 2);
INSERT INTO ORDER_ITEM (ID, ORDER_ID, PRODUCT_ID, QUANTITY)
VALUES (6973, 296, 49, 14);
INSERT INTO ORDER_ITEM (ID, ORDER_ID, PRODUCT_ID, QUANTITY)
VALUES (6974, 296, 16, 6);
INSERT INTO ORDER_ITEM (ID, ORDER_ID, PRODUCT_ID, QUANTITY)
VALUES (6975, 296, 38, 15);
INSERT INTO ORDER_ITEM (ID, ORDER_ID, PRODUCT_ID, QUANTITY)
VALUES (6976, 296, 50, 2);
INSERT INTO ORDER_ITEM (ID, ORDER_ID, PRODUCT_ID, QUANTITY)
VALUES (6977, 296, 57, 2);
INSERT INTO ORDER_ITEM (ID, ORDER_ID, PRODUCT_ID, QUANTITY)
VALUES (6978, 296, 55, 7);
INSERT INTO ORDER_ITEM (ID, ORDER_ID, PRODUCT_ID, QUANTITY)
VALUES (6979, 296, 32, 2);
INSERT INTO ORDER_ITEM (ID, ORDER_ID, PRODUCT_ID, QUANTITY)
VALUES (6980, 296, 20, 0);
INSERT INTO ORDER_ITEM (ID, ORDER_ID, PRODUCT_ID, QUANTITY)
VALUES (6981, 296, 42, 10);
INSERT INTO ORDER_ITEM (ID, ORDER_ID, PRODUCT_ID, QUANTITY)
VALUES (6982, 296, 41, 20);
INSERT INTO ORDER_ITEM (ID, ORDER_ID, PRODUCT_ID, QUANTITY)
VALUES (6983, 296, 33, 7);
INSERT INTO ORDER_ITEM (ID, ORDER_ID, PRODUCT_ID, QUANTITY)
VALUES (6984, 296, 26, 11);
INSERT INTO ORDER_ITEM (ID, ORDER_ID, PRODUCT_ID, QUANTITY)
VALUES (6985, 296, 24, 1);
INSERT INTO ORDER_ITEM (ID, ORDER_ID, PRODUCT_ID, QUANTITY)
VALUES (6986, 296, 51, 3);
INSERT INTO ORDER_ITEM (ID, ORDER_ID, PRODUCT_ID, QUANTITY)
VALUES (6987, 296, 53, 12);
-- ### ORDER 287
INSERT INTO PAYMENT_DETAIL(ID, AMOUNT, PROVIDER, PROVIDER_PAYMENT_UUID)
VALUES (297, 1623.0, 'VISA', '409297604');
INSERT INTO ORDERS (ID, CUST_ID, PAYMENT_ID, STATUS, AMOUNT, CREATED_ON, UPDATED_ON)
VALUES (297, 777, 297, 'DELIVERED', 1623.0, LOCALTIMESTAMP, LOCALTIMESTAMP);
INSERT INTO ORDER_ITEM (ID, ORDER_ID, PRODUCT_ID, QUANTITY)
VALUES (6988, 297, 15, 4);
INSERT INTO ORDER_ITEM (ID, ORDER_ID, PRODUCT_ID, QUANTITY)
VALUES (6989, 297, 52, 17);
INSERT INTO ORDER_ITEM (ID, ORDER_ID, PRODUCT_ID, QUANTITY)
VALUES (6990, 297, 55, 0);
INSERT INTO ORDER_ITEM (ID, ORDER_ID, PRODUCT_ID, QUANTITY)
VALUES (6991, 297, 30, 1);
INSERT INTO ORDER_ITEM (ID, ORDER_ID, PRODUCT_ID, QUANTITY)
VALUES (6992, 297, 60, 15);
INSERT INTO ORDER_ITEM (ID, ORDER_ID, PRODUCT_ID, QUANTITY)
VALUES (6993, 297, 36, 9);
INSERT INTO ORDER_ITEM (ID, ORDER_ID, PRODUCT_ID, QUANTITY)
VALUES (6994, 297, 13, 9);
INSERT INTO ORDER_ITEM (ID, ORDER_ID, PRODUCT_ID, QUANTITY)
VALUES (6995, 297, 29, 14);
INSERT INTO ORDER_ITEM (ID, ORDER_ID, PRODUCT_ID, QUANTITY)
VALUES (6996, 297, 43, 7);
INSERT INTO ORDER_ITEM (ID, ORDER_ID, PRODUCT_ID, QUANTITY)
VALUES (6997, 297, 26, 5);
INSERT INTO ORDER_ITEM (ID, ORDER_ID, PRODUCT_ID, QUANTITY)
VALUES (6998, 297, 59, 7);
INSERT INTO ORDER_ITEM (ID, ORDER_ID, PRODUCT_ID, QUANTITY)
VALUES (6999, 297, 41, 19);
INSERT INTO ORDER_ITEM (ID, ORDER_ID, PRODUCT_ID, QUANTITY)
VALUES (7000, 297, 35, 9);
INSERT INTO ORDER_ITEM (ID, ORDER_ID, PRODUCT_ID, QUANTITY)
VALUES (7001, 297, 34, 14);
INSERT INTO ORDER_ITEM (ID, ORDER_ID, PRODUCT_ID, QUANTITY)
VALUES (7002, 297, 32, 15);
INSERT INTO ORDER_ITEM (ID, ORDER_ID, PRODUCT_ID, QUANTITY)
VALUES (7003, 297, 16, 11);
INSERT INTO ORDER_ITEM (ID, ORDER_ID, PRODUCT_ID, QUANTITY)
VALUES (7004, 297, 54, 2);
INSERT INTO ORDER_ITEM (ID, ORDER_ID, PRODUCT_ID, QUANTITY)
VALUES (7005, 297, 18, 14);
INSERT INTO ORDER_ITEM (ID, ORDER_ID, PRODUCT_ID, QUANTITY)
VALUES (7006, 297, 47, 11);
-- ### ORDER 288
INSERT INTO PAYMENT_DETAIL(ID, AMOUNT, PROVIDER, PROVIDER_PAYMENT_UUID)
VALUES (298, 2621.0, 'PAYPAL', '811401011');
INSERT INTO ORDERS (ID, CUST_ID, PAYMENT_ID, STATUS, AMOUNT, CREATED_ON, UPDATED_ON)
VALUES (298, 777, 298, 'DELIVERED', 2621.0, LOCALTIMESTAMP, LOCALTIMESTAMP);
INSERT INTO ORDER_ITEM (ID, ORDER_ID, PRODUCT_ID, QUANTITY)
VALUES (7007, 298, 46, 10);
INSERT INTO ORDER_ITEM (ID, ORDER_ID, PRODUCT_ID, QUANTITY)
VALUES (7008, 298, 23, 9);
INSERT INTO ORDER_ITEM (ID, ORDER_ID, PRODUCT_ID, QUANTITY)
VALUES (7009, 298, 18, 3);
INSERT INTO ORDER_ITEM (ID, ORDER_ID, PRODUCT_ID, QUANTITY)
VALUES (7010, 298, 51, 13);
INSERT INTO ORDER_ITEM (ID, ORDER_ID, PRODUCT_ID, QUANTITY)
VALUES (7011, 298, 37, 2);
INSERT INTO ORDER_ITEM (ID, ORDER_ID, PRODUCT_ID, QUANTITY)
VALUES (7012, 298, 58, 1);
INSERT INTO ORDER_ITEM (ID, ORDER_ID, PRODUCT_ID, QUANTITY)
VALUES (7013, 298, 28, 20);
INSERT INTO ORDER_ITEM (ID, ORDER_ID, PRODUCT_ID, QUANTITY)
VALUES (7014, 298, 27, 13);
INSERT INTO ORDER_ITEM (ID, ORDER_ID, PRODUCT_ID, QUANTITY)
VALUES (7015, 298, 43, 6);
INSERT INTO ORDER_ITEM (ID, ORDER_ID, PRODUCT_ID, QUANTITY)
VALUES (7016, 298, 24, 19);
INSERT INTO ORDER_ITEM (ID, ORDER_ID, PRODUCT_ID, QUANTITY)
VALUES (7017, 298, 44, 5);
INSERT INTO ORDER_ITEM (ID, ORDER_ID, PRODUCT_ID, QUANTITY)
VALUES (7018, 298, 59, 17);
INSERT INTO ORDER_ITEM (ID, ORDER_ID, PRODUCT_ID, QUANTITY)
VALUES (7019, 298, 55, 10);
INSERT INTO ORDER_ITEM (ID, ORDER_ID, PRODUCT_ID, QUANTITY)
VALUES (7020, 298, 25, 1);
INSERT INTO ORDER_ITEM (ID, ORDER_ID, PRODUCT_ID, QUANTITY)
VALUES (7021, 298, 30, 10);
INSERT INTO ORDER_ITEM (ID, ORDER_ID, PRODUCT_ID, QUANTITY)
VALUES (7022, 298, 13, 1);
INSERT INTO ORDER_ITEM (ID, ORDER_ID, PRODUCT_ID, QUANTITY)
VALUES (7023, 298, 57, 20);
INSERT INTO ORDER_ITEM (ID, ORDER_ID, PRODUCT_ID, QUANTITY)
VALUES (7024, 298, 14, 17);
INSERT INTO ORDER_ITEM (ID, ORDER_ID, PRODUCT_ID, QUANTITY)
VALUES (7025, 298, 40, 7);
INSERT INTO ORDER_ITEM (ID, ORDER_ID, PRODUCT_ID, QUANTITY)
VALUES (7026, 298, 33, 17);
INSERT INTO ORDER_ITEM (ID, ORDER_ID, PRODUCT_ID, QUANTITY)
VALUES (7027, 298, 29, 4);
INSERT INTO ORDER_ITEM (ID, ORDER_ID, PRODUCT_ID, QUANTITY)
VALUES (7028, 298, 42, 4);
INSERT INTO ORDER_ITEM (ID, ORDER_ID, PRODUCT_ID, QUANTITY)
VALUES (7029, 298, 36, 0);
INSERT INTO ORDER_ITEM (ID, ORDER_ID, PRODUCT_ID, QUANTITY)
VALUES (7030, 298, 20, 18);
INSERT INTO ORDER_ITEM (ID, ORDER_ID, PRODUCT_ID, QUANTITY)
VALUES (7031, 298, 54, 5);
INSERT INTO ORDER_ITEM (ID, ORDER_ID, PRODUCT_ID, QUANTITY)
VALUES (7032, 298, 31, 1);
INSERT INTO ORDER_ITEM (ID, ORDER_ID, PRODUCT_ID, QUANTITY)
VALUES (7033, 298, 39, 16);
INSERT INTO ORDER_ITEM (ID, ORDER_ID, PRODUCT_ID, QUANTITY)
VALUES (7034, 298, 32, 15);
INSERT INTO ORDER_ITEM (ID, ORDER_ID, PRODUCT_ID, QUANTITY)
VALUES (7035, 298, 35, 18);
INSERT INTO ORDER_ITEM (ID, ORDER_ID, PRODUCT_ID, QUANTITY)
VALUES (7036, 298, 56, 10);
INSERT INTO ORDER_ITEM (ID, ORDER_ID, PRODUCT_ID, QUANTITY)
VALUES (7037, 298, 17, 19);
INSERT INTO ORDER_ITEM (ID, ORDER_ID, PRODUCT_ID, QUANTITY)
VALUES (7038, 298, 60, 12);
INSERT INTO ORDER_ITEM (ID, ORDER_ID, PRODUCT_ID, QUANTITY)
VALUES (7039, 298, 50, 20);
INSERT INTO ORDER_ITEM (ID, ORDER_ID, PRODUCT_ID, QUANTITY)
VALUES (7040, 298, 45, 10);
INSERT INTO ORDER_ITEM (ID, ORDER_ID, PRODUCT_ID, QUANTITY)
VALUES (7041, 298, 15, 1);
INSERT INTO ORDER_ITEM (ID, ORDER_ID, PRODUCT_ID, QUANTITY)
VALUES (7042, 298, 12, 20);
INSERT INTO ORDER_ITEM (ID, ORDER_ID, PRODUCT_ID, QUANTITY)
VALUES (7043, 298, 53, 20);
INSERT INTO ORDER_ITEM (ID, ORDER_ID, PRODUCT_ID, QUANTITY)
VALUES (7044, 298, 21, 14);
INSERT INTO ORDER_ITEM (ID, ORDER_ID, PRODUCT_ID, QUANTITY)
VALUES (7045, 298, 11, 0);
INSERT INTO ORDER_ITEM (ID, ORDER_ID, PRODUCT_ID, QUANTITY)
VALUES (7046, 298, 49, 14);
INSERT INTO ORDER_ITEM (ID, ORDER_ID, PRODUCT_ID, QUANTITY)
VALUES (7047, 298, 47, 17);
INSERT INTO ORDER_ITEM (ID, ORDER_ID, PRODUCT_ID, QUANTITY)
VALUES (7048, 298, 19, 20);
INSERT INTO ORDER_ITEM (ID, ORDER_ID, PRODUCT_ID, QUANTITY)
VALUES (7049, 298, 26, 1);
INSERT INTO ORDER_ITEM (ID, ORDER_ID, PRODUCT_ID, QUANTITY)
VALUES (7050, 298, 41, 4);
INSERT INTO ORDER_ITEM (ID, ORDER_ID, PRODUCT_ID, QUANTITY)
VALUES (7051, 298, 16, 2);
INSERT INTO ORDER_ITEM (ID, ORDER_ID, PRODUCT_ID, QUANTITY)
VALUES (7052, 298, 34, 6);
-- ### ORDER 289
INSERT INTO PAYMENT_DETAIL(ID, AMOUNT, PROVIDER, PROVIDER_PAYMENT_UUID)
VALUES (299, 327.0, 'VISA', '184819168');
INSERT INTO ORDERS (ID, CUST_ID, PAYMENT_ID, STATUS, AMOUNT, CREATED_ON, UPDATED_ON)
VALUES (299, 777, 299, 'DELIVERED', 327.0, LOCALTIMESTAMP, LOCALTIMESTAMP);
INSERT INTO ORDER_ITEM (ID, ORDER_ID, PRODUCT_ID, QUANTITY)
VALUES (7053, 299, 49, 18);
INSERT INTO ORDER_ITEM (ID, ORDER_ID, PRODUCT_ID, QUANTITY)
VALUES (7054, 299, 45, 13);
INSERT INTO ORDER_ITEM (ID, ORDER_ID, PRODUCT_ID, QUANTITY)
VALUES (7055, 299, 31, 9);
INSERT INTO ORDER_ITEM (ID, ORDER_ID, PRODUCT_ID, QUANTITY)
VALUES (7056, 299, 24, 9);
INSERT INTO ORDER_ITEM (ID, ORDER_ID, PRODUCT_ID, QUANTITY)
VALUES (7057, 299, 36, 7);
INSERT INTO ORDER_ITEM (ID, ORDER_ID, PRODUCT_ID, QUANTITY)
VALUES (7058, 299, 42, 7);
INSERT INTO ORDER_ITEM (ID, ORDER_ID, PRODUCT_ID, QUANTITY)
VALUES (7059, 299, 53, 7);
INSERT INTO ORDER_ITEM (ID, ORDER_ID, PRODUCT_ID, QUANTITY)
VALUES (7060, 299, 60, 0);
INSERT INTO ORDER_ITEM (ID, ORDER_ID, PRODUCT_ID, QUANTITY)
VALUES (7061, 299, 44, 6);
INSERT INTO ORDER_ITEM (ID, ORDER_ID, PRODUCT_ID, QUANTITY)
VALUES (7062, 299, 48, 16);
INSERT INTO ORDER_ITEM (ID, ORDER_ID, PRODUCT_ID, QUANTITY)
VALUES (7063, 299, 29, 10);
INSERT INTO ORDER_ITEM (ID, ORDER_ID, PRODUCT_ID, QUANTITY)
VALUES (7064, 299, 12, 20);
INSERT INTO ORDER_ITEM (ID, ORDER_ID, PRODUCT_ID, QUANTITY)
VALUES (7065, 299, 50, 6);
INSERT INTO ORDER_ITEM (ID, ORDER_ID, PRODUCT_ID, QUANTITY)
VALUES (7066, 299, 34, 12);
INSERT INTO ORDER_ITEM (ID, ORDER_ID, PRODUCT_ID, QUANTITY)
VALUES (7067, 299, 17, 4);
INSERT INTO ORDER_ITEM (ID, ORDER_ID, PRODUCT_ID, QUANTITY)
VALUES (7068, 299, 46, 3);
INSERT INTO ORDER_ITEM (ID, ORDER_ID, PRODUCT_ID, QUANTITY)
VALUES (7069, 299, 14, 1);
INSERT INTO ORDER_ITEM (ID, ORDER_ID, PRODUCT_ID, QUANTITY)
VALUES (7070, 299, 57, 0);
INSERT INTO ORDER_ITEM (ID, ORDER_ID, PRODUCT_ID, QUANTITY)
VALUES (7071, 299, 16, 15);
INSERT INTO ORDER_ITEM (ID, ORDER_ID, PRODUCT_ID, QUANTITY)
VALUES (7072, 299, 23, 20);
INSERT INTO ORDER_ITEM (ID, ORDER_ID, PRODUCT_ID, QUANTITY)
VALUES (7073, 299, 38, 8);
INSERT INTO ORDER_ITEM (ID, ORDER_ID, PRODUCT_ID, QUANTITY)
VALUES (7074, 299, 19, 8);
INSERT INTO ORDER_ITEM (ID, ORDER_ID, PRODUCT_ID, QUANTITY)
VALUES (7075, 299, 51, 11);
INSERT INTO ORDER_ITEM (ID, ORDER_ID, PRODUCT_ID, QUANTITY)
VALUES (7076, 299, 32, 1);
INSERT INTO ORDER_ITEM (ID, ORDER_ID, PRODUCT_ID, QUANTITY)
VALUES (7077, 299, 30, 11);
INSERT INTO ORDER_ITEM (ID, ORDER_ID, PRODUCT_ID, QUANTITY)
VALUES (7078, 299, 28, 8);
INSERT INTO ORDER_ITEM (ID, ORDER_ID, PRODUCT_ID, QUANTITY)
VALUES (7079, 299, 15, 11);
INSERT INTO ORDER_ITEM (ID, ORDER_ID, PRODUCT_ID, QUANTITY)
VALUES (7080, 299, 56, 19);
INSERT INTO ORDER_ITEM (ID, ORDER_ID, PRODUCT_ID, QUANTITY)
VALUES (7081, 299, 27, 12);
INSERT INTO ORDER_ITEM (ID, ORDER_ID, PRODUCT_ID, QUANTITY)
VALUES (7082, 299, 13, 12);
INSERT INTO ORDER_ITEM (ID, ORDER_ID, PRODUCT_ID, QUANTITY)
VALUES (7083, 299, 25, 14);
INSERT INTO ORDER_ITEM (ID, ORDER_ID, PRODUCT_ID, QUANTITY)
VALUES (7084, 299, 26, 15);
INSERT INTO ORDER_ITEM (ID, ORDER_ID, PRODUCT_ID, QUANTITY)
VALUES (7085, 299, 43, 20);
INSERT INTO ORDER_ITEM (ID, ORDER_ID, PRODUCT_ID, QUANTITY)
VALUES (7086, 299, 40, 2);
INSERT INTO ORDER_ITEM (ID, ORDER_ID, PRODUCT_ID, QUANTITY)
VALUES (7087, 299, 21, 19);
-- ### ORDER 290
INSERT INTO PAYMENT_DETAIL(ID, AMOUNT, PROVIDER, PROVIDER_PAYMENT_UUID)
VALUES (300, 1930.0, 'CRYPTO', '892910857');
INSERT INTO ORDERS (ID, CUST_ID, PAYMENT_ID, STATUS, AMOUNT, CREATED_ON, UPDATED_ON)
VALUES (300, 777, 300, 'DELIVERED', 1930.0, LOCALTIMESTAMP, LOCALTIMESTAMP);
INSERT INTO ORDER_ITEM (ID, ORDER_ID, PRODUCT_ID, QUANTITY)
VALUES (7088, 300, 46, 3);
INSERT INTO ORDER_ITEM (ID, ORDER_ID, PRODUCT_ID, QUANTITY)
VALUES (7089, 300, 59, 2);
INSERT INTO ORDER_ITEM (ID, ORDER_ID, PRODUCT_ID, QUANTITY)
VALUES (7090, 300, 45, 19);
INSERT INTO ORDER_ITEM (ID, ORDER_ID, PRODUCT_ID, QUANTITY)
VALUES (7091, 300, 34, 5);
INSERT INTO ORDER_ITEM (ID, ORDER_ID, PRODUCT_ID, QUANTITY)
VALUES (7092, 300, 12, 20);
INSERT INTO ORDER_ITEM (ID, ORDER_ID, PRODUCT_ID, QUANTITY)
VALUES (7093, 300, 40, 2);
INSERT INTO ORDER_ITEM (ID, ORDER_ID, PRODUCT_ID, QUANTITY)
VALUES (7094, 300, 35, 1);
INSERT INTO ORDER_ITEM (ID, ORDER_ID, PRODUCT_ID, QUANTITY)
VALUES (7095, 300, 51, 17);
INSERT INTO ORDER_ITEM (ID, ORDER_ID, PRODUCT_ID, QUANTITY)
VALUES (7096, 300, 37, 17);
INSERT INTO ORDER_ITEM (ID, ORDER_ID, PRODUCT_ID, QUANTITY)
VALUES (7097, 300, 11, 18);
INSERT INTO ORDER_ITEM (ID, ORDER_ID, PRODUCT_ID, QUANTITY)
VALUES (7098, 300, 24, 3);
INSERT INTO ORDER_ITEM (ID, ORDER_ID, PRODUCT_ID, QUANTITY)
VALUES (7099, 300, 16, 19);
INSERT INTO ORDER_ITEM (ID, ORDER_ID, PRODUCT_ID, QUANTITY)
VALUES (7100, 300, 14, 0);
INSERT INTO ORDER_ITEM (ID, ORDER_ID, PRODUCT_ID, QUANTITY)
VALUES (7101, 300, 43, 10);
INSERT INTO ORDER_ITEM (ID, ORDER_ID, PRODUCT_ID, QUANTITY)
VALUES (7102, 300, 28, 10);
INSERT INTO ORDER_ITEM (ID, ORDER_ID, PRODUCT_ID, QUANTITY)
VALUES (7103, 300, 22, 1);
INSERT INTO ORDER_ITEM (ID, ORDER_ID, PRODUCT_ID, QUANTITY)
VALUES (7104, 300, 57, 12);
INSERT INTO ORDER_ITEM (ID, ORDER_ID, PRODUCT_ID, QUANTITY)
VALUES (7105, 300, 38, 16);
INSERT INTO ORDER_ITEM (ID, ORDER_ID, PRODUCT_ID, QUANTITY)
VALUES (7106, 300, 50, 3);
INSERT INTO ORDER_ITEM (ID, ORDER_ID, PRODUCT_ID, QUANTITY)
VALUES (7107, 300, 17, 1);
INSERT INTO ORDER_ITEM (ID, ORDER_ID, PRODUCT_ID, QUANTITY)
VALUES (7108, 300, 41, 10);
INSERT INTO ORDER_ITEM (ID, ORDER_ID, PRODUCT_ID, QUANTITY)
VALUES (7109, 300, 56, 12);
INSERT INTO ORDER_ITEM (ID, ORDER_ID, PRODUCT_ID, QUANTITY)
VALUES (7110, 300, 20, 16);
-- ### ORDER 291
INSERT INTO PAYMENT_DETAIL(ID, AMOUNT, PROVIDER, PROVIDER_PAYMENT_UUID)
VALUES (301, 961.0, 'CRYPTO', '805406770');
INSERT INTO ORDERS (ID, CUST_ID, PAYMENT_ID, STATUS, AMOUNT, CREATED_ON, UPDATED_ON)
VALUES (301, 777, 301, 'DELIVERED', 961.0, LOCALTIMESTAMP, LOCALTIMESTAMP);
INSERT INTO ORDER_ITEM (ID, ORDER_ID, PRODUCT_ID, QUANTITY)
VALUES (7111, 301, 53, 15);
INSERT INTO ORDER_ITEM (ID, ORDER_ID, PRODUCT_ID, QUANTITY)
VALUES (7112, 301, 49, 9);
INSERT INTO ORDER_ITEM (ID, ORDER_ID, PRODUCT_ID, QUANTITY)
VALUES (7113, 301, 44, 6);
INSERT INTO ORDER_ITEM (ID, ORDER_ID, PRODUCT_ID, QUANTITY)
VALUES (7114, 301, 42, 19);
INSERT INTO ORDER_ITEM (ID, ORDER_ID, PRODUCT_ID, QUANTITY)
VALUES (7115, 301, 23, 6);
INSERT INTO ORDER_ITEM (ID, ORDER_ID, PRODUCT_ID, QUANTITY)
VALUES (7116, 301, 35, 10);
INSERT INTO ORDER_ITEM (ID, ORDER_ID, PRODUCT_ID, QUANTITY)
VALUES (7117, 301, 34, 11);
INSERT INTO ORDER_ITEM (ID, ORDER_ID, PRODUCT_ID, QUANTITY)
VALUES (7118, 301, 13, 15);
INSERT INTO ORDER_ITEM (ID, ORDER_ID, PRODUCT_ID, QUANTITY)
VALUES (7119, 301, 16, 16);
INSERT INTO ORDER_ITEM (ID, ORDER_ID, PRODUCT_ID, QUANTITY)
VALUES (7120, 301, 22, 2);
INSERT INTO ORDER_ITEM (ID, ORDER_ID, PRODUCT_ID, QUANTITY)
VALUES (7121, 301, 47, 16);
INSERT INTO ORDER_ITEM (ID, ORDER_ID, PRODUCT_ID, QUANTITY)
VALUES (7122, 301, 38, 17);
INSERT INTO ORDER_ITEM (ID, ORDER_ID, PRODUCT_ID, QUANTITY)
VALUES (7123, 301, 28, 14);
INSERT INTO ORDER_ITEM (ID, ORDER_ID, PRODUCT_ID, QUANTITY)
VALUES (7124, 301, 29, 2);
INSERT INTO ORDER_ITEM (ID, ORDER_ID, PRODUCT_ID, QUANTITY)
VALUES (7125, 301, 50, 5);
INSERT INTO ORDER_ITEM (ID, ORDER_ID, PRODUCT_ID, QUANTITY)
VALUES (7126, 301, 37, 14);
INSERT INTO ORDER_ITEM (ID, ORDER_ID, PRODUCT_ID, QUANTITY)
VALUES (7127, 301, 41, 3);
INSERT INTO ORDER_ITEM (ID, ORDER_ID, PRODUCT_ID, QUANTITY)
VALUES (7128, 301, 19, 3);
INSERT INTO ORDER_ITEM (ID, ORDER_ID, PRODUCT_ID, QUANTITY)
VALUES (7129, 301, 39, 13);
INSERT INTO ORDER_ITEM (ID, ORDER_ID, PRODUCT_ID, QUANTITY)
VALUES (7130, 301, 54, 9);
-- ### ORDER 292
INSERT INTO PAYMENT_DETAIL(ID, AMOUNT, PROVIDER, PROVIDER_PAYMENT_UUID)
VALUES (302, 2796.0, 'ICARD', '926087989');
INSERT INTO ORDERS (ID, CUST_ID, PAYMENT_ID, STATUS, AMOUNT, CREATED_ON, UPDATED_ON)
VALUES (302, 777, 302, 'DELIVERED', 2796.0, LOCALTIMESTAMP, LOCALTIMESTAMP);
INSERT INTO ORDER_ITEM (ID, ORDER_ID, PRODUCT_ID, QUANTITY)
VALUES (7131, 302, 11, 10);
INSERT INTO ORDER_ITEM (ID, ORDER_ID, PRODUCT_ID, QUANTITY)
VALUES (7132, 302, 51, 2);
INSERT INTO ORDER_ITEM (ID, ORDER_ID, PRODUCT_ID, QUANTITY)
VALUES (7133, 302, 16, 12);
INSERT INTO ORDER_ITEM (ID, ORDER_ID, PRODUCT_ID, QUANTITY)
VALUES (7134, 302, 33, 17);
INSERT INTO ORDER_ITEM (ID, ORDER_ID, PRODUCT_ID, QUANTITY)
VALUES (7135, 302, 38, 7);
INSERT INTO ORDER_ITEM (ID, ORDER_ID, PRODUCT_ID, QUANTITY)
VALUES (7136, 302, 30, 5);
INSERT INTO ORDER_ITEM (ID, ORDER_ID, PRODUCT_ID, QUANTITY)
VALUES (7137, 302, 42, 8);
INSERT INTO ORDER_ITEM (ID, ORDER_ID, PRODUCT_ID, QUANTITY)
VALUES (7138, 302, 58, 8);
INSERT INTO ORDER_ITEM (ID, ORDER_ID, PRODUCT_ID, QUANTITY)
VALUES (7139, 302, 35, 11);
INSERT INTO ORDER_ITEM (ID, ORDER_ID, PRODUCT_ID, QUANTITY)
VALUES (7140, 302, 15, 16);
INSERT INTO ORDER_ITEM (ID, ORDER_ID, PRODUCT_ID, QUANTITY)
VALUES (7141, 302, 55, 4);
INSERT INTO ORDER_ITEM (ID, ORDER_ID, PRODUCT_ID, QUANTITY)
VALUES (7142, 302, 46, 4);
INSERT INTO ORDER_ITEM (ID, ORDER_ID, PRODUCT_ID, QUANTITY)
VALUES (7143, 302, 54, 14);
INSERT INTO ORDER_ITEM (ID, ORDER_ID, PRODUCT_ID, QUANTITY)
VALUES (7144, 302, 24, 11);
INSERT INTO ORDER_ITEM (ID, ORDER_ID, PRODUCT_ID, QUANTITY)
VALUES (7145, 302, 20, 20);
INSERT INTO ORDER_ITEM (ID, ORDER_ID, PRODUCT_ID, QUANTITY)
VALUES (7146, 302, 23, 1);
INSERT INTO ORDER_ITEM (ID, ORDER_ID, PRODUCT_ID, QUANTITY)
VALUES (7147, 302, 17, 9);
INSERT INTO ORDER_ITEM (ID, ORDER_ID, PRODUCT_ID, QUANTITY)
VALUES (7148, 302, 40, 6);
INSERT INTO ORDER_ITEM (ID, ORDER_ID, PRODUCT_ID, QUANTITY)
VALUES (7149, 302, 21, 20);
INSERT INTO ORDER_ITEM (ID, ORDER_ID, PRODUCT_ID, QUANTITY)
VALUES (7150, 302, 53, 20);
INSERT INTO ORDER_ITEM (ID, ORDER_ID, PRODUCT_ID, QUANTITY)
VALUES (7151, 302, 43, 5);
INSERT INTO ORDER_ITEM (ID, ORDER_ID, PRODUCT_ID, QUANTITY)
VALUES (7152, 302, 59, 13);
INSERT INTO ORDER_ITEM (ID, ORDER_ID, PRODUCT_ID, QUANTITY)
VALUES (7153, 302, 14, 6);
INSERT INTO ORDER_ITEM (ID, ORDER_ID, PRODUCT_ID, QUANTITY)
VALUES (7154, 302, 22, 8);
INSERT INTO ORDER_ITEM (ID, ORDER_ID, PRODUCT_ID, QUANTITY)
VALUES (7155, 302, 18, 2);
INSERT INTO ORDER_ITEM (ID, ORDER_ID, PRODUCT_ID, QUANTITY)
VALUES (7156, 302, 26, 4);
INSERT INTO ORDER_ITEM (ID, ORDER_ID, PRODUCT_ID, QUANTITY)
VALUES (7157, 302, 56, 12);
INSERT INTO ORDER_ITEM (ID, ORDER_ID, PRODUCT_ID, QUANTITY)
VALUES (7158, 302, 50, 17);
INSERT INTO ORDER_ITEM (ID, ORDER_ID, PRODUCT_ID, QUANTITY)
VALUES (7159, 302, 29, 6);
INSERT INTO ORDER_ITEM (ID, ORDER_ID, PRODUCT_ID, QUANTITY)
VALUES (7160, 302, 57, 1);
INSERT INTO ORDER_ITEM (ID, ORDER_ID, PRODUCT_ID, QUANTITY)
VALUES (7161, 302, 45, 8);
INSERT INTO ORDER_ITEM (ID, ORDER_ID, PRODUCT_ID, QUANTITY)
VALUES (7162, 302, 52, 4);
INSERT INTO ORDER_ITEM (ID, ORDER_ID, PRODUCT_ID, QUANTITY)
VALUES (7163, 302, 48, 14);
INSERT INTO ORDER_ITEM (ID, ORDER_ID, PRODUCT_ID, QUANTITY)
VALUES (7164, 302, 25, 4);
INSERT INTO ORDER_ITEM (ID, ORDER_ID, PRODUCT_ID, QUANTITY)
VALUES (7165, 302, 28, 13);
INSERT INTO ORDER_ITEM (ID, ORDER_ID, PRODUCT_ID, QUANTITY)
VALUES (7166, 302, 34, 10);
INSERT INTO ORDER_ITEM (ID, ORDER_ID, PRODUCT_ID, QUANTITY)
VALUES (7167, 302, 60, 14);
INSERT INTO ORDER_ITEM (ID, ORDER_ID, PRODUCT_ID, QUANTITY)
VALUES (7168, 302, 31, 9);
INSERT INTO ORDER_ITEM (ID, ORDER_ID, PRODUCT_ID, QUANTITY)
VALUES (7169, 302, 19, 6);
INSERT INTO ORDER_ITEM (ID, ORDER_ID, PRODUCT_ID, QUANTITY)
VALUES (7170, 302, 44, 9);
INSERT INTO ORDER_ITEM (ID, ORDER_ID, PRODUCT_ID, QUANTITY)
VALUES (7171, 302, 36, 0);
INSERT INTO ORDER_ITEM (ID, ORDER_ID, PRODUCT_ID, QUANTITY)
VALUES (7172, 302, 39, 3);
INSERT INTO ORDER_ITEM (ID, ORDER_ID, PRODUCT_ID, QUANTITY)
VALUES (7173, 302, 12, 4);
INSERT INTO ORDER_ITEM (ID, ORDER_ID, PRODUCT_ID, QUANTITY)
VALUES (7174, 302, 37, 15);
INSERT INTO ORDER_ITEM (ID, ORDER_ID, PRODUCT_ID, QUANTITY)
VALUES (7175, 302, 49, 19);
INSERT INTO ORDER_ITEM (ID, ORDER_ID, PRODUCT_ID, QUANTITY)
VALUES (7176, 302, 13, 20);
INSERT INTO ORDER_ITEM (ID, ORDER_ID, PRODUCT_ID, QUANTITY)
VALUES (7177, 302, 32, 7);
INSERT INTO ORDER_ITEM (ID, ORDER_ID, PRODUCT_ID, QUANTITY)
VALUES (7178, 302, 41, 8);
-- ### ORDER 293
INSERT INTO PAYMENT_DETAIL(ID, AMOUNT, PROVIDER, PROVIDER_PAYMENT_UUID)
VALUES (303, 1471.0, 'MASTERCARD', '66115780');
INSERT INTO ORDERS (ID, CUST_ID, PAYMENT_ID, STATUS, AMOUNT, CREATED_ON, UPDATED_ON)
VALUES (303, 777, 303, 'DELIVERED', 1471.0, LOCALTIMESTAMP, LOCALTIMESTAMP);
INSERT INTO ORDER_ITEM (ID, ORDER_ID, PRODUCT_ID, QUANTITY)
VALUES (7179, 303, 22, 16);
INSERT INTO ORDER_ITEM (ID, ORDER_ID, PRODUCT_ID, QUANTITY)
VALUES (7180, 303, 55, 3);
INSERT INTO ORDER_ITEM (ID, ORDER_ID, PRODUCT_ID, QUANTITY)
VALUES (7181, 303, 45, 19);
INSERT INTO ORDER_ITEM (ID, ORDER_ID, PRODUCT_ID, QUANTITY)
VALUES (7182, 303, 27, 16);
INSERT INTO ORDER_ITEM (ID, ORDER_ID, PRODUCT_ID, QUANTITY)
VALUES (7183, 303, 21, 18);
INSERT INTO ORDER_ITEM (ID, ORDER_ID, PRODUCT_ID, QUANTITY)
VALUES (7184, 303, 17, 2);
INSERT INTO ORDER_ITEM (ID, ORDER_ID, PRODUCT_ID, QUANTITY)
VALUES (7185, 303, 43, 20);
INSERT INTO ORDER_ITEM (ID, ORDER_ID, PRODUCT_ID, QUANTITY)
VALUES (7186, 303, 46, 4);
INSERT INTO ORDER_ITEM (ID, ORDER_ID, PRODUCT_ID, QUANTITY)
VALUES (7187, 303, 25, 15);
INSERT INTO ORDER_ITEM (ID, ORDER_ID, PRODUCT_ID, QUANTITY)
VALUES (7188, 303, 15, 17);
INSERT INTO ORDER_ITEM (ID, ORDER_ID, PRODUCT_ID, QUANTITY)
VALUES (7189, 303, 53, 19);
INSERT INTO ORDER_ITEM (ID, ORDER_ID, PRODUCT_ID, QUANTITY)
VALUES (7190, 303, 16, 3);
INSERT INTO ORDER_ITEM (ID, ORDER_ID, PRODUCT_ID, QUANTITY)
VALUES (7191, 303, 56, 10);
INSERT INTO ORDER_ITEM (ID, ORDER_ID, PRODUCT_ID, QUANTITY)
VALUES (7192, 303, 28, 13);
INSERT INTO ORDER_ITEM (ID, ORDER_ID, PRODUCT_ID, QUANTITY)
VALUES (7193, 303, 20, 16);
INSERT INTO ORDER_ITEM (ID, ORDER_ID, PRODUCT_ID, QUANTITY)
VALUES (7194, 303, 49, 20);
INSERT INTO ORDER_ITEM (ID, ORDER_ID, PRODUCT_ID, QUANTITY)
VALUES (7195, 303, 31, 7);
INSERT INTO ORDER_ITEM (ID, ORDER_ID, PRODUCT_ID, QUANTITY)
VALUES (7196, 303, 39, 1);
INSERT INTO ORDER_ITEM (ID, ORDER_ID, PRODUCT_ID, QUANTITY)
VALUES (7197, 303, 57, 12);
INSERT INTO ORDER_ITEM (ID, ORDER_ID, PRODUCT_ID, QUANTITY)
VALUES (7198, 303, 24, 15);
INSERT INTO ORDER_ITEM (ID, ORDER_ID, PRODUCT_ID, QUANTITY)
VALUES (7199, 303, 12, 1);
INSERT INTO ORDER_ITEM (ID, ORDER_ID, PRODUCT_ID, QUANTITY)
VALUES (7200, 303, 37, 8);
INSERT INTO ORDER_ITEM (ID, ORDER_ID, PRODUCT_ID, QUANTITY)
VALUES (7201, 303, 41, 6);
INSERT INTO ORDER_ITEM (ID, ORDER_ID, PRODUCT_ID, QUANTITY)
VALUES (7202, 303, 44, 4);
-- ### ORDER 294
INSERT INTO PAYMENT_DETAIL(ID, AMOUNT, PROVIDER, PROVIDER_PAYMENT_UUID)
VALUES (304, 2028.0, 'VISA', '581935233');
INSERT INTO ORDERS (ID, CUST_ID, PAYMENT_ID, STATUS, AMOUNT, CREATED_ON, UPDATED_ON)
VALUES (304, 777, 304, 'DELIVERED', 2028.0, LOCALTIMESTAMP, LOCALTIMESTAMP);
INSERT INTO ORDER_ITEM (ID, ORDER_ID, PRODUCT_ID, QUANTITY)
VALUES (7203, 304, 54, 5);
-- ### ORDER 295
INSERT INTO PAYMENT_DETAIL(ID, AMOUNT, PROVIDER, PROVIDER_PAYMENT_UUID)
VALUES (305, 1475.0, 'PAYPAL', '204713529');
INSERT INTO ORDERS (ID, CUST_ID, PAYMENT_ID, STATUS, AMOUNT, CREATED_ON, UPDATED_ON)
VALUES (305, 777, 305, 'DELIVERED', 1475.0, LOCALTIMESTAMP, LOCALTIMESTAMP);
INSERT INTO ORDER_ITEM (ID, ORDER_ID, PRODUCT_ID, QUANTITY)
VALUES (7204, 305, 39, 13);
INSERT INTO ORDER_ITEM (ID, ORDER_ID, PRODUCT_ID, QUANTITY)
VALUES (7205, 305, 37, 9);
INSERT INTO ORDER_ITEM (ID, ORDER_ID, PRODUCT_ID, QUANTITY)
VALUES (7206, 305, 11, 18);
INSERT INTO ORDER_ITEM (ID, ORDER_ID, PRODUCT_ID, QUANTITY)
VALUES (7207, 305, 38, 1);
INSERT INTO ORDER_ITEM (ID, ORDER_ID, PRODUCT_ID, QUANTITY)
VALUES (7208, 305, 54, 20);
INSERT INTO ORDER_ITEM (ID, ORDER_ID, PRODUCT_ID, QUANTITY)
VALUES (7209, 305, 24, 0);
INSERT INTO ORDER_ITEM (ID, ORDER_ID, PRODUCT_ID, QUANTITY)
VALUES (7210, 305, 18, 5);
INSERT INTO ORDER_ITEM (ID, ORDER_ID, PRODUCT_ID, QUANTITY)
VALUES (7211, 305, 15, 19);
INSERT INTO ORDER_ITEM (ID, ORDER_ID, PRODUCT_ID, QUANTITY)
VALUES (7212, 305, 50, 20);
INSERT INTO ORDER_ITEM (ID, ORDER_ID, PRODUCT_ID, QUANTITY)
VALUES (7213, 305, 57, 7);
INSERT INTO ORDER_ITEM (ID, ORDER_ID, PRODUCT_ID, QUANTITY)
VALUES (7214, 305, 58, 12);
-- ### ORDER 296
INSERT INTO PAYMENT_DETAIL(ID, AMOUNT, PROVIDER, PROVIDER_PAYMENT_UUID)
VALUES (306, 3997.0, 'CRYPTO', '541254794');
INSERT INTO ORDERS (ID, CUST_ID, PAYMENT_ID, STATUS, AMOUNT, CREATED_ON, UPDATED_ON)
VALUES (306, 777, 306, 'DELIVERED', 3997.0, LOCALTIMESTAMP, LOCALTIMESTAMP);
INSERT INTO ORDER_ITEM (ID, ORDER_ID, PRODUCT_ID, QUANTITY)
VALUES (7215, 306, 50, 4);
INSERT INTO ORDER_ITEM (ID, ORDER_ID, PRODUCT_ID, QUANTITY)
VALUES (7216, 306, 11, 17);
INSERT INTO ORDER_ITEM (ID, ORDER_ID, PRODUCT_ID, QUANTITY)
VALUES (7217, 306, 34, 17);
INSERT INTO ORDER_ITEM (ID, ORDER_ID, PRODUCT_ID, QUANTITY)
VALUES (7218, 306, 51, 15);
INSERT INTO ORDER_ITEM (ID, ORDER_ID, PRODUCT_ID, QUANTITY)
VALUES (7219, 306, 32, 16);
INSERT INTO ORDER_ITEM (ID, ORDER_ID, PRODUCT_ID, QUANTITY)
VALUES (7220, 306, 57, 12);
INSERT INTO ORDER_ITEM (ID, ORDER_ID, PRODUCT_ID, QUANTITY)
VALUES (7221, 306, 24, 16);
INSERT INTO ORDER_ITEM (ID, ORDER_ID, PRODUCT_ID, QUANTITY)
VALUES (7222, 306, 16, 15);
INSERT INTO ORDER_ITEM (ID, ORDER_ID, PRODUCT_ID, QUANTITY)
VALUES (7223, 306, 44, 9);
INSERT INTO ORDER_ITEM (ID, ORDER_ID, PRODUCT_ID, QUANTITY)
VALUES (7224, 306, 37, 1);
INSERT INTO ORDER_ITEM (ID, ORDER_ID, PRODUCT_ID, QUANTITY)
VALUES (7225, 306, 47, 14);
INSERT INTO ORDER_ITEM (ID, ORDER_ID, PRODUCT_ID, QUANTITY)
VALUES (7226, 306, 18, 12);
INSERT INTO ORDER_ITEM (ID, ORDER_ID, PRODUCT_ID, QUANTITY)
VALUES (7227, 306, 36, 11);
INSERT INTO ORDER_ITEM (ID, ORDER_ID, PRODUCT_ID, QUANTITY)
VALUES (7228, 306, 15, 4);
INSERT INTO ORDER_ITEM (ID, ORDER_ID, PRODUCT_ID, QUANTITY)
VALUES (7229, 306, 43, 18);
INSERT INTO ORDER_ITEM (ID, ORDER_ID, PRODUCT_ID, QUANTITY)
VALUES (7230, 306, 28, 6);
INSERT INTO ORDER_ITEM (ID, ORDER_ID, PRODUCT_ID, QUANTITY)
VALUES (7231, 306, 52, 4);
INSERT INTO ORDER_ITEM (ID, ORDER_ID, PRODUCT_ID, QUANTITY)
VALUES (7232, 306, 41, 4);
INSERT INTO ORDER_ITEM (ID, ORDER_ID, PRODUCT_ID, QUANTITY)
VALUES (7233, 306, 13, 16);
INSERT INTO ORDER_ITEM (ID, ORDER_ID, PRODUCT_ID, QUANTITY)
VALUES (7234, 306, 58, 8);
INSERT INTO ORDER_ITEM (ID, ORDER_ID, PRODUCT_ID, QUANTITY)
VALUES (7235, 306, 55, 1);
INSERT INTO ORDER_ITEM (ID, ORDER_ID, PRODUCT_ID, QUANTITY)
VALUES (7236, 306, 56, 4);
INSERT INTO ORDER_ITEM (ID, ORDER_ID, PRODUCT_ID, QUANTITY)
VALUES (7237, 306, 35, 5);
INSERT INTO ORDER_ITEM (ID, ORDER_ID, PRODUCT_ID, QUANTITY)
VALUES (7238, 306, 39, 7);
INSERT INTO ORDER_ITEM (ID, ORDER_ID, PRODUCT_ID, QUANTITY)
VALUES (7239, 306, 49, 1);
INSERT INTO ORDER_ITEM (ID, ORDER_ID, PRODUCT_ID, QUANTITY)
VALUES (7240, 306, 59, 2);
INSERT INTO ORDER_ITEM (ID, ORDER_ID, PRODUCT_ID, QUANTITY)
VALUES (7241, 306, 40, 11);
INSERT INTO ORDER_ITEM (ID, ORDER_ID, PRODUCT_ID, QUANTITY)
VALUES (7242, 306, 29, 16);
INSERT INTO ORDER_ITEM (ID, ORDER_ID, PRODUCT_ID, QUANTITY)
VALUES (7243, 306, 48, 14);
INSERT INTO ORDER_ITEM (ID, ORDER_ID, PRODUCT_ID, QUANTITY)
VALUES (7244, 306, 21, 12);
-- ### ORDER 297
INSERT INTO PAYMENT_DETAIL(ID, AMOUNT, PROVIDER, PROVIDER_PAYMENT_UUID)
VALUES (307, 1416.0, 'PAYPAL', '105748074');
INSERT INTO ORDERS (ID, CUST_ID, PAYMENT_ID, STATUS, AMOUNT, CREATED_ON, UPDATED_ON)
VALUES (307, 777, 307, 'DELIVERED', 1416.0, LOCALTIMESTAMP, LOCALTIMESTAMP);
INSERT INTO ORDER_ITEM (ID, ORDER_ID, PRODUCT_ID, QUANTITY)
VALUES (7245, 307, 57, 1);
INSERT INTO ORDER_ITEM (ID, ORDER_ID, PRODUCT_ID, QUANTITY)
VALUES (7246, 307, 47, 11);
INSERT INTO ORDER_ITEM (ID, ORDER_ID, PRODUCT_ID, QUANTITY)
VALUES (7247, 307, 49, 20);
INSERT INTO ORDER_ITEM (ID, ORDER_ID, PRODUCT_ID, QUANTITY)
VALUES (7248, 307, 59, 2);
INSERT INTO ORDER_ITEM (ID, ORDER_ID, PRODUCT_ID, QUANTITY)
VALUES (7249, 307, 19, 4);
INSERT INTO ORDER_ITEM (ID, ORDER_ID, PRODUCT_ID, QUANTITY)
VALUES (7250, 307, 35, 9);
INSERT INTO ORDER_ITEM (ID, ORDER_ID, PRODUCT_ID, QUANTITY)
VALUES (7251, 307, 50, 11);
INSERT INTO ORDER_ITEM (ID, ORDER_ID, PRODUCT_ID, QUANTITY)
VALUES (7252, 307, 36, 10);
INSERT INTO ORDER_ITEM (ID, ORDER_ID, PRODUCT_ID, QUANTITY)
VALUES (7253, 307, 24, 1);
INSERT INTO ORDER_ITEM (ID, ORDER_ID, PRODUCT_ID, QUANTITY)
VALUES (7254, 307, 12, 19);
INSERT INTO ORDER_ITEM (ID, ORDER_ID, PRODUCT_ID, QUANTITY)
VALUES (7255, 307, 34, 16);
INSERT INTO ORDER_ITEM (ID, ORDER_ID, PRODUCT_ID, QUANTITY)
VALUES (7256, 307, 18, 19);
INSERT INTO ORDER_ITEM (ID, ORDER_ID, PRODUCT_ID, QUANTITY)
VALUES (7257, 307, 52, 20);
INSERT INTO ORDER_ITEM (ID, ORDER_ID, PRODUCT_ID, QUANTITY)
VALUES (7258, 307, 39, 5);
INSERT INTO ORDER_ITEM (ID, ORDER_ID, PRODUCT_ID, QUANTITY)
VALUES (7259, 307, 29, 14);
INSERT INTO ORDER_ITEM (ID, ORDER_ID, PRODUCT_ID, QUANTITY)
VALUES (7260, 307, 46, 16);
INSERT INTO ORDER_ITEM (ID, ORDER_ID, PRODUCT_ID, QUANTITY)
VALUES (7261, 307, 45, 13);
INSERT INTO ORDER_ITEM (ID, ORDER_ID, PRODUCT_ID, QUANTITY)
VALUES (7262, 307, 25, 20);
INSERT INTO ORDER_ITEM (ID, ORDER_ID, PRODUCT_ID, QUANTITY)
VALUES (7263, 307, 14, 6);
INSERT INTO ORDER_ITEM (ID, ORDER_ID, PRODUCT_ID, QUANTITY)
VALUES (7264, 307, 48, 18);
INSERT INTO ORDER_ITEM (ID, ORDER_ID, PRODUCT_ID, QUANTITY)
VALUES (7265, 307, 27, 2);
INSERT INTO ORDER_ITEM (ID, ORDER_ID, PRODUCT_ID, QUANTITY)
VALUES (7266, 307, 53, 14);
INSERT INTO ORDER_ITEM (ID, ORDER_ID, PRODUCT_ID, QUANTITY)
VALUES (7267, 307, 20, 4);
INSERT INTO ORDER_ITEM (ID, ORDER_ID, PRODUCT_ID, QUANTITY)
VALUES (7268, 307, 32, 17);
INSERT INTO ORDER_ITEM (ID, ORDER_ID, PRODUCT_ID, QUANTITY)
VALUES (7269, 307, 54, 5);
INSERT INTO ORDER_ITEM (ID, ORDER_ID, PRODUCT_ID, QUANTITY)
VALUES (7270, 307, 41, 17);
INSERT INTO ORDER_ITEM (ID, ORDER_ID, PRODUCT_ID, QUANTITY)
VALUES (7271, 307, 38, 12);
INSERT INTO ORDER_ITEM (ID, ORDER_ID, PRODUCT_ID, QUANTITY)
VALUES (7272, 307, 51, 14);
INSERT INTO ORDER_ITEM (ID, ORDER_ID, PRODUCT_ID, QUANTITY)
VALUES (7273, 307, 21, 14);
INSERT INTO ORDER_ITEM (ID, ORDER_ID, PRODUCT_ID, QUANTITY)
VALUES (7274, 307, 26, 3);
INSERT INTO ORDER_ITEM (ID, ORDER_ID, PRODUCT_ID, QUANTITY)
VALUES (7275, 307, 44, 20);
INSERT INTO ORDER_ITEM (ID, ORDER_ID, PRODUCT_ID, QUANTITY)
VALUES (7276, 307, 60, 6);
INSERT INTO ORDER_ITEM (ID, ORDER_ID, PRODUCT_ID, QUANTITY)
VALUES (7277, 307, 30, 15);
INSERT INTO ORDER_ITEM (ID, ORDER_ID, PRODUCT_ID, QUANTITY)
VALUES (7278, 307, 16, 13);
-- ### ORDER 298
INSERT INTO PAYMENT_DETAIL(ID, AMOUNT, PROVIDER, PROVIDER_PAYMENT_UUID)
VALUES (308, 1860.0, 'PAYPAL', '657208746');
INSERT INTO ORDERS (ID, CUST_ID, PAYMENT_ID, STATUS, AMOUNT, CREATED_ON, UPDATED_ON)
VALUES (308, 777, 308, 'DELIVERED', 1860.0, LOCALTIMESTAMP, LOCALTIMESTAMP);
INSERT INTO ORDER_ITEM (ID, ORDER_ID, PRODUCT_ID, QUANTITY)
VALUES (7279, 308, 40, 7);
INSERT INTO ORDER_ITEM (ID, ORDER_ID, PRODUCT_ID, QUANTITY)
VALUES (7280, 308, 23, 2);
INSERT INTO ORDER_ITEM (ID, ORDER_ID, PRODUCT_ID, QUANTITY)
VALUES (7281, 308, 34, 10);
INSERT INTO ORDER_ITEM (ID, ORDER_ID, PRODUCT_ID, QUANTITY)
VALUES (7282, 308, 59, 9);
INSERT INTO ORDER_ITEM (ID, ORDER_ID, PRODUCT_ID, QUANTITY)
VALUES (7283, 308, 25, 15);
INSERT INTO ORDER_ITEM (ID, ORDER_ID, PRODUCT_ID, QUANTITY)
VALUES (7284, 308, 18, 10);
INSERT INTO ORDER_ITEM (ID, ORDER_ID, PRODUCT_ID, QUANTITY)
VALUES (7285, 308, 45, 2);
INSERT INTO ORDER_ITEM (ID, ORDER_ID, PRODUCT_ID, QUANTITY)
VALUES (7286, 308, 51, 0);
INSERT INTO ORDER_ITEM (ID, ORDER_ID, PRODUCT_ID, QUANTITY)
VALUES (7287, 308, 38, 15);
INSERT INTO ORDER_ITEM (ID, ORDER_ID, PRODUCT_ID, QUANTITY)
VALUES (7288, 308, 57, 11);
INSERT INTO ORDER_ITEM (ID, ORDER_ID, PRODUCT_ID, QUANTITY)
VALUES (7289, 308, 56, 9);
INSERT INTO ORDER_ITEM (ID, ORDER_ID, PRODUCT_ID, QUANTITY)
VALUES (7290, 308, 55, 11);
INSERT INTO ORDER_ITEM (ID, ORDER_ID, PRODUCT_ID, QUANTITY)
VALUES (7291, 308, 49, 14);
INSERT INTO ORDER_ITEM (ID, ORDER_ID, PRODUCT_ID, QUANTITY)
VALUES (7292, 308, 33, 5);
INSERT INTO ORDER_ITEM (ID, ORDER_ID, PRODUCT_ID, QUANTITY)
VALUES (7293, 308, 42, 14);
INSERT INTO ORDER_ITEM (ID, ORDER_ID, PRODUCT_ID, QUANTITY)
VALUES (7294, 308, 11, 20);
INSERT INTO ORDER_ITEM (ID, ORDER_ID, PRODUCT_ID, QUANTITY)
VALUES (7295, 308, 31, 4);
INSERT INTO ORDER_ITEM (ID, ORDER_ID, PRODUCT_ID, QUANTITY)
VALUES (7296, 308, 47, 9);
INSERT INTO ORDER_ITEM (ID, ORDER_ID, PRODUCT_ID, QUANTITY)
VALUES (7297, 308, 39, 15);
INSERT INTO ORDER_ITEM (ID, ORDER_ID, PRODUCT_ID, QUANTITY)
VALUES (7298, 308, 22, 1);
INSERT INTO ORDER_ITEM (ID, ORDER_ID, PRODUCT_ID, QUANTITY)
VALUES (7299, 308, 53, 15);
INSERT INTO ORDER_ITEM (ID, ORDER_ID, PRODUCT_ID, QUANTITY)
VALUES (7300, 308, 54, 19);
INSERT INTO ORDER_ITEM (ID, ORDER_ID, PRODUCT_ID, QUANTITY)
VALUES (7301, 308, 48, 8);
INSERT INTO ORDER_ITEM (ID, ORDER_ID, PRODUCT_ID, QUANTITY)
VALUES (7302, 308, 35, 1);
INSERT INTO ORDER_ITEM (ID, ORDER_ID, PRODUCT_ID, QUANTITY)
VALUES (7303, 308, 50, 20);
INSERT INTO ORDER_ITEM (ID, ORDER_ID, PRODUCT_ID, QUANTITY)
VALUES (7304, 308, 36, 18);
INSERT INTO ORDER_ITEM (ID, ORDER_ID, PRODUCT_ID, QUANTITY)
VALUES (7305, 308, 29, 14);
INSERT INTO ORDER_ITEM (ID, ORDER_ID, PRODUCT_ID, QUANTITY)
VALUES (7306, 308, 24, 8);
INSERT INTO ORDER_ITEM (ID, ORDER_ID, PRODUCT_ID, QUANTITY)
VALUES (7307, 308, 32, 0);
INSERT INTO ORDER_ITEM (ID, ORDER_ID, PRODUCT_ID, QUANTITY)
VALUES (7308, 308, 12, 10);
INSERT INTO ORDER_ITEM (ID, ORDER_ID, PRODUCT_ID, QUANTITY)
VALUES (7309, 308, 43, 15);
INSERT INTO ORDER_ITEM (ID, ORDER_ID, PRODUCT_ID, QUANTITY)
VALUES (7310, 308, 15, 20);
INSERT INTO ORDER_ITEM (ID, ORDER_ID, PRODUCT_ID, QUANTITY)
VALUES (7311, 308, 13, 5);
INSERT INTO ORDER_ITEM (ID, ORDER_ID, PRODUCT_ID, QUANTITY)
VALUES (7312, 308, 27, 3);
INSERT INTO ORDER_ITEM (ID, ORDER_ID, PRODUCT_ID, QUANTITY)
VALUES (7313, 308, 26, 6);
INSERT INTO ORDER_ITEM (ID, ORDER_ID, PRODUCT_ID, QUANTITY)
VALUES (7314, 308, 60, 6);
INSERT INTO ORDER_ITEM (ID, ORDER_ID, PRODUCT_ID, QUANTITY)
VALUES (7315, 308, 21, 17);
INSERT INTO ORDER_ITEM (ID, ORDER_ID, PRODUCT_ID, QUANTITY)
VALUES (7316, 308, 28, 11);
-- ### ORDER 299
INSERT INTO PAYMENT_DETAIL(ID, AMOUNT, PROVIDER, PROVIDER_PAYMENT_UUID)
VALUES (309, 2303.0, 'MASTERCARD', '388559854');
INSERT INTO ORDERS (ID, CUST_ID, PAYMENT_ID, STATUS, AMOUNT, CREATED_ON, UPDATED_ON)
VALUES (309, 777, 309, 'DELIVERED', 2303.0, LOCALTIMESTAMP, LOCALTIMESTAMP);
INSERT INTO ORDER_ITEM (ID, ORDER_ID, PRODUCT_ID, QUANTITY)
VALUES (7317, 309, 14, 5);
INSERT INTO ORDER_ITEM (ID, ORDER_ID, PRODUCT_ID, QUANTITY)
VALUES (7318, 309, 47, 13);
INSERT INTO ORDER_ITEM (ID, ORDER_ID, PRODUCT_ID, QUANTITY)
VALUES (7319, 309, 36, 7);
INSERT INTO ORDER_ITEM (ID, ORDER_ID, PRODUCT_ID, QUANTITY)
VALUES (7320, 309, 26, 3);
INSERT INTO ORDER_ITEM (ID, ORDER_ID, PRODUCT_ID, QUANTITY)
VALUES (7321, 309, 48, 2);
INSERT INTO ORDER_ITEM (ID, ORDER_ID, PRODUCT_ID, QUANTITY)
VALUES (7322, 309, 35, 17);
INSERT INTO ORDER_ITEM (ID, ORDER_ID, PRODUCT_ID, QUANTITY)
VALUES (7323, 309, 28, 13);
INSERT INTO ORDER_ITEM (ID, ORDER_ID, PRODUCT_ID, QUANTITY)
VALUES (7324, 309, 20, 3);
INSERT INTO ORDER_ITEM (ID, ORDER_ID, PRODUCT_ID, QUANTITY)
VALUES (7325, 309, 39, 2);
INSERT INTO ORDER_ITEM (ID, ORDER_ID, PRODUCT_ID, QUANTITY)
VALUES (7326, 309, 11, 10);
INSERT INTO ORDER_ITEM (ID, ORDER_ID, PRODUCT_ID, QUANTITY)
VALUES (7327, 309, 29, 9);
INSERT INTO ORDER_ITEM (ID, ORDER_ID, PRODUCT_ID, QUANTITY)
VALUES (7328, 309, 46, 12);
INSERT INTO ORDER_ITEM (ID, ORDER_ID, PRODUCT_ID, QUANTITY)
VALUES (7329, 309, 53, 14);
INSERT INTO ORDER_ITEM (ID, ORDER_ID, PRODUCT_ID, QUANTITY)
VALUES (7330, 309, 51, 9);
INSERT INTO ORDER_ITEM (ID, ORDER_ID, PRODUCT_ID, QUANTITY)
VALUES (7331, 309, 41, 14);
INSERT INTO ORDER_ITEM (ID, ORDER_ID, PRODUCT_ID, QUANTITY)
VALUES (7332, 309, 12, 3);
INSERT INTO ORDER_ITEM (ID, ORDER_ID, PRODUCT_ID, QUANTITY)
VALUES (7333, 309, 60, 2);
INSERT INTO ORDER_ITEM (ID, ORDER_ID, PRODUCT_ID, QUANTITY)
VALUES (7334, 309, 43, 8);
-- ### ORDER 300
INSERT INTO PAYMENT_DETAIL(ID, AMOUNT, PROVIDER, PROVIDER_PAYMENT_UUID)
VALUES (310, 320.0, 'CRYPTO', '867900249');
INSERT INTO ORDERS (ID, CUST_ID, PAYMENT_ID, STATUS, AMOUNT, CREATED_ON, UPDATED_ON)
VALUES (310, 777, 310, 'DELIVERED', 320.0, LOCALTIMESTAMP, LOCALTIMESTAMP);
INSERT INTO ORDER_ITEM (ID, ORDER_ID, PRODUCT_ID, QUANTITY)
VALUES (7335, 310, 53, 20);
INSERT INTO ORDER_ITEM (ID, ORDER_ID, PRODUCT_ID, QUANTITY)
VALUES (7336, 310, 56, 15);
INSERT INTO ORDER_ITEM (ID, ORDER_ID, PRODUCT_ID, QUANTITY)
VALUES (7337, 310, 20, 9);
INSERT INTO ORDER_ITEM (ID, ORDER_ID, PRODUCT_ID, QUANTITY)
VALUES (7338, 310, 54, 14);
INSERT INTO ORDER_ITEM (ID, ORDER_ID, PRODUCT_ID, QUANTITY)
VALUES (7339, 310, 31, 5);
INSERT INTO ORDER_ITEM (ID, ORDER_ID, PRODUCT_ID, QUANTITY)
VALUES (7340, 310, 28, 7);
INSERT INTO ORDER_ITEM (ID, ORDER_ID, PRODUCT_ID, QUANTITY)
VALUES (7341, 310, 27, 15);
INSERT INTO ORDER_ITEM (ID, ORDER_ID, PRODUCT_ID, QUANTITY)
VALUES (7342, 310, 45, 4);
INSERT INTO ORDER_ITEM (ID, ORDER_ID, PRODUCT_ID, QUANTITY)
VALUES (7343, 310, 41, 4);
INSERT INTO ORDER_ITEM (ID, ORDER_ID, PRODUCT_ID, QUANTITY)
VALUES (7344, 310, 21, 5);
INSERT INTO ORDER_ITEM (ID, ORDER_ID, PRODUCT_ID, QUANTITY)
VALUES (7345, 310, 12, 12);
INSERT INTO ORDER_ITEM (ID, ORDER_ID, PRODUCT_ID, QUANTITY)
VALUES (7346, 310, 59, 2);
INSERT INTO ORDER_ITEM (ID, ORDER_ID, PRODUCT_ID, QUANTITY)
VALUES (7347, 310, 25, 11);
INSERT INTO ORDER_ITEM (ID, ORDER_ID, PRODUCT_ID, QUANTITY)
VALUES (7348, 310, 11, 0);
INSERT INTO ORDER_ITEM (ID, ORDER_ID, PRODUCT_ID, QUANTITY)
VALUES (7349, 310, 49, 8);
INSERT INTO ORDER_ITEM (ID, ORDER_ID, PRODUCT_ID, QUANTITY)
VALUES (7350, 310, 13, 7);
INSERT INTO ORDER_ITEM (ID, ORDER_ID, PRODUCT_ID, QUANTITY)
VALUES (7351, 310, 60, 17);
INSERT INTO ORDER_ITEM (ID, ORDER_ID, PRODUCT_ID, QUANTITY)
VALUES (7352, 310, 42, 10);
INSERT INTO ORDER_ITEM (ID, ORDER_ID, PRODUCT_ID, QUANTITY)
VALUES (7353, 310, 57, 14);
INSERT INTO ORDER_ITEM (ID, ORDER_ID, PRODUCT_ID, QUANTITY)
VALUES (7354, 310, 30, 13);
INSERT INTO ORDER_ITEM (ID, ORDER_ID, PRODUCT_ID, QUANTITY)
VALUES (7355, 310, 37, 11);
INSERT INTO ORDER_ITEM (ID, ORDER_ID, PRODUCT_ID, QUANTITY)
VALUES (7356, 310, 51, 4);
INSERT INTO ORDER_ITEM (ID, ORDER_ID, PRODUCT_ID, QUANTITY)
VALUES (7357, 310, 19, 20);
INSERT INTO ORDER_ITEM (ID, ORDER_ID, PRODUCT_ID, QUANTITY)
VALUES (7358, 310, 16, 2);
INSERT INTO ORDER_ITEM (ID, ORDER_ID, PRODUCT_ID, QUANTITY)
VALUES (7359, 310, 18, 11);
INSERT INTO ORDER_ITEM (ID, ORDER_ID, PRODUCT_ID, QUANTITY)
VALUES (7360, 310, 52, 4);
INSERT INTO ORDER_ITEM (ID, ORDER_ID, PRODUCT_ID, QUANTITY)
VALUES (7361, 310, 14, 9);
INSERT INTO ORDER_ITEM (ID, ORDER_ID, PRODUCT_ID, QUANTITY)
VALUES (7362, 310, 50, 3);
INSERT INTO ORDER_ITEM (ID, ORDER_ID, PRODUCT_ID, QUANTITY)
VALUES (7363, 310, 44, 17);
INSERT INTO ORDER_ITEM (ID, ORDER_ID, PRODUCT_ID, QUANTITY)
VALUES (7364, 310, 29, 16);
INSERT INTO ORDER_ITEM (ID, ORDER_ID, PRODUCT_ID, QUANTITY)
VALUES (7365, 310, 58, 5);
INSERT INTO ORDER_ITEM (ID, ORDER_ID, PRODUCT_ID, QUANTITY)
VALUES (7366, 310, 26, 1);
INSERT INTO ORDER_ITEM (ID, ORDER_ID, PRODUCT_ID, QUANTITY)
VALUES (7367, 310, 48, 3);
INSERT INTO ORDER_ITEM (ID, ORDER_ID, PRODUCT_ID, QUANTITY)
VALUES (7368, 310, 15, 10);
-- ### ORDER 301
INSERT INTO PAYMENT_DETAIL(ID, AMOUNT, PROVIDER, PROVIDER_PAYMENT_UUID)
VALUES (311, 2280.0, 'CRYPTO', '773228240');
INSERT INTO ORDERS (ID, CUST_ID, PAYMENT_ID, STATUS, AMOUNT, CREATED_ON, UPDATED_ON)
VALUES (311, 777, 311, 'DELIVERED', 2280.0, LOCALTIMESTAMP, LOCALTIMESTAMP);
INSERT INTO ORDER_ITEM (ID, ORDER_ID, PRODUCT_ID, QUANTITY)
VALUES (7369, 311, 18, 14);
INSERT INTO ORDER_ITEM (ID, ORDER_ID, PRODUCT_ID, QUANTITY)
VALUES (7370, 311, 54, 9);
INSERT INTO ORDER_ITEM (ID, ORDER_ID, PRODUCT_ID, QUANTITY)
VALUES (7371, 311, 15, 20);
INSERT INTO ORDER_ITEM (ID, ORDER_ID, PRODUCT_ID, QUANTITY)
VALUES (7372, 311, 46, 2);
INSERT INTO ORDER_ITEM (ID, ORDER_ID, PRODUCT_ID, QUANTITY)
VALUES (7373, 311, 41, 20);
INSERT INTO ORDER_ITEM (ID, ORDER_ID, PRODUCT_ID, QUANTITY)
VALUES (7374, 311, 60, 20);
INSERT INTO ORDER_ITEM (ID, ORDER_ID, PRODUCT_ID, QUANTITY)
VALUES (7375, 311, 56, 19);
INSERT INTO ORDER_ITEM (ID, ORDER_ID, PRODUCT_ID, QUANTITY)
VALUES (7376, 311, 43, 5);
INSERT INTO ORDER_ITEM (ID, ORDER_ID, PRODUCT_ID, QUANTITY)
VALUES (7377, 311, 24, 7);
INSERT INTO ORDER_ITEM (ID, ORDER_ID, PRODUCT_ID, QUANTITY)
VALUES (7378, 311, 39, 4);
INSERT INTO ORDER_ITEM (ID, ORDER_ID, PRODUCT_ID, QUANTITY)
VALUES (7379, 311, 59, 16);
INSERT INTO ORDER_ITEM (ID, ORDER_ID, PRODUCT_ID, QUANTITY)
VALUES (7380, 311, 23, 19);
INSERT INTO ORDER_ITEM (ID, ORDER_ID, PRODUCT_ID, QUANTITY)
VALUES (7381, 311, 28, 3);
INSERT INTO ORDER_ITEM (ID, ORDER_ID, PRODUCT_ID, QUANTITY)
VALUES (7382, 311, 37, 7);
INSERT INTO ORDER_ITEM (ID, ORDER_ID, PRODUCT_ID, QUANTITY)
VALUES (7383, 311, 35, 0);
INSERT INTO ORDER_ITEM (ID, ORDER_ID, PRODUCT_ID, QUANTITY)
VALUES (7384, 311, 29, 1);
INSERT INTO ORDER_ITEM (ID, ORDER_ID, PRODUCT_ID, QUANTITY)
VALUES (7385, 311, 34, 5);
INSERT INTO ORDER_ITEM (ID, ORDER_ID, PRODUCT_ID, QUANTITY)
VALUES (7386, 311, 47, 7);
INSERT INTO ORDER_ITEM (ID, ORDER_ID, PRODUCT_ID, QUANTITY)
VALUES (7387, 311, 13, 1);
INSERT INTO ORDER_ITEM (ID, ORDER_ID, PRODUCT_ID, QUANTITY)
VALUES (7388, 311, 32, 5);
INSERT INTO ORDER_ITEM (ID, ORDER_ID, PRODUCT_ID, QUANTITY)
VALUES (7389, 311, 48, 1);
INSERT INTO ORDER_ITEM (ID, ORDER_ID, PRODUCT_ID, QUANTITY)
VALUES (7390, 311, 45, 2);
INSERT INTO ORDER_ITEM (ID, ORDER_ID, PRODUCT_ID, QUANTITY)
VALUES (7391, 311, 50, 20);
INSERT INTO ORDER_ITEM (ID, ORDER_ID, PRODUCT_ID, QUANTITY)
VALUES (7392, 311, 16, 5);
INSERT INTO ORDER_ITEM (ID, ORDER_ID, PRODUCT_ID, QUANTITY)
VALUES (7393, 311, 31, 19);
INSERT INTO ORDER_ITEM (ID, ORDER_ID, PRODUCT_ID, QUANTITY)
VALUES (7394, 311, 49, 5);
INSERT INTO ORDER_ITEM (ID, ORDER_ID, PRODUCT_ID, QUANTITY)
VALUES (7395, 311, 42, 20);
INSERT INTO ORDER_ITEM (ID, ORDER_ID, PRODUCT_ID, QUANTITY)
VALUES (7396, 311, 53, 11);
INSERT INTO ORDER_ITEM (ID, ORDER_ID, PRODUCT_ID, QUANTITY)
VALUES (7397, 311, 14, 12);
INSERT INTO ORDER_ITEM (ID, ORDER_ID, PRODUCT_ID, QUANTITY)
VALUES (7398, 311, 57, 16);
INSERT INTO ORDER_ITEM (ID, ORDER_ID, PRODUCT_ID, QUANTITY)
VALUES (7399, 311, 55, 7);
INSERT INTO ORDER_ITEM (ID, ORDER_ID, PRODUCT_ID, QUANTITY)
VALUES (7400, 311, 21, 6);
INSERT INTO ORDER_ITEM (ID, ORDER_ID, PRODUCT_ID, QUANTITY)
VALUES (7401, 311, 52, 6);
INSERT INTO ORDER_ITEM (ID, ORDER_ID, PRODUCT_ID, QUANTITY)
VALUES (7402, 311, 25, 15);
INSERT INTO ORDER_ITEM (ID, ORDER_ID, PRODUCT_ID, QUANTITY)
VALUES (7403, 311, 51, 1);
INSERT INTO ORDER_ITEM (ID, ORDER_ID, PRODUCT_ID, QUANTITY)
VALUES (7404, 311, 20, 11);
INSERT INTO ORDER_ITEM (ID, ORDER_ID, PRODUCT_ID, QUANTITY)
VALUES (7405, 311, 26, 20);
INSERT INTO ORDER_ITEM (ID, ORDER_ID, PRODUCT_ID, QUANTITY)
VALUES (7406, 311, 27, 4);
INSERT INTO ORDER_ITEM (ID, ORDER_ID, PRODUCT_ID, QUANTITY)
VALUES (7407, 311, 44, 5);
INSERT INTO ORDER_ITEM (ID, ORDER_ID, PRODUCT_ID, QUANTITY)
VALUES (7408, 311, 12, 3);
INSERT INTO ORDER_ITEM (ID, ORDER_ID, PRODUCT_ID, QUANTITY)
VALUES (7409, 311, 33, 15);
INSERT INTO ORDER_ITEM (ID, ORDER_ID, PRODUCT_ID, QUANTITY)
VALUES (7410, 311, 30, 13);
INSERT INTO ORDER_ITEM (ID, ORDER_ID, PRODUCT_ID, QUANTITY)
VALUES (7411, 311, 58, 18);
INSERT INTO ORDER_ITEM (ID, ORDER_ID, PRODUCT_ID, QUANTITY)
VALUES (7412, 311, 36, 19);
INSERT INTO ORDER_ITEM (ID, ORDER_ID, PRODUCT_ID, QUANTITY)
VALUES (7413, 311, 22, 10);
INSERT INTO ORDER_ITEM (ID, ORDER_ID, PRODUCT_ID, QUANTITY)
VALUES (7414, 311, 19, 9);
INSERT INTO ORDER_ITEM (ID, ORDER_ID, PRODUCT_ID, QUANTITY)
VALUES (7415, 311, 40, 3);
-- ### ORDER 302
INSERT INTO PAYMENT_DETAIL(ID, AMOUNT, PROVIDER, PROVIDER_PAYMENT_UUID)
VALUES (312, 2909.0, 'MASTERCARD', '35822232');
INSERT INTO ORDERS (ID, CUST_ID, PAYMENT_ID, STATUS, AMOUNT, CREATED_ON, UPDATED_ON)
VALUES (312, 777, 312, 'DELIVERED', 2909.0, LOCALTIMESTAMP, LOCALTIMESTAMP);
INSERT INTO ORDER_ITEM (ID, ORDER_ID, PRODUCT_ID, QUANTITY)
VALUES (7416, 312, 29, 7);
INSERT INTO ORDER_ITEM (ID, ORDER_ID, PRODUCT_ID, QUANTITY)
VALUES (7417, 312, 11, 1);
INSERT INTO ORDER_ITEM (ID, ORDER_ID, PRODUCT_ID, QUANTITY)
VALUES (7418, 312, 16, 0);
INSERT INTO ORDER_ITEM (ID, ORDER_ID, PRODUCT_ID, QUANTITY)
VALUES (7419, 312, 59, 13);
INSERT INTO ORDER_ITEM (ID, ORDER_ID, PRODUCT_ID, QUANTITY)
VALUES (7420, 312, 39, 10);
INSERT INTO ORDER_ITEM (ID, ORDER_ID, PRODUCT_ID, QUANTITY)
VALUES (7421, 312, 25, 4);
INSERT INTO ORDER_ITEM (ID, ORDER_ID, PRODUCT_ID, QUANTITY)
VALUES (7422, 312, 15, 18);
INSERT INTO ORDER_ITEM (ID, ORDER_ID, PRODUCT_ID, QUANTITY)
VALUES (7423, 312, 47, 2);
INSERT INTO ORDER_ITEM (ID, ORDER_ID, PRODUCT_ID, QUANTITY)
VALUES (7424, 312, 14, 11);
INSERT INTO ORDER_ITEM (ID, ORDER_ID, PRODUCT_ID, QUANTITY)
VALUES (7425, 312, 19, 1);
INSERT INTO ORDER_ITEM (ID, ORDER_ID, PRODUCT_ID, QUANTITY)
VALUES (7426, 312, 54, 20);
INSERT INTO ORDER_ITEM (ID, ORDER_ID, PRODUCT_ID, QUANTITY)
VALUES (7427, 312, 37, 8);
INSERT INTO ORDER_ITEM (ID, ORDER_ID, PRODUCT_ID, QUANTITY)
VALUES (7428, 312, 57, 11);
INSERT INTO ORDER_ITEM (ID, ORDER_ID, PRODUCT_ID, QUANTITY)
VALUES (7429, 312, 43, 16);
INSERT INTO ORDER_ITEM (ID, ORDER_ID, PRODUCT_ID, QUANTITY)
VALUES (7430, 312, 41, 18);
INSERT INTO ORDER_ITEM (ID, ORDER_ID, PRODUCT_ID, QUANTITY)
VALUES (7431, 312, 18, 16);
INSERT INTO ORDER_ITEM (ID, ORDER_ID, PRODUCT_ID, QUANTITY)
VALUES (7432, 312, 32, 9);
INSERT INTO ORDER_ITEM (ID, ORDER_ID, PRODUCT_ID, QUANTITY)
VALUES (7433, 312, 58, 0);
INSERT INTO ORDER_ITEM (ID, ORDER_ID, PRODUCT_ID, QUANTITY)
VALUES (7434, 312, 45, 11);
INSERT INTO ORDER_ITEM (ID, ORDER_ID, PRODUCT_ID, QUANTITY)
VALUES (7435, 312, 46, 12);
INSERT INTO ORDER_ITEM (ID, ORDER_ID, PRODUCT_ID, QUANTITY)
VALUES (7436, 312, 44, 5);
INSERT INTO ORDER_ITEM (ID, ORDER_ID, PRODUCT_ID, QUANTITY)
VALUES (7437, 312, 20, 5);
INSERT INTO ORDER_ITEM (ID, ORDER_ID, PRODUCT_ID, QUANTITY)
VALUES (7438, 312, 17, 5);
INSERT INTO ORDER_ITEM (ID, ORDER_ID, PRODUCT_ID, QUANTITY)
VALUES (7439, 312, 28, 2);
INSERT INTO ORDER_ITEM (ID, ORDER_ID, PRODUCT_ID, QUANTITY)
VALUES (7440, 312, 53, 3);
INSERT INTO ORDER_ITEM (ID, ORDER_ID, PRODUCT_ID, QUANTITY)
VALUES (7441, 312, 31, 12);
INSERT INTO ORDER_ITEM (ID, ORDER_ID, PRODUCT_ID, QUANTITY)
VALUES (7442, 312, 36, 3);
INSERT INTO ORDER_ITEM (ID, ORDER_ID, PRODUCT_ID, QUANTITY)
VALUES (7443, 312, 60, 17);
INSERT INTO ORDER_ITEM (ID, ORDER_ID, PRODUCT_ID, QUANTITY)
VALUES (7444, 312, 56, 11);
-- ### ORDER 303
INSERT INTO PAYMENT_DETAIL(ID, AMOUNT, PROVIDER, PROVIDER_PAYMENT_UUID)
VALUES (313, 775.0, 'CRYPTO', '859680069');
INSERT INTO ORDERS (ID, CUST_ID, PAYMENT_ID, STATUS, AMOUNT, CREATED_ON, UPDATED_ON)
VALUES (313, 777, 313, 'DELIVERED', 775.0, LOCALTIMESTAMP, LOCALTIMESTAMP);
INSERT INTO ORDER_ITEM (ID, ORDER_ID, PRODUCT_ID, QUANTITY)
VALUES (7445, 313, 12, 4);
INSERT INTO ORDER_ITEM (ID, ORDER_ID, PRODUCT_ID, QUANTITY)
VALUES (7446, 313, 35, 8);
INSERT INTO ORDER_ITEM (ID, ORDER_ID, PRODUCT_ID, QUANTITY)
VALUES (7447, 313, 13, 14);
INSERT INTO ORDER_ITEM (ID, ORDER_ID, PRODUCT_ID, QUANTITY)
VALUES (7448, 313, 21, 4);
INSERT INTO ORDER_ITEM (ID, ORDER_ID, PRODUCT_ID, QUANTITY)
VALUES (7449, 313, 31, 14);
INSERT INTO ORDER_ITEM (ID, ORDER_ID, PRODUCT_ID, QUANTITY)
VALUES (7450, 313, 53, 5);
INSERT INTO ORDER_ITEM (ID, ORDER_ID, PRODUCT_ID, QUANTITY)
VALUES (7451, 313, 18, 15);
INSERT INTO ORDER_ITEM (ID, ORDER_ID, PRODUCT_ID, QUANTITY)
VALUES (7452, 313, 58, 20);
INSERT INTO ORDER_ITEM (ID, ORDER_ID, PRODUCT_ID, QUANTITY)
VALUES (7453, 313, 41, 6);
-- ### ORDER 304
INSERT INTO PAYMENT_DETAIL(ID, AMOUNT, PROVIDER, PROVIDER_PAYMENT_UUID)
VALUES (314, 205.0, 'VISA', '424216370');
INSERT INTO ORDERS (ID, CUST_ID, PAYMENT_ID, STATUS, AMOUNT, CREATED_ON, UPDATED_ON)
VALUES (314, 777, 314, 'DELIVERED', 205.0, LOCALTIMESTAMP, LOCALTIMESTAMP);
INSERT INTO ORDER_ITEM (ID, ORDER_ID, PRODUCT_ID, QUANTITY)
VALUES (7454, 314, 48, 16);
INSERT INTO ORDER_ITEM (ID, ORDER_ID, PRODUCT_ID, QUANTITY)
VALUES (7455, 314, 55, 9);
INSERT INTO ORDER_ITEM (ID, ORDER_ID, PRODUCT_ID, QUANTITY)
VALUES (7456, 314, 44, 2);
INSERT INTO ORDER_ITEM (ID, ORDER_ID, PRODUCT_ID, QUANTITY)
VALUES (7457, 314, 32, 14);
INSERT INTO ORDER_ITEM (ID, ORDER_ID, PRODUCT_ID, QUANTITY)
VALUES (7458, 314, 37, 10);
INSERT INTO ORDER_ITEM (ID, ORDER_ID, PRODUCT_ID, QUANTITY)
VALUES (7459, 314, 14, 13);
INSERT INTO ORDER_ITEM (ID, ORDER_ID, PRODUCT_ID, QUANTITY)
VALUES (7460, 314, 43, 0);
INSERT INTO ORDER_ITEM (ID, ORDER_ID, PRODUCT_ID, QUANTITY)
VALUES (7461, 314, 42, 5);
INSERT INTO ORDER_ITEM (ID, ORDER_ID, PRODUCT_ID, QUANTITY)
VALUES (7462, 314, 56, 20);
INSERT INTO ORDER_ITEM (ID, ORDER_ID, PRODUCT_ID, QUANTITY)
VALUES (7463, 314, 22, 4);
INSERT INTO ORDER_ITEM (ID, ORDER_ID, PRODUCT_ID, QUANTITY)
VALUES (7464, 314, 27, 4);
INSERT INTO ORDER_ITEM (ID, ORDER_ID, PRODUCT_ID, QUANTITY)
VALUES (7465, 314, 50, 3);
INSERT INTO ORDER_ITEM (ID, ORDER_ID, PRODUCT_ID, QUANTITY)
VALUES (7466, 314, 58, 6);
INSERT INTO ORDER_ITEM (ID, ORDER_ID, PRODUCT_ID, QUANTITY)
VALUES (7467, 314, 24, 11);
INSERT INTO ORDER_ITEM (ID, ORDER_ID, PRODUCT_ID, QUANTITY)
VALUES (7468, 314, 53, 7);
INSERT INTO ORDER_ITEM (ID, ORDER_ID, PRODUCT_ID, QUANTITY)
VALUES (7469, 314, 36, 2);
INSERT INTO ORDER_ITEM (ID, ORDER_ID, PRODUCT_ID, QUANTITY)
VALUES (7470, 314, 54, 15);
INSERT INTO ORDER_ITEM (ID, ORDER_ID, PRODUCT_ID, QUANTITY)
VALUES (7471, 314, 21, 15);
INSERT INTO ORDER_ITEM (ID, ORDER_ID, PRODUCT_ID, QUANTITY)
VALUES (7472, 314, 11, 9);
INSERT INTO ORDER_ITEM (ID, ORDER_ID, PRODUCT_ID, QUANTITY)
VALUES (7473, 314, 52, 12);
INSERT INTO ORDER_ITEM (ID, ORDER_ID, PRODUCT_ID, QUANTITY)
VALUES (7474, 314, 17, 15);
INSERT INTO ORDER_ITEM (ID, ORDER_ID, PRODUCT_ID, QUANTITY)
VALUES (7475, 314, 12, 1);
INSERT INTO ORDER_ITEM (ID, ORDER_ID, PRODUCT_ID, QUANTITY)
VALUES (7476, 314, 60, 11);
INSERT INTO ORDER_ITEM (ID, ORDER_ID, PRODUCT_ID, QUANTITY)
VALUES (7477, 314, 49, 2);
INSERT INTO ORDER_ITEM (ID, ORDER_ID, PRODUCT_ID, QUANTITY)
VALUES (7478, 314, 57, 8);
INSERT INTO ORDER_ITEM (ID, ORDER_ID, PRODUCT_ID, QUANTITY)
VALUES (7479, 314, 16, 7);
INSERT INTO ORDER_ITEM (ID, ORDER_ID, PRODUCT_ID, QUANTITY)
VALUES (7480, 314, 18, 0);
INSERT INTO ORDER_ITEM (ID, ORDER_ID, PRODUCT_ID, QUANTITY)
VALUES (7481, 314, 45, 10);
INSERT INTO ORDER_ITEM (ID, ORDER_ID, PRODUCT_ID, QUANTITY)
VALUES (7482, 314, 19, 0);
INSERT INTO ORDER_ITEM (ID, ORDER_ID, PRODUCT_ID, QUANTITY)
VALUES (7483, 314, 31, 8);
INSERT INTO ORDER_ITEM (ID, ORDER_ID, PRODUCT_ID, QUANTITY)
VALUES (7484, 314, 23, 14);
INSERT INTO ORDER_ITEM (ID, ORDER_ID, PRODUCT_ID, QUANTITY)
VALUES (7485, 314, 41, 17);
INSERT INTO ORDER_ITEM (ID, ORDER_ID, PRODUCT_ID, QUANTITY)
VALUES (7486, 314, 33, 1);
INSERT INTO ORDER_ITEM (ID, ORDER_ID, PRODUCT_ID, QUANTITY)
VALUES (7487, 314, 47, 1);
INSERT INTO ORDER_ITEM (ID, ORDER_ID, PRODUCT_ID, QUANTITY)
VALUES (7488, 314, 35, 7);
INSERT INTO ORDER_ITEM (ID, ORDER_ID, PRODUCT_ID, QUANTITY)
VALUES (7489, 314, 34, 18);
INSERT INTO ORDER_ITEM (ID, ORDER_ID, PRODUCT_ID, QUANTITY)
VALUES (7490, 314, 25, 12);
INSERT INTO ORDER_ITEM (ID, ORDER_ID, PRODUCT_ID, QUANTITY)
VALUES (7491, 314, 15, 8);
INSERT INTO ORDER_ITEM (ID, ORDER_ID, PRODUCT_ID, QUANTITY)
VALUES (7492, 314, 29, 11);
INSERT INTO ORDER_ITEM (ID, ORDER_ID, PRODUCT_ID, QUANTITY)
VALUES (7493, 314, 59, 0);
INSERT INTO ORDER_ITEM (ID, ORDER_ID, PRODUCT_ID, QUANTITY)
VALUES (7494, 314, 30, 1);
INSERT INTO ORDER_ITEM (ID, ORDER_ID, PRODUCT_ID, QUANTITY)
VALUES (7495, 314, 28, 11);
INSERT INTO ORDER_ITEM (ID, ORDER_ID, PRODUCT_ID, QUANTITY)
VALUES (7496, 314, 46, 20);
INSERT INTO ORDER_ITEM (ID, ORDER_ID, PRODUCT_ID, QUANTITY)
VALUES (7497, 314, 13, 19);
INSERT INTO ORDER_ITEM (ID, ORDER_ID, PRODUCT_ID, QUANTITY)
VALUES (7498, 314, 20, 7);
INSERT INTO ORDER_ITEM (ID, ORDER_ID, PRODUCT_ID, QUANTITY)
VALUES (7499, 314, 40, 3);
INSERT INTO ORDER_ITEM (ID, ORDER_ID, PRODUCT_ID, QUANTITY)
VALUES (7500, 314, 39, 19);
-- ### ORDER 305
INSERT INTO PAYMENT_DETAIL(ID, AMOUNT, PROVIDER, PROVIDER_PAYMENT_UUID)
VALUES (315, 3407.0, 'CRYPTO', '281480481');
INSERT INTO ORDERS (ID, CUST_ID, PAYMENT_ID, STATUS, AMOUNT, CREATED_ON, UPDATED_ON)
VALUES (315, 777, 315, 'DELIVERED', 3407.0, LOCALTIMESTAMP, LOCALTIMESTAMP);
INSERT INTO ORDER_ITEM (ID, ORDER_ID, PRODUCT_ID, QUANTITY)
VALUES (7501, 315, 51, 4);
INSERT INTO ORDER_ITEM (ID, ORDER_ID, PRODUCT_ID, QUANTITY)
VALUES (7502, 315, 59, 13);
INSERT INTO ORDER_ITEM (ID, ORDER_ID, PRODUCT_ID, QUANTITY)
VALUES (7503, 315, 56, 16);
INSERT INTO ORDER_ITEM (ID, ORDER_ID, PRODUCT_ID, QUANTITY)
VALUES (7504, 315, 17, 11);
INSERT INTO ORDER_ITEM (ID, ORDER_ID, PRODUCT_ID, QUANTITY)
VALUES (7505, 315, 11, 18);
INSERT INTO ORDER_ITEM (ID, ORDER_ID, PRODUCT_ID, QUANTITY)
VALUES (7506, 315, 50, 19);
INSERT INTO ORDER_ITEM (ID, ORDER_ID, PRODUCT_ID, QUANTITY)
VALUES (7507, 315, 18, 15);
INSERT INTO ORDER_ITEM (ID, ORDER_ID, PRODUCT_ID, QUANTITY)
VALUES (7508, 315, 38, 20);
INSERT INTO ORDER_ITEM (ID, ORDER_ID, PRODUCT_ID, QUANTITY)
VALUES (7509, 315, 40, 20);
INSERT INTO ORDER_ITEM (ID, ORDER_ID, PRODUCT_ID, QUANTITY)
VALUES (7510, 315, 42, 17);
INSERT INTO ORDER_ITEM (ID, ORDER_ID, PRODUCT_ID, QUANTITY)
VALUES (7511, 315, 13, 19);
INSERT INTO ORDER_ITEM (ID, ORDER_ID, PRODUCT_ID, QUANTITY)
VALUES (7512, 315, 53, 7);
INSERT INTO ORDER_ITEM (ID, ORDER_ID, PRODUCT_ID, QUANTITY)
VALUES (7513, 315, 32, 17);
INSERT INTO ORDER_ITEM (ID, ORDER_ID, PRODUCT_ID, QUANTITY)
VALUES (7514, 315, 27, 16);
INSERT INTO ORDER_ITEM (ID, ORDER_ID, PRODUCT_ID, QUANTITY)
VALUES (7515, 315, 31, 8);
INSERT INTO ORDER_ITEM (ID, ORDER_ID, PRODUCT_ID, QUANTITY)
VALUES (7516, 315, 15, 7);
INSERT INTO ORDER_ITEM (ID, ORDER_ID, PRODUCT_ID, QUANTITY)
VALUES (7517, 315, 47, 3);
INSERT INTO ORDER_ITEM (ID, ORDER_ID, PRODUCT_ID, QUANTITY)
VALUES (7518, 315, 35, 11);
INSERT INTO ORDER_ITEM (ID, ORDER_ID, PRODUCT_ID, QUANTITY)
VALUES (7519, 315, 14, 5);
INSERT INTO ORDER_ITEM (ID, ORDER_ID, PRODUCT_ID, QUANTITY)
VALUES (7520, 315, 48, 10);
INSERT INTO ORDER_ITEM (ID, ORDER_ID, PRODUCT_ID, QUANTITY)
VALUES (7521, 315, 33, 10);
INSERT INTO ORDER_ITEM (ID, ORDER_ID, PRODUCT_ID, QUANTITY)
VALUES (7522, 315, 29, 19);
INSERT INTO ORDER_ITEM (ID, ORDER_ID, PRODUCT_ID, QUANTITY)
VALUES (7523, 315, 46, 5);
INSERT INTO ORDER_ITEM (ID, ORDER_ID, PRODUCT_ID, QUANTITY)
VALUES (7524, 315, 24, 20);
INSERT INTO ORDER_ITEM (ID, ORDER_ID, PRODUCT_ID, QUANTITY)
VALUES (7525, 315, 22, 6);
INSERT INTO ORDER_ITEM (ID, ORDER_ID, PRODUCT_ID, QUANTITY)
VALUES (7526, 315, 37, 1);
INSERT INTO ORDER_ITEM (ID, ORDER_ID, PRODUCT_ID, QUANTITY)
VALUES (7527, 315, 43, 8);
INSERT INTO ORDER_ITEM (ID, ORDER_ID, PRODUCT_ID, QUANTITY)
VALUES (7528, 315, 21, 12);
INSERT INTO ORDER_ITEM (ID, ORDER_ID, PRODUCT_ID, QUANTITY)
VALUES (7529, 315, 12, 14);
INSERT INTO ORDER_ITEM (ID, ORDER_ID, PRODUCT_ID, QUANTITY)
VALUES (7530, 315, 16, 4);
INSERT INTO ORDER_ITEM (ID, ORDER_ID, PRODUCT_ID, QUANTITY)
VALUES (7531, 315, 52, 16);
INSERT INTO ORDER_ITEM (ID, ORDER_ID, PRODUCT_ID, QUANTITY)
VALUES (7532, 315, 25, 1);
INSERT INTO ORDER_ITEM (ID, ORDER_ID, PRODUCT_ID, QUANTITY)
VALUES (7533, 315, 45, 3);
INSERT INTO ORDER_ITEM (ID, ORDER_ID, PRODUCT_ID, QUANTITY)
VALUES (7534, 315, 58, 19);
INSERT INTO ORDER_ITEM (ID, ORDER_ID, PRODUCT_ID, QUANTITY)
VALUES (7535, 315, 26, 16);
INSERT INTO ORDER_ITEM (ID, ORDER_ID, PRODUCT_ID, QUANTITY)
VALUES (7536, 315, 39, 10);
INSERT INTO ORDER_ITEM (ID, ORDER_ID, PRODUCT_ID, QUANTITY)
VALUES (7537, 315, 41, 0);
INSERT INTO ORDER_ITEM (ID, ORDER_ID, PRODUCT_ID, QUANTITY)
VALUES (7538, 315, 23, 12);
INSERT INTO ORDER_ITEM (ID, ORDER_ID, PRODUCT_ID, QUANTITY)
VALUES (7539, 315, 28, 19);
INSERT INTO ORDER_ITEM (ID, ORDER_ID, PRODUCT_ID, QUANTITY)
VALUES (7540, 315, 60, 13);
INSERT INTO ORDER_ITEM (ID, ORDER_ID, PRODUCT_ID, QUANTITY)
VALUES (7541, 315, 49, 5);
INSERT INTO ORDER_ITEM (ID, ORDER_ID, PRODUCT_ID, QUANTITY)
VALUES (7542, 315, 20, 12);
INSERT INTO ORDER_ITEM (ID, ORDER_ID, PRODUCT_ID, QUANTITY)
VALUES (7543, 315, 34, 0);
INSERT INTO ORDER_ITEM (ID, ORDER_ID, PRODUCT_ID, QUANTITY)
VALUES (7544, 315, 44, 8);
INSERT INTO ORDER_ITEM (ID, ORDER_ID, PRODUCT_ID, QUANTITY)
VALUES (7545, 315, 57, 12);
INSERT INTO ORDER_ITEM (ID, ORDER_ID, PRODUCT_ID, QUANTITY)
VALUES (7546, 315, 19, 15);
INSERT INTO ORDER_ITEM (ID, ORDER_ID, PRODUCT_ID, QUANTITY)
VALUES (7547, 315, 54, 1);
INSERT INTO ORDER_ITEM (ID, ORDER_ID, PRODUCT_ID, QUANTITY)
VALUES (7548, 315, 55, 10);
INSERT INTO ORDER_ITEM (ID, ORDER_ID, PRODUCT_ID, QUANTITY)
VALUES (7549, 315, 36, 19);
-- ### ORDER 306
INSERT INTO PAYMENT_DETAIL(ID, AMOUNT, PROVIDER, PROVIDER_PAYMENT_UUID)
VALUES (316, 4242.0, 'ICARD', '741859814');
INSERT INTO ORDERS (ID, CUST_ID, PAYMENT_ID, STATUS, AMOUNT, CREATED_ON, UPDATED_ON)
VALUES (316, 777, 316, 'DELIVERED', 4242.0, LOCALTIMESTAMP, LOCALTIMESTAMP);
INSERT INTO ORDER_ITEM (ID, ORDER_ID, PRODUCT_ID, QUANTITY)
VALUES (7550, 316, 39, 6);
INSERT INTO ORDER_ITEM (ID, ORDER_ID, PRODUCT_ID, QUANTITY)
VALUES (7551, 316, 49, 11);
INSERT INTO ORDER_ITEM (ID, ORDER_ID, PRODUCT_ID, QUANTITY)
VALUES (7552, 316, 57, 18);
INSERT INTO ORDER_ITEM (ID, ORDER_ID, PRODUCT_ID, QUANTITY)
VALUES (7553, 316, 56, 15);
INSERT INTO ORDER_ITEM (ID, ORDER_ID, PRODUCT_ID, QUANTITY)
VALUES (7554, 316, 30, 12);
INSERT INTO ORDER_ITEM (ID, ORDER_ID, PRODUCT_ID, QUANTITY)
VALUES (7555, 316, 16, 2);
INSERT INTO ORDER_ITEM (ID, ORDER_ID, PRODUCT_ID, QUANTITY)
VALUES (7556, 316, 59, 11);
INSERT INTO ORDER_ITEM (ID, ORDER_ID, PRODUCT_ID, QUANTITY)
VALUES (7557, 316, 34, 7);
INSERT INTO ORDER_ITEM (ID, ORDER_ID, PRODUCT_ID, QUANTITY)
VALUES (7558, 316, 21, 14);
INSERT INTO ORDER_ITEM (ID, ORDER_ID, PRODUCT_ID, QUANTITY)
VALUES (7559, 316, 28, 14);
-- ### ORDER 307
INSERT INTO PAYMENT_DETAIL(ID, AMOUNT, PROVIDER, PROVIDER_PAYMENT_UUID)
VALUES (317, 4000.0, 'ICARD', '217441464');
INSERT INTO ORDERS (ID, CUST_ID, PAYMENT_ID, STATUS, AMOUNT, CREATED_ON, UPDATED_ON)
VALUES (317, 777, 317, 'DELIVERED', 4000.0, LOCALTIMESTAMP, LOCALTIMESTAMP);
INSERT INTO ORDER_ITEM (ID, ORDER_ID, PRODUCT_ID, QUANTITY)
VALUES (7560, 317, 49, 16);
INSERT INTO ORDER_ITEM (ID, ORDER_ID, PRODUCT_ID, QUANTITY)
VALUES (7561, 317, 14, 15);
INSERT INTO ORDER_ITEM (ID, ORDER_ID, PRODUCT_ID, QUANTITY)
VALUES (7562, 317, 47, 9);
INSERT INTO ORDER_ITEM (ID, ORDER_ID, PRODUCT_ID, QUANTITY)
VALUES (7563, 317, 19, 1);
INSERT INTO ORDER_ITEM (ID, ORDER_ID, PRODUCT_ID, QUANTITY)
VALUES (7564, 317, 33, 5);
INSERT INTO ORDER_ITEM (ID, ORDER_ID, PRODUCT_ID, QUANTITY)
VALUES (7565, 317, 28, 13);
INSERT INTO ORDER_ITEM (ID, ORDER_ID, PRODUCT_ID, QUANTITY)
VALUES (7566, 317, 29, 0);
INSERT INTO ORDER_ITEM (ID, ORDER_ID, PRODUCT_ID, QUANTITY)
VALUES (7567, 317, 48, 10);
INSERT INTO ORDER_ITEM (ID, ORDER_ID, PRODUCT_ID, QUANTITY)
VALUES (7568, 317, 51, 14);
INSERT INTO ORDER_ITEM (ID, ORDER_ID, PRODUCT_ID, QUANTITY)
VALUES (7569, 317, 59, 10);
INSERT INTO ORDER_ITEM (ID, ORDER_ID, PRODUCT_ID, QUANTITY)
VALUES (7570, 317, 31, 7);
INSERT INTO ORDER_ITEM (ID, ORDER_ID, PRODUCT_ID, QUANTITY)
VALUES (7571, 317, 34, 10);
INSERT INTO ORDER_ITEM (ID, ORDER_ID, PRODUCT_ID, QUANTITY)
VALUES (7572, 317, 18, 14);
INSERT INTO ORDER_ITEM (ID, ORDER_ID, PRODUCT_ID, QUANTITY)
VALUES (7573, 317, 37, 10);
INSERT INTO ORDER_ITEM (ID, ORDER_ID, PRODUCT_ID, QUANTITY)
VALUES (7574, 317, 57, 19);
INSERT INTO ORDER_ITEM (ID, ORDER_ID, PRODUCT_ID, QUANTITY)
VALUES (7575, 317, 20, 14);
INSERT INTO ORDER_ITEM (ID, ORDER_ID, PRODUCT_ID, QUANTITY)
VALUES (7576, 317, 58, 15);
INSERT INTO ORDER_ITEM (ID, ORDER_ID, PRODUCT_ID, QUANTITY)
VALUES (7577, 317, 38, 3);
INSERT INTO ORDER_ITEM (ID, ORDER_ID, PRODUCT_ID, QUANTITY)
VALUES (7578, 317, 43, 10);
INSERT INTO ORDER_ITEM (ID, ORDER_ID, PRODUCT_ID, QUANTITY)
VALUES (7579, 317, 60, 2);
INSERT INTO ORDER_ITEM (ID, ORDER_ID, PRODUCT_ID, QUANTITY)
VALUES (7580, 317, 24, 14);
INSERT INTO ORDER_ITEM (ID, ORDER_ID, PRODUCT_ID, QUANTITY)
VALUES (7581, 317, 41, 18);
INSERT INTO ORDER_ITEM (ID, ORDER_ID, PRODUCT_ID, QUANTITY)
VALUES (7582, 317, 11, 3);
INSERT INTO ORDER_ITEM (ID, ORDER_ID, PRODUCT_ID, QUANTITY)
VALUES (7583, 317, 16, 6);
INSERT INTO ORDER_ITEM (ID, ORDER_ID, PRODUCT_ID, QUANTITY)
VALUES (7584, 317, 46, 6);
-- ### ORDER 308
INSERT INTO PAYMENT_DETAIL(ID, AMOUNT, PROVIDER, PROVIDER_PAYMENT_UUID)
VALUES (318, 730.0, 'VISA', '153075779');
INSERT INTO ORDERS (ID, CUST_ID, PAYMENT_ID, STATUS, AMOUNT, CREATED_ON, UPDATED_ON)
VALUES (318, 777, 318, 'DELIVERED', 730.0, LOCALTIMESTAMP, LOCALTIMESTAMP);
INSERT INTO ORDER_ITEM (ID, ORDER_ID, PRODUCT_ID, QUANTITY)
VALUES (7585, 318, 51, 13);
INSERT INTO ORDER_ITEM (ID, ORDER_ID, PRODUCT_ID, QUANTITY)
VALUES (7586, 318, 56, 16);
INSERT INTO ORDER_ITEM (ID, ORDER_ID, PRODUCT_ID, QUANTITY)
VALUES (7587, 318, 25, 5);
INSERT INTO ORDER_ITEM (ID, ORDER_ID, PRODUCT_ID, QUANTITY)
VALUES (7588, 318, 35, 3);
INSERT INTO ORDER_ITEM (ID, ORDER_ID, PRODUCT_ID, QUANTITY)
VALUES (7589, 318, 11, 7);
INSERT INTO ORDER_ITEM (ID, ORDER_ID, PRODUCT_ID, QUANTITY)
VALUES (7590, 318, 49, 0);
INSERT INTO ORDER_ITEM (ID, ORDER_ID, PRODUCT_ID, QUANTITY)
VALUES (7591, 318, 46, 3);
INSERT INTO ORDER_ITEM (ID, ORDER_ID, PRODUCT_ID, QUANTITY)
VALUES (7592, 318, 24, 9);
INSERT INTO ORDER_ITEM (ID, ORDER_ID, PRODUCT_ID, QUANTITY)
VALUES (7593, 318, 58, 14);
INSERT INTO ORDER_ITEM (ID, ORDER_ID, PRODUCT_ID, QUANTITY)
VALUES (7594, 318, 12, 6);
INSERT INTO ORDER_ITEM (ID, ORDER_ID, PRODUCT_ID, QUANTITY)
VALUES (7595, 318, 20, 0);
INSERT INTO ORDER_ITEM (ID, ORDER_ID, PRODUCT_ID, QUANTITY)
VALUES (7596, 318, 30, 9);
INSERT INTO ORDER_ITEM (ID, ORDER_ID, PRODUCT_ID, QUANTITY)
VALUES (7597, 318, 16, 16);
INSERT INTO ORDER_ITEM (ID, ORDER_ID, PRODUCT_ID, QUANTITY)
VALUES (7598, 318, 57, 17);
INSERT INTO ORDER_ITEM (ID, ORDER_ID, PRODUCT_ID, QUANTITY)
VALUES (7599, 318, 19, 7);
INSERT INTO ORDER_ITEM (ID, ORDER_ID, PRODUCT_ID, QUANTITY)
VALUES (7600, 318, 48, 9);
INSERT INTO ORDER_ITEM (ID, ORDER_ID, PRODUCT_ID, QUANTITY)
VALUES (7601, 318, 22, 18);
INSERT INTO ORDER_ITEM (ID, ORDER_ID, PRODUCT_ID, QUANTITY)
VALUES (7602, 318, 31, 6);
INSERT INTO ORDER_ITEM (ID, ORDER_ID, PRODUCT_ID, QUANTITY)
VALUES (7603, 318, 18, 1);
INSERT INTO ORDER_ITEM (ID, ORDER_ID, PRODUCT_ID, QUANTITY)
VALUES (7604, 318, 39, 17);
INSERT INTO ORDER_ITEM (ID, ORDER_ID, PRODUCT_ID, QUANTITY)
VALUES (7605, 318, 54, 0);
INSERT INTO ORDER_ITEM (ID, ORDER_ID, PRODUCT_ID, QUANTITY)
VALUES (7606, 318, 55, 0);
INSERT INTO ORDER_ITEM (ID, ORDER_ID, PRODUCT_ID, QUANTITY)
VALUES (7607, 318, 50, 3);
INSERT INTO ORDER_ITEM (ID, ORDER_ID, PRODUCT_ID, QUANTITY)
VALUES (7608, 318, 23, 3);
INSERT INTO ORDER_ITEM (ID, ORDER_ID, PRODUCT_ID, QUANTITY)
VALUES (7609, 318, 29, 4);
INSERT INTO ORDER_ITEM (ID, ORDER_ID, PRODUCT_ID, QUANTITY)
VALUES (7610, 318, 26, 14);
INSERT INTO ORDER_ITEM (ID, ORDER_ID, PRODUCT_ID, QUANTITY)
VALUES (7611, 318, 45, 11);
INSERT INTO ORDER_ITEM (ID, ORDER_ID, PRODUCT_ID, QUANTITY)
VALUES (7612, 318, 15, 13);
INSERT INTO ORDER_ITEM (ID, ORDER_ID, PRODUCT_ID, QUANTITY)
VALUES (7613, 318, 32, 6);
INSERT INTO ORDER_ITEM (ID, ORDER_ID, PRODUCT_ID, QUANTITY)
VALUES (7614, 318, 42, 20);
INSERT INTO ORDER_ITEM (ID, ORDER_ID, PRODUCT_ID, QUANTITY)
VALUES (7615, 318, 59, 7);
INSERT INTO ORDER_ITEM (ID, ORDER_ID, PRODUCT_ID, QUANTITY)
VALUES (7616, 318, 21, 12);
INSERT INTO ORDER_ITEM (ID, ORDER_ID, PRODUCT_ID, QUANTITY)
VALUES (7617, 318, 43, 4);
INSERT INTO ORDER_ITEM (ID, ORDER_ID, PRODUCT_ID, QUANTITY)
VALUES (7618, 318, 27, 10);
INSERT INTO ORDER_ITEM (ID, ORDER_ID, PRODUCT_ID, QUANTITY)
VALUES (7619, 318, 13, 2);
INSERT INTO ORDER_ITEM (ID, ORDER_ID, PRODUCT_ID, QUANTITY)
VALUES (7620, 318, 34, 18);
INSERT INTO ORDER_ITEM (ID, ORDER_ID, PRODUCT_ID, QUANTITY)
VALUES (7621, 318, 44, 12);
INSERT INTO ORDER_ITEM (ID, ORDER_ID, PRODUCT_ID, QUANTITY)
VALUES (7622, 318, 52, 4);
INSERT INTO ORDER_ITEM (ID, ORDER_ID, PRODUCT_ID, QUANTITY)
VALUES (7623, 318, 14, 0);
INSERT INTO ORDER_ITEM (ID, ORDER_ID, PRODUCT_ID, QUANTITY)
VALUES (7624, 318, 38, 19);
INSERT INTO ORDER_ITEM (ID, ORDER_ID, PRODUCT_ID, QUANTITY)
VALUES (7625, 318, 60, 12);
INSERT INTO ORDER_ITEM (ID, ORDER_ID, PRODUCT_ID, QUANTITY)
VALUES (7626, 318, 47, 6);
INSERT INTO ORDER_ITEM (ID, ORDER_ID, PRODUCT_ID, QUANTITY)
VALUES (7627, 318, 53, 15);
INSERT INTO ORDER_ITEM (ID, ORDER_ID, PRODUCT_ID, QUANTITY)
VALUES (7628, 318, 28, 3);
INSERT INTO ORDER_ITEM (ID, ORDER_ID, PRODUCT_ID, QUANTITY)
VALUES (7629, 318, 17, 17);
INSERT INTO ORDER_ITEM (ID, ORDER_ID, PRODUCT_ID, QUANTITY)
VALUES (7630, 318, 33, 13);
-- ### ORDER 309
INSERT INTO PAYMENT_DETAIL(ID, AMOUNT, PROVIDER, PROVIDER_PAYMENT_UUID)
VALUES (319, 3743.0, 'VISA', '924272621');
INSERT INTO ORDERS (ID, CUST_ID, PAYMENT_ID, STATUS, AMOUNT, CREATED_ON, UPDATED_ON)
VALUES (319, 777, 319, 'DELIVERED', 3743.0, LOCALTIMESTAMP, LOCALTIMESTAMP);
INSERT INTO ORDER_ITEM (ID, ORDER_ID, PRODUCT_ID, QUANTITY)
VALUES (7631, 319, 26, 19);
INSERT INTO ORDER_ITEM (ID, ORDER_ID, PRODUCT_ID, QUANTITY)
VALUES (7632, 319, 40, 5);
INSERT INTO ORDER_ITEM (ID, ORDER_ID, PRODUCT_ID, QUANTITY)
VALUES (7633, 319, 18, 11);
INSERT INTO ORDER_ITEM (ID, ORDER_ID, PRODUCT_ID, QUANTITY)
VALUES (7634, 319, 16, 15);
INSERT INTO ORDER_ITEM (ID, ORDER_ID, PRODUCT_ID, QUANTITY)
VALUES (7635, 319, 14, 14);
INSERT INTO ORDER_ITEM (ID, ORDER_ID, PRODUCT_ID, QUANTITY)
VALUES (7636, 319, 33, 4);
INSERT INTO ORDER_ITEM (ID, ORDER_ID, PRODUCT_ID, QUANTITY)
VALUES (7637, 319, 43, 6);
INSERT INTO ORDER_ITEM (ID, ORDER_ID, PRODUCT_ID, QUANTITY)
VALUES (7638, 319, 29, 4);
INSERT INTO ORDER_ITEM (ID, ORDER_ID, PRODUCT_ID, QUANTITY)
VALUES (7639, 319, 53, 10);
INSERT INTO ORDER_ITEM (ID, ORDER_ID, PRODUCT_ID, QUANTITY)
VALUES (7640, 319, 47, 19);
INSERT INTO ORDER_ITEM (ID, ORDER_ID, PRODUCT_ID, QUANTITY)
VALUES (7641, 319, 32, 11);
INSERT INTO ORDER_ITEM (ID, ORDER_ID, PRODUCT_ID, QUANTITY)
VALUES (7642, 319, 49, 19);
INSERT INTO ORDER_ITEM (ID, ORDER_ID, PRODUCT_ID, QUANTITY)
VALUES (7643, 319, 21, 17);
INSERT INTO ORDER_ITEM (ID, ORDER_ID, PRODUCT_ID, QUANTITY)
VALUES (7644, 319, 42, 12);
INSERT INTO ORDER_ITEM (ID, ORDER_ID, PRODUCT_ID, QUANTITY)
VALUES (7645, 319, 52, 12);
INSERT INTO ORDER_ITEM (ID, ORDER_ID, PRODUCT_ID, QUANTITY)
VALUES (7646, 319, 54, 0);
INSERT INTO ORDER_ITEM (ID, ORDER_ID, PRODUCT_ID, QUANTITY)
VALUES (7647, 319, 39, 3);
INSERT INTO ORDER_ITEM (ID, ORDER_ID, PRODUCT_ID, QUANTITY)
VALUES (7648, 319, 57, 10);
INSERT INTO ORDER_ITEM (ID, ORDER_ID, PRODUCT_ID, QUANTITY)
VALUES (7649, 319, 36, 20);
INSERT INTO ORDER_ITEM (ID, ORDER_ID, PRODUCT_ID, QUANTITY)
VALUES (7650, 319, 35, 19);
INSERT INTO ORDER_ITEM (ID, ORDER_ID, PRODUCT_ID, QUANTITY)
VALUES (7651, 319, 34, 14);
INSERT INTO ORDER_ITEM (ID, ORDER_ID, PRODUCT_ID, QUANTITY)
VALUES (7652, 319, 38, 0);
INSERT INTO ORDER_ITEM (ID, ORDER_ID, PRODUCT_ID, QUANTITY)
VALUES (7653, 319, 37, 4);
INSERT INTO ORDER_ITEM (ID, ORDER_ID, PRODUCT_ID, QUANTITY)
VALUES (7654, 319, 51, 6);
INSERT INTO ORDER_ITEM (ID, ORDER_ID, PRODUCT_ID, QUANTITY)
VALUES (7655, 319, 58, 13);
INSERT INTO ORDER_ITEM (ID, ORDER_ID, PRODUCT_ID, QUANTITY)
VALUES (7656, 319, 41, 16);
INSERT INTO ORDER_ITEM (ID, ORDER_ID, PRODUCT_ID, QUANTITY)
VALUES (7657, 319, 22, 19);
INSERT INTO ORDER_ITEM (ID, ORDER_ID, PRODUCT_ID, QUANTITY)
VALUES (7658, 319, 12, 13);
INSERT INTO ORDER_ITEM (ID, ORDER_ID, PRODUCT_ID, QUANTITY)
VALUES (7659, 319, 50, 7);
INSERT INTO ORDER_ITEM (ID, ORDER_ID, PRODUCT_ID, QUANTITY)
VALUES (7660, 319, 24, 7);
INSERT INTO ORDER_ITEM (ID, ORDER_ID, PRODUCT_ID, QUANTITY)
VALUES (7661, 319, 44, 2);
INSERT INTO ORDER_ITEM (ID, ORDER_ID, PRODUCT_ID, QUANTITY)
VALUES (7662, 319, 11, 10);
INSERT INTO ORDER_ITEM (ID, ORDER_ID, PRODUCT_ID, QUANTITY)
VALUES (7663, 319, 15, 20);
INSERT INTO ORDER_ITEM (ID, ORDER_ID, PRODUCT_ID, QUANTITY)
VALUES (7664, 319, 60, 11);
INSERT INTO ORDER_ITEM (ID, ORDER_ID, PRODUCT_ID, QUANTITY)
VALUES (7665, 319, 20, 1);
INSERT INTO ORDER_ITEM (ID, ORDER_ID, PRODUCT_ID, QUANTITY)
VALUES (7666, 319, 30, 20);
-- ### ORDER 310
INSERT INTO PAYMENT_DETAIL(ID, AMOUNT, PROVIDER, PROVIDER_PAYMENT_UUID)
VALUES (320, 3497.0, 'ICARD', '775653598');
INSERT INTO ORDERS (ID, CUST_ID, PAYMENT_ID, STATUS, AMOUNT, CREATED_ON, UPDATED_ON)
VALUES (320, 777, 320, 'DELIVERED', 3497.0, LOCALTIMESTAMP, LOCALTIMESTAMP);
INSERT INTO ORDER_ITEM (ID, ORDER_ID, PRODUCT_ID, QUANTITY)
VALUES (7667, 320, 34, 4);
INSERT INTO ORDER_ITEM (ID, ORDER_ID, PRODUCT_ID, QUANTITY)
VALUES (7668, 320, 31, 8);
INSERT INTO ORDER_ITEM (ID, ORDER_ID, PRODUCT_ID, QUANTITY)
VALUES (7669, 320, 51, 7);
INSERT INTO ORDER_ITEM (ID, ORDER_ID, PRODUCT_ID, QUANTITY)
VALUES (7670, 320, 37, 14);
INSERT INTO ORDER_ITEM (ID, ORDER_ID, PRODUCT_ID, QUANTITY)
VALUES (7671, 320, 23, 3);
INSERT INTO ORDER_ITEM (ID, ORDER_ID, PRODUCT_ID, QUANTITY)
VALUES (7672, 320, 38, 8);
INSERT INTO ORDER_ITEM (ID, ORDER_ID, PRODUCT_ID, QUANTITY)
VALUES (7673, 320, 41, 3);
INSERT INTO ORDER_ITEM (ID, ORDER_ID, PRODUCT_ID, QUANTITY)
VALUES (7674, 320, 46, 3);
INSERT INTO ORDER_ITEM (ID, ORDER_ID, PRODUCT_ID, QUANTITY)
VALUES (7675, 320, 19, 13);
INSERT INTO ORDER_ITEM (ID, ORDER_ID, PRODUCT_ID, QUANTITY)
VALUES (7676, 320, 25, 20);
INSERT INTO ORDER_ITEM (ID, ORDER_ID, PRODUCT_ID, QUANTITY)
VALUES (7677, 320, 50, 16);
INSERT INTO ORDER_ITEM (ID, ORDER_ID, PRODUCT_ID, QUANTITY)
VALUES (7678, 320, 43, 0);
INSERT INTO ORDER_ITEM (ID, ORDER_ID, PRODUCT_ID, QUANTITY)
VALUES (7679, 320, 39, 19);
INSERT INTO ORDER_ITEM (ID, ORDER_ID, PRODUCT_ID, QUANTITY)
VALUES (7680, 320, 42, 19);
INSERT INTO ORDER_ITEM (ID, ORDER_ID, PRODUCT_ID, QUANTITY)
VALUES (7681, 320, 22, 5);
INSERT INTO ORDER_ITEM (ID, ORDER_ID, PRODUCT_ID, QUANTITY)
VALUES (7682, 320, 57, 9);
INSERT INTO ORDER_ITEM (ID, ORDER_ID, PRODUCT_ID, QUANTITY)
VALUES (7683, 320, 20, 5);
INSERT INTO ORDER_ITEM (ID, ORDER_ID, PRODUCT_ID, QUANTITY)
VALUES (7684, 320, 13, 5);
INSERT INTO ORDER_ITEM (ID, ORDER_ID, PRODUCT_ID, QUANTITY)
VALUES (7685, 320, 14, 1);
INSERT INTO ORDER_ITEM (ID, ORDER_ID, PRODUCT_ID, QUANTITY)
VALUES (7686, 320, 59, 15);
INSERT INTO ORDER_ITEM (ID, ORDER_ID, PRODUCT_ID, QUANTITY)
VALUES (7687, 320, 44, 9);
INSERT INTO ORDER_ITEM (ID, ORDER_ID, PRODUCT_ID, QUANTITY)
VALUES (7688, 320, 52, 7);
INSERT INTO ORDER_ITEM (ID, ORDER_ID, PRODUCT_ID, QUANTITY)
VALUES (7689, 320, 58, 18);
INSERT INTO ORDER_ITEM (ID, ORDER_ID, PRODUCT_ID, QUANTITY)
VALUES (7690, 320, 16, 4);
INSERT INTO ORDER_ITEM (ID, ORDER_ID, PRODUCT_ID, QUANTITY)
VALUES (7691, 320, 49, 2);
INSERT INTO ORDER_ITEM (ID, ORDER_ID, PRODUCT_ID, QUANTITY)
VALUES (7692, 320, 33, 7);
INSERT INTO ORDER_ITEM (ID, ORDER_ID, PRODUCT_ID, QUANTITY)
VALUES (7693, 320, 17, 9);
INSERT INTO ORDER_ITEM (ID, ORDER_ID, PRODUCT_ID, QUANTITY)
VALUES (7694, 320, 60, 0);
INSERT INTO ORDER_ITEM (ID, ORDER_ID, PRODUCT_ID, QUANTITY)
VALUES (7695, 320, 48, 20);
INSERT INTO ORDER_ITEM (ID, ORDER_ID, PRODUCT_ID, QUANTITY)
VALUES (7696, 320, 27, 4);
INSERT INTO ORDER_ITEM (ID, ORDER_ID, PRODUCT_ID, QUANTITY)
VALUES (7697, 320, 12, 19);
-- ### ORDER 311
INSERT INTO PAYMENT_DETAIL(ID, AMOUNT, PROVIDER, PROVIDER_PAYMENT_UUID)
VALUES (321, 3543.0, 'ICARD', '902215122');
INSERT INTO ORDERS (ID, CUST_ID, PAYMENT_ID, STATUS, AMOUNT, CREATED_ON, UPDATED_ON)
VALUES (321, 777, 321, 'DELIVERED', 3543.0, LOCALTIMESTAMP, LOCALTIMESTAMP);
INSERT INTO ORDER_ITEM (ID, ORDER_ID, PRODUCT_ID, QUANTITY)
VALUES (7698, 321, 11, 20);
INSERT INTO ORDER_ITEM (ID, ORDER_ID, PRODUCT_ID, QUANTITY)
VALUES (7699, 321, 33, 11);
INSERT INTO ORDER_ITEM (ID, ORDER_ID, PRODUCT_ID, QUANTITY)
VALUES (7700, 321, 14, 5);
INSERT INTO ORDER_ITEM (ID, ORDER_ID, PRODUCT_ID, QUANTITY)
VALUES (7701, 321, 15, 1);
INSERT INTO ORDER_ITEM (ID, ORDER_ID, PRODUCT_ID, QUANTITY)
VALUES (7702, 321, 40, 14);
INSERT INTO ORDER_ITEM (ID, ORDER_ID, PRODUCT_ID, QUANTITY)
VALUES (7703, 321, 31, 19);
INSERT INTO ORDER_ITEM (ID, ORDER_ID, PRODUCT_ID, QUANTITY)
VALUES (7704, 321, 30, 1);
INSERT INTO ORDER_ITEM (ID, ORDER_ID, PRODUCT_ID, QUANTITY)
VALUES (7705, 321, 46, 15);
INSERT INTO ORDER_ITEM (ID, ORDER_ID, PRODUCT_ID, QUANTITY)
VALUES (7706, 321, 57, 2);
INSERT INTO ORDER_ITEM (ID, ORDER_ID, PRODUCT_ID, QUANTITY)
VALUES (7707, 321, 59, 4);
INSERT INTO ORDER_ITEM (ID, ORDER_ID, PRODUCT_ID, QUANTITY)
VALUES (7708, 321, 34, 7);
INSERT INTO ORDER_ITEM (ID, ORDER_ID, PRODUCT_ID, QUANTITY)
VALUES (7709, 321, 50, 14);
INSERT INTO ORDER_ITEM (ID, ORDER_ID, PRODUCT_ID, QUANTITY)
VALUES (7710, 321, 13, 17);
INSERT INTO ORDER_ITEM (ID, ORDER_ID, PRODUCT_ID, QUANTITY)
VALUES (7711, 321, 29, 13);
INSERT INTO ORDER_ITEM (ID, ORDER_ID, PRODUCT_ID, QUANTITY)
VALUES (7712, 321, 20, 6);
INSERT INTO ORDER_ITEM (ID, ORDER_ID, PRODUCT_ID, QUANTITY)
VALUES (7713, 321, 21, 14);
INSERT INTO ORDER_ITEM (ID, ORDER_ID, PRODUCT_ID, QUANTITY)
VALUES (7714, 321, 52, 18);
INSERT INTO ORDER_ITEM (ID, ORDER_ID, PRODUCT_ID, QUANTITY)
VALUES (7715, 321, 45, 3);
INSERT INTO ORDER_ITEM (ID, ORDER_ID, PRODUCT_ID, QUANTITY)
VALUES (7716, 321, 36, 3);
INSERT INTO ORDER_ITEM (ID, ORDER_ID, PRODUCT_ID, QUANTITY)
VALUES (7717, 321, 48, 20);
INSERT INTO ORDER_ITEM (ID, ORDER_ID, PRODUCT_ID, QUANTITY)
VALUES (7718, 321, 17, 17);
INSERT INTO ORDER_ITEM (ID, ORDER_ID, PRODUCT_ID, QUANTITY)
VALUES (7719, 321, 53, 12);
INSERT INTO ORDER_ITEM (ID, ORDER_ID, PRODUCT_ID, QUANTITY)
VALUES (7720, 321, 28, 4);
-- ### ORDER 312
INSERT INTO PAYMENT_DETAIL(ID, AMOUNT, PROVIDER, PROVIDER_PAYMENT_UUID)
VALUES (322, 1436.0, 'VISA', '965332453');
INSERT INTO ORDERS (ID, CUST_ID, PAYMENT_ID, STATUS, AMOUNT, CREATED_ON, UPDATED_ON)
VALUES (322, 777, 322, 'DELIVERED', 1436.0, LOCALTIMESTAMP, LOCALTIMESTAMP);
INSERT INTO ORDER_ITEM (ID, ORDER_ID, PRODUCT_ID, QUANTITY)
VALUES (7721, 322, 48, 5);
INSERT INTO ORDER_ITEM (ID, ORDER_ID, PRODUCT_ID, QUANTITY)
VALUES (7722, 322, 51, 12);
INSERT INTO ORDER_ITEM (ID, ORDER_ID, PRODUCT_ID, QUANTITY)
VALUES (7723, 322, 53, 16);
INSERT INTO ORDER_ITEM (ID, ORDER_ID, PRODUCT_ID, QUANTITY)
VALUES (7724, 322, 44, 16);
INSERT INTO ORDER_ITEM (ID, ORDER_ID, PRODUCT_ID, QUANTITY)
VALUES (7725, 322, 47, 20);
INSERT INTO ORDER_ITEM (ID, ORDER_ID, PRODUCT_ID, QUANTITY)
VALUES (7726, 322, 41, 10);
INSERT INTO ORDER_ITEM (ID, ORDER_ID, PRODUCT_ID, QUANTITY)
VALUES (7727, 322, 35, 10);
INSERT INTO ORDER_ITEM (ID, ORDER_ID, PRODUCT_ID, QUANTITY)
VALUES (7728, 322, 36, 8);
INSERT INTO ORDER_ITEM (ID, ORDER_ID, PRODUCT_ID, QUANTITY)
VALUES (7729, 322, 31, 11);
INSERT INTO ORDER_ITEM (ID, ORDER_ID, PRODUCT_ID, QUANTITY)
VALUES (7730, 322, 18, 16);
INSERT INTO ORDER_ITEM (ID, ORDER_ID, PRODUCT_ID, QUANTITY)
VALUES (7731, 322, 56, 14);
INSERT INTO ORDER_ITEM (ID, ORDER_ID, PRODUCT_ID, QUANTITY)
VALUES (7732, 322, 20, 16);
INSERT INTO ORDER_ITEM (ID, ORDER_ID, PRODUCT_ID, QUANTITY)
VALUES (7733, 322, 34, 20);
INSERT INTO ORDER_ITEM (ID, ORDER_ID, PRODUCT_ID, QUANTITY)
VALUES (7734, 322, 25, 17);
INSERT INTO ORDER_ITEM (ID, ORDER_ID, PRODUCT_ID, QUANTITY)
VALUES (7735, 322, 26, 9);
INSERT INTO ORDER_ITEM (ID, ORDER_ID, PRODUCT_ID, QUANTITY)
VALUES (7736, 322, 17, 3);
INSERT INTO ORDER_ITEM (ID, ORDER_ID, PRODUCT_ID, QUANTITY)
VALUES (7737, 322, 59, 5);
INSERT INTO ORDER_ITEM (ID, ORDER_ID, PRODUCT_ID, QUANTITY)
VALUES (7738, 322, 45, 2);
INSERT INTO ORDER_ITEM (ID, ORDER_ID, PRODUCT_ID, QUANTITY)
VALUES (7739, 322, 23, 4);
INSERT INTO ORDER_ITEM (ID, ORDER_ID, PRODUCT_ID, QUANTITY)
VALUES (7740, 322, 37, 6);
-- ### ORDER 313
INSERT INTO PAYMENT_DETAIL(ID, AMOUNT, PROVIDER, PROVIDER_PAYMENT_UUID)
VALUES (323, 796.0, 'VISA', '624558736');
INSERT INTO ORDERS (ID, CUST_ID, PAYMENT_ID, STATUS, AMOUNT, CREATED_ON, UPDATED_ON)
VALUES (323, 777, 323, 'DELIVERED', 796.0, LOCALTIMESTAMP, LOCALTIMESTAMP);
INSERT INTO ORDER_ITEM (ID, ORDER_ID, PRODUCT_ID, QUANTITY)
VALUES (7741, 323, 44, 14);
INSERT INTO ORDER_ITEM (ID, ORDER_ID, PRODUCT_ID, QUANTITY)
VALUES (7742, 323, 33, 14);
INSERT INTO ORDER_ITEM (ID, ORDER_ID, PRODUCT_ID, QUANTITY)
VALUES (7743, 323, 47, 0);
INSERT INTO ORDER_ITEM (ID, ORDER_ID, PRODUCT_ID, QUANTITY)
VALUES (7744, 323, 24, 12);
INSERT INTO ORDER_ITEM (ID, ORDER_ID, PRODUCT_ID, QUANTITY)
VALUES (7745, 323, 20, 9);
INSERT INTO ORDER_ITEM (ID, ORDER_ID, PRODUCT_ID, QUANTITY)
VALUES (7746, 323, 59, 7);
INSERT INTO ORDER_ITEM (ID, ORDER_ID, PRODUCT_ID, QUANTITY)
VALUES (7747, 323, 50, 8);
INSERT INTO ORDER_ITEM (ID, ORDER_ID, PRODUCT_ID, QUANTITY)
VALUES (7748, 323, 58, 0);
INSERT INTO ORDER_ITEM (ID, ORDER_ID, PRODUCT_ID, QUANTITY)
VALUES (7749, 323, 36, 8);
INSERT INTO ORDER_ITEM (ID, ORDER_ID, PRODUCT_ID, QUANTITY)
VALUES (7750, 323, 17, 14);
INSERT INTO ORDER_ITEM (ID, ORDER_ID, PRODUCT_ID, QUANTITY)
VALUES (7751, 323, 18, 1);
INSERT INTO ORDER_ITEM (ID, ORDER_ID, PRODUCT_ID, QUANTITY)
VALUES (7752, 323, 14, 10);
INSERT INTO ORDER_ITEM (ID, ORDER_ID, PRODUCT_ID, QUANTITY)
VALUES (7753, 323, 43, 2);
INSERT INTO ORDER_ITEM (ID, ORDER_ID, PRODUCT_ID, QUANTITY)
VALUES (7754, 323, 56, 13);
INSERT INTO ORDER_ITEM (ID, ORDER_ID, PRODUCT_ID, QUANTITY)
VALUES (7755, 323, 16, 4);
INSERT INTO ORDER_ITEM (ID, ORDER_ID, PRODUCT_ID, QUANTITY)
VALUES (7756, 323, 27, 20);
INSERT INTO ORDER_ITEM (ID, ORDER_ID, PRODUCT_ID, QUANTITY)
VALUES (7757, 323, 55, 8);
INSERT INTO ORDER_ITEM (ID, ORDER_ID, PRODUCT_ID, QUANTITY)
VALUES (7758, 323, 32, 6);
INSERT INTO ORDER_ITEM (ID, ORDER_ID, PRODUCT_ID, QUANTITY)
VALUES (7759, 323, 26, 16);
INSERT INTO ORDER_ITEM (ID, ORDER_ID, PRODUCT_ID, QUANTITY)
VALUES (7760, 323, 28, 11);
INSERT INTO ORDER_ITEM (ID, ORDER_ID, PRODUCT_ID, QUANTITY)
VALUES (7761, 323, 37, 0);
INSERT INTO ORDER_ITEM (ID, ORDER_ID, PRODUCT_ID, QUANTITY)
VALUES (7762, 323, 54, 16);
INSERT INTO ORDER_ITEM (ID, ORDER_ID, PRODUCT_ID, QUANTITY)
VALUES (7763, 323, 53, 3);
INSERT INTO ORDER_ITEM (ID, ORDER_ID, PRODUCT_ID, QUANTITY)
VALUES (7764, 323, 19, 3);
INSERT INTO ORDER_ITEM (ID, ORDER_ID, PRODUCT_ID, QUANTITY)
VALUES (7765, 323, 13, 12);
INSERT INTO ORDER_ITEM (ID, ORDER_ID, PRODUCT_ID, QUANTITY)
VALUES (7766, 323, 40, 17);
INSERT INTO ORDER_ITEM (ID, ORDER_ID, PRODUCT_ID, QUANTITY)
VALUES (7767, 323, 31, 17);
INSERT INTO ORDER_ITEM (ID, ORDER_ID, PRODUCT_ID, QUANTITY)
VALUES (7768, 323, 52, 5);
INSERT INTO ORDER_ITEM (ID, ORDER_ID, PRODUCT_ID, QUANTITY)
VALUES (7769, 323, 15, 15);
INSERT INTO ORDER_ITEM (ID, ORDER_ID, PRODUCT_ID, QUANTITY)
VALUES (7770, 323, 35, 5);
INSERT INTO ORDER_ITEM (ID, ORDER_ID, PRODUCT_ID, QUANTITY)
VALUES (7771, 323, 41, 14);
INSERT INTO ORDER_ITEM (ID, ORDER_ID, PRODUCT_ID, QUANTITY)
VALUES (7772, 323, 60, 3);
INSERT INTO ORDER_ITEM (ID, ORDER_ID, PRODUCT_ID, QUANTITY)
VALUES (7773, 323, 38, 18);
INSERT INTO ORDER_ITEM (ID, ORDER_ID, PRODUCT_ID, QUANTITY)
VALUES (7774, 323, 23, 19);
INSERT INTO ORDER_ITEM (ID, ORDER_ID, PRODUCT_ID, QUANTITY)
VALUES (7775, 323, 49, 8);
INSERT INTO ORDER_ITEM (ID, ORDER_ID, PRODUCT_ID, QUANTITY)
VALUES (7776, 323, 57, 7);
-- ### ORDER 314
INSERT INTO PAYMENT_DETAIL(ID, AMOUNT, PROVIDER, PROVIDER_PAYMENT_UUID)
VALUES (324, 3307.0, 'VISA', '914735568');
INSERT INTO ORDERS (ID, CUST_ID, PAYMENT_ID, STATUS, AMOUNT, CREATED_ON, UPDATED_ON)
VALUES (324, 777, 324, 'DELIVERED', 3307.0, LOCALTIMESTAMP, LOCALTIMESTAMP);
INSERT INTO ORDER_ITEM (ID, ORDER_ID, PRODUCT_ID, QUANTITY)
VALUES (7777, 324, 59, 15);
INSERT INTO ORDER_ITEM (ID, ORDER_ID, PRODUCT_ID, QUANTITY)
VALUES (7778, 324, 52, 14);
INSERT INTO ORDER_ITEM (ID, ORDER_ID, PRODUCT_ID, QUANTITY)
VALUES (7779, 324, 48, 3);
INSERT INTO ORDER_ITEM (ID, ORDER_ID, PRODUCT_ID, QUANTITY)
VALUES (7780, 324, 45, 0);
INSERT INTO ORDER_ITEM (ID, ORDER_ID, PRODUCT_ID, QUANTITY)
VALUES (7781, 324, 21, 3);
INSERT INTO ORDER_ITEM (ID, ORDER_ID, PRODUCT_ID, QUANTITY)
VALUES (7782, 324, 29, 14);
INSERT INTO ORDER_ITEM (ID, ORDER_ID, PRODUCT_ID, QUANTITY)
VALUES (7783, 324, 39, 12);
INSERT INTO ORDER_ITEM (ID, ORDER_ID, PRODUCT_ID, QUANTITY)
VALUES (7784, 324, 43, 19);
INSERT INTO ORDER_ITEM (ID, ORDER_ID, PRODUCT_ID, QUANTITY)
VALUES (7785, 324, 54, 4);
INSERT INTO ORDER_ITEM (ID, ORDER_ID, PRODUCT_ID, QUANTITY)
VALUES (7786, 324, 37, 1);
INSERT INTO ORDER_ITEM (ID, ORDER_ID, PRODUCT_ID, QUANTITY)
VALUES (7787, 324, 42, 17);
INSERT INTO ORDER_ITEM (ID, ORDER_ID, PRODUCT_ID, QUANTITY)
VALUES (7788, 324, 20, 0);
INSERT INTO ORDER_ITEM (ID, ORDER_ID, PRODUCT_ID, QUANTITY)
VALUES (7789, 324, 18, 19);
INSERT INTO ORDER_ITEM (ID, ORDER_ID, PRODUCT_ID, QUANTITY)
VALUES (7790, 324, 23, 20);
INSERT INTO ORDER_ITEM (ID, ORDER_ID, PRODUCT_ID, QUANTITY)
VALUES (7791, 324, 57, 9);
INSERT INTO ORDER_ITEM (ID, ORDER_ID, PRODUCT_ID, QUANTITY)
VALUES (7792, 324, 14, 18);
INSERT INTO ORDER_ITEM (ID, ORDER_ID, PRODUCT_ID, QUANTITY)
VALUES (7793, 324, 40, 18);
INSERT INTO ORDER_ITEM (ID, ORDER_ID, PRODUCT_ID, QUANTITY)
VALUES (7794, 324, 24, 20);
INSERT INTO ORDER_ITEM (ID, ORDER_ID, PRODUCT_ID, QUANTITY)
VALUES (7795, 324, 25, 17);
INSERT INTO ORDER_ITEM (ID, ORDER_ID, PRODUCT_ID, QUANTITY)
VALUES (7796, 324, 41, 5);
INSERT INTO ORDER_ITEM (ID, ORDER_ID, PRODUCT_ID, QUANTITY)
VALUES (7797, 324, 17, 15);
INSERT INTO ORDER_ITEM (ID, ORDER_ID, PRODUCT_ID, QUANTITY)
VALUES (7798, 324, 27, 12);
INSERT INTO ORDER_ITEM (ID, ORDER_ID, PRODUCT_ID, QUANTITY)
VALUES (7799, 324, 46, 2);
INSERT INTO ORDER_ITEM (ID, ORDER_ID, PRODUCT_ID, QUANTITY)
VALUES (7800, 324, 50, 19);
INSERT INTO ORDER_ITEM (ID, ORDER_ID, PRODUCT_ID, QUANTITY)
VALUES (7801, 324, 58, 1);
INSERT INTO ORDER_ITEM (ID, ORDER_ID, PRODUCT_ID, QUANTITY)
VALUES (7802, 324, 30, 18);
INSERT INTO ORDER_ITEM (ID, ORDER_ID, PRODUCT_ID, QUANTITY)
VALUES (7803, 324, 32, 0);
INSERT INTO ORDER_ITEM (ID, ORDER_ID, PRODUCT_ID, QUANTITY)
VALUES (7804, 324, 19, 17);
INSERT INTO ORDER_ITEM (ID, ORDER_ID, PRODUCT_ID, QUANTITY)
VALUES (7805, 324, 38, 19);
INSERT INTO ORDER_ITEM (ID, ORDER_ID, PRODUCT_ID, QUANTITY)
VALUES (7806, 324, 60, 18);
INSERT INTO ORDER_ITEM (ID, ORDER_ID, PRODUCT_ID, QUANTITY)
VALUES (7807, 324, 13, 5);
INSERT INTO ORDER_ITEM (ID, ORDER_ID, PRODUCT_ID, QUANTITY)
VALUES (7808, 324, 31, 2);
INSERT INTO ORDER_ITEM (ID, ORDER_ID, PRODUCT_ID, QUANTITY)
VALUES (7809, 324, 51, 6);
INSERT INTO ORDER_ITEM (ID, ORDER_ID, PRODUCT_ID, QUANTITY)
VALUES (7810, 324, 55, 4);
INSERT INTO ORDER_ITEM (ID, ORDER_ID, PRODUCT_ID, QUANTITY)
VALUES (7811, 324, 36, 2);
-- ### ORDER 315
INSERT INTO PAYMENT_DETAIL(ID, AMOUNT, PROVIDER, PROVIDER_PAYMENT_UUID)
VALUES (325, 2111.0, 'ICARD', '157244561');
INSERT INTO ORDERS (ID, CUST_ID, PAYMENT_ID, STATUS, AMOUNT, CREATED_ON, UPDATED_ON)
VALUES (325, 777, 325, 'DELIVERED', 2111.0, LOCALTIMESTAMP, LOCALTIMESTAMP);
INSERT INTO ORDER_ITEM (ID, ORDER_ID, PRODUCT_ID, QUANTITY)
VALUES (7812, 325, 11, 10);
INSERT INTO ORDER_ITEM (ID, ORDER_ID, PRODUCT_ID, QUANTITY)
VALUES (7813, 325, 60, 13);
INSERT INTO ORDER_ITEM (ID, ORDER_ID, PRODUCT_ID, QUANTITY)
VALUES (7814, 325, 20, 20);
INSERT INTO ORDER_ITEM (ID, ORDER_ID, PRODUCT_ID, QUANTITY)
VALUES (7815, 325, 17, 8);
INSERT INTO ORDER_ITEM (ID, ORDER_ID, PRODUCT_ID, QUANTITY)
VALUES (7816, 325, 31, 16);
INSERT INTO ORDER_ITEM (ID, ORDER_ID, PRODUCT_ID, QUANTITY)
VALUES (7817, 325, 45, 14);
INSERT INTO ORDER_ITEM (ID, ORDER_ID, PRODUCT_ID, QUANTITY)
VALUES (7818, 325, 33, 11);
INSERT INTO ORDER_ITEM (ID, ORDER_ID, PRODUCT_ID, QUANTITY)
VALUES (7819, 325, 13, 1);
INSERT INTO ORDER_ITEM (ID, ORDER_ID, PRODUCT_ID, QUANTITY)
VALUES (7820, 325, 24, 1);
INSERT INTO ORDER_ITEM (ID, ORDER_ID, PRODUCT_ID, QUANTITY)
VALUES (7821, 325, 21, 1);
INSERT INTO ORDER_ITEM (ID, ORDER_ID, PRODUCT_ID, QUANTITY)
VALUES (7822, 325, 22, 3);
INSERT INTO ORDER_ITEM (ID, ORDER_ID, PRODUCT_ID, QUANTITY)
VALUES (7823, 325, 56, 19);
INSERT INTO ORDER_ITEM (ID, ORDER_ID, PRODUCT_ID, QUANTITY)
VALUES (7824, 325, 37, 11);
INSERT INTO ORDER_ITEM (ID, ORDER_ID, PRODUCT_ID, QUANTITY)
VALUES (7825, 325, 43, 8);
-- ### ORDER 316
INSERT INTO PAYMENT_DETAIL(ID, AMOUNT, PROVIDER, PROVIDER_PAYMENT_UUID)
VALUES (326, 513.0, 'VISA', '74112455');
INSERT INTO ORDERS (ID, CUST_ID, PAYMENT_ID, STATUS, AMOUNT, CREATED_ON, UPDATED_ON)
VALUES (326, 777, 326, 'DELIVERED', 513.0, LOCALTIMESTAMP, LOCALTIMESTAMP);
INSERT INTO ORDER_ITEM (ID, ORDER_ID, PRODUCT_ID, QUANTITY)
VALUES (7826, 326, 47, 6);
INSERT INTO ORDER_ITEM (ID, ORDER_ID, PRODUCT_ID, QUANTITY)
VALUES (7827, 326, 28, 18);
INSERT INTO ORDER_ITEM (ID, ORDER_ID, PRODUCT_ID, QUANTITY)
VALUES (7828, 326, 26, 18);
INSERT INTO ORDER_ITEM (ID, ORDER_ID, PRODUCT_ID, QUANTITY)
VALUES (7829, 326, 21, 0);
INSERT INTO ORDER_ITEM (ID, ORDER_ID, PRODUCT_ID, QUANTITY)
VALUES (7830, 326, 16, 10);
INSERT INTO ORDER_ITEM (ID, ORDER_ID, PRODUCT_ID, QUANTITY)
VALUES (7831, 326, 32, 4);
INSERT INTO ORDER_ITEM (ID, ORDER_ID, PRODUCT_ID, QUANTITY)
VALUES (7832, 326, 60, 18);
INSERT INTO ORDER_ITEM (ID, ORDER_ID, PRODUCT_ID, QUANTITY)
VALUES (7833, 326, 18, 6);
INSERT INTO ORDER_ITEM (ID, ORDER_ID, PRODUCT_ID, QUANTITY)
VALUES (7834, 326, 57, 18);
INSERT INTO ORDER_ITEM (ID, ORDER_ID, PRODUCT_ID, QUANTITY)
VALUES (7835, 326, 35, 1);
INSERT INTO ORDER_ITEM (ID, ORDER_ID, PRODUCT_ID, QUANTITY)
VALUES (7836, 326, 56, 19);
INSERT INTO ORDER_ITEM (ID, ORDER_ID, PRODUCT_ID, QUANTITY)
VALUES (7837, 326, 39, 1);
INSERT INTO ORDER_ITEM (ID, ORDER_ID, PRODUCT_ID, QUANTITY)
VALUES (7838, 326, 53, 13);
INSERT INTO ORDER_ITEM (ID, ORDER_ID, PRODUCT_ID, QUANTITY)
VALUES (7839, 326, 43, 6);
INSERT INTO ORDER_ITEM (ID, ORDER_ID, PRODUCT_ID, QUANTITY)
VALUES (7840, 326, 54, 13);
INSERT INTO ORDER_ITEM (ID, ORDER_ID, PRODUCT_ID, QUANTITY)
VALUES (7841, 326, 17, 15);
INSERT INTO ORDER_ITEM (ID, ORDER_ID, PRODUCT_ID, QUANTITY)
VALUES (7842, 326, 45, 8);
INSERT INTO ORDER_ITEM (ID, ORDER_ID, PRODUCT_ID, QUANTITY)
VALUES (7843, 326, 48, 17);
INSERT INTO ORDER_ITEM (ID, ORDER_ID, PRODUCT_ID, QUANTITY)
VALUES (7844, 326, 51, 20);
INSERT INTO ORDER_ITEM (ID, ORDER_ID, PRODUCT_ID, QUANTITY)
VALUES (7845, 326, 11, 15);
INSERT INTO ORDER_ITEM (ID, ORDER_ID, PRODUCT_ID, QUANTITY)
VALUES (7846, 326, 40, 15);
INSERT INTO ORDER_ITEM (ID, ORDER_ID, PRODUCT_ID, QUANTITY)
VALUES (7847, 326, 34, 19);
INSERT INTO ORDER_ITEM (ID, ORDER_ID, PRODUCT_ID, QUANTITY)
VALUES (7848, 326, 12, 13);
-- ### ORDER 317
INSERT INTO PAYMENT_DETAIL(ID, AMOUNT, PROVIDER, PROVIDER_PAYMENT_UUID)
VALUES (327, 3513.0, 'PAYPAL', '222655838');
INSERT INTO ORDERS (ID, CUST_ID, PAYMENT_ID, STATUS, AMOUNT, CREATED_ON, UPDATED_ON)
VALUES (327, 777, 327, 'DELIVERED', 3513.0, LOCALTIMESTAMP, LOCALTIMESTAMP);
INSERT INTO ORDER_ITEM (ID, ORDER_ID, PRODUCT_ID, QUANTITY)
VALUES (7849, 327, 44, 1);
INSERT INTO ORDER_ITEM (ID, ORDER_ID, PRODUCT_ID, QUANTITY)
VALUES (7850, 327, 52, 1);
INSERT INTO ORDER_ITEM (ID, ORDER_ID, PRODUCT_ID, QUANTITY)
VALUES (7851, 327, 37, 11);
INSERT INTO ORDER_ITEM (ID, ORDER_ID, PRODUCT_ID, QUANTITY)
VALUES (7852, 327, 16, 11);
INSERT INTO ORDER_ITEM (ID, ORDER_ID, PRODUCT_ID, QUANTITY)
VALUES (7853, 327, 53, 3);
INSERT INTO ORDER_ITEM (ID, ORDER_ID, PRODUCT_ID, QUANTITY)
VALUES (7854, 327, 40, 0);
INSERT INTO ORDER_ITEM (ID, ORDER_ID, PRODUCT_ID, QUANTITY)
VALUES (7855, 327, 29, 6);
INSERT INTO ORDER_ITEM (ID, ORDER_ID, PRODUCT_ID, QUANTITY)
VALUES (7856, 327, 32, 1);
INSERT INTO ORDER_ITEM (ID, ORDER_ID, PRODUCT_ID, QUANTITY)
VALUES (7857, 327, 56, 16);
INSERT INTO ORDER_ITEM (ID, ORDER_ID, PRODUCT_ID, QUANTITY)
VALUES (7858, 327, 15, 13);
INSERT INTO ORDER_ITEM (ID, ORDER_ID, PRODUCT_ID, QUANTITY)
VALUES (7859, 327, 49, 5);
INSERT INTO ORDER_ITEM (ID, ORDER_ID, PRODUCT_ID, QUANTITY)
VALUES (7860, 327, 13, 7);
INSERT INTO ORDER_ITEM (ID, ORDER_ID, PRODUCT_ID, QUANTITY)
VALUES (7861, 327, 45, 0);
INSERT INTO ORDER_ITEM (ID, ORDER_ID, PRODUCT_ID, QUANTITY)
VALUES (7862, 327, 50, 5);
INSERT INTO ORDER_ITEM (ID, ORDER_ID, PRODUCT_ID, QUANTITY)
VALUES (7863, 327, 25, 6);
INSERT INTO ORDER_ITEM (ID, ORDER_ID, PRODUCT_ID, QUANTITY)
VALUES (7864, 327, 54, 11);
INSERT INTO ORDER_ITEM (ID, ORDER_ID, PRODUCT_ID, QUANTITY)
VALUES (7865, 327, 31, 5);
INSERT INTO ORDER_ITEM (ID, ORDER_ID, PRODUCT_ID, QUANTITY)
VALUES (7866, 327, 39, 19);
-- ### ORDER 318
INSERT INTO PAYMENT_DETAIL(ID, AMOUNT, PROVIDER, PROVIDER_PAYMENT_UUID)
VALUES (328, 1732.0, 'ICARD', '679628064');
INSERT INTO ORDERS (ID, CUST_ID, PAYMENT_ID, STATUS, AMOUNT, CREATED_ON, UPDATED_ON)
VALUES (328, 777, 328, 'DELIVERED', 1732.0, LOCALTIMESTAMP, LOCALTIMESTAMP);
INSERT INTO ORDER_ITEM (ID, ORDER_ID, PRODUCT_ID, QUANTITY)
VALUES (7867, 328, 47, 9);
INSERT INTO ORDER_ITEM (ID, ORDER_ID, PRODUCT_ID, QUANTITY)
VALUES (7868, 328, 20, 20);
INSERT INTO ORDER_ITEM (ID, ORDER_ID, PRODUCT_ID, QUANTITY)
VALUES (7869, 328, 16, 10);
INSERT INTO ORDER_ITEM (ID, ORDER_ID, PRODUCT_ID, QUANTITY)
VALUES (7870, 328, 56, 14);
INSERT INTO ORDER_ITEM (ID, ORDER_ID, PRODUCT_ID, QUANTITY)
VALUES (7871, 328, 38, 19);
INSERT INTO ORDER_ITEM (ID, ORDER_ID, PRODUCT_ID, QUANTITY)
VALUES (7872, 328, 57, 9);
INSERT INTO ORDER_ITEM (ID, ORDER_ID, PRODUCT_ID, QUANTITY)
VALUES (7873, 328, 15, 3);
INSERT INTO ORDER_ITEM (ID, ORDER_ID, PRODUCT_ID, QUANTITY)
VALUES (7874, 328, 35, 5);
INSERT INTO ORDER_ITEM (ID, ORDER_ID, PRODUCT_ID, QUANTITY)
VALUES (7875, 328, 25, 3);
INSERT INTO ORDER_ITEM (ID, ORDER_ID, PRODUCT_ID, QUANTITY)
VALUES (7876, 328, 34, 7);
INSERT INTO ORDER_ITEM (ID, ORDER_ID, PRODUCT_ID, QUANTITY)
VALUES (7877, 328, 22, 18);
INSERT INTO ORDER_ITEM (ID, ORDER_ID, PRODUCT_ID, QUANTITY)
VALUES (7878, 328, 14, 7);
INSERT INTO ORDER_ITEM (ID, ORDER_ID, PRODUCT_ID, QUANTITY)
VALUES (7879, 328, 44, 9);
INSERT INTO ORDER_ITEM (ID, ORDER_ID, PRODUCT_ID, QUANTITY)
VALUES (7880, 328, 23, 0);
INSERT INTO ORDER_ITEM (ID, ORDER_ID, PRODUCT_ID, QUANTITY)
VALUES (7881, 328, 17, 7);
INSERT INTO ORDER_ITEM (ID, ORDER_ID, PRODUCT_ID, QUANTITY)
VALUES (7882, 328, 13, 20);
INSERT INTO ORDER_ITEM (ID, ORDER_ID, PRODUCT_ID, QUANTITY)
VALUES (7883, 328, 45, 5);
INSERT INTO ORDER_ITEM (ID, ORDER_ID, PRODUCT_ID, QUANTITY)
VALUES (7884, 328, 29, 18);
INSERT INTO ORDER_ITEM (ID, ORDER_ID, PRODUCT_ID, QUANTITY)
VALUES (7885, 328, 51, 10);
INSERT INTO ORDER_ITEM (ID, ORDER_ID, PRODUCT_ID, QUANTITY)
VALUES (7886, 328, 18, 7);
INSERT INTO ORDER_ITEM (ID, ORDER_ID, PRODUCT_ID, QUANTITY)
VALUES (7887, 328, 59, 15);
INSERT INTO ORDER_ITEM (ID, ORDER_ID, PRODUCT_ID, QUANTITY)
VALUES (7888, 328, 27, 6);
INSERT INTO ORDER_ITEM (ID, ORDER_ID, PRODUCT_ID, QUANTITY)
VALUES (7889, 328, 37, 6);
INSERT INTO ORDER_ITEM (ID, ORDER_ID, PRODUCT_ID, QUANTITY)
VALUES (7890, 328, 24, 2);
INSERT INTO ORDER_ITEM (ID, ORDER_ID, PRODUCT_ID, QUANTITY)
VALUES (7891, 328, 36, 14);
INSERT INTO ORDER_ITEM (ID, ORDER_ID, PRODUCT_ID, QUANTITY)
VALUES (7892, 328, 55, 20);
-- ### ORDER 319
INSERT INTO PAYMENT_DETAIL(ID, AMOUNT, PROVIDER, PROVIDER_PAYMENT_UUID)
VALUES (329, 1632.0, 'PAYPAL', '232939300');
INSERT INTO ORDERS (ID, CUST_ID, PAYMENT_ID, STATUS, AMOUNT, CREATED_ON, UPDATED_ON)
VALUES (329, 777, 329, 'DELIVERED', 1632.0, LOCALTIMESTAMP, LOCALTIMESTAMP);
INSERT INTO ORDER_ITEM (ID, ORDER_ID, PRODUCT_ID, QUANTITY)
VALUES (7893, 329, 19, 16);
INSERT INTO ORDER_ITEM (ID, ORDER_ID, PRODUCT_ID, QUANTITY)
VALUES (7894, 329, 13, 3);
INSERT INTO ORDER_ITEM (ID, ORDER_ID, PRODUCT_ID, QUANTITY)
VALUES (7895, 329, 11, 14);
INSERT INTO ORDER_ITEM (ID, ORDER_ID, PRODUCT_ID, QUANTITY)
VALUES (7896, 329, 23, 7);
INSERT INTO ORDER_ITEM (ID, ORDER_ID, PRODUCT_ID, QUANTITY)
VALUES (7897, 329, 49, 11);
-- ### ORDER 320
INSERT INTO PAYMENT_DETAIL(ID, AMOUNT, PROVIDER, PROVIDER_PAYMENT_UUID)
VALUES (330, 3528.0, 'VISA', '517464777');
INSERT INTO ORDERS (ID, CUST_ID, PAYMENT_ID, STATUS, AMOUNT, CREATED_ON, UPDATED_ON)
VALUES (330, 777, 330, 'DELIVERED', 3528.0, LOCALTIMESTAMP, LOCALTIMESTAMP);
INSERT INTO ORDER_ITEM (ID, ORDER_ID, PRODUCT_ID, QUANTITY)
VALUES (7898, 330, 37, 2);
INSERT INTO ORDER_ITEM (ID, ORDER_ID, PRODUCT_ID, QUANTITY)
VALUES (7899, 330, 39, 16);
INSERT INTO ORDER_ITEM (ID, ORDER_ID, PRODUCT_ID, QUANTITY)
VALUES (7900, 330, 36, 3);
INSERT INTO ORDER_ITEM (ID, ORDER_ID, PRODUCT_ID, QUANTITY)
VALUES (7901, 330, 44, 0);
INSERT INTO ORDER_ITEM (ID, ORDER_ID, PRODUCT_ID, QUANTITY)
VALUES (7902, 330, 59, 18);
INSERT INTO ORDER_ITEM (ID, ORDER_ID, PRODUCT_ID, QUANTITY)
VALUES (7903, 330, 56, 1);
INSERT INTO ORDER_ITEM (ID, ORDER_ID, PRODUCT_ID, QUANTITY)
VALUES (7904, 330, 24, 17);
INSERT INTO ORDER_ITEM (ID, ORDER_ID, PRODUCT_ID, QUANTITY)
VALUES (7905, 330, 35, 13);
INSERT INTO ORDER_ITEM (ID, ORDER_ID, PRODUCT_ID, QUANTITY)
VALUES (7906, 330, 52, 11);
INSERT INTO ORDER_ITEM (ID, ORDER_ID, PRODUCT_ID, QUANTITY)
VALUES (7907, 330, 32, 0);
INSERT INTO ORDER_ITEM (ID, ORDER_ID, PRODUCT_ID, QUANTITY)
VALUES (7908, 330, 46, 17);
INSERT INTO ORDER_ITEM (ID, ORDER_ID, PRODUCT_ID, QUANTITY)
VALUES (7909, 330, 40, 9);
INSERT INTO ORDER_ITEM (ID, ORDER_ID, PRODUCT_ID, QUANTITY)
VALUES (7910, 330, 15, 4);
INSERT INTO ORDER_ITEM (ID, ORDER_ID, PRODUCT_ID, QUANTITY)
VALUES (7911, 330, 27, 10);
INSERT INTO ORDER_ITEM (ID, ORDER_ID, PRODUCT_ID, QUANTITY)
VALUES (7912, 330, 60, 7);
INSERT INTO ORDER_ITEM (ID, ORDER_ID, PRODUCT_ID, QUANTITY)
VALUES (7913, 330, 19, 13);
INSERT INTO ORDER_ITEM (ID, ORDER_ID, PRODUCT_ID, QUANTITY)
VALUES (7914, 330, 16, 8);
INSERT INTO ORDER_ITEM (ID, ORDER_ID, PRODUCT_ID, QUANTITY)
VALUES (7915, 330, 21, 0);
INSERT INTO ORDER_ITEM (ID, ORDER_ID, PRODUCT_ID, QUANTITY)
VALUES (7916, 330, 43, 2);
INSERT INTO ORDER_ITEM (ID, ORDER_ID, PRODUCT_ID, QUANTITY)
VALUES (7917, 330, 47, 19);
INSERT INTO ORDER_ITEM (ID, ORDER_ID, PRODUCT_ID, QUANTITY)
VALUES (7918, 330, 12, 7);
INSERT INTO ORDER_ITEM (ID, ORDER_ID, PRODUCT_ID, QUANTITY)
VALUES (7919, 330, 23, 14);
INSERT INTO ORDER_ITEM (ID, ORDER_ID, PRODUCT_ID, QUANTITY)
VALUES (7920, 330, 18, 12);
INSERT INTO ORDER_ITEM (ID, ORDER_ID, PRODUCT_ID, QUANTITY)
VALUES (7921, 330, 48, 20);
INSERT INTO ORDER_ITEM (ID, ORDER_ID, PRODUCT_ID, QUANTITY)
VALUES (7922, 330, 26, 12);
-- ### ORDER 321
INSERT INTO PAYMENT_DETAIL(ID, AMOUNT, PROVIDER, PROVIDER_PAYMENT_UUID)
VALUES (331, 4108.0, 'PAYPAL', '130004076');
INSERT INTO ORDERS (ID, CUST_ID, PAYMENT_ID, STATUS, AMOUNT, CREATED_ON, UPDATED_ON)
VALUES (331, 777, 331, 'DELIVERED', 4108.0, LOCALTIMESTAMP, LOCALTIMESTAMP);
INSERT INTO ORDER_ITEM (ID, ORDER_ID, PRODUCT_ID, QUANTITY)
VALUES (7923, 331, 41, 1);
INSERT INTO ORDER_ITEM (ID, ORDER_ID, PRODUCT_ID, QUANTITY)
VALUES (7924, 331, 12, 14);
INSERT INTO ORDER_ITEM (ID, ORDER_ID, PRODUCT_ID, QUANTITY)
VALUES (7925, 331, 60, 3);
INSERT INTO ORDER_ITEM (ID, ORDER_ID, PRODUCT_ID, QUANTITY)
VALUES (7926, 331, 28, 13);
INSERT INTO ORDER_ITEM (ID, ORDER_ID, PRODUCT_ID, QUANTITY)
VALUES (7927, 331, 17, 3);
INSERT INTO ORDER_ITEM (ID, ORDER_ID, PRODUCT_ID, QUANTITY)
VALUES (7928, 331, 45, 20);
INSERT INTO ORDER_ITEM (ID, ORDER_ID, PRODUCT_ID, QUANTITY)
VALUES (7929, 331, 52, 20);
INSERT INTO ORDER_ITEM (ID, ORDER_ID, PRODUCT_ID, QUANTITY)
VALUES (7930, 331, 13, 14);
INSERT INTO ORDER_ITEM (ID, ORDER_ID, PRODUCT_ID, QUANTITY)
VALUES (7931, 331, 50, 1);
INSERT INTO ORDER_ITEM (ID, ORDER_ID, PRODUCT_ID, QUANTITY)
VALUES (7932, 331, 29, 16);
INSERT INTO ORDER_ITEM (ID, ORDER_ID, PRODUCT_ID, QUANTITY)
VALUES (7933, 331, 15, 6);
INSERT INTO ORDER_ITEM (ID, ORDER_ID, PRODUCT_ID, QUANTITY)
VALUES (7934, 331, 44, 18);
INSERT INTO ORDER_ITEM (ID, ORDER_ID, PRODUCT_ID, QUANTITY)
VALUES (7935, 331, 57, 15);
INSERT INTO ORDER_ITEM (ID, ORDER_ID, PRODUCT_ID, QUANTITY)
VALUES (7936, 331, 32, 0);
INSERT INTO ORDER_ITEM (ID, ORDER_ID, PRODUCT_ID, QUANTITY)
VALUES (7937, 331, 26, 6);
INSERT INTO ORDER_ITEM (ID, ORDER_ID, PRODUCT_ID, QUANTITY)
VALUES (7938, 331, 47, 5);
INSERT INTO ORDER_ITEM (ID, ORDER_ID, PRODUCT_ID, QUANTITY)
VALUES (7939, 331, 20, 9);
INSERT INTO ORDER_ITEM (ID, ORDER_ID, PRODUCT_ID, QUANTITY)
VALUES (7940, 331, 59, 14);
INSERT INTO ORDER_ITEM (ID, ORDER_ID, PRODUCT_ID, QUANTITY)
VALUES (7941, 331, 18, 11);
-- ### ORDER 322
INSERT INTO PAYMENT_DETAIL(ID, AMOUNT, PROVIDER, PROVIDER_PAYMENT_UUID)
VALUES (332, 2867.0, 'MASTERCARD', '56046553');
INSERT INTO ORDERS (ID, CUST_ID, PAYMENT_ID, STATUS, AMOUNT, CREATED_ON, UPDATED_ON)
VALUES (332, 777, 332, 'DELIVERED', 2867.0, LOCALTIMESTAMP, LOCALTIMESTAMP);
INSERT INTO ORDER_ITEM (ID, ORDER_ID, PRODUCT_ID, QUANTITY)
VALUES (7942, 332, 42, 18);
INSERT INTO ORDER_ITEM (ID, ORDER_ID, PRODUCT_ID, QUANTITY)
VALUES (7943, 332, 60, 6);
INSERT INTO ORDER_ITEM (ID, ORDER_ID, PRODUCT_ID, QUANTITY)
VALUES (7944, 332, 29, 3);
INSERT INTO ORDER_ITEM (ID, ORDER_ID, PRODUCT_ID, QUANTITY)
VALUES (7945, 332, 28, 8);
INSERT INTO ORDER_ITEM (ID, ORDER_ID, PRODUCT_ID, QUANTITY)
VALUES (7946, 332, 18, 2);
INSERT INTO ORDER_ITEM (ID, ORDER_ID, PRODUCT_ID, QUANTITY)
VALUES (7947, 332, 39, 6);
INSERT INTO ORDER_ITEM (ID, ORDER_ID, PRODUCT_ID, QUANTITY)
VALUES (7948, 332, 22, 7);
-- ### ORDER 323
INSERT INTO PAYMENT_DETAIL(ID, AMOUNT, PROVIDER, PROVIDER_PAYMENT_UUID)
VALUES (333, 4194.0, 'VISA', '612876219');
INSERT INTO ORDERS (ID, CUST_ID, PAYMENT_ID, STATUS, AMOUNT, CREATED_ON, UPDATED_ON)
VALUES (333, 777, 333, 'DELIVERED', 4194.0, LOCALTIMESTAMP, LOCALTIMESTAMP);
INSERT INTO ORDER_ITEM (ID, ORDER_ID, PRODUCT_ID, QUANTITY)
VALUES (7949, 333, 53, 3);
INSERT INTO ORDER_ITEM (ID, ORDER_ID, PRODUCT_ID, QUANTITY)
VALUES (7950, 333, 22, 18);
INSERT INTO ORDER_ITEM (ID, ORDER_ID, PRODUCT_ID, QUANTITY)
VALUES (7951, 333, 30, 9);
INSERT INTO ORDER_ITEM (ID, ORDER_ID, PRODUCT_ID, QUANTITY)
VALUES (7952, 333, 54, 14);
INSERT INTO ORDER_ITEM (ID, ORDER_ID, PRODUCT_ID, QUANTITY)
VALUES (7953, 333, 15, 1);
INSERT INTO ORDER_ITEM (ID, ORDER_ID, PRODUCT_ID, QUANTITY)
VALUES (7954, 333, 36, 6);
INSERT INTO ORDER_ITEM (ID, ORDER_ID, PRODUCT_ID, QUANTITY)
VALUES (7955, 333, 47, 20);
INSERT INTO ORDER_ITEM (ID, ORDER_ID, PRODUCT_ID, QUANTITY)
VALUES (7956, 333, 19, 2);
INSERT INTO ORDER_ITEM (ID, ORDER_ID, PRODUCT_ID, QUANTITY)
VALUES (7957, 333, 31, 7);
INSERT INTO ORDER_ITEM (ID, ORDER_ID, PRODUCT_ID, QUANTITY)
VALUES (7958, 333, 21, 1);
INSERT INTO ORDER_ITEM (ID, ORDER_ID, PRODUCT_ID, QUANTITY)
VALUES (7959, 333, 13, 15);
INSERT INTO ORDER_ITEM (ID, ORDER_ID, PRODUCT_ID, QUANTITY)
VALUES (7960, 333, 50, 3);
INSERT INTO ORDER_ITEM (ID, ORDER_ID, PRODUCT_ID, QUANTITY)
VALUES (7961, 333, 57, 17);
INSERT INTO ORDER_ITEM (ID, ORDER_ID, PRODUCT_ID, QUANTITY)
VALUES (7962, 333, 25, 17);
INSERT INTO ORDER_ITEM (ID, ORDER_ID, PRODUCT_ID, QUANTITY)
VALUES (7963, 333, 17, 15);
INSERT INTO ORDER_ITEM (ID, ORDER_ID, PRODUCT_ID, QUANTITY)
VALUES (7964, 333, 35, 1);
INSERT INTO ORDER_ITEM (ID, ORDER_ID, PRODUCT_ID, QUANTITY)
VALUES (7965, 333, 48, 0);
INSERT INTO ORDER_ITEM (ID, ORDER_ID, PRODUCT_ID, QUANTITY)
VALUES (7966, 333, 20, 9);
INSERT INTO ORDER_ITEM (ID, ORDER_ID, PRODUCT_ID, QUANTITY)
VALUES (7967, 333, 12, 20);
INSERT INTO ORDER_ITEM (ID, ORDER_ID, PRODUCT_ID, QUANTITY)
VALUES (7968, 333, 38, 20);
INSERT INTO ORDER_ITEM (ID, ORDER_ID, PRODUCT_ID, QUANTITY)
VALUES (7969, 333, 41, 9);
INSERT INTO ORDER_ITEM (ID, ORDER_ID, PRODUCT_ID, QUANTITY)
VALUES (7970, 333, 23, 15);
INSERT INTO ORDER_ITEM (ID, ORDER_ID, PRODUCT_ID, QUANTITY)
VALUES (7971, 333, 29, 6);
INSERT INTO ORDER_ITEM (ID, ORDER_ID, PRODUCT_ID, QUANTITY)
VALUES (7972, 333, 27, 10);
INSERT INTO ORDER_ITEM (ID, ORDER_ID, PRODUCT_ID, QUANTITY)
VALUES (7973, 333, 44, 8);
INSERT INTO ORDER_ITEM (ID, ORDER_ID, PRODUCT_ID, QUANTITY)
VALUES (7974, 333, 42, 19);
INSERT INTO ORDER_ITEM (ID, ORDER_ID, PRODUCT_ID, QUANTITY)
VALUES (7975, 333, 45, 13);
INSERT INTO ORDER_ITEM (ID, ORDER_ID, PRODUCT_ID, QUANTITY)
VALUES (7976, 333, 32, 16);
INSERT INTO ORDER_ITEM (ID, ORDER_ID, PRODUCT_ID, QUANTITY)
VALUES (7977, 333, 49, 17);
INSERT INTO ORDER_ITEM (ID, ORDER_ID, PRODUCT_ID, QUANTITY)
VALUES (7978, 333, 60, 7);
INSERT INTO ORDER_ITEM (ID, ORDER_ID, PRODUCT_ID, QUANTITY)
VALUES (7979, 333, 51, 14);
INSERT INTO ORDER_ITEM (ID, ORDER_ID, PRODUCT_ID, QUANTITY)
VALUES (7980, 333, 26, 13);
INSERT INTO ORDER_ITEM (ID, ORDER_ID, PRODUCT_ID, QUANTITY)
VALUES (7981, 333, 55, 17);
INSERT INTO ORDER_ITEM (ID, ORDER_ID, PRODUCT_ID, QUANTITY)
VALUES (7982, 333, 28, 13);
INSERT INTO ORDER_ITEM (ID, ORDER_ID, PRODUCT_ID, QUANTITY)
VALUES (7983, 333, 24, 14);
INSERT INTO ORDER_ITEM (ID, ORDER_ID, PRODUCT_ID, QUANTITY)
VALUES (7984, 333, 59, 9);
INSERT INTO ORDER_ITEM (ID, ORDER_ID, PRODUCT_ID, QUANTITY)
VALUES (7985, 333, 52, 8);
INSERT INTO ORDER_ITEM (ID, ORDER_ID, PRODUCT_ID, QUANTITY)
VALUES (7986, 333, 34, 9);
INSERT INTO ORDER_ITEM (ID, ORDER_ID, PRODUCT_ID, QUANTITY)
VALUES (7987, 333, 58, 20);
INSERT INTO ORDER_ITEM (ID, ORDER_ID, PRODUCT_ID, QUANTITY)
VALUES (7988, 333, 11, 18);
-- ### ORDER 324
INSERT INTO PAYMENT_DETAIL(ID, AMOUNT, PROVIDER, PROVIDER_PAYMENT_UUID)
VALUES (334, 329.0, 'PAYPAL', '636057127');
INSERT INTO ORDERS (ID, CUST_ID, PAYMENT_ID, STATUS, AMOUNT, CREATED_ON, UPDATED_ON)
VALUES (334, 777, 334, 'DELIVERED', 329.0, LOCALTIMESTAMP, LOCALTIMESTAMP);
INSERT INTO ORDER_ITEM (ID, ORDER_ID, PRODUCT_ID, QUANTITY)
VALUES (7989, 334, 30, 18);
INSERT INTO ORDER_ITEM (ID, ORDER_ID, PRODUCT_ID, QUANTITY)
VALUES (7990, 334, 52, 5);
INSERT INTO ORDER_ITEM (ID, ORDER_ID, PRODUCT_ID, QUANTITY)
VALUES (7991, 334, 36, 15);
INSERT INTO ORDER_ITEM (ID, ORDER_ID, PRODUCT_ID, QUANTITY)
VALUES (7992, 334, 13, 4);
INSERT INTO ORDER_ITEM (ID, ORDER_ID, PRODUCT_ID, QUANTITY)
VALUES (7993, 334, 53, 13);
INSERT INTO ORDER_ITEM (ID, ORDER_ID, PRODUCT_ID, QUANTITY)
VALUES (7994, 334, 40, 12);
INSERT INTO ORDER_ITEM (ID, ORDER_ID, PRODUCT_ID, QUANTITY)
VALUES (7995, 334, 55, 7);
INSERT INTO ORDER_ITEM (ID, ORDER_ID, PRODUCT_ID, QUANTITY)
VALUES (7996, 334, 46, 19);
INSERT INTO ORDER_ITEM (ID, ORDER_ID, PRODUCT_ID, QUANTITY)
VALUES (7997, 334, 29, 14);
-- ### ORDER 325
INSERT INTO PAYMENT_DETAIL(ID, AMOUNT, PROVIDER, PROVIDER_PAYMENT_UUID)
VALUES (335, 603.0, 'MASTERCARD', '615161606');
INSERT INTO ORDERS (ID, CUST_ID, PAYMENT_ID, STATUS, AMOUNT, CREATED_ON, UPDATED_ON)
VALUES (335, 777, 335, 'DELIVERED', 603.0, LOCALTIMESTAMP, LOCALTIMESTAMP);
INSERT INTO ORDER_ITEM (ID, ORDER_ID, PRODUCT_ID, QUANTITY)
VALUES (7998, 335, 12, 15);
INSERT INTO ORDER_ITEM (ID, ORDER_ID, PRODUCT_ID, QUANTITY)
VALUES (7999, 335, 19, 11);
INSERT INTO ORDER_ITEM (ID, ORDER_ID, PRODUCT_ID, QUANTITY)
VALUES (8000, 335, 45, 11);
INSERT INTO ORDER_ITEM (ID, ORDER_ID, PRODUCT_ID, QUANTITY)
VALUES (8001, 335, 36, 13);
INSERT INTO ORDER_ITEM (ID, ORDER_ID, PRODUCT_ID, QUANTITY)
VALUES (8002, 335, 44, 20);
INSERT INTO ORDER_ITEM (ID, ORDER_ID, PRODUCT_ID, QUANTITY)
VALUES (8003, 335, 39, 4);
INSERT INTO ORDER_ITEM (ID, ORDER_ID, PRODUCT_ID, QUANTITY)
VALUES (8004, 335, 33, 19);
INSERT INTO ORDER_ITEM (ID, ORDER_ID, PRODUCT_ID, QUANTITY)
VALUES (8005, 335, 17, 17);
INSERT INTO ORDER_ITEM (ID, ORDER_ID, PRODUCT_ID, QUANTITY)
VALUES (8006, 335, 46, 16);
INSERT INTO ORDER_ITEM (ID, ORDER_ID, PRODUCT_ID, QUANTITY)
VALUES (8007, 335, 53, 16);
INSERT INTO ORDER_ITEM (ID, ORDER_ID, PRODUCT_ID, QUANTITY)
VALUES (8008, 335, 32, 12);
INSERT INTO ORDER_ITEM (ID, ORDER_ID, PRODUCT_ID, QUANTITY)
VALUES (8009, 335, 18, 19);
INSERT INTO ORDER_ITEM (ID, ORDER_ID, PRODUCT_ID, QUANTITY)
VALUES (8010, 335, 11, 20);
INSERT INTO ORDER_ITEM (ID, ORDER_ID, PRODUCT_ID, QUANTITY)
VALUES (8011, 335, 41, 9);
INSERT INTO ORDER_ITEM (ID, ORDER_ID, PRODUCT_ID, QUANTITY)
VALUES (8012, 335, 21, 0);
INSERT INTO ORDER_ITEM (ID, ORDER_ID, PRODUCT_ID, QUANTITY)
VALUES (8013, 335, 35, 18);
INSERT INTO ORDER_ITEM (ID, ORDER_ID, PRODUCT_ID, QUANTITY)
VALUES (8014, 335, 48, 14);
INSERT INTO ORDER_ITEM (ID, ORDER_ID, PRODUCT_ID, QUANTITY)
VALUES (8015, 335, 22, 20);
INSERT INTO ORDER_ITEM (ID, ORDER_ID, PRODUCT_ID, QUANTITY)
VALUES (8016, 335, 29, 4);
-- ### ORDER 326
INSERT INTO PAYMENT_DETAIL(ID, AMOUNT, PROVIDER, PROVIDER_PAYMENT_UUID)
VALUES (336, 3164.0, 'ICARD', '315953226');
INSERT INTO ORDERS (ID, CUST_ID, PAYMENT_ID, STATUS, AMOUNT, CREATED_ON, UPDATED_ON)
VALUES (336, 777, 336, 'DELIVERED', 3164.0, LOCALTIMESTAMP, LOCALTIMESTAMP);
INSERT INTO ORDER_ITEM (ID, ORDER_ID, PRODUCT_ID, QUANTITY)
VALUES (8017, 336, 28, 10);
INSERT INTO ORDER_ITEM (ID, ORDER_ID, PRODUCT_ID, QUANTITY)
VALUES (8018, 336, 60, 19);
INSERT INTO ORDER_ITEM (ID, ORDER_ID, PRODUCT_ID, QUANTITY)
VALUES (8019, 336, 53, 4);
INSERT INTO ORDER_ITEM (ID, ORDER_ID, PRODUCT_ID, QUANTITY)
VALUES (8020, 336, 32, 6);
-- ### ORDER 327
INSERT INTO PAYMENT_DETAIL(ID, AMOUNT, PROVIDER, PROVIDER_PAYMENT_UUID)
VALUES (337, 2353.0, 'PAYPAL', '352541427');
INSERT INTO ORDERS (ID, CUST_ID, PAYMENT_ID, STATUS, AMOUNT, CREATED_ON, UPDATED_ON)
VALUES (337, 777, 337, 'DELIVERED', 2353.0, LOCALTIMESTAMP, LOCALTIMESTAMP);
INSERT INTO ORDER_ITEM (ID, ORDER_ID, PRODUCT_ID, QUANTITY)
VALUES (8021, 337, 17, 12);
INSERT INTO ORDER_ITEM (ID, ORDER_ID, PRODUCT_ID, QUANTITY)
VALUES (8022, 337, 16, 14);
INSERT INTO ORDER_ITEM (ID, ORDER_ID, PRODUCT_ID, QUANTITY)
VALUES (8023, 337, 31, 8);
INSERT INTO ORDER_ITEM (ID, ORDER_ID, PRODUCT_ID, QUANTITY)
VALUES (8024, 337, 29, 19);
INSERT INTO ORDER_ITEM (ID, ORDER_ID, PRODUCT_ID, QUANTITY)
VALUES (8025, 337, 30, 15);
INSERT INTO ORDER_ITEM (ID, ORDER_ID, PRODUCT_ID, QUANTITY)
VALUES (8026, 337, 60, 18);
INSERT INTO ORDER_ITEM (ID, ORDER_ID, PRODUCT_ID, QUANTITY)
VALUES (8027, 337, 14, 15);
INSERT INTO ORDER_ITEM (ID, ORDER_ID, PRODUCT_ID, QUANTITY)
VALUES (8028, 337, 33, 6);
INSERT INTO ORDER_ITEM (ID, ORDER_ID, PRODUCT_ID, QUANTITY)
VALUES (8029, 337, 49, 18);
INSERT INTO ORDER_ITEM (ID, ORDER_ID, PRODUCT_ID, QUANTITY)
VALUES (8030, 337, 53, 14);
INSERT INTO ORDER_ITEM (ID, ORDER_ID, PRODUCT_ID, QUANTITY)
VALUES (8031, 337, 51, 8);
INSERT INTO ORDER_ITEM (ID, ORDER_ID, PRODUCT_ID, QUANTITY)
VALUES (8032, 337, 52, 7);
INSERT INTO ORDER_ITEM (ID, ORDER_ID, PRODUCT_ID, QUANTITY)
VALUES (8033, 337, 47, 0);
INSERT INTO ORDER_ITEM (ID, ORDER_ID, PRODUCT_ID, QUANTITY)
VALUES (8034, 337, 56, 0);
INSERT INTO ORDER_ITEM (ID, ORDER_ID, PRODUCT_ID, QUANTITY)
VALUES (8035, 337, 35, 11);
INSERT INTO ORDER_ITEM (ID, ORDER_ID, PRODUCT_ID, QUANTITY)
VALUES (8036, 337, 44, 1);
INSERT INTO ORDER_ITEM (ID, ORDER_ID, PRODUCT_ID, QUANTITY)
VALUES (8037, 337, 46, 12);
INSERT INTO ORDER_ITEM (ID, ORDER_ID, PRODUCT_ID, QUANTITY)
VALUES (8038, 337, 15, 8);
INSERT INTO ORDER_ITEM (ID, ORDER_ID, PRODUCT_ID, QUANTITY)
VALUES (8039, 337, 23, 8);
INSERT INTO ORDER_ITEM (ID, ORDER_ID, PRODUCT_ID, QUANTITY)
VALUES (8040, 337, 22, 14);
INSERT INTO ORDER_ITEM (ID, ORDER_ID, PRODUCT_ID, QUANTITY)
VALUES (8041, 337, 27, 12);
-- ### ORDER 328
INSERT INTO PAYMENT_DETAIL(ID, AMOUNT, PROVIDER, PROVIDER_PAYMENT_UUID)
VALUES (338, 4414.0, 'MASTERCARD', '571302181');
INSERT INTO ORDERS (ID, CUST_ID, PAYMENT_ID, STATUS, AMOUNT, CREATED_ON, UPDATED_ON)
VALUES (338, 777, 338, 'DELIVERED', 4414.0, LOCALTIMESTAMP, LOCALTIMESTAMP);
INSERT INTO ORDER_ITEM (ID, ORDER_ID, PRODUCT_ID, QUANTITY)
VALUES (8042, 338, 16, 19);
INSERT INTO ORDER_ITEM (ID, ORDER_ID, PRODUCT_ID, QUANTITY)
VALUES (8043, 338, 49, 6);
INSERT INTO ORDER_ITEM (ID, ORDER_ID, PRODUCT_ID, QUANTITY)
VALUES (8044, 338, 15, 9);
INSERT INTO ORDER_ITEM (ID, ORDER_ID, PRODUCT_ID, QUANTITY)
VALUES (8045, 338, 59, 12);
INSERT INTO ORDER_ITEM (ID, ORDER_ID, PRODUCT_ID, QUANTITY)
VALUES (8046, 338, 36, 0);
INSERT INTO ORDER_ITEM (ID, ORDER_ID, PRODUCT_ID, QUANTITY)
VALUES (8047, 338, 50, 3);
INSERT INTO ORDER_ITEM (ID, ORDER_ID, PRODUCT_ID, QUANTITY)
VALUES (8048, 338, 45, 2);
INSERT INTO ORDER_ITEM (ID, ORDER_ID, PRODUCT_ID, QUANTITY)
VALUES (8049, 338, 38, 19);
INSERT INTO ORDER_ITEM (ID, ORDER_ID, PRODUCT_ID, QUANTITY)
VALUES (8050, 338, 55, 18);
INSERT INTO ORDER_ITEM (ID, ORDER_ID, PRODUCT_ID, QUANTITY)
VALUES (8051, 338, 17, 18);
INSERT INTO ORDER_ITEM (ID, ORDER_ID, PRODUCT_ID, QUANTITY)
VALUES (8052, 338, 27, 6);
INSERT INTO ORDER_ITEM (ID, ORDER_ID, PRODUCT_ID, QUANTITY)
VALUES (8053, 338, 26, 1);
INSERT INTO ORDER_ITEM (ID, ORDER_ID, PRODUCT_ID, QUANTITY)
VALUES (8054, 338, 60, 1);
INSERT INTO ORDER_ITEM (ID, ORDER_ID, PRODUCT_ID, QUANTITY)
VALUES (8055, 338, 56, 17);
INSERT INTO ORDER_ITEM (ID, ORDER_ID, PRODUCT_ID, QUANTITY)
VALUES (8056, 338, 37, 10);
INSERT INTO ORDER_ITEM (ID, ORDER_ID, PRODUCT_ID, QUANTITY)
VALUES (8057, 338, 13, 5);
INSERT INTO ORDER_ITEM (ID, ORDER_ID, PRODUCT_ID, QUANTITY)
VALUES (8058, 338, 32, 16);
INSERT INTO ORDER_ITEM (ID, ORDER_ID, PRODUCT_ID, QUANTITY)
VALUES (8059, 338, 20, 6);
INSERT INTO ORDER_ITEM (ID, ORDER_ID, PRODUCT_ID, QUANTITY)
VALUES (8060, 338, 24, 13);
INSERT INTO ORDER_ITEM (ID, ORDER_ID, PRODUCT_ID, QUANTITY)
VALUES (8061, 338, 18, 14);
INSERT INTO ORDER_ITEM (ID, ORDER_ID, PRODUCT_ID, QUANTITY)
VALUES (8062, 338, 53, 8);
INSERT INTO ORDER_ITEM (ID, ORDER_ID, PRODUCT_ID, QUANTITY)
VALUES (8063, 338, 35, 1);
INSERT INTO ORDER_ITEM (ID, ORDER_ID, PRODUCT_ID, QUANTITY)
VALUES (8064, 338, 31, 11);
INSERT INTO ORDER_ITEM (ID, ORDER_ID, PRODUCT_ID, QUANTITY)
VALUES (8065, 338, 42, 18);
INSERT INTO ORDER_ITEM (ID, ORDER_ID, PRODUCT_ID, QUANTITY)
VALUES (8066, 338, 23, 0);
INSERT INTO ORDER_ITEM (ID, ORDER_ID, PRODUCT_ID, QUANTITY)
VALUES (8067, 338, 44, 6);
INSERT INTO ORDER_ITEM (ID, ORDER_ID, PRODUCT_ID, QUANTITY)
VALUES (8068, 338, 39, 15);
INSERT INTO ORDER_ITEM (ID, ORDER_ID, PRODUCT_ID, QUANTITY)
VALUES (8069, 338, 51, 4);
INSERT INTO ORDER_ITEM (ID, ORDER_ID, PRODUCT_ID, QUANTITY)
VALUES (8070, 338, 19, 12);
INSERT INTO ORDER_ITEM (ID, ORDER_ID, PRODUCT_ID, QUANTITY)
VALUES (8071, 338, 21, 8);
INSERT INTO ORDER_ITEM (ID, ORDER_ID, PRODUCT_ID, QUANTITY)
VALUES (8072, 338, 22, 5);
INSERT INTO ORDER_ITEM (ID, ORDER_ID, PRODUCT_ID, QUANTITY)
VALUES (8073, 338, 41, 5);
INSERT INTO ORDER_ITEM (ID, ORDER_ID, PRODUCT_ID, QUANTITY)
VALUES (8074, 338, 29, 13);
INSERT INTO ORDER_ITEM (ID, ORDER_ID, PRODUCT_ID, QUANTITY)
VALUES (8075, 338, 30, 9);
INSERT INTO ORDER_ITEM (ID, ORDER_ID, PRODUCT_ID, QUANTITY)
VALUES (8076, 338, 12, 20);
INSERT INTO ORDER_ITEM (ID, ORDER_ID, PRODUCT_ID, QUANTITY)
VALUES (8077, 338, 48, 20);
INSERT INTO ORDER_ITEM (ID, ORDER_ID, PRODUCT_ID, QUANTITY)
VALUES (8078, 338, 14, 6);
INSERT INTO ORDER_ITEM (ID, ORDER_ID, PRODUCT_ID, QUANTITY)
VALUES (8079, 338, 33, 20);
INSERT INTO ORDER_ITEM (ID, ORDER_ID, PRODUCT_ID, QUANTITY)
VALUES (8080, 338, 43, 6);
-- ### ORDER 329
INSERT INTO PAYMENT_DETAIL(ID, AMOUNT, PROVIDER, PROVIDER_PAYMENT_UUID)
VALUES (339, 857.0, 'PAYPAL', '361482059');
INSERT INTO ORDERS (ID, CUST_ID, PAYMENT_ID, STATUS, AMOUNT, CREATED_ON, UPDATED_ON)
VALUES (339, 777, 339, 'DELIVERED', 857.0, LOCALTIMESTAMP, LOCALTIMESTAMP);
INSERT INTO ORDER_ITEM (ID, ORDER_ID, PRODUCT_ID, QUANTITY)
VALUES (8081, 339, 30, 17);
INSERT INTO ORDER_ITEM (ID, ORDER_ID, PRODUCT_ID, QUANTITY)
VALUES (8082, 339, 16, 9);
INSERT INTO ORDER_ITEM (ID, ORDER_ID, PRODUCT_ID, QUANTITY)
VALUES (8083, 339, 48, 15);
-- ### ORDER 330
INSERT INTO PAYMENT_DETAIL(ID, AMOUNT, PROVIDER, PROVIDER_PAYMENT_UUID)
VALUES (340, 1212.0, 'PAYPAL', '645842538');
INSERT INTO ORDERS (ID, CUST_ID, PAYMENT_ID, STATUS, AMOUNT, CREATED_ON, UPDATED_ON)
VALUES (340, 777, 340, 'DELIVERED', 1212.0, LOCALTIMESTAMP, LOCALTIMESTAMP);
INSERT INTO ORDER_ITEM (ID, ORDER_ID, PRODUCT_ID, QUANTITY)
VALUES (8084, 340, 23, 4);
INSERT INTO ORDER_ITEM (ID, ORDER_ID, PRODUCT_ID, QUANTITY)
VALUES (8085, 340, 43, 18);
INSERT INTO ORDER_ITEM (ID, ORDER_ID, PRODUCT_ID, QUANTITY)
VALUES (8086, 340, 16, 13);
INSERT INTO ORDER_ITEM (ID, ORDER_ID, PRODUCT_ID, QUANTITY)
VALUES (8087, 340, 47, 15);
INSERT INTO ORDER_ITEM (ID, ORDER_ID, PRODUCT_ID, QUANTITY)
VALUES (8088, 340, 41, 12);
INSERT INTO ORDER_ITEM (ID, ORDER_ID, PRODUCT_ID, QUANTITY)
VALUES (8089, 340, 14, 7);
INSERT INTO ORDER_ITEM (ID, ORDER_ID, PRODUCT_ID, QUANTITY)
VALUES (8090, 340, 31, 16);
INSERT INTO ORDER_ITEM (ID, ORDER_ID, PRODUCT_ID, QUANTITY)
VALUES (8091, 340, 32, 0);
INSERT INTO ORDER_ITEM (ID, ORDER_ID, PRODUCT_ID, QUANTITY)
VALUES (8092, 340, 53, 2);
INSERT INTO ORDER_ITEM (ID, ORDER_ID, PRODUCT_ID, QUANTITY)
VALUES (8093, 340, 35, 15);
INSERT INTO ORDER_ITEM (ID, ORDER_ID, PRODUCT_ID, QUANTITY)
VALUES (8094, 340, 44, 8);
INSERT INTO ORDER_ITEM (ID, ORDER_ID, PRODUCT_ID, QUANTITY)
VALUES (8095, 340, 20, 12);
INSERT INTO ORDER_ITEM (ID, ORDER_ID, PRODUCT_ID, QUANTITY)
VALUES (8096, 340, 27, 8);
INSERT INTO ORDER_ITEM (ID, ORDER_ID, PRODUCT_ID, QUANTITY)
VALUES (8097, 340, 13, 13);
INSERT INTO ORDER_ITEM (ID, ORDER_ID, PRODUCT_ID, QUANTITY)
VALUES (8098, 340, 33, 4);
INSERT INTO ORDER_ITEM (ID, ORDER_ID, PRODUCT_ID, QUANTITY)
VALUES (8099, 340, 51, 1);
INSERT INTO ORDER_ITEM (ID, ORDER_ID, PRODUCT_ID, QUANTITY)
VALUES (8100, 340, 52, 2);
INSERT INTO ORDER_ITEM (ID, ORDER_ID, PRODUCT_ID, QUANTITY)
VALUES (8101, 340, 54, 7);
INSERT INTO ORDER_ITEM (ID, ORDER_ID, PRODUCT_ID, QUANTITY)
VALUES (8102, 340, 19, 18);
INSERT INTO ORDER_ITEM (ID, ORDER_ID, PRODUCT_ID, QUANTITY)
VALUES (8103, 340, 28, 0);
INSERT INTO ORDER_ITEM (ID, ORDER_ID, PRODUCT_ID, QUANTITY)
VALUES (8104, 340, 58, 3);
INSERT INTO ORDER_ITEM (ID, ORDER_ID, PRODUCT_ID, QUANTITY)
VALUES (8105, 340, 26, 4);
INSERT INTO ORDER_ITEM (ID, ORDER_ID, PRODUCT_ID, QUANTITY)
VALUES (8106, 340, 25, 3);
INSERT INTO ORDER_ITEM (ID, ORDER_ID, PRODUCT_ID, QUANTITY)
VALUES (8107, 340, 34, 1);
INSERT INTO ORDER_ITEM (ID, ORDER_ID, PRODUCT_ID, QUANTITY)
VALUES (8108, 340, 45, 12);
INSERT INTO ORDER_ITEM (ID, ORDER_ID, PRODUCT_ID, QUANTITY)
VALUES (8109, 340, 22, 6);
INSERT INTO ORDER_ITEM (ID, ORDER_ID, PRODUCT_ID, QUANTITY)
VALUES (8110, 340, 38, 14);
INSERT INTO ORDER_ITEM (ID, ORDER_ID, PRODUCT_ID, QUANTITY)
VALUES (8111, 340, 18, 13);
-- ### ORDER 331
INSERT INTO PAYMENT_DETAIL(ID, AMOUNT, PROVIDER, PROVIDER_PAYMENT_UUID)
VALUES (341, 4000.0, 'ICARD', '529947788');
INSERT INTO ORDERS (ID, CUST_ID, PAYMENT_ID, STATUS, AMOUNT, CREATED_ON, UPDATED_ON)
VALUES (341, 777, 341, 'DELIVERED', 4000.0, LOCALTIMESTAMP, LOCALTIMESTAMP);
INSERT INTO ORDER_ITEM (ID, ORDER_ID, PRODUCT_ID, QUANTITY)
VALUES (8112, 341, 15, 4);
INSERT INTO ORDER_ITEM (ID, ORDER_ID, PRODUCT_ID, QUANTITY)
VALUES (8113, 341, 47, 4);
INSERT INTO ORDER_ITEM (ID, ORDER_ID, PRODUCT_ID, QUANTITY)
VALUES (8114, 341, 27, 19);
INSERT INTO ORDER_ITEM (ID, ORDER_ID, PRODUCT_ID, QUANTITY)
VALUES (8115, 341, 23, 8);
INSERT INTO ORDER_ITEM (ID, ORDER_ID, PRODUCT_ID, QUANTITY)
VALUES (8116, 341, 11, 12);
-- ### ORDER 332
INSERT INTO PAYMENT_DETAIL(ID, AMOUNT, PROVIDER, PROVIDER_PAYMENT_UUID)
VALUES (342, 2330.0, 'ICARD', '231778442');
INSERT INTO ORDERS (ID, CUST_ID, PAYMENT_ID, STATUS, AMOUNT, CREATED_ON, UPDATED_ON)
VALUES (342, 777, 342, 'DELIVERED', 2330.0, LOCALTIMESTAMP, LOCALTIMESTAMP);
INSERT INTO ORDER_ITEM (ID, ORDER_ID, PRODUCT_ID, QUANTITY)
VALUES (8117, 342, 30, 7);
INSERT INTO ORDER_ITEM (ID, ORDER_ID, PRODUCT_ID, QUANTITY)
VALUES (8118, 342, 15, 19);
INSERT INTO ORDER_ITEM (ID, ORDER_ID, PRODUCT_ID, QUANTITY)
VALUES (8119, 342, 28, 7);
INSERT INTO ORDER_ITEM (ID, ORDER_ID, PRODUCT_ID, QUANTITY)
VALUES (8120, 342, 39, 19);
INSERT INTO ORDER_ITEM (ID, ORDER_ID, PRODUCT_ID, QUANTITY)
VALUES (8121, 342, 12, 9);
INSERT INTO ORDER_ITEM (ID, ORDER_ID, PRODUCT_ID, QUANTITY)
VALUES (8122, 342, 36, 0);
INSERT INTO ORDER_ITEM (ID, ORDER_ID, PRODUCT_ID, QUANTITY)
VALUES (8123, 342, 31, 17);
INSERT INTO ORDER_ITEM (ID, ORDER_ID, PRODUCT_ID, QUANTITY)
VALUES (8124, 342, 60, 12);
INSERT INTO ORDER_ITEM (ID, ORDER_ID, PRODUCT_ID, QUANTITY)
VALUES (8125, 342, 25, 8);
INSERT INTO ORDER_ITEM (ID, ORDER_ID, PRODUCT_ID, QUANTITY)
VALUES (8126, 342, 20, 6);
INSERT INTO ORDER_ITEM (ID, ORDER_ID, PRODUCT_ID, QUANTITY)
VALUES (8127, 342, 14, 3);
INSERT INTO ORDER_ITEM (ID, ORDER_ID, PRODUCT_ID, QUANTITY)
VALUES (8128, 342, 43, 0);
INSERT INTO ORDER_ITEM (ID, ORDER_ID, PRODUCT_ID, QUANTITY)
VALUES (8129, 342, 50, 1);
INSERT INTO ORDER_ITEM (ID, ORDER_ID, PRODUCT_ID, QUANTITY)
VALUES (8130, 342, 44, 17);
INSERT INTO ORDER_ITEM (ID, ORDER_ID, PRODUCT_ID, QUANTITY)
VALUES (8131, 342, 52, 18);
INSERT INTO ORDER_ITEM (ID, ORDER_ID, PRODUCT_ID, QUANTITY)
VALUES (8132, 342, 23, 12);
INSERT INTO ORDER_ITEM (ID, ORDER_ID, PRODUCT_ID, QUANTITY)
VALUES (8133, 342, 45, 4);
INSERT INTO ORDER_ITEM (ID, ORDER_ID, PRODUCT_ID, QUANTITY)
VALUES (8134, 342, 22, 11);
INSERT INTO ORDER_ITEM (ID, ORDER_ID, PRODUCT_ID, QUANTITY)
VALUES (8135, 342, 42, 10);
INSERT INTO ORDER_ITEM (ID, ORDER_ID, PRODUCT_ID, QUANTITY)
VALUES (8136, 342, 49, 9);
INSERT INTO ORDER_ITEM (ID, ORDER_ID, PRODUCT_ID, QUANTITY)
VALUES (8137, 342, 29, 17);
INSERT INTO ORDER_ITEM (ID, ORDER_ID, PRODUCT_ID, QUANTITY)
VALUES (8138, 342, 32, 0);
INSERT INTO ORDER_ITEM (ID, ORDER_ID, PRODUCT_ID, QUANTITY)
VALUES (8139, 342, 38, 13);
INSERT INTO ORDER_ITEM (ID, ORDER_ID, PRODUCT_ID, QUANTITY)
VALUES (8140, 342, 51, 5);
INSERT INTO ORDER_ITEM (ID, ORDER_ID, PRODUCT_ID, QUANTITY)
VALUES (8141, 342, 53, 14);
INSERT INTO ORDER_ITEM (ID, ORDER_ID, PRODUCT_ID, QUANTITY)
VALUES (8142, 342, 35, 8);
INSERT INTO ORDER_ITEM (ID, ORDER_ID, PRODUCT_ID, QUANTITY)
VALUES (8143, 342, 58, 11);
INSERT INTO ORDER_ITEM (ID, ORDER_ID, PRODUCT_ID, QUANTITY)
VALUES (8144, 342, 46, 2);
INSERT INTO ORDER_ITEM (ID, ORDER_ID, PRODUCT_ID, QUANTITY)
VALUES (8145, 342, 56, 18);
INSERT INTO ORDER_ITEM (ID, ORDER_ID, PRODUCT_ID, QUANTITY)
VALUES (8146, 342, 26, 2);
INSERT INTO ORDER_ITEM (ID, ORDER_ID, PRODUCT_ID, QUANTITY)
VALUES (8147, 342, 18, 12);
INSERT INTO ORDER_ITEM (ID, ORDER_ID, PRODUCT_ID, QUANTITY)
VALUES (8148, 342, 47, 1);
INSERT INTO ORDER_ITEM (ID, ORDER_ID, PRODUCT_ID, QUANTITY)
VALUES (8149, 342, 55, 3);
INSERT INTO ORDER_ITEM (ID, ORDER_ID, PRODUCT_ID, QUANTITY)
VALUES (8150, 342, 34, 3);
INSERT INTO ORDER_ITEM (ID, ORDER_ID, PRODUCT_ID, QUANTITY)
VALUES (8151, 342, 57, 13);
INSERT INTO ORDER_ITEM (ID, ORDER_ID, PRODUCT_ID, QUANTITY)
VALUES (8152, 342, 48, 3);
INSERT INTO ORDER_ITEM (ID, ORDER_ID, PRODUCT_ID, QUANTITY)
VALUES (8153, 342, 21, 4);
INSERT INTO ORDER_ITEM (ID, ORDER_ID, PRODUCT_ID, QUANTITY)
VALUES (8154, 342, 27, 3);
-- ### ORDER 333
INSERT INTO PAYMENT_DETAIL(ID, AMOUNT, PROVIDER, PROVIDER_PAYMENT_UUID)
VALUES (343, 1261.0, 'VISA', '476298329');
INSERT INTO ORDERS (ID, CUST_ID, PAYMENT_ID, STATUS, AMOUNT, CREATED_ON, UPDATED_ON)
VALUES (343, 777, 343, 'DELIVERED', 1261.0, LOCALTIMESTAMP, LOCALTIMESTAMP);
INSERT INTO ORDER_ITEM (ID, ORDER_ID, PRODUCT_ID, QUANTITY)
VALUES (8155, 343, 45, 12);
INSERT INTO ORDER_ITEM (ID, ORDER_ID, PRODUCT_ID, QUANTITY)
VALUES (8156, 343, 35, 1);
INSERT INTO ORDER_ITEM (ID, ORDER_ID, PRODUCT_ID, QUANTITY)
VALUES (8157, 343, 29, 4);
INSERT INTO ORDER_ITEM (ID, ORDER_ID, PRODUCT_ID, QUANTITY)
VALUES (8158, 343, 54, 5);
INSERT INTO ORDER_ITEM (ID, ORDER_ID, PRODUCT_ID, QUANTITY)
VALUES (8159, 343, 17, 7);
INSERT INTO ORDER_ITEM (ID, ORDER_ID, PRODUCT_ID, QUANTITY)
VALUES (8160, 343, 47, 11);
INSERT INTO ORDER_ITEM (ID, ORDER_ID, PRODUCT_ID, QUANTITY)
VALUES (8161, 343, 14, 13);
INSERT INTO ORDER_ITEM (ID, ORDER_ID, PRODUCT_ID, QUANTITY)
VALUES (8162, 343, 50, 19);
INSERT INTO ORDER_ITEM (ID, ORDER_ID, PRODUCT_ID, QUANTITY)
VALUES (8163, 343, 40, 7);
INSERT INTO ORDER_ITEM (ID, ORDER_ID, PRODUCT_ID, QUANTITY)
VALUES (8164, 343, 23, 15);
INSERT INTO ORDER_ITEM (ID, ORDER_ID, PRODUCT_ID, QUANTITY)
VALUES (8165, 343, 20, 17);
INSERT INTO ORDER_ITEM (ID, ORDER_ID, PRODUCT_ID, QUANTITY)
VALUES (8166, 343, 31, 3);
INSERT INTO ORDER_ITEM (ID, ORDER_ID, PRODUCT_ID, QUANTITY)
VALUES (8167, 343, 46, 18);
INSERT INTO ORDER_ITEM (ID, ORDER_ID, PRODUCT_ID, QUANTITY)
VALUES (8168, 343, 27, 9);
INSERT INTO ORDER_ITEM (ID, ORDER_ID, PRODUCT_ID, QUANTITY)
VALUES (8169, 343, 24, 16);
INSERT INTO ORDER_ITEM (ID, ORDER_ID, PRODUCT_ID, QUANTITY)
VALUES (8170, 343, 52, 19);
INSERT INTO ORDER_ITEM (ID, ORDER_ID, PRODUCT_ID, QUANTITY)
VALUES (8171, 343, 18, 7);
INSERT INTO ORDER_ITEM (ID, ORDER_ID, PRODUCT_ID, QUANTITY)
VALUES (8172, 343, 16, 6);
INSERT INTO ORDER_ITEM (ID, ORDER_ID, PRODUCT_ID, QUANTITY)
VALUES (8173, 343, 57, 5);
INSERT INTO ORDER_ITEM (ID, ORDER_ID, PRODUCT_ID, QUANTITY)
VALUES (8174, 343, 34, 19);
INSERT INTO ORDER_ITEM (ID, ORDER_ID, PRODUCT_ID, QUANTITY)
VALUES (8175, 343, 28, 14);
-- ### ORDER 334
INSERT INTO PAYMENT_DETAIL(ID, AMOUNT, PROVIDER, PROVIDER_PAYMENT_UUID)
VALUES (344, 1152.0, 'VISA', '905820960');
INSERT INTO ORDERS (ID, CUST_ID, PAYMENT_ID, STATUS, AMOUNT, CREATED_ON, UPDATED_ON)
VALUES (344, 777, 344, 'DELIVERED', 1152.0, LOCALTIMESTAMP, LOCALTIMESTAMP);
INSERT INTO ORDER_ITEM (ID, ORDER_ID, PRODUCT_ID, QUANTITY)
VALUES (8176, 344, 13, 17);
INSERT INTO ORDER_ITEM (ID, ORDER_ID, PRODUCT_ID, QUANTITY)
VALUES (8177, 344, 51, 12);
INSERT INTO ORDER_ITEM (ID, ORDER_ID, PRODUCT_ID, QUANTITY)
VALUES (8178, 344, 15, 19);
INSERT INTO ORDER_ITEM (ID, ORDER_ID, PRODUCT_ID, QUANTITY)
VALUES (8179, 344, 49, 5);
-- ### ORDER 335
INSERT INTO PAYMENT_DETAIL(ID, AMOUNT, PROVIDER, PROVIDER_PAYMENT_UUID)
VALUES (345, 1154.0, 'VISA', '543108809');
INSERT INTO ORDERS (ID, CUST_ID, PAYMENT_ID, STATUS, AMOUNT, CREATED_ON, UPDATED_ON)
VALUES (345, 777, 345, 'DELIVERED', 1154.0, LOCALTIMESTAMP, LOCALTIMESTAMP);
INSERT INTO ORDER_ITEM (ID, ORDER_ID, PRODUCT_ID, QUANTITY)
VALUES (8180, 345, 28, 2);
INSERT INTO ORDER_ITEM (ID, ORDER_ID, PRODUCT_ID, QUANTITY)
VALUES (8181, 345, 12, 15);
INSERT INTO ORDER_ITEM (ID, ORDER_ID, PRODUCT_ID, QUANTITY)
VALUES (8182, 345, 30, 17);
INSERT INTO ORDER_ITEM (ID, ORDER_ID, PRODUCT_ID, QUANTITY)
VALUES (8183, 345, 17, 17);
INSERT INTO ORDER_ITEM (ID, ORDER_ID, PRODUCT_ID, QUANTITY)
VALUES (8184, 345, 14, 8);
INSERT INTO ORDER_ITEM (ID, ORDER_ID, PRODUCT_ID, QUANTITY)
VALUES (8185, 345, 44, 11);
INSERT INTO ORDER_ITEM (ID, ORDER_ID, PRODUCT_ID, QUANTITY)
VALUES (8186, 345, 31, 13);
INSERT INTO ORDER_ITEM (ID, ORDER_ID, PRODUCT_ID, QUANTITY)
VALUES (8187, 345, 27, 10);
INSERT INTO ORDER_ITEM (ID, ORDER_ID, PRODUCT_ID, QUANTITY)
VALUES (8188, 345, 34, 16);
INSERT INTO ORDER_ITEM (ID, ORDER_ID, PRODUCT_ID, QUANTITY)
VALUES (8189, 345, 25, 5);
INSERT INTO ORDER_ITEM (ID, ORDER_ID, PRODUCT_ID, QUANTITY)
VALUES (8190, 345, 23, 17);
INSERT INTO ORDER_ITEM (ID, ORDER_ID, PRODUCT_ID, QUANTITY)
VALUES (8191, 345, 18, 1);
INSERT INTO ORDER_ITEM (ID, ORDER_ID, PRODUCT_ID, QUANTITY)
VALUES (8192, 345, 36, 3);
INSERT INTO ORDER_ITEM (ID, ORDER_ID, PRODUCT_ID, QUANTITY)
VALUES (8193, 345, 53, 5);
INSERT INTO ORDER_ITEM (ID, ORDER_ID, PRODUCT_ID, QUANTITY)
VALUES (8194, 345, 58, 17);
INSERT INTO ORDER_ITEM (ID, ORDER_ID, PRODUCT_ID, QUANTITY)
VALUES (8195, 345, 38, 3);
INSERT INTO ORDER_ITEM (ID, ORDER_ID, PRODUCT_ID, QUANTITY)
VALUES (8196, 345, 20, 10);
-- ### ORDER 336
INSERT INTO PAYMENT_DETAIL(ID, AMOUNT, PROVIDER, PROVIDER_PAYMENT_UUID)
VALUES (346, 157.0, 'MASTERCARD', '771185422');
INSERT INTO ORDERS (ID, CUST_ID, PAYMENT_ID, STATUS, AMOUNT, CREATED_ON, UPDATED_ON)
VALUES (346, 777, 346, 'DELIVERED', 157.0, LOCALTIMESTAMP, LOCALTIMESTAMP);
INSERT INTO ORDER_ITEM (ID, ORDER_ID, PRODUCT_ID, QUANTITY)
VALUES (8197, 346, 34, 9);
INSERT INTO ORDER_ITEM (ID, ORDER_ID, PRODUCT_ID, QUANTITY)
VALUES (8198, 346, 28, 17);
INSERT INTO ORDER_ITEM (ID, ORDER_ID, PRODUCT_ID, QUANTITY)
VALUES (8199, 346, 15, 11);
INSERT INTO ORDER_ITEM (ID, ORDER_ID, PRODUCT_ID, QUANTITY)
VALUES (8200, 346, 17, 14);
INSERT INTO ORDER_ITEM (ID, ORDER_ID, PRODUCT_ID, QUANTITY)
VALUES (8201, 346, 14, 13);
INSERT INTO ORDER_ITEM (ID, ORDER_ID, PRODUCT_ID, QUANTITY)
VALUES (8202, 346, 25, 8);
INSERT INTO ORDER_ITEM (ID, ORDER_ID, PRODUCT_ID, QUANTITY)
VALUES (8203, 346, 33, 5);
INSERT INTO ORDER_ITEM (ID, ORDER_ID, PRODUCT_ID, QUANTITY)
VALUES (8204, 346, 23, 16);
INSERT INTO ORDER_ITEM (ID, ORDER_ID, PRODUCT_ID, QUANTITY)
VALUES (8205, 346, 52, 20);
INSERT INTO ORDER_ITEM (ID, ORDER_ID, PRODUCT_ID, QUANTITY)
VALUES (8206, 346, 19, 0);
INSERT INTO ORDER_ITEM (ID, ORDER_ID, PRODUCT_ID, QUANTITY)
VALUES (8207, 346, 59, 2);
INSERT INTO ORDER_ITEM (ID, ORDER_ID, PRODUCT_ID, QUANTITY)
VALUES (8208, 346, 58, 5);
INSERT INTO ORDER_ITEM (ID, ORDER_ID, PRODUCT_ID, QUANTITY)
VALUES (8209, 346, 45, 0);
-- ### ORDER 337
INSERT INTO PAYMENT_DETAIL(ID, AMOUNT, PROVIDER, PROVIDER_PAYMENT_UUID)
VALUES (347, 3766.0, 'PAYPAL', '649847656');
INSERT INTO ORDERS (ID, CUST_ID, PAYMENT_ID, STATUS, AMOUNT, CREATED_ON, UPDATED_ON)
VALUES (347, 777, 347, 'DELIVERED', 3766.0, LOCALTIMESTAMP, LOCALTIMESTAMP);
INSERT INTO ORDER_ITEM (ID, ORDER_ID, PRODUCT_ID, QUANTITY)
VALUES (8210, 347, 48, 8);
INSERT INTO ORDER_ITEM (ID, ORDER_ID, PRODUCT_ID, QUANTITY)
VALUES (8211, 347, 36, 14);
INSERT INTO ORDER_ITEM (ID, ORDER_ID, PRODUCT_ID, QUANTITY)
VALUES (8212, 347, 43, 2);
INSERT INTO ORDER_ITEM (ID, ORDER_ID, PRODUCT_ID, QUANTITY)
VALUES (8213, 347, 12, 4);
INSERT INTO ORDER_ITEM (ID, ORDER_ID, PRODUCT_ID, QUANTITY)
VALUES (8214, 347, 27, 12);
INSERT INTO ORDER_ITEM (ID, ORDER_ID, PRODUCT_ID, QUANTITY)
VALUES (8215, 347, 60, 19);
INSERT INTO ORDER_ITEM (ID, ORDER_ID, PRODUCT_ID, QUANTITY)
VALUES (8216, 347, 37, 14);
INSERT INTO ORDER_ITEM (ID, ORDER_ID, PRODUCT_ID, QUANTITY)
VALUES (8217, 347, 52, 12);
INSERT INTO ORDER_ITEM (ID, ORDER_ID, PRODUCT_ID, QUANTITY)
VALUES (8218, 347, 21, 8);
INSERT INTO ORDER_ITEM (ID, ORDER_ID, PRODUCT_ID, QUANTITY)
VALUES (8219, 347, 41, 19);
INSERT INTO ORDER_ITEM (ID, ORDER_ID, PRODUCT_ID, QUANTITY)
VALUES (8220, 347, 18, 5);
-- ### ORDER 338
INSERT INTO PAYMENT_DETAIL(ID, AMOUNT, PROVIDER, PROVIDER_PAYMENT_UUID)
VALUES (348, 3881.0, 'PAYPAL', '879530168');
INSERT INTO ORDERS (ID, CUST_ID, PAYMENT_ID, STATUS, AMOUNT, CREATED_ON, UPDATED_ON)
VALUES (348, 777, 348, 'DELIVERED', 3881.0, LOCALTIMESTAMP, LOCALTIMESTAMP);
INSERT INTO ORDER_ITEM (ID, ORDER_ID, PRODUCT_ID, QUANTITY)
VALUES (8221, 348, 50, 4);
INSERT INTO ORDER_ITEM (ID, ORDER_ID, PRODUCT_ID, QUANTITY)
VALUES (8222, 348, 46, 2);
INSERT INTO ORDER_ITEM (ID, ORDER_ID, PRODUCT_ID, QUANTITY)
VALUES (8223, 348, 59, 5);
INSERT INTO ORDER_ITEM (ID, ORDER_ID, PRODUCT_ID, QUANTITY)
VALUES (8224, 348, 53, 20);
INSERT INTO ORDER_ITEM (ID, ORDER_ID, PRODUCT_ID, QUANTITY)
VALUES (8225, 348, 58, 1);
INSERT INTO ORDER_ITEM (ID, ORDER_ID, PRODUCT_ID, QUANTITY)
VALUES (8226, 348, 25, 8);
INSERT INTO ORDER_ITEM (ID, ORDER_ID, PRODUCT_ID, QUANTITY)
VALUES (8227, 348, 57, 0);
INSERT INTO ORDER_ITEM (ID, ORDER_ID, PRODUCT_ID, QUANTITY)
VALUES (8228, 348, 38, 13);
INSERT INTO ORDER_ITEM (ID, ORDER_ID, PRODUCT_ID, QUANTITY)
VALUES (8229, 348, 42, 14);
INSERT INTO ORDER_ITEM (ID, ORDER_ID, PRODUCT_ID, QUANTITY)
VALUES (8230, 348, 26, 12);
INSERT INTO ORDER_ITEM (ID, ORDER_ID, PRODUCT_ID, QUANTITY)
VALUES (8231, 348, 33, 19);
INSERT INTO ORDER_ITEM (ID, ORDER_ID, PRODUCT_ID, QUANTITY)
VALUES (8232, 348, 52, 11);
INSERT INTO ORDER_ITEM (ID, ORDER_ID, PRODUCT_ID, QUANTITY)
VALUES (8233, 348, 55, 15);
INSERT INTO ORDER_ITEM (ID, ORDER_ID, PRODUCT_ID, QUANTITY)
VALUES (8234, 348, 44, 4);
INSERT INTO ORDER_ITEM (ID, ORDER_ID, PRODUCT_ID, QUANTITY)
VALUES (8235, 348, 24, 19);
INSERT INTO ORDER_ITEM (ID, ORDER_ID, PRODUCT_ID, QUANTITY)
VALUES (8236, 348, 40, 7);
INSERT INTO ORDER_ITEM (ID, ORDER_ID, PRODUCT_ID, QUANTITY)
VALUES (8237, 348, 15, 10);
INSERT INTO ORDER_ITEM (ID, ORDER_ID, PRODUCT_ID, QUANTITY)
VALUES (8238, 348, 45, 2);
INSERT INTO ORDER_ITEM (ID, ORDER_ID, PRODUCT_ID, QUANTITY)
VALUES (8239, 348, 21, 7);
INSERT INTO ORDER_ITEM (ID, ORDER_ID, PRODUCT_ID, QUANTITY)
VALUES (8240, 348, 22, 13);
INSERT INTO ORDER_ITEM (ID, ORDER_ID, PRODUCT_ID, QUANTITY)
VALUES (8241, 348, 13, 10);
INSERT INTO ORDER_ITEM (ID, ORDER_ID, PRODUCT_ID, QUANTITY)
VALUES (8242, 348, 60, 10);
INSERT INTO ORDER_ITEM (ID, ORDER_ID, PRODUCT_ID, QUANTITY)
VALUES (8243, 348, 35, 0);
INSERT INTO ORDER_ITEM (ID, ORDER_ID, PRODUCT_ID, QUANTITY)
VALUES (8244, 348, 31, 1);
INSERT INTO ORDER_ITEM (ID, ORDER_ID, PRODUCT_ID, QUANTITY)
VALUES (8245, 348, 54, 17);
INSERT INTO ORDER_ITEM (ID, ORDER_ID, PRODUCT_ID, QUANTITY)
VALUES (8246, 348, 48, 3);
INSERT INTO ORDER_ITEM (ID, ORDER_ID, PRODUCT_ID, QUANTITY)
VALUES (8247, 348, 12, 14);
INSERT INTO ORDER_ITEM (ID, ORDER_ID, PRODUCT_ID, QUANTITY)
VALUES (8248, 348, 14, 8);
INSERT INTO ORDER_ITEM (ID, ORDER_ID, PRODUCT_ID, QUANTITY)
VALUES (8249, 348, 27, 8);
INSERT INTO ORDER_ITEM (ID, ORDER_ID, PRODUCT_ID, QUANTITY)
VALUES (8250, 348, 11, 11);
INSERT INTO ORDER_ITEM (ID, ORDER_ID, PRODUCT_ID, QUANTITY)
VALUES (8251, 348, 56, 0);
INSERT INTO ORDER_ITEM (ID, ORDER_ID, PRODUCT_ID, QUANTITY)
VALUES (8252, 348, 49, 0);
INSERT INTO ORDER_ITEM (ID, ORDER_ID, PRODUCT_ID, QUANTITY)
VALUES (8253, 348, 18, 20);
INSERT INTO ORDER_ITEM (ID, ORDER_ID, PRODUCT_ID, QUANTITY)
VALUES (8254, 348, 28, 8);
INSERT INTO ORDER_ITEM (ID, ORDER_ID, PRODUCT_ID, QUANTITY)
VALUES (8255, 348, 17, 16);
INSERT INTO ORDER_ITEM (ID, ORDER_ID, PRODUCT_ID, QUANTITY)
VALUES (8256, 348, 19, 7);
INSERT INTO ORDER_ITEM (ID, ORDER_ID, PRODUCT_ID, QUANTITY)
VALUES (8257, 348, 37, 17);
INSERT INTO ORDER_ITEM (ID, ORDER_ID, PRODUCT_ID, QUANTITY)
VALUES (8258, 348, 20, 17);
INSERT INTO ORDER_ITEM (ID, ORDER_ID, PRODUCT_ID, QUANTITY)
VALUES (8259, 348, 29, 9);
INSERT INTO ORDER_ITEM (ID, ORDER_ID, PRODUCT_ID, QUANTITY)
VALUES (8260, 348, 34, 9);
INSERT INTO ORDER_ITEM (ID, ORDER_ID, PRODUCT_ID, QUANTITY)
VALUES (8261, 348, 41, 4);
INSERT INTO ORDER_ITEM (ID, ORDER_ID, PRODUCT_ID, QUANTITY)
VALUES (8262, 348, 30, 9);
INSERT INTO ORDER_ITEM (ID, ORDER_ID, PRODUCT_ID, QUANTITY)
VALUES (8263, 348, 23, 8);
INSERT INTO ORDER_ITEM (ID, ORDER_ID, PRODUCT_ID, QUANTITY)
VALUES (8264, 348, 32, 2);
INSERT INTO ORDER_ITEM (ID, ORDER_ID, PRODUCT_ID, QUANTITY)
VALUES (8265, 348, 47, 18);
INSERT INTO ORDER_ITEM (ID, ORDER_ID, PRODUCT_ID, QUANTITY)
VALUES (8266, 348, 39, 17);
INSERT INTO ORDER_ITEM (ID, ORDER_ID, PRODUCT_ID, QUANTITY)
VALUES (8267, 348, 36, 13);
-- ### ORDER 339
INSERT INTO PAYMENT_DETAIL(ID, AMOUNT, PROVIDER, PROVIDER_PAYMENT_UUID)
VALUES (349, 3419.0, 'ICARD', '286186192');
INSERT INTO ORDERS (ID, CUST_ID, PAYMENT_ID, STATUS, AMOUNT, CREATED_ON, UPDATED_ON)
VALUES (349, 777, 349, 'DELIVERED', 3419.0, LOCALTIMESTAMP, LOCALTIMESTAMP);
INSERT INTO ORDER_ITEM (ID, ORDER_ID, PRODUCT_ID, QUANTITY)
VALUES (8268, 349, 30, 4);
INSERT INTO ORDER_ITEM (ID, ORDER_ID, PRODUCT_ID, QUANTITY)
VALUES (8269, 349, 14, 18);
INSERT INTO ORDER_ITEM (ID, ORDER_ID, PRODUCT_ID, QUANTITY)
VALUES (8270, 349, 42, 9);
INSERT INTO ORDER_ITEM (ID, ORDER_ID, PRODUCT_ID, QUANTITY)
VALUES (8271, 349, 44, 19);
INSERT INTO ORDER_ITEM (ID, ORDER_ID, PRODUCT_ID, QUANTITY)
VALUES (8272, 349, 51, 14);
INSERT INTO ORDER_ITEM (ID, ORDER_ID, PRODUCT_ID, QUANTITY)
VALUES (8273, 349, 18, 4);
INSERT INTO ORDER_ITEM (ID, ORDER_ID, PRODUCT_ID, QUANTITY)
VALUES (8274, 349, 15, 17);
INSERT INTO ORDER_ITEM (ID, ORDER_ID, PRODUCT_ID, QUANTITY)
VALUES (8275, 349, 58, 8);
INSERT INTO ORDER_ITEM (ID, ORDER_ID, PRODUCT_ID, QUANTITY)
VALUES (8276, 349, 17, 1);
INSERT INTO ORDER_ITEM (ID, ORDER_ID, PRODUCT_ID, QUANTITY)
VALUES (8277, 349, 21, 12);
INSERT INTO ORDER_ITEM (ID, ORDER_ID, PRODUCT_ID, QUANTITY)
VALUES (8278, 349, 55, 16);
INSERT INTO ORDER_ITEM (ID, ORDER_ID, PRODUCT_ID, QUANTITY)
VALUES (8279, 349, 22, 7);
INSERT INTO ORDER_ITEM (ID, ORDER_ID, PRODUCT_ID, QUANTITY)
VALUES (8280, 349, 34, 14);
INSERT INTO ORDER_ITEM (ID, ORDER_ID, PRODUCT_ID, QUANTITY)
VALUES (8281, 349, 49, 2);
INSERT INTO ORDER_ITEM (ID, ORDER_ID, PRODUCT_ID, QUANTITY)
VALUES (8282, 349, 20, 18);
INSERT INTO ORDER_ITEM (ID, ORDER_ID, PRODUCT_ID, QUANTITY)
VALUES (8283, 349, 29, 11);
INSERT INTO ORDER_ITEM (ID, ORDER_ID, PRODUCT_ID, QUANTITY)
VALUES (8284, 349, 12, 7);
INSERT INTO ORDER_ITEM (ID, ORDER_ID, PRODUCT_ID, QUANTITY)
VALUES (8285, 349, 48, 3);
INSERT INTO ORDER_ITEM (ID, ORDER_ID, PRODUCT_ID, QUANTITY)
VALUES (8286, 349, 53, 17);
-- ### ORDER 340
INSERT INTO PAYMENT_DETAIL(ID, AMOUNT, PROVIDER, PROVIDER_PAYMENT_UUID)
VALUES (350, 3164.0, 'ICARD', '579402272');
INSERT INTO ORDERS (ID, CUST_ID, PAYMENT_ID, STATUS, AMOUNT, CREATED_ON, UPDATED_ON)
VALUES (350, 777, 350, 'DELIVERED', 3164.0, LOCALTIMESTAMP, LOCALTIMESTAMP);
INSERT INTO ORDER_ITEM (ID, ORDER_ID, PRODUCT_ID, QUANTITY)
VALUES (8287, 350, 37, 11);
INSERT INTO ORDER_ITEM (ID, ORDER_ID, PRODUCT_ID, QUANTITY)
VALUES (8288, 350, 33, 16);
INSERT INTO ORDER_ITEM (ID, ORDER_ID, PRODUCT_ID, QUANTITY)
VALUES (8289, 350, 46, 7);
INSERT INTO ORDER_ITEM (ID, ORDER_ID, PRODUCT_ID, QUANTITY)
VALUES (8290, 350, 20, 3);
INSERT INTO ORDER_ITEM (ID, ORDER_ID, PRODUCT_ID, QUANTITY)
VALUES (8291, 350, 26, 2);
INSERT INTO ORDER_ITEM (ID, ORDER_ID, PRODUCT_ID, QUANTITY)
VALUES (8292, 350, 54, 11);
INSERT INTO ORDER_ITEM (ID, ORDER_ID, PRODUCT_ID, QUANTITY)
VALUES (8293, 350, 28, 0);
INSERT INTO ORDER_ITEM (ID, ORDER_ID, PRODUCT_ID, QUANTITY)
VALUES (8294, 350, 42, 0);
INSERT INTO ORDER_ITEM (ID, ORDER_ID, PRODUCT_ID, QUANTITY)
VALUES (8295, 350, 32, 0);
INSERT INTO ORDER_ITEM (ID, ORDER_ID, PRODUCT_ID, QUANTITY)
VALUES (8296, 350, 51, 12);
INSERT INTO ORDER_ITEM (ID, ORDER_ID, PRODUCT_ID, QUANTITY)
VALUES (8297, 350, 30, 13);
INSERT INTO ORDER_ITEM (ID, ORDER_ID, PRODUCT_ID, QUANTITY)
VALUES (8298, 350, 16, 4);
INSERT INTO ORDER_ITEM (ID, ORDER_ID, PRODUCT_ID, QUANTITY)
VALUES (8299, 350, 23, 4);
INSERT INTO ORDER_ITEM (ID, ORDER_ID, PRODUCT_ID, QUANTITY)
VALUES (8300, 350, 24, 9);
INSERT INTO ORDER_ITEM (ID, ORDER_ID, PRODUCT_ID, QUANTITY)
VALUES (8301, 350, 45, 1);
INSERT INTO ORDER_ITEM (ID, ORDER_ID, PRODUCT_ID, QUANTITY)
VALUES (8302, 350, 21, 18);
INSERT INTO ORDER_ITEM (ID, ORDER_ID, PRODUCT_ID, QUANTITY)
VALUES (8303, 350, 22, 0);
-- ### ORDER 341
INSERT INTO PAYMENT_DETAIL(ID, AMOUNT, PROVIDER, PROVIDER_PAYMENT_UUID)
VALUES (351, 4460.0, 'MASTERCARD', '503195192');
INSERT INTO ORDERS (ID, CUST_ID, PAYMENT_ID, STATUS, AMOUNT, CREATED_ON, UPDATED_ON)
VALUES (351, 777, 351, 'DELIVERED', 4460.0, LOCALTIMESTAMP, LOCALTIMESTAMP);
INSERT INTO ORDER_ITEM (ID, ORDER_ID, PRODUCT_ID, QUANTITY)
VALUES (8304, 351, 38, 16);
INSERT INTO ORDER_ITEM (ID, ORDER_ID, PRODUCT_ID, QUANTITY)
VALUES (8305, 351, 32, 3);
INSERT INTO ORDER_ITEM (ID, ORDER_ID, PRODUCT_ID, QUANTITY)
VALUES (8306, 351, 57, 4);
INSERT INTO ORDER_ITEM (ID, ORDER_ID, PRODUCT_ID, QUANTITY)
VALUES (8307, 351, 14, 10);
INSERT INTO ORDER_ITEM (ID, ORDER_ID, PRODUCT_ID, QUANTITY)
VALUES (8308, 351, 25, 17);
INSERT INTO ORDER_ITEM (ID, ORDER_ID, PRODUCT_ID, QUANTITY)
VALUES (8309, 351, 31, 1);
INSERT INTO ORDER_ITEM (ID, ORDER_ID, PRODUCT_ID, QUANTITY)
VALUES (8310, 351, 48, 17);
INSERT INTO ORDER_ITEM (ID, ORDER_ID, PRODUCT_ID, QUANTITY)
VALUES (8311, 351, 55, 6);
INSERT INTO ORDER_ITEM (ID, ORDER_ID, PRODUCT_ID, QUANTITY)
VALUES (8312, 351, 37, 15);
INSERT INTO ORDER_ITEM (ID, ORDER_ID, PRODUCT_ID, QUANTITY)
VALUES (8313, 351, 17, 20);
INSERT INTO ORDER_ITEM (ID, ORDER_ID, PRODUCT_ID, QUANTITY)
VALUES (8314, 351, 34, 3);
INSERT INTO ORDER_ITEM (ID, ORDER_ID, PRODUCT_ID, QUANTITY)
VALUES (8315, 351, 16, 0);
INSERT INTO ORDER_ITEM (ID, ORDER_ID, PRODUCT_ID, QUANTITY)
VALUES (8316, 351, 47, 11);
INSERT INTO ORDER_ITEM (ID, ORDER_ID, PRODUCT_ID, QUANTITY)
VALUES (8317, 351, 26, 2);
INSERT INTO ORDER_ITEM (ID, ORDER_ID, PRODUCT_ID, QUANTITY)
VALUES (8318, 351, 33, 8);
INSERT INTO ORDER_ITEM (ID, ORDER_ID, PRODUCT_ID, QUANTITY)
VALUES (8319, 351, 49, 7);
INSERT INTO ORDER_ITEM (ID, ORDER_ID, PRODUCT_ID, QUANTITY)
VALUES (8320, 351, 12, 3);
INSERT INTO ORDER_ITEM (ID, ORDER_ID, PRODUCT_ID, QUANTITY)
VALUES (8321, 351, 29, 9);
INSERT INTO ORDER_ITEM (ID, ORDER_ID, PRODUCT_ID, QUANTITY)
VALUES (8322, 351, 56, 15);
INSERT INTO ORDER_ITEM (ID, ORDER_ID, PRODUCT_ID, QUANTITY)
VALUES (8323, 351, 51, 18);
INSERT INTO ORDER_ITEM (ID, ORDER_ID, PRODUCT_ID, QUANTITY)
VALUES (8324, 351, 58, 14);
INSERT INTO ORDER_ITEM (ID, ORDER_ID, PRODUCT_ID, QUANTITY)
VALUES (8325, 351, 60, 19);
INSERT INTO ORDER_ITEM (ID, ORDER_ID, PRODUCT_ID, QUANTITY)
VALUES (8326, 351, 39, 15);
INSERT INTO ORDER_ITEM (ID, ORDER_ID, PRODUCT_ID, QUANTITY)
VALUES (8327, 351, 15, 15);
INSERT INTO ORDER_ITEM (ID, ORDER_ID, PRODUCT_ID, QUANTITY)
VALUES (8328, 351, 44, 0);
INSERT INTO ORDER_ITEM (ID, ORDER_ID, PRODUCT_ID, QUANTITY)
VALUES (8329, 351, 35, 14);
INSERT INTO ORDER_ITEM (ID, ORDER_ID, PRODUCT_ID, QUANTITY)
VALUES (8330, 351, 41, 0);
INSERT INTO ORDER_ITEM (ID, ORDER_ID, PRODUCT_ID, QUANTITY)
VALUES (8331, 351, 46, 20);
INSERT INTO ORDER_ITEM (ID, ORDER_ID, PRODUCT_ID, QUANTITY)
VALUES (8332, 351, 50, 2);
INSERT INTO ORDER_ITEM (ID, ORDER_ID, PRODUCT_ID, QUANTITY)
VALUES (8333, 351, 23, 0);
INSERT INTO ORDER_ITEM (ID, ORDER_ID, PRODUCT_ID, QUANTITY)
VALUES (8334, 351, 19, 19);
INSERT INTO ORDER_ITEM (ID, ORDER_ID, PRODUCT_ID, QUANTITY)
VALUES (8335, 351, 20, 8);
INSERT INTO ORDER_ITEM (ID, ORDER_ID, PRODUCT_ID, QUANTITY)
VALUES (8336, 351, 45, 6);
INSERT INTO ORDER_ITEM (ID, ORDER_ID, PRODUCT_ID, QUANTITY)
VALUES (8337, 351, 30, 1);
INSERT INTO ORDER_ITEM (ID, ORDER_ID, PRODUCT_ID, QUANTITY)
VALUES (8338, 351, 53, 15);
INSERT INTO ORDER_ITEM (ID, ORDER_ID, PRODUCT_ID, QUANTITY)
VALUES (8339, 351, 42, 2);
INSERT INTO ORDER_ITEM (ID, ORDER_ID, PRODUCT_ID, QUANTITY)
VALUES (8340, 351, 27, 4);
INSERT INTO ORDER_ITEM (ID, ORDER_ID, PRODUCT_ID, QUANTITY)
VALUES (8341, 351, 28, 5);
INSERT INTO ORDER_ITEM (ID, ORDER_ID, PRODUCT_ID, QUANTITY)
VALUES (8342, 351, 24, 8);
INSERT INTO ORDER_ITEM (ID, ORDER_ID, PRODUCT_ID, QUANTITY)
VALUES (8343, 351, 21, 12);
INSERT INTO ORDER_ITEM (ID, ORDER_ID, PRODUCT_ID, QUANTITY)
VALUES (8344, 351, 40, 19);
INSERT INTO ORDER_ITEM (ID, ORDER_ID, PRODUCT_ID, QUANTITY)
VALUES (8345, 351, 13, 1);
INSERT INTO ORDER_ITEM (ID, ORDER_ID, PRODUCT_ID, QUANTITY)
VALUES (8346, 351, 22, 8);
INSERT INTO ORDER_ITEM (ID, ORDER_ID, PRODUCT_ID, QUANTITY)
VALUES (8347, 351, 36, 3);
INSERT INTO ORDER_ITEM (ID, ORDER_ID, PRODUCT_ID, QUANTITY)
VALUES (8348, 351, 54, 5);
INSERT INTO ORDER_ITEM (ID, ORDER_ID, PRODUCT_ID, QUANTITY)
VALUES (8349, 351, 52, 19);
-- ### ORDER 342
INSERT INTO PAYMENT_DETAIL(ID, AMOUNT, PROVIDER, PROVIDER_PAYMENT_UUID)
VALUES (352, 3352.0, 'MASTERCARD', '371996323');
INSERT INTO ORDERS (ID, CUST_ID, PAYMENT_ID, STATUS, AMOUNT, CREATED_ON, UPDATED_ON)
VALUES (352, 777, 352, 'DELIVERED', 3352.0, LOCALTIMESTAMP, LOCALTIMESTAMP);
INSERT INTO ORDER_ITEM (ID, ORDER_ID, PRODUCT_ID, QUANTITY)
VALUES (8350, 352, 35, 19);
INSERT INTO ORDER_ITEM (ID, ORDER_ID, PRODUCT_ID, QUANTITY)
VALUES (8351, 352, 41, 9);
INSERT INTO ORDER_ITEM (ID, ORDER_ID, PRODUCT_ID, QUANTITY)
VALUES (8352, 352, 44, 9);
INSERT INTO ORDER_ITEM (ID, ORDER_ID, PRODUCT_ID, QUANTITY)
VALUES (8353, 352, 15, 14);
INSERT INTO ORDER_ITEM (ID, ORDER_ID, PRODUCT_ID, QUANTITY)
VALUES (8354, 352, 25, 10);
INSERT INTO ORDER_ITEM (ID, ORDER_ID, PRODUCT_ID, QUANTITY)
VALUES (8355, 352, 37, 4);
INSERT INTO ORDER_ITEM (ID, ORDER_ID, PRODUCT_ID, QUANTITY)
VALUES (8356, 352, 56, 6);
INSERT INTO ORDER_ITEM (ID, ORDER_ID, PRODUCT_ID, QUANTITY)
VALUES (8357, 352, 49, 2);
INSERT INTO ORDER_ITEM (ID, ORDER_ID, PRODUCT_ID, QUANTITY)
VALUES (8358, 352, 57, 4);
INSERT INTO ORDER_ITEM (ID, ORDER_ID, PRODUCT_ID, QUANTITY)
VALUES (8359, 352, 30, 0);
INSERT INTO ORDER_ITEM (ID, ORDER_ID, PRODUCT_ID, QUANTITY)
VALUES (8360, 352, 36, 7);
INSERT INTO ORDER_ITEM (ID, ORDER_ID, PRODUCT_ID, QUANTITY)
VALUES (8361, 352, 54, 8);
INSERT INTO ORDER_ITEM (ID, ORDER_ID, PRODUCT_ID, QUANTITY)
VALUES (8362, 352, 33, 14);
INSERT INTO ORDER_ITEM (ID, ORDER_ID, PRODUCT_ID, QUANTITY)
VALUES (8363, 352, 55, 13);
INSERT INTO ORDER_ITEM (ID, ORDER_ID, PRODUCT_ID, QUANTITY)
VALUES (8364, 352, 47, 2);
INSERT INTO ORDER_ITEM (ID, ORDER_ID, PRODUCT_ID, QUANTITY)
VALUES (8365, 352, 34, 18);
INSERT INTO ORDER_ITEM (ID, ORDER_ID, PRODUCT_ID, QUANTITY)
VALUES (8366, 352, 58, 2);
INSERT INTO ORDER_ITEM (ID, ORDER_ID, PRODUCT_ID, QUANTITY)
VALUES (8367, 352, 53, 10);
INSERT INTO ORDER_ITEM (ID, ORDER_ID, PRODUCT_ID, QUANTITY)
VALUES (8368, 352, 24, 14);
INSERT INTO ORDER_ITEM (ID, ORDER_ID, PRODUCT_ID, QUANTITY)
VALUES (8369, 352, 40, 14);
INSERT INTO ORDER_ITEM (ID, ORDER_ID, PRODUCT_ID, QUANTITY)
VALUES (8370, 352, 50, 8);
INSERT INTO ORDER_ITEM (ID, ORDER_ID, PRODUCT_ID, QUANTITY)
VALUES (8371, 352, 39, 5);
INSERT INTO ORDER_ITEM (ID, ORDER_ID, PRODUCT_ID, QUANTITY)
VALUES (8372, 352, 31, 4);
-- ### ORDER 343
INSERT INTO PAYMENT_DETAIL(ID, AMOUNT, PROVIDER, PROVIDER_PAYMENT_UUID)
VALUES (353, 1879.0, 'MASTERCARD', '97153324');
INSERT INTO ORDERS (ID, CUST_ID, PAYMENT_ID, STATUS, AMOUNT, CREATED_ON, UPDATED_ON)
VALUES (353, 777, 353, 'DELIVERED', 1879.0, LOCALTIMESTAMP, LOCALTIMESTAMP);
INSERT INTO ORDER_ITEM (ID, ORDER_ID, PRODUCT_ID, QUANTITY)
VALUES (8373, 353, 58, 5);
INSERT INTO ORDER_ITEM (ID, ORDER_ID, PRODUCT_ID, QUANTITY)
VALUES (8374, 353, 22, 11);
INSERT INTO ORDER_ITEM (ID, ORDER_ID, PRODUCT_ID, QUANTITY)
VALUES (8375, 353, 34, 11);
INSERT INTO ORDER_ITEM (ID, ORDER_ID, PRODUCT_ID, QUANTITY)
VALUES (8376, 353, 56, 5);
-- ### ORDER 344
INSERT INTO PAYMENT_DETAIL(ID, AMOUNT, PROVIDER, PROVIDER_PAYMENT_UUID)
VALUES (354, 2055.0, 'PAYPAL', '511293631');
INSERT INTO ORDERS (ID, CUST_ID, PAYMENT_ID, STATUS, AMOUNT, CREATED_ON, UPDATED_ON)
VALUES (354, 777, 354, 'DELIVERED', 2055.0, LOCALTIMESTAMP, LOCALTIMESTAMP);
INSERT INTO ORDER_ITEM (ID, ORDER_ID, PRODUCT_ID, QUANTITY)
VALUES (8377, 354, 23, 20);
INSERT INTO ORDER_ITEM (ID, ORDER_ID, PRODUCT_ID, QUANTITY)
VALUES (8378, 354, 18, 1);
INSERT INTO ORDER_ITEM (ID, ORDER_ID, PRODUCT_ID, QUANTITY)
VALUES (8379, 354, 17, 14);
INSERT INTO ORDER_ITEM (ID, ORDER_ID, PRODUCT_ID, QUANTITY)
VALUES (8380, 354, 47, 2);
INSERT INTO ORDER_ITEM (ID, ORDER_ID, PRODUCT_ID, QUANTITY)
VALUES (8381, 354, 54, 8);
INSERT INTO ORDER_ITEM (ID, ORDER_ID, PRODUCT_ID, QUANTITY)
VALUES (8382, 354, 29, 13);
INSERT INTO ORDER_ITEM (ID, ORDER_ID, PRODUCT_ID, QUANTITY)
VALUES (8383, 354, 39, 17);
INSERT INTO ORDER_ITEM (ID, ORDER_ID, PRODUCT_ID, QUANTITY)
VALUES (8384, 354, 41, 1);
INSERT INTO ORDER_ITEM (ID, ORDER_ID, PRODUCT_ID, QUANTITY)
VALUES (8385, 354, 34, 9);
INSERT INTO ORDER_ITEM (ID, ORDER_ID, PRODUCT_ID, QUANTITY)
VALUES (8386, 354, 48, 8);
INSERT INTO ORDER_ITEM (ID, ORDER_ID, PRODUCT_ID, QUANTITY)
VALUES (8387, 354, 14, 18);
INSERT INTO ORDER_ITEM (ID, ORDER_ID, PRODUCT_ID, QUANTITY)
VALUES (8388, 354, 49, 17);
INSERT INTO ORDER_ITEM (ID, ORDER_ID, PRODUCT_ID, QUANTITY)
VALUES (8389, 354, 32, 12);
INSERT INTO ORDER_ITEM (ID, ORDER_ID, PRODUCT_ID, QUANTITY)
VALUES (8390, 354, 43, 4);
-- ### ORDER 345
INSERT INTO PAYMENT_DETAIL(ID, AMOUNT, PROVIDER, PROVIDER_PAYMENT_UUID)
VALUES (355, 3375.0, 'VISA', '542909712');
INSERT INTO ORDERS (ID, CUST_ID, PAYMENT_ID, STATUS, AMOUNT, CREATED_ON, UPDATED_ON)
VALUES (355, 777, 355, 'DELIVERED', 3375.0, LOCALTIMESTAMP, LOCALTIMESTAMP);
INSERT INTO ORDER_ITEM (ID, ORDER_ID, PRODUCT_ID, QUANTITY)
VALUES (8391, 355, 50, 2);
INSERT INTO ORDER_ITEM (ID, ORDER_ID, PRODUCT_ID, QUANTITY)
VALUES (8392, 355, 37, 11);
INSERT INTO ORDER_ITEM (ID, ORDER_ID, PRODUCT_ID, QUANTITY)
VALUES (8393, 355, 18, 11);
INSERT INTO ORDER_ITEM (ID, ORDER_ID, PRODUCT_ID, QUANTITY)
VALUES (8394, 355, 60, 10);
INSERT INTO ORDER_ITEM (ID, ORDER_ID, PRODUCT_ID, QUANTITY)
VALUES (8395, 355, 48, 17);
INSERT INTO ORDER_ITEM (ID, ORDER_ID, PRODUCT_ID, QUANTITY)
VALUES (8396, 355, 53, 1);
INSERT INTO ORDER_ITEM (ID, ORDER_ID, PRODUCT_ID, QUANTITY)
VALUES (8397, 355, 52, 8);
INSERT INTO ORDER_ITEM (ID, ORDER_ID, PRODUCT_ID, QUANTITY)
VALUES (8398, 355, 45, 11);
INSERT INTO ORDER_ITEM (ID, ORDER_ID, PRODUCT_ID, QUANTITY)
VALUES (8399, 355, 13, 11);
INSERT INTO ORDER_ITEM (ID, ORDER_ID, PRODUCT_ID, QUANTITY)
VALUES (8400, 355, 14, 14);
INSERT INTO ORDER_ITEM (ID, ORDER_ID, PRODUCT_ID, QUANTITY)
VALUES (8401, 355, 19, 18);
INSERT INTO ORDER_ITEM (ID, ORDER_ID, PRODUCT_ID, QUANTITY)
VALUES (8402, 355, 44, 20);
INSERT INTO ORDER_ITEM (ID, ORDER_ID, PRODUCT_ID, QUANTITY)
VALUES (8403, 355, 47, 4);
INSERT INTO ORDER_ITEM (ID, ORDER_ID, PRODUCT_ID, QUANTITY)
VALUES (8404, 355, 51, 20);
INSERT INTO ORDER_ITEM (ID, ORDER_ID, PRODUCT_ID, QUANTITY)
VALUES (8405, 355, 28, 0);
INSERT INTO ORDER_ITEM (ID, ORDER_ID, PRODUCT_ID, QUANTITY)
VALUES (8406, 355, 46, 7);
INSERT INTO ORDER_ITEM (ID, ORDER_ID, PRODUCT_ID, QUANTITY)
VALUES (8407, 355, 33, 5);
INSERT INTO ORDER_ITEM (ID, ORDER_ID, PRODUCT_ID, QUANTITY)
VALUES (8408, 355, 15, 20);
INSERT INTO ORDER_ITEM (ID, ORDER_ID, PRODUCT_ID, QUANTITY)
VALUES (8409, 355, 40, 19);
INSERT INTO ORDER_ITEM (ID, ORDER_ID, PRODUCT_ID, QUANTITY)
VALUES (8410, 355, 27, 4);
INSERT INTO ORDER_ITEM (ID, ORDER_ID, PRODUCT_ID, QUANTITY)
VALUES (8411, 355, 26, 12);
INSERT INTO ORDER_ITEM (ID, ORDER_ID, PRODUCT_ID, QUANTITY)
VALUES (8412, 355, 38, 5);
INSERT INTO ORDER_ITEM (ID, ORDER_ID, PRODUCT_ID, QUANTITY)
VALUES (8413, 355, 30, 11);
INSERT INTO ORDER_ITEM (ID, ORDER_ID, PRODUCT_ID, QUANTITY)
VALUES (8414, 355, 23, 11);
INSERT INTO ORDER_ITEM (ID, ORDER_ID, PRODUCT_ID, QUANTITY)
VALUES (8415, 355, 34, 2);
INSERT INTO ORDER_ITEM (ID, ORDER_ID, PRODUCT_ID, QUANTITY)
VALUES (8416, 355, 36, 4);
INSERT INTO ORDER_ITEM (ID, ORDER_ID, PRODUCT_ID, QUANTITY)
VALUES (8417, 355, 20, 4);
INSERT INTO ORDER_ITEM (ID, ORDER_ID, PRODUCT_ID, QUANTITY)
VALUES (8418, 355, 49, 3);
INSERT INTO ORDER_ITEM (ID, ORDER_ID, PRODUCT_ID, QUANTITY)
VALUES (8419, 355, 56, 17);
INSERT INTO ORDER_ITEM (ID, ORDER_ID, PRODUCT_ID, QUANTITY)
VALUES (8420, 355, 31, 18);
INSERT INTO ORDER_ITEM (ID, ORDER_ID, PRODUCT_ID, QUANTITY)
VALUES (8421, 355, 29, 7);
INSERT INTO ORDER_ITEM (ID, ORDER_ID, PRODUCT_ID, QUANTITY)
VALUES (8422, 355, 11, 14);
INSERT INTO ORDER_ITEM (ID, ORDER_ID, PRODUCT_ID, QUANTITY)
VALUES (8423, 355, 43, 12);
INSERT INTO ORDER_ITEM (ID, ORDER_ID, PRODUCT_ID, QUANTITY)
VALUES (8424, 355, 58, 7);
INSERT INTO ORDER_ITEM (ID, ORDER_ID, PRODUCT_ID, QUANTITY)
VALUES (8425, 355, 35, 1);
INSERT INTO ORDER_ITEM (ID, ORDER_ID, PRODUCT_ID, QUANTITY)
VALUES (8426, 355, 24, 15);
INSERT INTO ORDER_ITEM (ID, ORDER_ID, PRODUCT_ID, QUANTITY)
VALUES (8427, 355, 42, 1);
INSERT INTO ORDER_ITEM (ID, ORDER_ID, PRODUCT_ID, QUANTITY)
VALUES (8428, 355, 59, 12);
INSERT INTO ORDER_ITEM (ID, ORDER_ID, PRODUCT_ID, QUANTITY)
VALUES (8429, 355, 32, 1);
INSERT INTO ORDER_ITEM (ID, ORDER_ID, PRODUCT_ID, QUANTITY)
VALUES (8430, 355, 39, 20);
INSERT INTO ORDER_ITEM (ID, ORDER_ID, PRODUCT_ID, QUANTITY)
VALUES (8431, 355, 21, 19);
INSERT INTO ORDER_ITEM (ID, ORDER_ID, PRODUCT_ID, QUANTITY)
VALUES (8432, 355, 12, 1);
INSERT INTO ORDER_ITEM (ID, ORDER_ID, PRODUCT_ID, QUANTITY)
VALUES (8433, 355, 54, 10);
INSERT INTO ORDER_ITEM (ID, ORDER_ID, PRODUCT_ID, QUANTITY)
VALUES (8434, 355, 17, 7);
INSERT INTO ORDER_ITEM (ID, ORDER_ID, PRODUCT_ID, QUANTITY)
VALUES (8435, 355, 57, 18);
INSERT INTO ORDER_ITEM (ID, ORDER_ID, PRODUCT_ID, QUANTITY)
VALUES (8436, 355, 41, 19);
INSERT INTO ORDER_ITEM (ID, ORDER_ID, PRODUCT_ID, QUANTITY)
VALUES (8437, 355, 16, 17);
-- ### ORDER 346
INSERT INTO PAYMENT_DETAIL(ID, AMOUNT, PROVIDER, PROVIDER_PAYMENT_UUID)
VALUES (356, 3434.0, 'MASTERCARD', '214045378');
INSERT INTO ORDERS (ID, CUST_ID, PAYMENT_ID, STATUS, AMOUNT, CREATED_ON, UPDATED_ON)
VALUES (356, 777, 356, 'DELIVERED', 3434.0, LOCALTIMESTAMP, LOCALTIMESTAMP);
INSERT INTO ORDER_ITEM (ID, ORDER_ID, PRODUCT_ID, QUANTITY)
VALUES (8438, 356, 28, 7);
INSERT INTO ORDER_ITEM (ID, ORDER_ID, PRODUCT_ID, QUANTITY)
VALUES (8439, 356, 55, 10);
INSERT INTO ORDER_ITEM (ID, ORDER_ID, PRODUCT_ID, QUANTITY)
VALUES (8440, 356, 48, 9);
INSERT INTO ORDER_ITEM (ID, ORDER_ID, PRODUCT_ID, QUANTITY)
VALUES (8441, 356, 34, 0);
INSERT INTO ORDER_ITEM (ID, ORDER_ID, PRODUCT_ID, QUANTITY)
VALUES (8442, 356, 52, 5);
INSERT INTO ORDER_ITEM (ID, ORDER_ID, PRODUCT_ID, QUANTITY)
VALUES (8443, 356, 54, 1);
INSERT INTO ORDER_ITEM (ID, ORDER_ID, PRODUCT_ID, QUANTITY)
VALUES (8444, 356, 27, 1);
INSERT INTO ORDER_ITEM (ID, ORDER_ID, PRODUCT_ID, QUANTITY)
VALUES (8445, 356, 11, 5);
INSERT INTO ORDER_ITEM (ID, ORDER_ID, PRODUCT_ID, QUANTITY)
VALUES (8446, 356, 50, 2);
INSERT INTO ORDER_ITEM (ID, ORDER_ID, PRODUCT_ID, QUANTITY)
VALUES (8447, 356, 46, 6);
INSERT INTO ORDER_ITEM (ID, ORDER_ID, PRODUCT_ID, QUANTITY)
VALUES (8448, 356, 53, 20);
INSERT INTO ORDER_ITEM (ID, ORDER_ID, PRODUCT_ID, QUANTITY)
VALUES (8449, 356, 57, 12);
INSERT INTO ORDER_ITEM (ID, ORDER_ID, PRODUCT_ID, QUANTITY)
VALUES (8450, 356, 22, 20);
INSERT INTO ORDER_ITEM (ID, ORDER_ID, PRODUCT_ID, QUANTITY)
VALUES (8451, 356, 40, 4);
INSERT INTO ORDER_ITEM (ID, ORDER_ID, PRODUCT_ID, QUANTITY)
VALUES (8452, 356, 38, 12);
INSERT INTO ORDER_ITEM (ID, ORDER_ID, PRODUCT_ID, QUANTITY)
VALUES (8453, 356, 35, 7);
INSERT INTO ORDER_ITEM (ID, ORDER_ID, PRODUCT_ID, QUANTITY)
VALUES (8454, 356, 12, 12);
INSERT INTO ORDER_ITEM (ID, ORDER_ID, PRODUCT_ID, QUANTITY)
VALUES (8455, 356, 14, 14);
INSERT INTO ORDER_ITEM (ID, ORDER_ID, PRODUCT_ID, QUANTITY)
VALUES (8456, 356, 44, 3);
INSERT INTO ORDER_ITEM (ID, ORDER_ID, PRODUCT_ID, QUANTITY)
VALUES (8457, 356, 30, 1);
INSERT INTO ORDER_ITEM (ID, ORDER_ID, PRODUCT_ID, QUANTITY)
VALUES (8458, 356, 37, 0);
INSERT INTO ORDER_ITEM (ID, ORDER_ID, PRODUCT_ID, QUANTITY)
VALUES (8459, 356, 20, 1);
INSERT INTO ORDER_ITEM (ID, ORDER_ID, PRODUCT_ID, QUANTITY)
VALUES (8460, 356, 29, 4);
INSERT INTO ORDER_ITEM (ID, ORDER_ID, PRODUCT_ID, QUANTITY)
VALUES (8461, 356, 33, 9);
INSERT INTO ORDER_ITEM (ID, ORDER_ID, PRODUCT_ID, QUANTITY)
VALUES (8462, 356, 47, 6);
INSERT INTO ORDER_ITEM (ID, ORDER_ID, PRODUCT_ID, QUANTITY)
VALUES (8463, 356, 41, 5);
INSERT INTO ORDER_ITEM (ID, ORDER_ID, PRODUCT_ID, QUANTITY)
VALUES (8464, 356, 60, 2);
INSERT INTO ORDER_ITEM (ID, ORDER_ID, PRODUCT_ID, QUANTITY)
VALUES (8465, 356, 25, 18);
INSERT INTO ORDER_ITEM (ID, ORDER_ID, PRODUCT_ID, QUANTITY)
VALUES (8466, 356, 19, 10);
INSERT INTO ORDER_ITEM (ID, ORDER_ID, PRODUCT_ID, QUANTITY)
VALUES (8467, 356, 59, 18);
INSERT INTO ORDER_ITEM (ID, ORDER_ID, PRODUCT_ID, QUANTITY)
VALUES (8468, 356, 42, 9);
INSERT INTO ORDER_ITEM (ID, ORDER_ID, PRODUCT_ID, QUANTITY)
VALUES (8469, 356, 23, 1);
INSERT INTO ORDER_ITEM (ID, ORDER_ID, PRODUCT_ID, QUANTITY)
VALUES (8470, 356, 15, 5);
INSERT INTO ORDER_ITEM (ID, ORDER_ID, PRODUCT_ID, QUANTITY)
VALUES (8471, 356, 39, 1);
INSERT INTO ORDER_ITEM (ID, ORDER_ID, PRODUCT_ID, QUANTITY)
VALUES (8472, 356, 31, 3);
INSERT INTO ORDER_ITEM (ID, ORDER_ID, PRODUCT_ID, QUANTITY)
VALUES (8473, 356, 26, 19);
INSERT INTO ORDER_ITEM (ID, ORDER_ID, PRODUCT_ID, QUANTITY)
VALUES (8474, 356, 45, 1);
INSERT INTO ORDER_ITEM (ID, ORDER_ID, PRODUCT_ID, QUANTITY)
VALUES (8475, 356, 49, 2);
INSERT INTO ORDER_ITEM (ID, ORDER_ID, PRODUCT_ID, QUANTITY)
VALUES (8476, 356, 13, 16);
INSERT INTO ORDER_ITEM (ID, ORDER_ID, PRODUCT_ID, QUANTITY)
VALUES (8477, 356, 36, 5);
INSERT INTO ORDER_ITEM (ID, ORDER_ID, PRODUCT_ID, QUANTITY)
VALUES (8478, 356, 18, 19);
INSERT INTO ORDER_ITEM (ID, ORDER_ID, PRODUCT_ID, QUANTITY)
VALUES (8479, 356, 43, 6);
INSERT INTO ORDER_ITEM (ID, ORDER_ID, PRODUCT_ID, QUANTITY)
VALUES (8480, 356, 16, 8);
INSERT INTO ORDER_ITEM (ID, ORDER_ID, PRODUCT_ID, QUANTITY)
VALUES (8481, 356, 56, 13);
-- ### ORDER 347
INSERT INTO PAYMENT_DETAIL(ID, AMOUNT, PROVIDER, PROVIDER_PAYMENT_UUID)
VALUES (357, 1439.0, 'CRYPTO', '669133011');
INSERT INTO ORDERS (ID, CUST_ID, PAYMENT_ID, STATUS, AMOUNT, CREATED_ON, UPDATED_ON)
VALUES (357, 777, 357, 'DELIVERED', 1439.0, LOCALTIMESTAMP, LOCALTIMESTAMP);
INSERT INTO ORDER_ITEM (ID, ORDER_ID, PRODUCT_ID, QUANTITY)
VALUES (8482, 357, 38, 0);
INSERT INTO ORDER_ITEM (ID, ORDER_ID, PRODUCT_ID, QUANTITY)
VALUES (8483, 357, 16, 6);
INSERT INTO ORDER_ITEM (ID, ORDER_ID, PRODUCT_ID, QUANTITY)
VALUES (8484, 357, 37, 10);
INSERT INTO ORDER_ITEM (ID, ORDER_ID, PRODUCT_ID, QUANTITY)
VALUES (8485, 357, 48, 2);
INSERT INTO ORDER_ITEM (ID, ORDER_ID, PRODUCT_ID, QUANTITY)
VALUES (8486, 357, 55, 14);
INSERT INTO ORDER_ITEM (ID, ORDER_ID, PRODUCT_ID, QUANTITY)
VALUES (8487, 357, 14, 11);
INSERT INTO ORDER_ITEM (ID, ORDER_ID, PRODUCT_ID, QUANTITY)
VALUES (8488, 357, 42, 17);
INSERT INTO ORDER_ITEM (ID, ORDER_ID, PRODUCT_ID, QUANTITY)
VALUES (8489, 357, 44, 6);
INSERT INTO ORDER_ITEM (ID, ORDER_ID, PRODUCT_ID, QUANTITY)
VALUES (8490, 357, 18, 3);
INSERT INTO ORDER_ITEM (ID, ORDER_ID, PRODUCT_ID, QUANTITY)
VALUES (8491, 357, 26, 0);
INSERT INTO ORDER_ITEM (ID, ORDER_ID, PRODUCT_ID, QUANTITY)
VALUES (8492, 357, 52, 11);
INSERT INTO ORDER_ITEM (ID, ORDER_ID, PRODUCT_ID, QUANTITY)
VALUES (8493, 357, 19, 14);
INSERT INTO ORDER_ITEM (ID, ORDER_ID, PRODUCT_ID, QUANTITY)
VALUES (8494, 357, 30, 9);
INSERT INTO ORDER_ITEM (ID, ORDER_ID, PRODUCT_ID, QUANTITY)
VALUES (8495, 357, 60, 7);
INSERT INTO ORDER_ITEM (ID, ORDER_ID, PRODUCT_ID, QUANTITY)
VALUES (8496, 357, 56, 7);
INSERT INTO ORDER_ITEM (ID, ORDER_ID, PRODUCT_ID, QUANTITY)
VALUES (8497, 357, 29, 13);
-- ### ORDER 348
INSERT INTO PAYMENT_DETAIL(ID, AMOUNT, PROVIDER, PROVIDER_PAYMENT_UUID)
VALUES (358, 1734.0, 'ICARD', '541933640');
INSERT INTO ORDERS (ID, CUST_ID, PAYMENT_ID, STATUS, AMOUNT, CREATED_ON, UPDATED_ON)
VALUES (358, 777, 358, 'DELIVERED', 1734.0, LOCALTIMESTAMP, LOCALTIMESTAMP);
INSERT INTO ORDER_ITEM (ID, ORDER_ID, PRODUCT_ID, QUANTITY)
VALUES (8498, 358, 31, 13);
INSERT INTO ORDER_ITEM (ID, ORDER_ID, PRODUCT_ID, QUANTITY)
VALUES (8499, 358, 39, 11);
INSERT INTO ORDER_ITEM (ID, ORDER_ID, PRODUCT_ID, QUANTITY)
VALUES (8500, 358, 19, 10);
INSERT INTO ORDER_ITEM (ID, ORDER_ID, PRODUCT_ID, QUANTITY)
VALUES (8501, 358, 22, 0);
INSERT INTO ORDER_ITEM (ID, ORDER_ID, PRODUCT_ID, QUANTITY)
VALUES (8502, 358, 11, 16);
INSERT INTO ORDER_ITEM (ID, ORDER_ID, PRODUCT_ID, QUANTITY)
VALUES (8503, 358, 50, 19);
INSERT INTO ORDER_ITEM (ID, ORDER_ID, PRODUCT_ID, QUANTITY)
VALUES (8504, 358, 16, 4);
INSERT INTO ORDER_ITEM (ID, ORDER_ID, PRODUCT_ID, QUANTITY)
VALUES (8505, 358, 52, 11);
INSERT INTO ORDER_ITEM (ID, ORDER_ID, PRODUCT_ID, QUANTITY)
VALUES (8506, 358, 13, 2);
INSERT INTO ORDER_ITEM (ID, ORDER_ID, PRODUCT_ID, QUANTITY)
VALUES (8507, 358, 47, 19);
INSERT INTO ORDER_ITEM (ID, ORDER_ID, PRODUCT_ID, QUANTITY)
VALUES (8508, 358, 57, 15);
INSERT INTO ORDER_ITEM (ID, ORDER_ID, PRODUCT_ID, QUANTITY)
VALUES (8509, 358, 55, 2);
INSERT INTO ORDER_ITEM (ID, ORDER_ID, PRODUCT_ID, QUANTITY)
VALUES (8510, 358, 34, 17);
INSERT INTO ORDER_ITEM (ID, ORDER_ID, PRODUCT_ID, QUANTITY)
VALUES (8511, 358, 43, 18);
INSERT INTO ORDER_ITEM (ID, ORDER_ID, PRODUCT_ID, QUANTITY)
VALUES (8512, 358, 44, 13);
INSERT INTO ORDER_ITEM (ID, ORDER_ID, PRODUCT_ID, QUANTITY)
VALUES (8513, 358, 51, 9);
INSERT INTO ORDER_ITEM (ID, ORDER_ID, PRODUCT_ID, QUANTITY)
VALUES (8514, 358, 12, 20);
INSERT INTO ORDER_ITEM (ID, ORDER_ID, PRODUCT_ID, QUANTITY)
VALUES (8515, 358, 42, 20);
INSERT INTO ORDER_ITEM (ID, ORDER_ID, PRODUCT_ID, QUANTITY)
VALUES (8516, 358, 59, 19);
INSERT INTO ORDER_ITEM (ID, ORDER_ID, PRODUCT_ID, QUANTITY)
VALUES (8517, 358, 60, 7);
INSERT INTO ORDER_ITEM (ID, ORDER_ID, PRODUCT_ID, QUANTITY)
VALUES (8518, 358, 45, 6);
-- ### ORDER 349
INSERT INTO PAYMENT_DETAIL(ID, AMOUNT, PROVIDER, PROVIDER_PAYMENT_UUID)
VALUES (359, 3037.0, 'CRYPTO', '211275224');
INSERT INTO ORDERS (ID, CUST_ID, PAYMENT_ID, STATUS, AMOUNT, CREATED_ON, UPDATED_ON)
VALUES (359, 777, 359, 'DELIVERED', 3037.0, LOCALTIMESTAMP, LOCALTIMESTAMP);
INSERT INTO ORDER_ITEM (ID, ORDER_ID, PRODUCT_ID, QUANTITY)
VALUES (8519, 359, 20, 18);
INSERT INTO ORDER_ITEM (ID, ORDER_ID, PRODUCT_ID, QUANTITY)
VALUES (8520, 359, 35, 16);
INSERT INTO ORDER_ITEM (ID, ORDER_ID, PRODUCT_ID, QUANTITY)
VALUES (8521, 359, 21, 2);
INSERT INTO ORDER_ITEM (ID, ORDER_ID, PRODUCT_ID, QUANTITY)
VALUES (8522, 359, 51, 1);
INSERT INTO ORDER_ITEM (ID, ORDER_ID, PRODUCT_ID, QUANTITY)
VALUES (8523, 359, 57, 19);
INSERT INTO ORDER_ITEM (ID, ORDER_ID, PRODUCT_ID, QUANTITY)
VALUES (8524, 359, 52, 11);
INSERT INTO ORDER_ITEM (ID, ORDER_ID, PRODUCT_ID, QUANTITY)
VALUES (8525, 359, 22, 18);
INSERT INTO ORDER_ITEM (ID, ORDER_ID, PRODUCT_ID, QUANTITY)
VALUES (8526, 359, 16, 1);
INSERT INTO ORDER_ITEM (ID, ORDER_ID, PRODUCT_ID, QUANTITY)
VALUES (8527, 359, 48, 16);
INSERT INTO ORDER_ITEM (ID, ORDER_ID, PRODUCT_ID, QUANTITY)
VALUES (8528, 359, 44, 3);
INSERT INTO ORDER_ITEM (ID, ORDER_ID, PRODUCT_ID, QUANTITY)
VALUES (8529, 359, 18, 18);
INSERT INTO ORDER_ITEM (ID, ORDER_ID, PRODUCT_ID, QUANTITY)
VALUES (8530, 359, 55, 13);
INSERT INTO ORDER_ITEM (ID, ORDER_ID, PRODUCT_ID, QUANTITY)
VALUES (8531, 359, 37, 18);
INSERT INTO ORDER_ITEM (ID, ORDER_ID, PRODUCT_ID, QUANTITY)
VALUES (8532, 359, 25, 9);
INSERT INTO ORDER_ITEM (ID, ORDER_ID, PRODUCT_ID, QUANTITY)
VALUES (8533, 359, 50, 11);
INSERT INTO ORDER_ITEM (ID, ORDER_ID, PRODUCT_ID, QUANTITY)
VALUES (8534, 359, 59, 0);
INSERT INTO ORDER_ITEM (ID, ORDER_ID, PRODUCT_ID, QUANTITY)
VALUES (8535, 359, 23, 1);
INSERT INTO ORDER_ITEM (ID, ORDER_ID, PRODUCT_ID, QUANTITY)
VALUES (8536, 359, 15, 1);
INSERT INTO ORDER_ITEM (ID, ORDER_ID, PRODUCT_ID, QUANTITY)
VALUES (8537, 359, 47, 18);
INSERT INTO ORDER_ITEM (ID, ORDER_ID, PRODUCT_ID, QUANTITY)
VALUES (8538, 359, 24, 12);
INSERT INTO ORDER_ITEM (ID, ORDER_ID, PRODUCT_ID, QUANTITY)
VALUES (8539, 359, 28, 20);
INSERT INTO ORDER_ITEM (ID, ORDER_ID, PRODUCT_ID, QUANTITY)
VALUES (8540, 359, 36, 5);
INSERT INTO ORDER_ITEM (ID, ORDER_ID, PRODUCT_ID, QUANTITY)
VALUES (8541, 359, 13, 15);
INSERT INTO ORDER_ITEM (ID, ORDER_ID, PRODUCT_ID, QUANTITY)
VALUES (8542, 359, 46, 8);
INSERT INTO ORDER_ITEM (ID, ORDER_ID, PRODUCT_ID, QUANTITY)
VALUES (8543, 359, 27, 20);
INSERT INTO ORDER_ITEM (ID, ORDER_ID, PRODUCT_ID, QUANTITY)
VALUES (8544, 359, 12, 0);
INSERT INTO ORDER_ITEM (ID, ORDER_ID, PRODUCT_ID, QUANTITY)
VALUES (8545, 359, 32, 14);
INSERT INTO ORDER_ITEM (ID, ORDER_ID, PRODUCT_ID, QUANTITY)
VALUES (8546, 359, 56, 20);
INSERT INTO ORDER_ITEM (ID, ORDER_ID, PRODUCT_ID, QUANTITY)
VALUES (8547, 359, 14, 19);
INSERT INTO ORDER_ITEM (ID, ORDER_ID, PRODUCT_ID, QUANTITY)
VALUES (8548, 359, 54, 10);
INSERT INTO ORDER_ITEM (ID, ORDER_ID, PRODUCT_ID, QUANTITY)
VALUES (8549, 359, 34, 0);
INSERT INTO ORDER_ITEM (ID, ORDER_ID, PRODUCT_ID, QUANTITY)
VALUES (8550, 359, 41, 3);
INSERT INTO ORDER_ITEM (ID, ORDER_ID, PRODUCT_ID, QUANTITY)
VALUES (8551, 359, 49, 10);
INSERT INTO ORDER_ITEM (ID, ORDER_ID, PRODUCT_ID, QUANTITY)
VALUES (8552, 359, 30, 2);
INSERT INTO ORDER_ITEM (ID, ORDER_ID, PRODUCT_ID, QUANTITY)
VALUES (8553, 359, 29, 16);
INSERT INTO ORDER_ITEM (ID, ORDER_ID, PRODUCT_ID, QUANTITY)
VALUES (8554, 359, 33, 8);
INSERT INTO ORDER_ITEM (ID, ORDER_ID, PRODUCT_ID, QUANTITY)
VALUES (8555, 359, 53, 5);
INSERT INTO ORDER_ITEM (ID, ORDER_ID, PRODUCT_ID, QUANTITY)
VALUES (8556, 359, 11, 5);
INSERT INTO ORDER_ITEM (ID, ORDER_ID, PRODUCT_ID, QUANTITY)
VALUES (8557, 359, 40, 14);
INSERT INTO ORDER_ITEM (ID, ORDER_ID, PRODUCT_ID, QUANTITY)
VALUES (8558, 359, 58, 9);
INSERT INTO ORDER_ITEM (ID, ORDER_ID, PRODUCT_ID, QUANTITY)
VALUES (8559, 359, 17, 7);
INSERT INTO ORDER_ITEM (ID, ORDER_ID, PRODUCT_ID, QUANTITY)
VALUES (8560, 359, 31, 16);
INSERT INTO ORDER_ITEM (ID, ORDER_ID, PRODUCT_ID, QUANTITY)
VALUES (8561, 359, 19, 15);
INSERT INTO ORDER_ITEM (ID, ORDER_ID, PRODUCT_ID, QUANTITY)
VALUES (8562, 359, 60, 17);
INSERT INTO ORDER_ITEM (ID, ORDER_ID, PRODUCT_ID, QUANTITY)
VALUES (8563, 359, 38, 1);
INSERT INTO ORDER_ITEM (ID, ORDER_ID, PRODUCT_ID, QUANTITY)
VALUES (8564, 359, 43, 8);
INSERT INTO ORDER_ITEM (ID, ORDER_ID, PRODUCT_ID, QUANTITY)
VALUES (8565, 359, 42, 16);
INSERT INTO ORDER_ITEM (ID, ORDER_ID, PRODUCT_ID, QUANTITY)
VALUES (8566, 359, 39, 4);
-- ### ORDER 350
INSERT INTO PAYMENT_DETAIL(ID, AMOUNT, PROVIDER, PROVIDER_PAYMENT_UUID)
VALUES (360, 1078.0, 'CRYPTO', '932495851');
INSERT INTO ORDERS (ID, CUST_ID, PAYMENT_ID, STATUS, AMOUNT, CREATED_ON, UPDATED_ON)
VALUES (360, 777, 360, 'DELIVERED', 1078.0, LOCALTIMESTAMP, LOCALTIMESTAMP);
INSERT INTO ORDER_ITEM (ID, ORDER_ID, PRODUCT_ID, QUANTITY)
VALUES (8567, 360, 31, 2);
INSERT INTO ORDER_ITEM (ID, ORDER_ID, PRODUCT_ID, QUANTITY)
VALUES (8568, 360, 47, 2);
INSERT INTO ORDER_ITEM (ID, ORDER_ID, PRODUCT_ID, QUANTITY)
VALUES (8569, 360, 52, 3);
INSERT INTO ORDER_ITEM (ID, ORDER_ID, PRODUCT_ID, QUANTITY)
VALUES (8570, 360, 21, 4);
INSERT INTO ORDER_ITEM (ID, ORDER_ID, PRODUCT_ID, QUANTITY)
VALUES (8571, 360, 28, 11);
INSERT INTO ORDER_ITEM (ID, ORDER_ID, PRODUCT_ID, QUANTITY)
VALUES (8572, 360, 13, 1);
INSERT INTO ORDER_ITEM (ID, ORDER_ID, PRODUCT_ID, QUANTITY)
VALUES (8573, 360, 12, 0);
INSERT INTO ORDER_ITEM (ID, ORDER_ID, PRODUCT_ID, QUANTITY)
VALUES (8574, 360, 17, 4);
INSERT INTO ORDER_ITEM (ID, ORDER_ID, PRODUCT_ID, QUANTITY)
VALUES (8575, 360, 51, 0);
INSERT INTO ORDER_ITEM (ID, ORDER_ID, PRODUCT_ID, QUANTITY)
VALUES (8576, 360, 27, 8);
INSERT INTO ORDER_ITEM (ID, ORDER_ID, PRODUCT_ID, QUANTITY)
VALUES (8577, 360, 30, 8);
INSERT INTO ORDER_ITEM (ID, ORDER_ID, PRODUCT_ID, QUANTITY)
VALUES (8578, 360, 35, 20);
INSERT INTO ORDER_ITEM (ID, ORDER_ID, PRODUCT_ID, QUANTITY)
VALUES (8579, 360, 41, 3);
INSERT INTO ORDER_ITEM (ID, ORDER_ID, PRODUCT_ID, QUANTITY)
VALUES (8580, 360, 22, 14);
INSERT INTO ORDER_ITEM (ID, ORDER_ID, PRODUCT_ID, QUANTITY)
VALUES (8581, 360, 19, 7);
INSERT INTO ORDER_ITEM (ID, ORDER_ID, PRODUCT_ID, QUANTITY)
VALUES (8582, 360, 54, 15);
INSERT INTO ORDER_ITEM (ID, ORDER_ID, PRODUCT_ID, QUANTITY)
VALUES (8583, 360, 60, 18);
INSERT INTO ORDER_ITEM (ID, ORDER_ID, PRODUCT_ID, QUANTITY)
VALUES (8584, 360, 42, 16);
INSERT INTO ORDER_ITEM (ID, ORDER_ID, PRODUCT_ID, QUANTITY)
VALUES (8585, 360, 55, 13);
INSERT INTO ORDER_ITEM (ID, ORDER_ID, PRODUCT_ID, QUANTITY)
VALUES (8586, 360, 32, 20);
INSERT INTO ORDER_ITEM (ID, ORDER_ID, PRODUCT_ID, QUANTITY)
VALUES (8587, 360, 46, 1);
INSERT INTO ORDER_ITEM (ID, ORDER_ID, PRODUCT_ID, QUANTITY)
VALUES (8588, 360, 24, 20);
INSERT INTO ORDER_ITEM (ID, ORDER_ID, PRODUCT_ID, QUANTITY)
VALUES (8589, 360, 16, 19);
INSERT INTO ORDER_ITEM (ID, ORDER_ID, PRODUCT_ID, QUANTITY)
VALUES (8590, 360, 20, 2);
INSERT INTO ORDER_ITEM (ID, ORDER_ID, PRODUCT_ID, QUANTITY)
VALUES (8591, 360, 50, 3);
INSERT INTO ORDER_ITEM (ID, ORDER_ID, PRODUCT_ID, QUANTITY)
VALUES (8592, 360, 15, 10);
INSERT INTO ORDER_ITEM (ID, ORDER_ID, PRODUCT_ID, QUANTITY)
VALUES (8593, 360, 53, 14);
INSERT INTO ORDER_ITEM (ID, ORDER_ID, PRODUCT_ID, QUANTITY)
VALUES (8594, 360, 36, 3);
INSERT INTO ORDER_ITEM (ID, ORDER_ID, PRODUCT_ID, QUANTITY)
VALUES (8595, 360, 14, 15);
INSERT INTO ORDER_ITEM (ID, ORDER_ID, PRODUCT_ID, QUANTITY)
VALUES (8596, 360, 39, 4);
INSERT INTO ORDER_ITEM (ID, ORDER_ID, PRODUCT_ID, QUANTITY)
VALUES (8597, 360, 58, 3);
INSERT INTO ORDER_ITEM (ID, ORDER_ID, PRODUCT_ID, QUANTITY)
VALUES (8598, 360, 43, 19);
-- ### ORDER 351
INSERT INTO PAYMENT_DETAIL(ID, AMOUNT, PROVIDER, PROVIDER_PAYMENT_UUID)
VALUES (361, 2874.0, 'MASTERCARD', '342154505');
INSERT INTO ORDERS (ID, CUST_ID, PAYMENT_ID, STATUS, AMOUNT, CREATED_ON, UPDATED_ON)
VALUES (361, 777, 361, 'DELIVERED', 2874.0, LOCALTIMESTAMP, LOCALTIMESTAMP);
INSERT INTO ORDER_ITEM (ID, ORDER_ID, PRODUCT_ID, QUANTITY)
VALUES (8599, 361, 41, 1);
INSERT INTO ORDER_ITEM (ID, ORDER_ID, PRODUCT_ID, QUANTITY)
VALUES (8600, 361, 14, 8);
INSERT INTO ORDER_ITEM (ID, ORDER_ID, PRODUCT_ID, QUANTITY)
VALUES (8601, 361, 13, 13);
INSERT INTO ORDER_ITEM (ID, ORDER_ID, PRODUCT_ID, QUANTITY)
VALUES (8602, 361, 43, 3);
INSERT INTO ORDER_ITEM (ID, ORDER_ID, PRODUCT_ID, QUANTITY)
VALUES (8603, 361, 12, 2);
INSERT INTO ORDER_ITEM (ID, ORDER_ID, PRODUCT_ID, QUANTITY)
VALUES (8604, 361, 16, 13);
INSERT INTO ORDER_ITEM (ID, ORDER_ID, PRODUCT_ID, QUANTITY)
VALUES (8605, 361, 34, 15);
INSERT INTO ORDER_ITEM (ID, ORDER_ID, PRODUCT_ID, QUANTITY)
VALUES (8606, 361, 40, 0);
INSERT INTO ORDER_ITEM (ID, ORDER_ID, PRODUCT_ID, QUANTITY)
VALUES (8607, 361, 26, 7);
INSERT INTO ORDER_ITEM (ID, ORDER_ID, PRODUCT_ID, QUANTITY)
VALUES (8608, 361, 20, 2);
INSERT INTO ORDER_ITEM (ID, ORDER_ID, PRODUCT_ID, QUANTITY)
VALUES (8609, 361, 15, 1);
INSERT INTO ORDER_ITEM (ID, ORDER_ID, PRODUCT_ID, QUANTITY)
VALUES (8610, 361, 58, 4);
INSERT INTO ORDER_ITEM (ID, ORDER_ID, PRODUCT_ID, QUANTITY)
VALUES (8611, 361, 44, 3);
INSERT INTO ORDER_ITEM (ID, ORDER_ID, PRODUCT_ID, QUANTITY)
VALUES (8612, 361, 59, 20);
INSERT INTO ORDER_ITEM (ID, ORDER_ID, PRODUCT_ID, QUANTITY)
VALUES (8613, 361, 23, 7);
INSERT INTO ORDER_ITEM (ID, ORDER_ID, PRODUCT_ID, QUANTITY)
VALUES (8614, 361, 22, 0);
INSERT INTO ORDER_ITEM (ID, ORDER_ID, PRODUCT_ID, QUANTITY)
VALUES (8615, 361, 60, 5);
INSERT INTO ORDER_ITEM (ID, ORDER_ID, PRODUCT_ID, QUANTITY)
VALUES (8616, 361, 39, 3);
INSERT INTO ORDER_ITEM (ID, ORDER_ID, PRODUCT_ID, QUANTITY)
VALUES (8617, 361, 53, 20);
INSERT INTO ORDER_ITEM (ID, ORDER_ID, PRODUCT_ID, QUANTITY)
VALUES (8618, 361, 49, 10);
INSERT INTO ORDER_ITEM (ID, ORDER_ID, PRODUCT_ID, QUANTITY)
VALUES (8619, 361, 30, 19);
INSERT INTO ORDER_ITEM (ID, ORDER_ID, PRODUCT_ID, QUANTITY)
VALUES (8620, 361, 57, 6);
INSERT INTO ORDER_ITEM (ID, ORDER_ID, PRODUCT_ID, QUANTITY)
VALUES (8621, 361, 21, 3);
INSERT INTO ORDER_ITEM (ID, ORDER_ID, PRODUCT_ID, QUANTITY)
VALUES (8622, 361, 37, 3);
INSERT INTO ORDER_ITEM (ID, ORDER_ID, PRODUCT_ID, QUANTITY)
VALUES (8623, 361, 11, 5);
INSERT INTO ORDER_ITEM (ID, ORDER_ID, PRODUCT_ID, QUANTITY)
VALUES (8624, 361, 19, 7);
INSERT INTO ORDER_ITEM (ID, ORDER_ID, PRODUCT_ID, QUANTITY)
VALUES (8625, 361, 33, 20);
INSERT INTO ORDER_ITEM (ID, ORDER_ID, PRODUCT_ID, QUANTITY)
VALUES (8626, 361, 46, 5);
INSERT INTO ORDER_ITEM (ID, ORDER_ID, PRODUCT_ID, QUANTITY)
VALUES (8627, 361, 45, 8);
INSERT INTO ORDER_ITEM (ID, ORDER_ID, PRODUCT_ID, QUANTITY)
VALUES (8628, 361, 52, 7);
INSERT INTO ORDER_ITEM (ID, ORDER_ID, PRODUCT_ID, QUANTITY)
VALUES (8629, 361, 48, 5);
INSERT INTO ORDER_ITEM (ID, ORDER_ID, PRODUCT_ID, QUANTITY)
VALUES (8630, 361, 29, 8);
INSERT INTO ORDER_ITEM (ID, ORDER_ID, PRODUCT_ID, QUANTITY)
VALUES (8631, 361, 17, 5);
-- ### ORDER 352
INSERT INTO PAYMENT_DETAIL(ID, AMOUNT, PROVIDER, PROVIDER_PAYMENT_UUID)
VALUES (362, 2320.0, 'MASTERCARD', '404378601');
INSERT INTO ORDERS (ID, CUST_ID, PAYMENT_ID, STATUS, AMOUNT, CREATED_ON, UPDATED_ON)
VALUES (362, 777, 362, 'DELIVERED', 2320.0, LOCALTIMESTAMP, LOCALTIMESTAMP);
INSERT INTO ORDER_ITEM (ID, ORDER_ID, PRODUCT_ID, QUANTITY)
VALUES (8632, 362, 22, 6);
INSERT INTO ORDER_ITEM (ID, ORDER_ID, PRODUCT_ID, QUANTITY)
VALUES (8633, 362, 41, 7);
INSERT INTO ORDER_ITEM (ID, ORDER_ID, PRODUCT_ID, QUANTITY)
VALUES (8634, 362, 21, 8);
INSERT INTO ORDER_ITEM (ID, ORDER_ID, PRODUCT_ID, QUANTITY)
VALUES (8635, 362, 35, 1);
INSERT INTO ORDER_ITEM (ID, ORDER_ID, PRODUCT_ID, QUANTITY)
VALUES (8636, 362, 37, 18);
INSERT INTO ORDER_ITEM (ID, ORDER_ID, PRODUCT_ID, QUANTITY)
VALUES (8637, 362, 24, 0);
INSERT INTO ORDER_ITEM (ID, ORDER_ID, PRODUCT_ID, QUANTITY)
VALUES (8638, 362, 53, 11);
INSERT INTO ORDER_ITEM (ID, ORDER_ID, PRODUCT_ID, QUANTITY)
VALUES (8639, 362, 38, 0);
INSERT INTO ORDER_ITEM (ID, ORDER_ID, PRODUCT_ID, QUANTITY)
VALUES (8640, 362, 48, 12);
INSERT INTO ORDER_ITEM (ID, ORDER_ID, PRODUCT_ID, QUANTITY)
VALUES (8641, 362, 16, 17);
INSERT INTO ORDER_ITEM (ID, ORDER_ID, PRODUCT_ID, QUANTITY)
VALUES (8642, 362, 56, 18);
INSERT INTO ORDER_ITEM (ID, ORDER_ID, PRODUCT_ID, QUANTITY)
VALUES (8643, 362, 51, 19);
INSERT INTO ORDER_ITEM (ID, ORDER_ID, PRODUCT_ID, QUANTITY)
VALUES (8644, 362, 32, 16);
INSERT INTO ORDER_ITEM (ID, ORDER_ID, PRODUCT_ID, QUANTITY)
VALUES (8645, 362, 34, 11);
INSERT INTO ORDER_ITEM (ID, ORDER_ID, PRODUCT_ID, QUANTITY)
VALUES (8646, 362, 57, 7);
INSERT INTO ORDER_ITEM (ID, ORDER_ID, PRODUCT_ID, QUANTITY)
VALUES (8647, 362, 46, 5);
INSERT INTO ORDER_ITEM (ID, ORDER_ID, PRODUCT_ID, QUANTITY)
VALUES (8648, 362, 60, 6);
INSERT INTO ORDER_ITEM (ID, ORDER_ID, PRODUCT_ID, QUANTITY)
VALUES (8649, 362, 13, 10);
-- ### ORDER 353
INSERT INTO PAYMENT_DETAIL(ID, AMOUNT, PROVIDER, PROVIDER_PAYMENT_UUID)
VALUES (363, 108.0, 'VISA', '84188365');
INSERT INTO ORDERS (ID, CUST_ID, PAYMENT_ID, STATUS, AMOUNT, CREATED_ON, UPDATED_ON)
VALUES (363, 777, 363, 'DELIVERED', 108.0, LOCALTIMESTAMP, LOCALTIMESTAMP);
INSERT INTO ORDER_ITEM (ID, ORDER_ID, PRODUCT_ID, QUANTITY)
VALUES (8650, 363, 51, 8);
INSERT INTO ORDER_ITEM (ID, ORDER_ID, PRODUCT_ID, QUANTITY)
VALUES (8651, 363, 27, 13);
INSERT INTO ORDER_ITEM (ID, ORDER_ID, PRODUCT_ID, QUANTITY)
VALUES (8652, 363, 49, 15);
INSERT INTO ORDER_ITEM (ID, ORDER_ID, PRODUCT_ID, QUANTITY)
VALUES (8653, 363, 44, 10);
INSERT INTO ORDER_ITEM (ID, ORDER_ID, PRODUCT_ID, QUANTITY)
VALUES (8654, 363, 58, 16);
INSERT INTO ORDER_ITEM (ID, ORDER_ID, PRODUCT_ID, QUANTITY)
VALUES (8655, 363, 54, 7);
INSERT INTO ORDER_ITEM (ID, ORDER_ID, PRODUCT_ID, QUANTITY)
VALUES (8656, 363, 43, 18);
INSERT INTO ORDER_ITEM (ID, ORDER_ID, PRODUCT_ID, QUANTITY)
VALUES (8657, 363, 55, 7);
-- ### ORDER 354
INSERT INTO PAYMENT_DETAIL(ID, AMOUNT, PROVIDER, PROVIDER_PAYMENT_UUID)
VALUES (364, 2602.0, 'PAYPAL', '574160133');
INSERT INTO ORDERS (ID, CUST_ID, PAYMENT_ID, STATUS, AMOUNT, CREATED_ON, UPDATED_ON)
VALUES (364, 777, 364, 'DELIVERED', 2602.0, LOCALTIMESTAMP, LOCALTIMESTAMP);
INSERT INTO ORDER_ITEM (ID, ORDER_ID, PRODUCT_ID, QUANTITY)
VALUES (8658, 364, 43, 17);
INSERT INTO ORDER_ITEM (ID, ORDER_ID, PRODUCT_ID, QUANTITY)
VALUES (8659, 364, 60, 1);
INSERT INTO ORDER_ITEM (ID, ORDER_ID, PRODUCT_ID, QUANTITY)
VALUES (8660, 364, 41, 17);
INSERT INTO ORDER_ITEM (ID, ORDER_ID, PRODUCT_ID, QUANTITY)
VALUES (8661, 364, 32, 16);
INSERT INTO ORDER_ITEM (ID, ORDER_ID, PRODUCT_ID, QUANTITY)
VALUES (8662, 364, 59, 2);
INSERT INTO ORDER_ITEM (ID, ORDER_ID, PRODUCT_ID, QUANTITY)
VALUES (8663, 364, 42, 5);
INSERT INTO ORDER_ITEM (ID, ORDER_ID, PRODUCT_ID, QUANTITY)
VALUES (8664, 364, 22, 18);
INSERT INTO ORDER_ITEM (ID, ORDER_ID, PRODUCT_ID, QUANTITY)
VALUES (8665, 364, 18, 4);
INSERT INTO ORDER_ITEM (ID, ORDER_ID, PRODUCT_ID, QUANTITY)
VALUES (8666, 364, 20, 15);
INSERT INTO ORDER_ITEM (ID, ORDER_ID, PRODUCT_ID, QUANTITY)
VALUES (8667, 364, 38, 18);
INSERT INTO ORDER_ITEM (ID, ORDER_ID, PRODUCT_ID, QUANTITY)
VALUES (8668, 364, 49, 6);
INSERT INTO ORDER_ITEM (ID, ORDER_ID, PRODUCT_ID, QUANTITY)
VALUES (8669, 364, 30, 15);
INSERT INTO ORDER_ITEM (ID, ORDER_ID, PRODUCT_ID, QUANTITY)
VALUES (8670, 364, 12, 8);
INSERT INTO ORDER_ITEM (ID, ORDER_ID, PRODUCT_ID, QUANTITY)
VALUES (8671, 364, 17, 2);
INSERT INTO ORDER_ITEM (ID, ORDER_ID, PRODUCT_ID, QUANTITY)
VALUES (8672, 364, 55, 2);
INSERT INTO ORDER_ITEM (ID, ORDER_ID, PRODUCT_ID, QUANTITY)
VALUES (8673, 364, 27, 9);
INSERT INTO ORDER_ITEM (ID, ORDER_ID, PRODUCT_ID, QUANTITY)
VALUES (8674, 364, 31, 17);
INSERT INTO ORDER_ITEM (ID, ORDER_ID, PRODUCT_ID, QUANTITY)
VALUES (8675, 364, 51, 15);
-- ### ORDER 355
INSERT INTO PAYMENT_DETAIL(ID, AMOUNT, PROVIDER, PROVIDER_PAYMENT_UUID)
VALUES (365, 608.0, 'VISA', '834037779');
INSERT INTO ORDERS (ID, CUST_ID, PAYMENT_ID, STATUS, AMOUNT, CREATED_ON, UPDATED_ON)
VALUES (365, 777, 365, 'DELIVERED', 608.0, LOCALTIMESTAMP, LOCALTIMESTAMP);
INSERT INTO ORDER_ITEM (ID, ORDER_ID, PRODUCT_ID, QUANTITY)
VALUES (8676, 365, 40, 19);
INSERT INTO ORDER_ITEM (ID, ORDER_ID, PRODUCT_ID, QUANTITY)
VALUES (8677, 365, 60, 15);
INSERT INTO ORDER_ITEM (ID, ORDER_ID, PRODUCT_ID, QUANTITY)
VALUES (8678, 365, 24, 3);
INSERT INTO ORDER_ITEM (ID, ORDER_ID, PRODUCT_ID, QUANTITY)
VALUES (8679, 365, 32, 12);
INSERT INTO ORDER_ITEM (ID, ORDER_ID, PRODUCT_ID, QUANTITY)
VALUES (8680, 365, 44, 1);
INSERT INTO ORDER_ITEM (ID, ORDER_ID, PRODUCT_ID, QUANTITY)
VALUES (8681, 365, 25, 10);
INSERT INTO ORDER_ITEM (ID, ORDER_ID, PRODUCT_ID, QUANTITY)
VALUES (8682, 365, 39, 8);
INSERT INTO ORDER_ITEM (ID, ORDER_ID, PRODUCT_ID, QUANTITY)
VALUES (8683, 365, 46, 11);
INSERT INTO ORDER_ITEM (ID, ORDER_ID, PRODUCT_ID, QUANTITY)
VALUES (8684, 365, 17, 12);
INSERT INTO ORDER_ITEM (ID, ORDER_ID, PRODUCT_ID, QUANTITY)
VALUES (8685, 365, 48, 15);
INSERT INTO ORDER_ITEM (ID, ORDER_ID, PRODUCT_ID, QUANTITY)
VALUES (8686, 365, 21, 5);
INSERT INTO ORDER_ITEM (ID, ORDER_ID, PRODUCT_ID, QUANTITY)
VALUES (8687, 365, 47, 12);
INSERT INTO ORDER_ITEM (ID, ORDER_ID, PRODUCT_ID, QUANTITY)
VALUES (8688, 365, 33, 10);
INSERT INTO ORDER_ITEM (ID, ORDER_ID, PRODUCT_ID, QUANTITY)
VALUES (8689, 365, 29, 10);
INSERT INTO ORDER_ITEM (ID, ORDER_ID, PRODUCT_ID, QUANTITY)
VALUES (8690, 365, 31, 18);
INSERT INTO ORDER_ITEM (ID, ORDER_ID, PRODUCT_ID, QUANTITY)
VALUES (8691, 365, 49, 3);
INSERT INTO ORDER_ITEM (ID, ORDER_ID, PRODUCT_ID, QUANTITY)
VALUES (8692, 365, 11, 5);
INSERT INTO ORDER_ITEM (ID, ORDER_ID, PRODUCT_ID, QUANTITY)
VALUES (8693, 365, 38, 7);
INSERT INTO ORDER_ITEM (ID, ORDER_ID, PRODUCT_ID, QUANTITY)
VALUES (8694, 365, 42, 15);
INSERT INTO ORDER_ITEM (ID, ORDER_ID, PRODUCT_ID, QUANTITY)
VALUES (8695, 365, 55, 15);
INSERT INTO ORDER_ITEM (ID, ORDER_ID, PRODUCT_ID, QUANTITY)
VALUES (8696, 365, 36, 19);
INSERT INTO ORDER_ITEM (ID, ORDER_ID, PRODUCT_ID, QUANTITY)
VALUES (8697, 365, 56, 13);
INSERT INTO ORDER_ITEM (ID, ORDER_ID, PRODUCT_ID, QUANTITY)
VALUES (8698, 365, 43, 0);
INSERT INTO ORDER_ITEM (ID, ORDER_ID, PRODUCT_ID, QUANTITY)
VALUES (8699, 365, 50, 5);
INSERT INTO ORDER_ITEM (ID, ORDER_ID, PRODUCT_ID, QUANTITY)
VALUES (8700, 365, 12, 19);
INSERT INTO ORDER_ITEM (ID, ORDER_ID, PRODUCT_ID, QUANTITY)
VALUES (8701, 365, 28, 14);
INSERT INTO ORDER_ITEM (ID, ORDER_ID, PRODUCT_ID, QUANTITY)
VALUES (8702, 365, 58, 8);
INSERT INTO ORDER_ITEM (ID, ORDER_ID, PRODUCT_ID, QUANTITY)
VALUES (8703, 365, 51, 4);
INSERT INTO ORDER_ITEM (ID, ORDER_ID, PRODUCT_ID, QUANTITY)
VALUES (8704, 365, 20, 2);
INSERT INTO ORDER_ITEM (ID, ORDER_ID, PRODUCT_ID, QUANTITY)
VALUES (8705, 365, 34, 2);
INSERT INTO ORDER_ITEM (ID, ORDER_ID, PRODUCT_ID, QUANTITY)
VALUES (8706, 365, 16, 6);
INSERT INTO ORDER_ITEM (ID, ORDER_ID, PRODUCT_ID, QUANTITY)
VALUES (8707, 365, 19, 0);
INSERT INTO ORDER_ITEM (ID, ORDER_ID, PRODUCT_ID, QUANTITY)
VALUES (8708, 365, 14, 2);
INSERT INTO ORDER_ITEM (ID, ORDER_ID, PRODUCT_ID, QUANTITY)
VALUES (8709, 365, 30, 9);
INSERT INTO ORDER_ITEM (ID, ORDER_ID, PRODUCT_ID, QUANTITY)
VALUES (8710, 365, 59, 9);
INSERT INTO ORDER_ITEM (ID, ORDER_ID, PRODUCT_ID, QUANTITY)
VALUES (8711, 365, 27, 14);
INSERT INTO ORDER_ITEM (ID, ORDER_ID, PRODUCT_ID, QUANTITY)
VALUES (8712, 365, 18, 15);
INSERT INTO ORDER_ITEM (ID, ORDER_ID, PRODUCT_ID, QUANTITY)
VALUES (8713, 365, 35, 13);
INSERT INTO ORDER_ITEM (ID, ORDER_ID, PRODUCT_ID, QUANTITY)
VALUES (8714, 365, 45, 16);
INSERT INTO ORDER_ITEM (ID, ORDER_ID, PRODUCT_ID, QUANTITY)
VALUES (8715, 365, 37, 1);
INSERT INTO ORDER_ITEM (ID, ORDER_ID, PRODUCT_ID, QUANTITY)
VALUES (8716, 365, 15, 9);
-- ### ORDER 356
INSERT INTO PAYMENT_DETAIL(ID, AMOUNT, PROVIDER, PROVIDER_PAYMENT_UUID)
VALUES (366, 4176.0, 'PAYPAL', '333241398');
INSERT INTO ORDERS (ID, CUST_ID, PAYMENT_ID, STATUS, AMOUNT, CREATED_ON, UPDATED_ON)
VALUES (366, 777, 366, 'DELIVERED', 4176.0, LOCALTIMESTAMP, LOCALTIMESTAMP);
INSERT INTO ORDER_ITEM (ID, ORDER_ID, PRODUCT_ID, QUANTITY)
VALUES (8717, 366, 32, 3);
INSERT INTO ORDER_ITEM (ID, ORDER_ID, PRODUCT_ID, QUANTITY)
VALUES (8718, 366, 11, 7);
INSERT INTO ORDER_ITEM (ID, ORDER_ID, PRODUCT_ID, QUANTITY)
VALUES (8719, 366, 19, 4);
INSERT INTO ORDER_ITEM (ID, ORDER_ID, PRODUCT_ID, QUANTITY)
VALUES (8720, 366, 41, 2);
INSERT INTO ORDER_ITEM (ID, ORDER_ID, PRODUCT_ID, QUANTITY)
VALUES (8721, 366, 52, 19);
INSERT INTO ORDER_ITEM (ID, ORDER_ID, PRODUCT_ID, QUANTITY)
VALUES (8722, 366, 44, 1);
INSERT INTO ORDER_ITEM (ID, ORDER_ID, PRODUCT_ID, QUANTITY)
VALUES (8723, 366, 35, 5);
INSERT INTO ORDER_ITEM (ID, ORDER_ID, PRODUCT_ID, QUANTITY)
VALUES (8724, 366, 37, 0);
INSERT INTO ORDER_ITEM (ID, ORDER_ID, PRODUCT_ID, QUANTITY)
VALUES (8725, 366, 16, 5);
INSERT INTO ORDER_ITEM (ID, ORDER_ID, PRODUCT_ID, QUANTITY)
VALUES (8726, 366, 18, 19);
INSERT INTO ORDER_ITEM (ID, ORDER_ID, PRODUCT_ID, QUANTITY)
VALUES (8727, 366, 29, 16);
INSERT INTO ORDER_ITEM (ID, ORDER_ID, PRODUCT_ID, QUANTITY)
VALUES (8728, 366, 42, 0);
INSERT INTO ORDER_ITEM (ID, ORDER_ID, PRODUCT_ID, QUANTITY)
VALUES (8729, 366, 20, 18);
INSERT INTO ORDER_ITEM (ID, ORDER_ID, PRODUCT_ID, QUANTITY)
VALUES (8730, 366, 51, 18);
INSERT INTO ORDER_ITEM (ID, ORDER_ID, PRODUCT_ID, QUANTITY)
VALUES (8731, 366, 48, 16);
INSERT INTO ORDER_ITEM (ID, ORDER_ID, PRODUCT_ID, QUANTITY)
VALUES (8732, 366, 15, 11);
-- ### ORDER 357
INSERT INTO PAYMENT_DETAIL(ID, AMOUNT, PROVIDER, PROVIDER_PAYMENT_UUID)
VALUES (367, 1339.0, 'PAYPAL', '117804542');
INSERT INTO ORDERS (ID, CUST_ID, PAYMENT_ID, STATUS, AMOUNT, CREATED_ON, UPDATED_ON)
VALUES (367, 777, 367, 'DELIVERED', 1339.0, LOCALTIMESTAMP, LOCALTIMESTAMP);
INSERT INTO ORDER_ITEM (ID, ORDER_ID, PRODUCT_ID, QUANTITY)
VALUES (8733, 367, 47, 20);
INSERT INTO ORDER_ITEM (ID, ORDER_ID, PRODUCT_ID, QUANTITY)
VALUES (8734, 367, 50, 13);
-- ### ORDER 358
INSERT INTO PAYMENT_DETAIL(ID, AMOUNT, PROVIDER, PROVIDER_PAYMENT_UUID)
VALUES (368, 4341.0, 'MASTERCARD', '915913839');
INSERT INTO ORDERS (ID, CUST_ID, PAYMENT_ID, STATUS, AMOUNT, CREATED_ON, UPDATED_ON)
VALUES (368, 777, 368, 'DELIVERED', 4341.0, LOCALTIMESTAMP, LOCALTIMESTAMP);
INSERT INTO ORDER_ITEM (ID, ORDER_ID, PRODUCT_ID, QUANTITY)
VALUES (8735, 368, 55, 7);
INSERT INTO ORDER_ITEM (ID, ORDER_ID, PRODUCT_ID, QUANTITY)
VALUES (8736, 368, 40, 5);
INSERT INTO ORDER_ITEM (ID, ORDER_ID, PRODUCT_ID, QUANTITY)
VALUES (8737, 368, 46, 0);
INSERT INTO ORDER_ITEM (ID, ORDER_ID, PRODUCT_ID, QUANTITY)
VALUES (8738, 368, 56, 6);
INSERT INTO ORDER_ITEM (ID, ORDER_ID, PRODUCT_ID, QUANTITY)
VALUES (8739, 368, 41, 19);
INSERT INTO ORDER_ITEM (ID, ORDER_ID, PRODUCT_ID, QUANTITY)
VALUES (8740, 368, 28, 19);
INSERT INTO ORDER_ITEM (ID, ORDER_ID, PRODUCT_ID, QUANTITY)
VALUES (8741, 368, 25, 15);
INSERT INTO ORDER_ITEM (ID, ORDER_ID, PRODUCT_ID, QUANTITY)
VALUES (8742, 368, 36, 13);
INSERT INTO ORDER_ITEM (ID, ORDER_ID, PRODUCT_ID, QUANTITY)
VALUES (8743, 368, 32, 7);
INSERT INTO ORDER_ITEM (ID, ORDER_ID, PRODUCT_ID, QUANTITY)
VALUES (8744, 368, 14, 0);
INSERT INTO ORDER_ITEM (ID, ORDER_ID, PRODUCT_ID, QUANTITY)
VALUES (8745, 368, 43, 11);
INSERT INTO ORDER_ITEM (ID, ORDER_ID, PRODUCT_ID, QUANTITY)
VALUES (8746, 368, 34, 0);
INSERT INTO ORDER_ITEM (ID, ORDER_ID, PRODUCT_ID, QUANTITY)
VALUES (8747, 368, 44, 1);
INSERT INTO ORDER_ITEM (ID, ORDER_ID, PRODUCT_ID, QUANTITY)
VALUES (8748, 368, 39, 8);
INSERT INTO ORDER_ITEM (ID, ORDER_ID, PRODUCT_ID, QUANTITY)
VALUES (8749, 368, 49, 17);
INSERT INTO ORDER_ITEM (ID, ORDER_ID, PRODUCT_ID, QUANTITY)
VALUES (8750, 368, 37, 12);
INSERT INTO ORDER_ITEM (ID, ORDER_ID, PRODUCT_ID, QUANTITY)
VALUES (8751, 368, 33, 3);
INSERT INTO ORDER_ITEM (ID, ORDER_ID, PRODUCT_ID, QUANTITY)
VALUES (8752, 368, 16, 19);
INSERT INTO ORDER_ITEM (ID, ORDER_ID, PRODUCT_ID, QUANTITY)
VALUES (8753, 368, 19, 12);
INSERT INTO ORDER_ITEM (ID, ORDER_ID, PRODUCT_ID, QUANTITY)
VALUES (8754, 368, 21, 5);
INSERT INTO ORDER_ITEM (ID, ORDER_ID, PRODUCT_ID, QUANTITY)
VALUES (8755, 368, 47, 2);
INSERT INTO ORDER_ITEM (ID, ORDER_ID, PRODUCT_ID, QUANTITY)
VALUES (8756, 368, 30, 19);
INSERT INTO ORDER_ITEM (ID, ORDER_ID, PRODUCT_ID, QUANTITY)
VALUES (8757, 368, 48, 19);
INSERT INTO ORDER_ITEM (ID, ORDER_ID, PRODUCT_ID, QUANTITY)
VALUES (8758, 368, 53, 1);
INSERT INTO ORDER_ITEM (ID, ORDER_ID, PRODUCT_ID, QUANTITY)
VALUES (8759, 368, 24, 20);
INSERT INTO ORDER_ITEM (ID, ORDER_ID, PRODUCT_ID, QUANTITY)
VALUES (8760, 368, 26, 2);
INSERT INTO ORDER_ITEM (ID, ORDER_ID, PRODUCT_ID, QUANTITY)
VALUES (8761, 368, 58, 7);
INSERT INTO ORDER_ITEM (ID, ORDER_ID, PRODUCT_ID, QUANTITY)
VALUES (8762, 368, 23, 0);
INSERT INTO ORDER_ITEM (ID, ORDER_ID, PRODUCT_ID, QUANTITY)
VALUES (8763, 368, 50, 17);
INSERT INTO ORDER_ITEM (ID, ORDER_ID, PRODUCT_ID, QUANTITY)
VALUES (8764, 368, 29, 7);
INSERT INTO ORDER_ITEM (ID, ORDER_ID, PRODUCT_ID, QUANTITY)
VALUES (8765, 368, 59, 3);
-- ### ORDER 359
INSERT INTO PAYMENT_DETAIL(ID, AMOUNT, PROVIDER, PROVIDER_PAYMENT_UUID)
VALUES (369, 1815.0, 'VISA', '404908913');
INSERT INTO ORDERS (ID, CUST_ID, PAYMENT_ID, STATUS, AMOUNT, CREATED_ON, UPDATED_ON)
VALUES (369, 777, 369, 'DELIVERED', 1815.0, LOCALTIMESTAMP, LOCALTIMESTAMP);
INSERT INTO ORDER_ITEM (ID, ORDER_ID, PRODUCT_ID, QUANTITY)
VALUES (8766, 369, 12, 13);
INSERT INTO ORDER_ITEM (ID, ORDER_ID, PRODUCT_ID, QUANTITY)
VALUES (8767, 369, 38, 3);
INSERT INTO ORDER_ITEM (ID, ORDER_ID, PRODUCT_ID, QUANTITY)
VALUES (8768, 369, 21, 8);
INSERT INTO ORDER_ITEM (ID, ORDER_ID, PRODUCT_ID, QUANTITY)
VALUES (8769, 369, 47, 13);
INSERT INTO ORDER_ITEM (ID, ORDER_ID, PRODUCT_ID, QUANTITY)
VALUES (8770, 369, 44, 5);
INSERT INTO ORDER_ITEM (ID, ORDER_ID, PRODUCT_ID, QUANTITY)
VALUES (8771, 369, 50, 2);
INSERT INTO ORDER_ITEM (ID, ORDER_ID, PRODUCT_ID, QUANTITY)
VALUES (8772, 369, 27, 5);
INSERT INTO ORDER_ITEM (ID, ORDER_ID, PRODUCT_ID, QUANTITY)
VALUES (8773, 369, 35, 16);
INSERT INTO ORDER_ITEM (ID, ORDER_ID, PRODUCT_ID, QUANTITY)
VALUES (8774, 369, 55, 1);
INSERT INTO ORDER_ITEM (ID, ORDER_ID, PRODUCT_ID, QUANTITY)
VALUES (8775, 369, 52, 8);
INSERT INTO ORDER_ITEM (ID, ORDER_ID, PRODUCT_ID, QUANTITY)
VALUES (8776, 369, 33, 20);
INSERT INTO ORDER_ITEM (ID, ORDER_ID, PRODUCT_ID, QUANTITY)
VALUES (8777, 369, 45, 7);
INSERT INTO ORDER_ITEM (ID, ORDER_ID, PRODUCT_ID, QUANTITY)
VALUES (8778, 369, 24, 9);
INSERT INTO ORDER_ITEM (ID, ORDER_ID, PRODUCT_ID, QUANTITY)
VALUES (8779, 369, 13, 8);
INSERT INTO ORDER_ITEM (ID, ORDER_ID, PRODUCT_ID, QUANTITY)
VALUES (8780, 369, 25, 19);
INSERT INTO ORDER_ITEM (ID, ORDER_ID, PRODUCT_ID, QUANTITY)
VALUES (8781, 369, 40, 7);
INSERT INTO ORDER_ITEM (ID, ORDER_ID, PRODUCT_ID, QUANTITY)
VALUES (8782, 369, 49, 2);
INSERT INTO ORDER_ITEM (ID, ORDER_ID, PRODUCT_ID, QUANTITY)
VALUES (8783, 369, 46, 5);
INSERT INTO ORDER_ITEM (ID, ORDER_ID, PRODUCT_ID, QUANTITY)
VALUES (8784, 369, 54, 12);
INSERT INTO ORDER_ITEM (ID, ORDER_ID, PRODUCT_ID, QUANTITY)
VALUES (8785, 369, 59, 4);
INSERT INTO ORDER_ITEM (ID, ORDER_ID, PRODUCT_ID, QUANTITY)
VALUES (8786, 369, 60, 17);
INSERT INTO ORDER_ITEM (ID, ORDER_ID, PRODUCT_ID, QUANTITY)
VALUES (8787, 369, 14, 0);
INSERT INTO ORDER_ITEM (ID, ORDER_ID, PRODUCT_ID, QUANTITY)
VALUES (8788, 369, 16, 15);
INSERT INTO ORDER_ITEM (ID, ORDER_ID, PRODUCT_ID, QUANTITY)
VALUES (8789, 369, 32, 18);
INSERT INTO ORDER_ITEM (ID, ORDER_ID, PRODUCT_ID, QUANTITY)
VALUES (8790, 369, 23, 13);
INSERT INTO ORDER_ITEM (ID, ORDER_ID, PRODUCT_ID, QUANTITY)
VALUES (8791, 369, 34, 6);
INSERT INTO ORDER_ITEM (ID, ORDER_ID, PRODUCT_ID, QUANTITY)
VALUES (8792, 369, 18, 19);
INSERT INTO ORDER_ITEM (ID, ORDER_ID, PRODUCT_ID, QUANTITY)
VALUES (8793, 369, 48, 17);
INSERT INTO ORDER_ITEM (ID, ORDER_ID, PRODUCT_ID, QUANTITY)
VALUES (8794, 369, 30, 18);
INSERT INTO ORDER_ITEM (ID, ORDER_ID, PRODUCT_ID, QUANTITY)
VALUES (8795, 369, 58, 9);
INSERT INTO ORDER_ITEM (ID, ORDER_ID, PRODUCT_ID, QUANTITY)
VALUES (8796, 369, 37, 0);
INSERT INTO ORDER_ITEM (ID, ORDER_ID, PRODUCT_ID, QUANTITY)
VALUES (8797, 369, 53, 12);
INSERT INTO ORDER_ITEM (ID, ORDER_ID, PRODUCT_ID, QUANTITY)
VALUES (8798, 369, 43, 19);
INSERT INTO ORDER_ITEM (ID, ORDER_ID, PRODUCT_ID, QUANTITY)
VALUES (8799, 369, 56, 2);
INSERT INTO ORDER_ITEM (ID, ORDER_ID, PRODUCT_ID, QUANTITY)
VALUES (8800, 369, 51, 9);
INSERT INTO ORDER_ITEM (ID, ORDER_ID, PRODUCT_ID, QUANTITY)
VALUES (8801, 369, 57, 0);
INSERT INTO ORDER_ITEM (ID, ORDER_ID, PRODUCT_ID, QUANTITY)
VALUES (8802, 369, 19, 10);
INSERT INTO ORDER_ITEM (ID, ORDER_ID, PRODUCT_ID, QUANTITY)
VALUES (8803, 369, 36, 6);
-- ### ORDER 360
INSERT INTO PAYMENT_DETAIL(ID, AMOUNT, PROVIDER, PROVIDER_PAYMENT_UUID)
VALUES (370, 4381.0, 'MASTERCARD', '127342272');
INSERT INTO ORDERS (ID, CUST_ID, PAYMENT_ID, STATUS, AMOUNT, CREATED_ON, UPDATED_ON)
VALUES (370, 777, 370, 'DELIVERED', 4381.0, LOCALTIMESTAMP, LOCALTIMESTAMP);
INSERT INTO ORDER_ITEM (ID, ORDER_ID, PRODUCT_ID, QUANTITY)
VALUES (8804, 370, 24, 18);
INSERT INTO ORDER_ITEM (ID, ORDER_ID, PRODUCT_ID, QUANTITY)
VALUES (8805, 370, 34, 10);
INSERT INTO ORDER_ITEM (ID, ORDER_ID, PRODUCT_ID, QUANTITY)
VALUES (8806, 370, 57, 3);
INSERT INTO ORDER_ITEM (ID, ORDER_ID, PRODUCT_ID, QUANTITY)
VALUES (8807, 370, 17, 19);
INSERT INTO ORDER_ITEM (ID, ORDER_ID, PRODUCT_ID, QUANTITY)
VALUES (8808, 370, 12, 3);
INSERT INTO ORDER_ITEM (ID, ORDER_ID, PRODUCT_ID, QUANTITY)
VALUES (8809, 370, 32, 20);
INSERT INTO ORDER_ITEM (ID, ORDER_ID, PRODUCT_ID, QUANTITY)
VALUES (8810, 370, 46, 6);
INSERT INTO ORDER_ITEM (ID, ORDER_ID, PRODUCT_ID, QUANTITY)
VALUES (8811, 370, 33, 14);
INSERT INTO ORDER_ITEM (ID, ORDER_ID, PRODUCT_ID, QUANTITY)
VALUES (8812, 370, 31, 17);
INSERT INTO ORDER_ITEM (ID, ORDER_ID, PRODUCT_ID, QUANTITY)
VALUES (8813, 370, 30, 3);
INSERT INTO ORDER_ITEM (ID, ORDER_ID, PRODUCT_ID, QUANTITY)
VALUES (8814, 370, 53, 9);
INSERT INTO ORDER_ITEM (ID, ORDER_ID, PRODUCT_ID, QUANTITY)
VALUES (8815, 370, 40, 9);
INSERT INTO ORDER_ITEM (ID, ORDER_ID, PRODUCT_ID, QUANTITY)
VALUES (8816, 370, 11, 7);
INSERT INTO ORDER_ITEM (ID, ORDER_ID, PRODUCT_ID, QUANTITY)
VALUES (8817, 370, 23, 12);
INSERT INTO ORDER_ITEM (ID, ORDER_ID, PRODUCT_ID, QUANTITY)
VALUES (8818, 370, 25, 16);
INSERT INTO ORDER_ITEM (ID, ORDER_ID, PRODUCT_ID, QUANTITY)
VALUES (8819, 370, 42, 14);
INSERT INTO ORDER_ITEM (ID, ORDER_ID, PRODUCT_ID, QUANTITY)
VALUES (8820, 370, 22, 5);
INSERT INTO ORDER_ITEM (ID, ORDER_ID, PRODUCT_ID, QUANTITY)
VALUES (8821, 370, 43, 13);
INSERT INTO ORDER_ITEM (ID, ORDER_ID, PRODUCT_ID, QUANTITY)
VALUES (8822, 370, 52, 6);
INSERT INTO ORDER_ITEM (ID, ORDER_ID, PRODUCT_ID, QUANTITY)
VALUES (8823, 370, 45, 7);
INSERT INTO ORDER_ITEM (ID, ORDER_ID, PRODUCT_ID, QUANTITY)
VALUES (8824, 370, 20, 12);
INSERT INTO ORDER_ITEM (ID, ORDER_ID, PRODUCT_ID, QUANTITY)
VALUES (8825, 370, 29, 2);
INSERT INTO ORDER_ITEM (ID, ORDER_ID, PRODUCT_ID, QUANTITY)
VALUES (8826, 370, 56, 4);
INSERT INTO ORDER_ITEM (ID, ORDER_ID, PRODUCT_ID, QUANTITY)
VALUES (8827, 370, 28, 16);
INSERT INTO ORDER_ITEM (ID, ORDER_ID, PRODUCT_ID, QUANTITY)
VALUES (8828, 370, 36, 16);
INSERT INTO ORDER_ITEM (ID, ORDER_ID, PRODUCT_ID, QUANTITY)
VALUES (8829, 370, 58, 13);
INSERT INTO ORDER_ITEM (ID, ORDER_ID, PRODUCT_ID, QUANTITY)
VALUES (8830, 370, 47, 7);
INSERT INTO ORDER_ITEM (ID, ORDER_ID, PRODUCT_ID, QUANTITY)
VALUES (8831, 370, 21, 4);
INSERT INTO ORDER_ITEM (ID, ORDER_ID, PRODUCT_ID, QUANTITY)
VALUES (8832, 370, 37, 2);
INSERT INTO ORDER_ITEM (ID, ORDER_ID, PRODUCT_ID, QUANTITY)
VALUES (8833, 370, 38, 6);
INSERT INTO ORDER_ITEM (ID, ORDER_ID, PRODUCT_ID, QUANTITY)
VALUES (8834, 370, 60, 6);
INSERT INTO ORDER_ITEM (ID, ORDER_ID, PRODUCT_ID, QUANTITY)
VALUES (8835, 370, 39, 0);
INSERT INTO ORDER_ITEM (ID, ORDER_ID, PRODUCT_ID, QUANTITY)
VALUES (8836, 370, 26, 7);
INSERT INTO ORDER_ITEM (ID, ORDER_ID, PRODUCT_ID, QUANTITY)
VALUES (8837, 370, 51, 14);
INSERT INTO ORDER_ITEM (ID, ORDER_ID, PRODUCT_ID, QUANTITY)
VALUES (8838, 370, 44, 9);
INSERT INTO ORDER_ITEM (ID, ORDER_ID, PRODUCT_ID, QUANTITY)
VALUES (8839, 370, 16, 4);
INSERT INTO ORDER_ITEM (ID, ORDER_ID, PRODUCT_ID, QUANTITY)
VALUES (8840, 370, 49, 10);
INSERT INTO ORDER_ITEM (ID, ORDER_ID, PRODUCT_ID, QUANTITY)
VALUES (8841, 370, 13, 17);
INSERT INTO ORDER_ITEM (ID, ORDER_ID, PRODUCT_ID, QUANTITY)
VALUES (8842, 370, 55, 20);
INSERT INTO ORDER_ITEM (ID, ORDER_ID, PRODUCT_ID, QUANTITY)
VALUES (8843, 370, 27, 7);
INSERT INTO ORDER_ITEM (ID, ORDER_ID, PRODUCT_ID, QUANTITY)
VALUES (8844, 370, 35, 0);
INSERT INTO ORDER_ITEM (ID, ORDER_ID, PRODUCT_ID, QUANTITY)
VALUES (8845, 370, 14, 11);
INSERT INTO ORDER_ITEM (ID, ORDER_ID, PRODUCT_ID, QUANTITY)
VALUES (8846, 370, 50, 1);
INSERT INTO ORDER_ITEM (ID, ORDER_ID, PRODUCT_ID, QUANTITY)
VALUES (8847, 370, 41, 5);
INSERT INTO ORDER_ITEM (ID, ORDER_ID, PRODUCT_ID, QUANTITY)
VALUES (8848, 370, 19, 9);
-- ### ORDER 361
INSERT INTO PAYMENT_DETAIL(ID, AMOUNT, PROVIDER, PROVIDER_PAYMENT_UUID)
VALUES (371, 4185.0, 'VISA', '615994333');
INSERT INTO ORDERS (ID, CUST_ID, PAYMENT_ID, STATUS, AMOUNT, CREATED_ON, UPDATED_ON)
VALUES (371, 777, 371, 'DELIVERED', 4185.0, LOCALTIMESTAMP, LOCALTIMESTAMP);
INSERT INTO ORDER_ITEM (ID, ORDER_ID, PRODUCT_ID, QUANTITY)
VALUES (8849, 371, 49, 7);
INSERT INTO ORDER_ITEM (ID, ORDER_ID, PRODUCT_ID, QUANTITY)
VALUES (8850, 371, 18, 19);
INSERT INTO ORDER_ITEM (ID, ORDER_ID, PRODUCT_ID, QUANTITY)
VALUES (8851, 371, 33, 16);
INSERT INTO ORDER_ITEM (ID, ORDER_ID, PRODUCT_ID, QUANTITY)
VALUES (8852, 371, 30, 19);
INSERT INTO ORDER_ITEM (ID, ORDER_ID, PRODUCT_ID, QUANTITY)
VALUES (8853, 371, 52, 10);
INSERT INTO ORDER_ITEM (ID, ORDER_ID, PRODUCT_ID, QUANTITY)
VALUES (8854, 371, 35, 20);
INSERT INTO ORDER_ITEM (ID, ORDER_ID, PRODUCT_ID, QUANTITY)
VALUES (8855, 371, 14, 9);
INSERT INTO ORDER_ITEM (ID, ORDER_ID, PRODUCT_ID, QUANTITY)
VALUES (8856, 371, 41, 6);
INSERT INTO ORDER_ITEM (ID, ORDER_ID, PRODUCT_ID, QUANTITY)
VALUES (8857, 371, 36, 19);
INSERT INTO ORDER_ITEM (ID, ORDER_ID, PRODUCT_ID, QUANTITY)
VALUES (8858, 371, 38, 8);
INSERT INTO ORDER_ITEM (ID, ORDER_ID, PRODUCT_ID, QUANTITY)
VALUES (8859, 371, 31, 19);
INSERT INTO ORDER_ITEM (ID, ORDER_ID, PRODUCT_ID, QUANTITY)
VALUES (8860, 371, 22, 5);
INSERT INTO ORDER_ITEM (ID, ORDER_ID, PRODUCT_ID, QUANTITY)
VALUES (8861, 371, 13, 6);
INSERT INTO ORDER_ITEM (ID, ORDER_ID, PRODUCT_ID, QUANTITY)
VALUES (8862, 371, 44, 0);
INSERT INTO ORDER_ITEM (ID, ORDER_ID, PRODUCT_ID, QUANTITY)
VALUES (8863, 371, 20, 3);
INSERT INTO ORDER_ITEM (ID, ORDER_ID, PRODUCT_ID, QUANTITY)
VALUES (8864, 371, 34, 9);
INSERT INTO ORDER_ITEM (ID, ORDER_ID, PRODUCT_ID, QUANTITY)
VALUES (8865, 371, 29, 14);
INSERT INTO ORDER_ITEM (ID, ORDER_ID, PRODUCT_ID, QUANTITY)
VALUES (8866, 371, 21, 4);
INSERT INTO ORDER_ITEM (ID, ORDER_ID, PRODUCT_ID, QUANTITY)
VALUES (8867, 371, 46, 7);
INSERT INTO ORDER_ITEM (ID, ORDER_ID, PRODUCT_ID, QUANTITY)
VALUES (8868, 371, 47, 10);
INSERT INTO ORDER_ITEM (ID, ORDER_ID, PRODUCT_ID, QUANTITY)
VALUES (8869, 371, 25, 5);
INSERT INTO ORDER_ITEM (ID, ORDER_ID, PRODUCT_ID, QUANTITY)
VALUES (8870, 371, 55, 17);
INSERT INTO ORDER_ITEM (ID, ORDER_ID, PRODUCT_ID, QUANTITY)
VALUES (8871, 371, 54, 11);
INSERT INTO ORDER_ITEM (ID, ORDER_ID, PRODUCT_ID, QUANTITY)
VALUES (8872, 371, 50, 13);
INSERT INTO ORDER_ITEM (ID, ORDER_ID, PRODUCT_ID, QUANTITY)
VALUES (8873, 371, 45, 9);
INSERT INTO ORDER_ITEM (ID, ORDER_ID, PRODUCT_ID, QUANTITY)
VALUES (8874, 371, 56, 4);
INSERT INTO ORDER_ITEM (ID, ORDER_ID, PRODUCT_ID, QUANTITY)
VALUES (8875, 371, 16, 2);
INSERT INTO ORDER_ITEM (ID, ORDER_ID, PRODUCT_ID, QUANTITY)
VALUES (8876, 371, 53, 8);
INSERT INTO ORDER_ITEM (ID, ORDER_ID, PRODUCT_ID, QUANTITY)
VALUES (8877, 371, 26, 9);
INSERT INTO ORDER_ITEM (ID, ORDER_ID, PRODUCT_ID, QUANTITY)
VALUES (8878, 371, 12, 9);
INSERT INTO ORDER_ITEM (ID, ORDER_ID, PRODUCT_ID, QUANTITY)
VALUES (8879, 371, 17, 4);
-- ### ORDER 362
INSERT INTO PAYMENT_DETAIL(ID, AMOUNT, PROVIDER, PROVIDER_PAYMENT_UUID)
VALUES (372, 2820.0, 'VISA', '163629219');
INSERT INTO ORDERS (ID, CUST_ID, PAYMENT_ID, STATUS, AMOUNT, CREATED_ON, UPDATED_ON)
VALUES (372, 777, 372, 'DELIVERED', 2820.0, LOCALTIMESTAMP, LOCALTIMESTAMP);
INSERT INTO ORDER_ITEM (ID, ORDER_ID, PRODUCT_ID, QUANTITY)
VALUES (8880, 372, 35, 0);
INSERT INTO ORDER_ITEM (ID, ORDER_ID, PRODUCT_ID, QUANTITY)
VALUES (8881, 372, 60, 4);
INSERT INTO ORDER_ITEM (ID, ORDER_ID, PRODUCT_ID, QUANTITY)
VALUES (8882, 372, 46, 17);
INSERT INTO ORDER_ITEM (ID, ORDER_ID, PRODUCT_ID, QUANTITY)
VALUES (8883, 372, 45, 15);
INSERT INTO ORDER_ITEM (ID, ORDER_ID, PRODUCT_ID, QUANTITY)
VALUES (8884, 372, 19, 9);
INSERT INTO ORDER_ITEM (ID, ORDER_ID, PRODUCT_ID, QUANTITY)
VALUES (8885, 372, 27, 0);
INSERT INTO ORDER_ITEM (ID, ORDER_ID, PRODUCT_ID, QUANTITY)
VALUES (8886, 372, 56, 20);
INSERT INTO ORDER_ITEM (ID, ORDER_ID, PRODUCT_ID, QUANTITY)
VALUES (8887, 372, 33, 16);
INSERT INTO ORDER_ITEM (ID, ORDER_ID, PRODUCT_ID, QUANTITY)
VALUES (8888, 372, 49, 14);
INSERT INTO ORDER_ITEM (ID, ORDER_ID, PRODUCT_ID, QUANTITY)
VALUES (8889, 372, 23, 6);
INSERT INTO ORDER_ITEM (ID, ORDER_ID, PRODUCT_ID, QUANTITY)
VALUES (8890, 372, 52, 19);
INSERT INTO ORDER_ITEM (ID, ORDER_ID, PRODUCT_ID, QUANTITY)
VALUES (8891, 372, 38, 9);
INSERT INTO ORDER_ITEM (ID, ORDER_ID, PRODUCT_ID, QUANTITY)
VALUES (8892, 372, 12, 12);
INSERT INTO ORDER_ITEM (ID, ORDER_ID, PRODUCT_ID, QUANTITY)
VALUES (8893, 372, 37, 11);
INSERT INTO ORDER_ITEM (ID, ORDER_ID, PRODUCT_ID, QUANTITY)
VALUES (8894, 372, 13, 14);
INSERT INTO ORDER_ITEM (ID, ORDER_ID, PRODUCT_ID, QUANTITY)
VALUES (8895, 372, 34, 4);
INSERT INTO ORDER_ITEM (ID, ORDER_ID, PRODUCT_ID, QUANTITY)
VALUES (8896, 372, 58, 18);
INSERT INTO ORDER_ITEM (ID, ORDER_ID, PRODUCT_ID, QUANTITY)
VALUES (8897, 372, 31, 0);
INSERT INTO ORDER_ITEM (ID, ORDER_ID, PRODUCT_ID, QUANTITY)
VALUES (8898, 372, 20, 10);
INSERT INTO ORDER_ITEM (ID, ORDER_ID, PRODUCT_ID, QUANTITY)
VALUES (8899, 372, 43, 6);
INSERT INTO ORDER_ITEM (ID, ORDER_ID, PRODUCT_ID, QUANTITY)
VALUES (8900, 372, 26, 10);
INSERT INTO ORDER_ITEM (ID, ORDER_ID, PRODUCT_ID, QUANTITY)
VALUES (8901, 372, 14, 9);
INSERT INTO ORDER_ITEM (ID, ORDER_ID, PRODUCT_ID, QUANTITY)
VALUES (8902, 372, 54, 18);
INSERT INTO ORDER_ITEM (ID, ORDER_ID, PRODUCT_ID, QUANTITY)
VALUES (8903, 372, 11, 18);
INSERT INTO ORDER_ITEM (ID, ORDER_ID, PRODUCT_ID, QUANTITY)
VALUES (8904, 372, 50, 3);
INSERT INTO ORDER_ITEM (ID, ORDER_ID, PRODUCT_ID, QUANTITY)
VALUES (8905, 372, 29, 20);
INSERT INTO ORDER_ITEM (ID, ORDER_ID, PRODUCT_ID, QUANTITY)
VALUES (8906, 372, 40, 5);
INSERT INTO ORDER_ITEM (ID, ORDER_ID, PRODUCT_ID, QUANTITY)
VALUES (8907, 372, 48, 9);
INSERT INTO ORDER_ITEM (ID, ORDER_ID, PRODUCT_ID, QUANTITY)
VALUES (8908, 372, 15, 17);
INSERT INTO ORDER_ITEM (ID, ORDER_ID, PRODUCT_ID, QUANTITY)
VALUES (8909, 372, 59, 14);
INSERT INTO ORDER_ITEM (ID, ORDER_ID, PRODUCT_ID, QUANTITY)
VALUES (8910, 372, 42, 2);
INSERT INTO ORDER_ITEM (ID, ORDER_ID, PRODUCT_ID, QUANTITY)
VALUES (8911, 372, 39, 3);
INSERT INTO ORDER_ITEM (ID, ORDER_ID, PRODUCT_ID, QUANTITY)
VALUES (8912, 372, 25, 4);
INSERT INTO ORDER_ITEM (ID, ORDER_ID, PRODUCT_ID, QUANTITY)
VALUES (8913, 372, 55, 3);
INSERT INTO ORDER_ITEM (ID, ORDER_ID, PRODUCT_ID, QUANTITY)
VALUES (8914, 372, 30, 9);
INSERT INTO ORDER_ITEM (ID, ORDER_ID, PRODUCT_ID, QUANTITY)
VALUES (8915, 372, 22, 5);
INSERT INTO ORDER_ITEM (ID, ORDER_ID, PRODUCT_ID, QUANTITY)
VALUES (8916, 372, 41, 12);
INSERT INTO ORDER_ITEM (ID, ORDER_ID, PRODUCT_ID, QUANTITY)
VALUES (8917, 372, 36, 15);
INSERT INTO ORDER_ITEM (ID, ORDER_ID, PRODUCT_ID, QUANTITY)
VALUES (8918, 372, 21, 11);
INSERT INTO ORDER_ITEM (ID, ORDER_ID, PRODUCT_ID, QUANTITY)
VALUES (8919, 372, 24, 1);
INSERT INTO ORDER_ITEM (ID, ORDER_ID, PRODUCT_ID, QUANTITY)
VALUES (8920, 372, 47, 17);
INSERT INTO ORDER_ITEM (ID, ORDER_ID, PRODUCT_ID, QUANTITY)
VALUES (8921, 372, 32, 11);
INSERT INTO ORDER_ITEM (ID, ORDER_ID, PRODUCT_ID, QUANTITY)
VALUES (8922, 372, 51, 19);
-- ### ORDER 363
INSERT INTO PAYMENT_DETAIL(ID, AMOUNT, PROVIDER, PROVIDER_PAYMENT_UUID)
VALUES (373, 287.0, 'PAYPAL', '433995166');
INSERT INTO ORDERS (ID, CUST_ID, PAYMENT_ID, STATUS, AMOUNT, CREATED_ON, UPDATED_ON)
VALUES (373, 777, 373, 'DELIVERED', 287.0, LOCALTIMESTAMP, LOCALTIMESTAMP);
INSERT INTO ORDER_ITEM (ID, ORDER_ID, PRODUCT_ID, QUANTITY)
VALUES (8923, 373, 14, 11);
INSERT INTO ORDER_ITEM (ID, ORDER_ID, PRODUCT_ID, QUANTITY)
VALUES (8924, 373, 16, 9);
INSERT INTO ORDER_ITEM (ID, ORDER_ID, PRODUCT_ID, QUANTITY)
VALUES (8925, 373, 59, 10);
INSERT INTO ORDER_ITEM (ID, ORDER_ID, PRODUCT_ID, QUANTITY)
VALUES (8926, 373, 28, 9);
INSERT INTO ORDER_ITEM (ID, ORDER_ID, PRODUCT_ID, QUANTITY)
VALUES (8927, 373, 54, 9);
INSERT INTO ORDER_ITEM (ID, ORDER_ID, PRODUCT_ID, QUANTITY)
VALUES (8928, 373, 51, 7);
INSERT INTO ORDER_ITEM (ID, ORDER_ID, PRODUCT_ID, QUANTITY)
VALUES (8929, 373, 24, 14);
INSERT INTO ORDER_ITEM (ID, ORDER_ID, PRODUCT_ID, QUANTITY)
VALUES (8930, 373, 29, 11);
INSERT INTO ORDER_ITEM (ID, ORDER_ID, PRODUCT_ID, QUANTITY)
VALUES (8931, 373, 43, 13);
INSERT INTO ORDER_ITEM (ID, ORDER_ID, PRODUCT_ID, QUANTITY)
VALUES (8932, 373, 52, 14);
INSERT INTO ORDER_ITEM (ID, ORDER_ID, PRODUCT_ID, QUANTITY)
VALUES (8933, 373, 45, 6);
INSERT INTO ORDER_ITEM (ID, ORDER_ID, PRODUCT_ID, QUANTITY)
VALUES (8934, 373, 41, 5);
INSERT INTO ORDER_ITEM (ID, ORDER_ID, PRODUCT_ID, QUANTITY)
VALUES (8935, 373, 35, 16);
INSERT INTO ORDER_ITEM (ID, ORDER_ID, PRODUCT_ID, QUANTITY)
VALUES (8936, 373, 53, 10);
INSERT INTO ORDER_ITEM (ID, ORDER_ID, PRODUCT_ID, QUANTITY)
VALUES (8937, 373, 32, 6);
INSERT INTO ORDER_ITEM (ID, ORDER_ID, PRODUCT_ID, QUANTITY)
VALUES (8938, 373, 39, 7);
INSERT INTO ORDER_ITEM (ID, ORDER_ID, PRODUCT_ID, QUANTITY)
VALUES (8939, 373, 46, 20);
INSERT INTO ORDER_ITEM (ID, ORDER_ID, PRODUCT_ID, QUANTITY)
VALUES (8940, 373, 56, 8);
INSERT INTO ORDER_ITEM (ID, ORDER_ID, PRODUCT_ID, QUANTITY)
VALUES (8941, 373, 49, 15);
INSERT INTO ORDER_ITEM (ID, ORDER_ID, PRODUCT_ID, QUANTITY)
VALUES (8942, 373, 15, 17);
INSERT INTO ORDER_ITEM (ID, ORDER_ID, PRODUCT_ID, QUANTITY)
VALUES (8943, 373, 11, 1);
INSERT INTO ORDER_ITEM (ID, ORDER_ID, PRODUCT_ID, QUANTITY)
VALUES (8944, 373, 60, 13);
INSERT INTO ORDER_ITEM (ID, ORDER_ID, PRODUCT_ID, QUANTITY)
VALUES (8945, 373, 22, 11);
INSERT INTO ORDER_ITEM (ID, ORDER_ID, PRODUCT_ID, QUANTITY)
VALUES (8946, 373, 34, 13);
INSERT INTO ORDER_ITEM (ID, ORDER_ID, PRODUCT_ID, QUANTITY)
VALUES (8947, 373, 18, 18);
INSERT INTO ORDER_ITEM (ID, ORDER_ID, PRODUCT_ID, QUANTITY)
VALUES (8948, 373, 17, 1);
-- ### ORDER 364
INSERT INTO PAYMENT_DETAIL(ID, AMOUNT, PROVIDER, PROVIDER_PAYMENT_UUID)
VALUES (374, 1430.0, 'PAYPAL', '664073483');
INSERT INTO ORDERS (ID, CUST_ID, PAYMENT_ID, STATUS, AMOUNT, CREATED_ON, UPDATED_ON)
VALUES (374, 777, 374, 'DELIVERED', 1430.0, LOCALTIMESTAMP, LOCALTIMESTAMP);
INSERT INTO ORDER_ITEM (ID, ORDER_ID, PRODUCT_ID, QUANTITY)
VALUES (8949, 374, 19, 7);
INSERT INTO ORDER_ITEM (ID, ORDER_ID, PRODUCT_ID, QUANTITY)
VALUES (8950, 374, 52, 7);
INSERT INTO ORDER_ITEM (ID, ORDER_ID, PRODUCT_ID, QUANTITY)
VALUES (8951, 374, 22, 6);
INSERT INTO ORDER_ITEM (ID, ORDER_ID, PRODUCT_ID, QUANTITY)
VALUES (8952, 374, 58, 5);
INSERT INTO ORDER_ITEM (ID, ORDER_ID, PRODUCT_ID, QUANTITY)
VALUES (8953, 374, 25, 2);
INSERT INTO ORDER_ITEM (ID, ORDER_ID, PRODUCT_ID, QUANTITY)
VALUES (8954, 374, 37, 1);
INSERT INTO ORDER_ITEM (ID, ORDER_ID, PRODUCT_ID, QUANTITY)
VALUES (8955, 374, 55, 16);
INSERT INTO ORDER_ITEM (ID, ORDER_ID, PRODUCT_ID, QUANTITY)
VALUES (8956, 374, 17, 14);
INSERT INTO ORDER_ITEM (ID, ORDER_ID, PRODUCT_ID, QUANTITY)
VALUES (8957, 374, 35, 0);
INSERT INTO ORDER_ITEM (ID, ORDER_ID, PRODUCT_ID, QUANTITY)
VALUES (8958, 374, 38, 19);
INSERT INTO ORDER_ITEM (ID, ORDER_ID, PRODUCT_ID, QUANTITY)
VALUES (8959, 374, 57, 18);
INSERT INTO ORDER_ITEM (ID, ORDER_ID, PRODUCT_ID, QUANTITY)
VALUES (8960, 374, 53, 10);
INSERT INTO ORDER_ITEM (ID, ORDER_ID, PRODUCT_ID, QUANTITY)
VALUES (8961, 374, 15, 8);
INSERT INTO ORDER_ITEM (ID, ORDER_ID, PRODUCT_ID, QUANTITY)
VALUES (8962, 374, 16, 19);
INSERT INTO ORDER_ITEM (ID, ORDER_ID, PRODUCT_ID, QUANTITY)
VALUES (8963, 374, 40, 17);
INSERT INTO ORDER_ITEM (ID, ORDER_ID, PRODUCT_ID, QUANTITY)
VALUES (8964, 374, 44, 16);
INSERT INTO ORDER_ITEM (ID, ORDER_ID, PRODUCT_ID, QUANTITY)
VALUES (8965, 374, 51, 15);
INSERT INTO ORDER_ITEM (ID, ORDER_ID, PRODUCT_ID, QUANTITY)
VALUES (8966, 374, 14, 20);
INSERT INTO ORDER_ITEM (ID, ORDER_ID, PRODUCT_ID, QUANTITY)
VALUES (8967, 374, 31, 4);
INSERT INTO ORDER_ITEM (ID, ORDER_ID, PRODUCT_ID, QUANTITY)
VALUES (8968, 374, 47, 19);
INSERT INTO ORDER_ITEM (ID, ORDER_ID, PRODUCT_ID, QUANTITY)
VALUES (8969, 374, 42, 17);
INSERT INTO ORDER_ITEM (ID, ORDER_ID, PRODUCT_ID, QUANTITY)
VALUES (8970, 374, 56, 2);
INSERT INTO ORDER_ITEM (ID, ORDER_ID, PRODUCT_ID, QUANTITY)
VALUES (8971, 374, 12, 1);
INSERT INTO ORDER_ITEM (ID, ORDER_ID, PRODUCT_ID, QUANTITY)
VALUES (8972, 374, 33, 12);
INSERT INTO ORDER_ITEM (ID, ORDER_ID, PRODUCT_ID, QUANTITY)
VALUES (8973, 374, 27, 10);
INSERT INTO ORDER_ITEM (ID, ORDER_ID, PRODUCT_ID, QUANTITY)
VALUES (8974, 374, 34, 9);
INSERT INTO ORDER_ITEM (ID, ORDER_ID, PRODUCT_ID, QUANTITY)
VALUES (8975, 374, 36, 12);
INSERT INTO ORDER_ITEM (ID, ORDER_ID, PRODUCT_ID, QUANTITY)
VALUES (8976, 374, 28, 19);
INSERT INTO ORDER_ITEM (ID, ORDER_ID, PRODUCT_ID, QUANTITY)
VALUES (8977, 374, 45, 4);
INSERT INTO ORDER_ITEM (ID, ORDER_ID, PRODUCT_ID, QUANTITY)
VALUES (8978, 374, 46, 8);
INSERT INTO ORDER_ITEM (ID, ORDER_ID, PRODUCT_ID, QUANTITY)
VALUES (8979, 374, 54, 16);
INSERT INTO ORDER_ITEM (ID, ORDER_ID, PRODUCT_ID, QUANTITY)
VALUES (8980, 374, 50, 14);
INSERT INTO ORDER_ITEM (ID, ORDER_ID, PRODUCT_ID, QUANTITY)
VALUES (8981, 374, 29, 13);
INSERT INTO ORDER_ITEM (ID, ORDER_ID, PRODUCT_ID, QUANTITY)
VALUES (8982, 374, 18, 16);
INSERT INTO ORDER_ITEM (ID, ORDER_ID, PRODUCT_ID, QUANTITY)
VALUES (8983, 374, 13, 0);
INSERT INTO ORDER_ITEM (ID, ORDER_ID, PRODUCT_ID, QUANTITY)
VALUES (8984, 374, 11, 6);
INSERT INTO ORDER_ITEM (ID, ORDER_ID, PRODUCT_ID, QUANTITY)
VALUES (8985, 374, 32, 19);
INSERT INTO ORDER_ITEM (ID, ORDER_ID, PRODUCT_ID, QUANTITY)
VALUES (8986, 374, 24, 8);
INSERT INTO ORDER_ITEM (ID, ORDER_ID, PRODUCT_ID, QUANTITY)
VALUES (8987, 374, 48, 1);
INSERT INTO ORDER_ITEM (ID, ORDER_ID, PRODUCT_ID, QUANTITY)
VALUES (8988, 374, 43, 0);
INSERT INTO ORDER_ITEM (ID, ORDER_ID, PRODUCT_ID, QUANTITY)
VALUES (8989, 374, 23, 2);
INSERT INTO ORDER_ITEM (ID, ORDER_ID, PRODUCT_ID, QUANTITY)
VALUES (8990, 374, 59, 20);
INSERT INTO ORDER_ITEM (ID, ORDER_ID, PRODUCT_ID, QUANTITY)
VALUES (8991, 374, 21, 6);
INSERT INTO ORDER_ITEM (ID, ORDER_ID, PRODUCT_ID, QUANTITY)
VALUES (8992, 374, 60, 0);
INSERT INTO ORDER_ITEM (ID, ORDER_ID, PRODUCT_ID, QUANTITY)
VALUES (8993, 374, 49, 7);
INSERT INTO ORDER_ITEM (ID, ORDER_ID, PRODUCT_ID, QUANTITY)
VALUES (8994, 374, 30, 15);
INSERT INTO ORDER_ITEM (ID, ORDER_ID, PRODUCT_ID, QUANTITY)
VALUES (8995, 374, 41, 6);
INSERT INTO ORDER_ITEM (ID, ORDER_ID, PRODUCT_ID, QUANTITY)
VALUES (8996, 374, 39, 2);
-- ### ORDER 365
INSERT INTO PAYMENT_DETAIL(ID, AMOUNT, PROVIDER, PROVIDER_PAYMENT_UUID)
VALUES (375, 4319.0, 'CRYPTO', '599736876');
INSERT INTO ORDERS (ID, CUST_ID, PAYMENT_ID, STATUS, AMOUNT, CREATED_ON, UPDATED_ON)
VALUES (375, 777, 375, 'DELIVERED', 4319.0, LOCALTIMESTAMP, LOCALTIMESTAMP);
INSERT INTO ORDER_ITEM (ID, ORDER_ID, PRODUCT_ID, QUANTITY)
VALUES (8997, 375, 48, 4);
INSERT INTO ORDER_ITEM (ID, ORDER_ID, PRODUCT_ID, QUANTITY)
VALUES (8998, 375, 60, 16);
INSERT INTO ORDER_ITEM (ID, ORDER_ID, PRODUCT_ID, QUANTITY)
VALUES (8999, 375, 33, 2);
INSERT INTO ORDER_ITEM (ID, ORDER_ID, PRODUCT_ID, QUANTITY)
VALUES (9000, 375, 38, 9);
INSERT INTO ORDER_ITEM (ID, ORDER_ID, PRODUCT_ID, QUANTITY)
VALUES (9001, 375, 41, 3);
INSERT INTO ORDER_ITEM (ID, ORDER_ID, PRODUCT_ID, QUANTITY)
VALUES (9002, 375, 30, 5);
INSERT INTO ORDER_ITEM (ID, ORDER_ID, PRODUCT_ID, QUANTITY)
VALUES (9003, 375, 50, 5);
INSERT INTO ORDER_ITEM (ID, ORDER_ID, PRODUCT_ID, QUANTITY)
VALUES (9004, 375, 17, 4);
INSERT INTO ORDER_ITEM (ID, ORDER_ID, PRODUCT_ID, QUANTITY)
VALUES (9005, 375, 44, 11);
INSERT INTO ORDER_ITEM (ID, ORDER_ID, PRODUCT_ID, QUANTITY)
VALUES (9006, 375, 20, 3);
INSERT INTO ORDER_ITEM (ID, ORDER_ID, PRODUCT_ID, QUANTITY)
VALUES (9007, 375, 43, 3);
INSERT INTO ORDER_ITEM (ID, ORDER_ID, PRODUCT_ID, QUANTITY)
VALUES (9008, 375, 24, 6);
INSERT INTO ORDER_ITEM (ID, ORDER_ID, PRODUCT_ID, QUANTITY)
VALUES (9009, 375, 37, 0);
INSERT INTO ORDER_ITEM (ID, ORDER_ID, PRODUCT_ID, QUANTITY)
VALUES (9010, 375, 51, 11);
INSERT INTO ORDER_ITEM (ID, ORDER_ID, PRODUCT_ID, QUANTITY)
VALUES (9011, 375, 32, 4);
INSERT INTO ORDER_ITEM (ID, ORDER_ID, PRODUCT_ID, QUANTITY)
VALUES (9012, 375, 54, 15);
INSERT INTO ORDER_ITEM (ID, ORDER_ID, PRODUCT_ID, QUANTITY)
VALUES (9013, 375, 28, 0);
INSERT INTO ORDER_ITEM (ID, ORDER_ID, PRODUCT_ID, QUANTITY)
VALUES (9014, 375, 55, 17);
INSERT INTO ORDER_ITEM (ID, ORDER_ID, PRODUCT_ID, QUANTITY)
VALUES (9015, 375, 15, 13);
INSERT INTO ORDER_ITEM (ID, ORDER_ID, PRODUCT_ID, QUANTITY)
VALUES (9016, 375, 19, 20);
INSERT INTO ORDER_ITEM (ID, ORDER_ID, PRODUCT_ID, QUANTITY)
VALUES (9017, 375, 14, 16);
INSERT INTO ORDER_ITEM (ID, ORDER_ID, PRODUCT_ID, QUANTITY)
VALUES (9018, 375, 27, 4);
INSERT INTO ORDER_ITEM (ID, ORDER_ID, PRODUCT_ID, QUANTITY)
VALUES (9019, 375, 31, 17);
INSERT INTO ORDER_ITEM (ID, ORDER_ID, PRODUCT_ID, QUANTITY)
VALUES (9020, 375, 45, 2);
INSERT INTO ORDER_ITEM (ID, ORDER_ID, PRODUCT_ID, QUANTITY)
VALUES (9021, 375, 18, 13);
INSERT INTO ORDER_ITEM (ID, ORDER_ID, PRODUCT_ID, QUANTITY)
VALUES (9022, 375, 11, 3);
INSERT INTO ORDER_ITEM (ID, ORDER_ID, PRODUCT_ID, QUANTITY)
VALUES (9023, 375, 39, 7);
INSERT INTO ORDER_ITEM (ID, ORDER_ID, PRODUCT_ID, QUANTITY)
VALUES (9024, 375, 22, 16);
INSERT INTO ORDER_ITEM (ID, ORDER_ID, PRODUCT_ID, QUANTITY)
VALUES (9025, 375, 16, 2);
INSERT INTO ORDER_ITEM (ID, ORDER_ID, PRODUCT_ID, QUANTITY)
VALUES (9026, 375, 53, 20);
INSERT INTO ORDER_ITEM (ID, ORDER_ID, PRODUCT_ID, QUANTITY)
VALUES (9027, 375, 49, 13);
INSERT INTO ORDER_ITEM (ID, ORDER_ID, PRODUCT_ID, QUANTITY)
VALUES (9028, 375, 35, 18);
INSERT INTO ORDER_ITEM (ID, ORDER_ID, PRODUCT_ID, QUANTITY)
VALUES (9029, 375, 23, 12);
INSERT INTO ORDER_ITEM (ID, ORDER_ID, PRODUCT_ID, QUANTITY)
VALUES (9030, 375, 29, 6);
INSERT INTO ORDER_ITEM (ID, ORDER_ID, PRODUCT_ID, QUANTITY)
VALUES (9031, 375, 13, 20);
INSERT INTO ORDER_ITEM (ID, ORDER_ID, PRODUCT_ID, QUANTITY)
VALUES (9032, 375, 42, 17);
INSERT INTO ORDER_ITEM (ID, ORDER_ID, PRODUCT_ID, QUANTITY)
VALUES (9033, 375, 26, 12);
INSERT INTO ORDER_ITEM (ID, ORDER_ID, PRODUCT_ID, QUANTITY)
VALUES (9034, 375, 40, 19);
INSERT INTO ORDER_ITEM (ID, ORDER_ID, PRODUCT_ID, QUANTITY)
VALUES (9035, 375, 12, 11);
INSERT INTO ORDER_ITEM (ID, ORDER_ID, PRODUCT_ID, QUANTITY)
VALUES (9036, 375, 21, 17);
INSERT INTO ORDER_ITEM (ID, ORDER_ID, PRODUCT_ID, QUANTITY)
VALUES (9037, 375, 36, 20);
INSERT INTO ORDER_ITEM (ID, ORDER_ID, PRODUCT_ID, QUANTITY)
VALUES (9038, 375, 34, 14);
INSERT INTO ORDER_ITEM (ID, ORDER_ID, PRODUCT_ID, QUANTITY)
VALUES (9039, 375, 47, 17);
INSERT INTO ORDER_ITEM (ID, ORDER_ID, PRODUCT_ID, QUANTITY)
VALUES (9040, 375, 56, 19);
INSERT INTO ORDER_ITEM (ID, ORDER_ID, PRODUCT_ID, QUANTITY)
VALUES (9041, 375, 25, 9);
INSERT INTO ORDER_ITEM (ID, ORDER_ID, PRODUCT_ID, QUANTITY)
VALUES (9042, 375, 52, 19);
INSERT INTO ORDER_ITEM (ID, ORDER_ID, PRODUCT_ID, QUANTITY)
VALUES (9043, 375, 58, 19);
-- ### ORDER 366
INSERT INTO PAYMENT_DETAIL(ID, AMOUNT, PROVIDER, PROVIDER_PAYMENT_UUID)
VALUES (376, 378.0, 'PAYPAL', '947133461');
INSERT INTO ORDERS (ID, CUST_ID, PAYMENT_ID, STATUS, AMOUNT, CREATED_ON, UPDATED_ON)
VALUES (376, 777, 376, 'DELIVERED', 378.0, LOCALTIMESTAMP, LOCALTIMESTAMP);
INSERT INTO ORDER_ITEM (ID, ORDER_ID, PRODUCT_ID, QUANTITY)
VALUES (9044, 376, 59, 10);
INSERT INTO ORDER_ITEM (ID, ORDER_ID, PRODUCT_ID, QUANTITY)
VALUES (9045, 376, 33, 18);
INSERT INTO ORDER_ITEM (ID, ORDER_ID, PRODUCT_ID, QUANTITY)
VALUES (9046, 376, 52, 9);
INSERT INTO ORDER_ITEM (ID, ORDER_ID, PRODUCT_ID, QUANTITY)
VALUES (9047, 376, 40, 5);
INSERT INTO ORDER_ITEM (ID, ORDER_ID, PRODUCT_ID, QUANTITY)
VALUES (9048, 376, 48, 2);
INSERT INTO ORDER_ITEM (ID, ORDER_ID, PRODUCT_ID, QUANTITY)
VALUES (9049, 376, 35, 3);
-- ### ORDER 367
INSERT INTO PAYMENT_DETAIL(ID, AMOUNT, PROVIDER, PROVIDER_PAYMENT_UUID)
VALUES (377, 4346.0, 'VISA', '935447761');
INSERT INTO ORDERS (ID, CUST_ID, PAYMENT_ID, STATUS, AMOUNT, CREATED_ON, UPDATED_ON)
VALUES (377, 777, 377, 'DELIVERED', 4346.0, LOCALTIMESTAMP, LOCALTIMESTAMP);
INSERT INTO ORDER_ITEM (ID, ORDER_ID, PRODUCT_ID, QUANTITY)
VALUES (9050, 377, 42, 18);
-- ### ORDER 368
INSERT INTO PAYMENT_DETAIL(ID, AMOUNT, PROVIDER, PROVIDER_PAYMENT_UUID)
VALUES (378, 439.0, 'CRYPTO', '32026112');
INSERT INTO ORDERS (ID, CUST_ID, PAYMENT_ID, STATUS, AMOUNT, CREATED_ON, UPDATED_ON)
VALUES (378, 777, 378, 'DELIVERED', 439.0, LOCALTIMESTAMP, LOCALTIMESTAMP);
INSERT INTO ORDER_ITEM (ID, ORDER_ID, PRODUCT_ID, QUANTITY)
VALUES (9051, 378, 19, 5);
INSERT INTO ORDER_ITEM (ID, ORDER_ID, PRODUCT_ID, QUANTITY)
VALUES (9052, 378, 11, 6);
INSERT INTO ORDER_ITEM (ID, ORDER_ID, PRODUCT_ID, QUANTITY)
VALUES (9053, 378, 50, 12);
INSERT INTO ORDER_ITEM (ID, ORDER_ID, PRODUCT_ID, QUANTITY)
VALUES (9054, 378, 40, 0);
INSERT INTO ORDER_ITEM (ID, ORDER_ID, PRODUCT_ID, QUANTITY)
VALUES (9055, 378, 30, 0);
INSERT INTO ORDER_ITEM (ID, ORDER_ID, PRODUCT_ID, QUANTITY)
VALUES (9056, 378, 15, 15);
INSERT INTO ORDER_ITEM (ID, ORDER_ID, PRODUCT_ID, QUANTITY)
VALUES (9057, 378, 46, 7);
INSERT INTO ORDER_ITEM (ID, ORDER_ID, PRODUCT_ID, QUANTITY)
VALUES (9058, 378, 54, 15);
INSERT INTO ORDER_ITEM (ID, ORDER_ID, PRODUCT_ID, QUANTITY)
VALUES (9059, 378, 42, 18);
INSERT INTO ORDER_ITEM (ID, ORDER_ID, PRODUCT_ID, QUANTITY)
VALUES (9060, 378, 27, 4);
INSERT INTO ORDER_ITEM (ID, ORDER_ID, PRODUCT_ID, QUANTITY)
VALUES (9061, 378, 51, 3);
INSERT INTO ORDER_ITEM (ID, ORDER_ID, PRODUCT_ID, QUANTITY)
VALUES (9062, 378, 57, 7);
INSERT INTO ORDER_ITEM (ID, ORDER_ID, PRODUCT_ID, QUANTITY)
VALUES (9063, 378, 47, 3);
INSERT INTO ORDER_ITEM (ID, ORDER_ID, PRODUCT_ID, QUANTITY)
VALUES (9064, 378, 48, 5);
INSERT INTO ORDER_ITEM (ID, ORDER_ID, PRODUCT_ID, QUANTITY)
VALUES (9065, 378, 56, 12);
INSERT INTO ORDER_ITEM (ID, ORDER_ID, PRODUCT_ID, QUANTITY)
VALUES (9066, 378, 13, 6);
INSERT INTO ORDER_ITEM (ID, ORDER_ID, PRODUCT_ID, QUANTITY)
VALUES (9067, 378, 26, 4);
INSERT INTO ORDER_ITEM (ID, ORDER_ID, PRODUCT_ID, QUANTITY)
VALUES (9068, 378, 41, 8);
INSERT INTO ORDER_ITEM (ID, ORDER_ID, PRODUCT_ID, QUANTITY)
VALUES (9069, 378, 34, 11);
INSERT INTO ORDER_ITEM (ID, ORDER_ID, PRODUCT_ID, QUANTITY)
VALUES (9070, 378, 25, 3);
INSERT INTO ORDER_ITEM (ID, ORDER_ID, PRODUCT_ID, QUANTITY)
VALUES (9071, 378, 39, 9);
INSERT INTO ORDER_ITEM (ID, ORDER_ID, PRODUCT_ID, QUANTITY)
VALUES (9072, 378, 37, 13);
INSERT INTO ORDER_ITEM (ID, ORDER_ID, PRODUCT_ID, QUANTITY)
VALUES (9073, 378, 23, 1);
INSERT INTO ORDER_ITEM (ID, ORDER_ID, PRODUCT_ID, QUANTITY)
VALUES (9074, 378, 52, 1);
INSERT INTO ORDER_ITEM (ID, ORDER_ID, PRODUCT_ID, QUANTITY)
VALUES (9075, 378, 16, 12);
INSERT INTO ORDER_ITEM (ID, ORDER_ID, PRODUCT_ID, QUANTITY)
VALUES (9076, 378, 20, 17);
INSERT INTO ORDER_ITEM (ID, ORDER_ID, PRODUCT_ID, QUANTITY)
VALUES (9077, 378, 38, 9);
INSERT INTO ORDER_ITEM (ID, ORDER_ID, PRODUCT_ID, QUANTITY)
VALUES (9078, 378, 35, 8);
-- ### ORDER 369
INSERT INTO PAYMENT_DETAIL(ID, AMOUNT, PROVIDER, PROVIDER_PAYMENT_UUID)
VALUES (379, 2572.0, 'VISA', '1876096');
INSERT INTO ORDERS (ID, CUST_ID, PAYMENT_ID, STATUS, AMOUNT, CREATED_ON, UPDATED_ON)
VALUES (379, 777, 379, 'DELIVERED', 2572.0, LOCALTIMESTAMP, LOCALTIMESTAMP);
INSERT INTO ORDER_ITEM (ID, ORDER_ID, PRODUCT_ID, QUANTITY)
VALUES (9079, 379, 35, 11);
INSERT INTO ORDER_ITEM (ID, ORDER_ID, PRODUCT_ID, QUANTITY)
VALUES (9080, 379, 52, 15);
INSERT INTO ORDER_ITEM (ID, ORDER_ID, PRODUCT_ID, QUANTITY)
VALUES (9081, 379, 31, 12);
INSERT INTO ORDER_ITEM (ID, ORDER_ID, PRODUCT_ID, QUANTITY)
VALUES (9082, 379, 33, 15);
INSERT INTO ORDER_ITEM (ID, ORDER_ID, PRODUCT_ID, QUANTITY)
VALUES (9083, 379, 38, 1);
INSERT INTO ORDER_ITEM (ID, ORDER_ID, PRODUCT_ID, QUANTITY)
VALUES (9084, 379, 29, 13);
INSERT INTO ORDER_ITEM (ID, ORDER_ID, PRODUCT_ID, QUANTITY)
VALUES (9085, 379, 50, 6);
INSERT INTO ORDER_ITEM (ID, ORDER_ID, PRODUCT_ID, QUANTITY)
VALUES (9086, 379, 60, 5);
INSERT INTO ORDER_ITEM (ID, ORDER_ID, PRODUCT_ID, QUANTITY)
VALUES (9087, 379, 44, 7);
INSERT INTO ORDER_ITEM (ID, ORDER_ID, PRODUCT_ID, QUANTITY)
VALUES (9088, 379, 54, 19);
INSERT INTO ORDER_ITEM (ID, ORDER_ID, PRODUCT_ID, QUANTITY)
VALUES (9089, 379, 21, 14);
INSERT INTO ORDER_ITEM (ID, ORDER_ID, PRODUCT_ID, QUANTITY)
VALUES (9090, 379, 40, 14);
INSERT INTO ORDER_ITEM (ID, ORDER_ID, PRODUCT_ID, QUANTITY)
VALUES (9091, 379, 25, 0);
INSERT INTO ORDER_ITEM (ID, ORDER_ID, PRODUCT_ID, QUANTITY)
VALUES (9092, 379, 15, 15);
INSERT INTO ORDER_ITEM (ID, ORDER_ID, PRODUCT_ID, QUANTITY)
VALUES (9093, 379, 13, 20);
INSERT INTO ORDER_ITEM (ID, ORDER_ID, PRODUCT_ID, QUANTITY)
VALUES (9094, 379, 53, 0);
INSERT INTO ORDER_ITEM (ID, ORDER_ID, PRODUCT_ID, QUANTITY)
VALUES (9095, 379, 16, 13);
INSERT INTO ORDER_ITEM (ID, ORDER_ID, PRODUCT_ID, QUANTITY)
VALUES (9096, 379, 19, 15);
INSERT INTO ORDER_ITEM (ID, ORDER_ID, PRODUCT_ID, QUANTITY)
VALUES (9097, 379, 11, 13);
INSERT INTO ORDER_ITEM (ID, ORDER_ID, PRODUCT_ID, QUANTITY)
VALUES (9098, 379, 56, 2);
INSERT INTO ORDER_ITEM (ID, ORDER_ID, PRODUCT_ID, QUANTITY)
VALUES (9099, 379, 46, 3);
INSERT INTO ORDER_ITEM (ID, ORDER_ID, PRODUCT_ID, QUANTITY)
VALUES (9100, 379, 27, 2);
INSERT INTO ORDER_ITEM (ID, ORDER_ID, PRODUCT_ID, QUANTITY)
VALUES (9101, 379, 20, 18);
INSERT INTO ORDER_ITEM (ID, ORDER_ID, PRODUCT_ID, QUANTITY)
VALUES (9102, 379, 51, 1);
INSERT INTO ORDER_ITEM (ID, ORDER_ID, PRODUCT_ID, QUANTITY)
VALUES (9103, 379, 17, 16);
INSERT INTO ORDER_ITEM (ID, ORDER_ID, PRODUCT_ID, QUANTITY)
VALUES (9104, 379, 14, 0);
INSERT INTO ORDER_ITEM (ID, ORDER_ID, PRODUCT_ID, QUANTITY)
VALUES (9105, 379, 39, 15);
INSERT INTO ORDER_ITEM (ID, ORDER_ID, PRODUCT_ID, QUANTITY)
VALUES (9106, 379, 32, 1);
INSERT INTO ORDER_ITEM (ID, ORDER_ID, PRODUCT_ID, QUANTITY)
VALUES (9107, 379, 57, 19);
INSERT INTO ORDER_ITEM (ID, ORDER_ID, PRODUCT_ID, QUANTITY)
VALUES (9108, 379, 47, 16);
INSERT INTO ORDER_ITEM (ID, ORDER_ID, PRODUCT_ID, QUANTITY)
VALUES (9109, 379, 37, 5);
INSERT INTO ORDER_ITEM (ID, ORDER_ID, PRODUCT_ID, QUANTITY)
VALUES (9110, 379, 28, 11);
INSERT INTO ORDER_ITEM (ID, ORDER_ID, PRODUCT_ID, QUANTITY)
VALUES (9111, 379, 26, 2);
INSERT INTO ORDER_ITEM (ID, ORDER_ID, PRODUCT_ID, QUANTITY)
VALUES (9112, 379, 48, 3);
INSERT INTO ORDER_ITEM (ID, ORDER_ID, PRODUCT_ID, QUANTITY)
VALUES (9113, 379, 30, 9);
INSERT INTO ORDER_ITEM (ID, ORDER_ID, PRODUCT_ID, QUANTITY)
VALUES (9114, 379, 58, 2);
INSERT INTO ORDER_ITEM (ID, ORDER_ID, PRODUCT_ID, QUANTITY)
VALUES (9115, 379, 43, 7);
INSERT INTO ORDER_ITEM (ID, ORDER_ID, PRODUCT_ID, QUANTITY)
VALUES (9116, 379, 45, 2);
-- ### ORDER 370
INSERT INTO PAYMENT_DETAIL(ID, AMOUNT, PROVIDER, PROVIDER_PAYMENT_UUID)
VALUES (380, 1842.0, 'ICARD', '734702415');
INSERT INTO ORDERS (ID, CUST_ID, PAYMENT_ID, STATUS, AMOUNT, CREATED_ON, UPDATED_ON)
VALUES (380, 777, 380, 'DELIVERED', 1842.0, LOCALTIMESTAMP, LOCALTIMESTAMP);
INSERT INTO ORDER_ITEM (ID, ORDER_ID, PRODUCT_ID, QUANTITY)
VALUES (9117, 380, 59, 18);
INSERT INTO ORDER_ITEM (ID, ORDER_ID, PRODUCT_ID, QUANTITY)
VALUES (9118, 380, 51, 0);
INSERT INTO ORDER_ITEM (ID, ORDER_ID, PRODUCT_ID, QUANTITY)
VALUES (9119, 380, 46, 12);
INSERT INTO ORDER_ITEM (ID, ORDER_ID, PRODUCT_ID, QUANTITY)
VALUES (9120, 380, 15, 12);
INSERT INTO ORDER_ITEM (ID, ORDER_ID, PRODUCT_ID, QUANTITY)
VALUES (9121, 380, 36, 9);
INSERT INTO ORDER_ITEM (ID, ORDER_ID, PRODUCT_ID, QUANTITY)
VALUES (9122, 380, 53, 8);
INSERT INTO ORDER_ITEM (ID, ORDER_ID, PRODUCT_ID, QUANTITY)
VALUES (9123, 380, 40, 19);
INSERT INTO ORDER_ITEM (ID, ORDER_ID, PRODUCT_ID, QUANTITY)
VALUES (9124, 380, 20, 11);
INSERT INTO ORDER_ITEM (ID, ORDER_ID, PRODUCT_ID, QUANTITY)
VALUES (9125, 380, 12, 18);
INSERT INTO ORDER_ITEM (ID, ORDER_ID, PRODUCT_ID, QUANTITY)
VALUES (9126, 380, 14, 19);
INSERT INTO ORDER_ITEM (ID, ORDER_ID, PRODUCT_ID, QUANTITY)
VALUES (9127, 380, 34, 3);
INSERT INTO ORDER_ITEM (ID, ORDER_ID, PRODUCT_ID, QUANTITY)
VALUES (9128, 380, 18, 8);
INSERT INTO ORDER_ITEM (ID, ORDER_ID, PRODUCT_ID, QUANTITY)
VALUES (9129, 380, 17, 15);
INSERT INTO ORDER_ITEM (ID, ORDER_ID, PRODUCT_ID, QUANTITY)
VALUES (9130, 380, 28, 5);
INSERT INTO ORDER_ITEM (ID, ORDER_ID, PRODUCT_ID, QUANTITY)
VALUES (9131, 380, 54, 12);
INSERT INTO ORDER_ITEM (ID, ORDER_ID, PRODUCT_ID, QUANTITY)
VALUES (9132, 380, 22, 16);
INSERT INTO ORDER_ITEM (ID, ORDER_ID, PRODUCT_ID, QUANTITY)
VALUES (9133, 380, 26, 13);
INSERT INTO ORDER_ITEM (ID, ORDER_ID, PRODUCT_ID, QUANTITY)
VALUES (9134, 380, 31, 20);
INSERT INTO ORDER_ITEM (ID, ORDER_ID, PRODUCT_ID, QUANTITY)
VALUES (9135, 380, 32, 8);
INSERT INTO ORDER_ITEM (ID, ORDER_ID, PRODUCT_ID, QUANTITY)
VALUES (9136, 380, 23, 15);
INSERT INTO ORDER_ITEM (ID, ORDER_ID, PRODUCT_ID, QUANTITY)
VALUES (9137, 380, 52, 16);
INSERT INTO ORDER_ITEM (ID, ORDER_ID, PRODUCT_ID, QUANTITY)
VALUES (9138, 380, 58, 1);
INSERT INTO ORDER_ITEM (ID, ORDER_ID, PRODUCT_ID, QUANTITY)
VALUES (9139, 380, 55, 16);
INSERT INTO ORDER_ITEM (ID, ORDER_ID, PRODUCT_ID, QUANTITY)
VALUES (9140, 380, 37, 13);
INSERT INTO ORDER_ITEM (ID, ORDER_ID, PRODUCT_ID, QUANTITY)
VALUES (9141, 380, 27, 10);
INSERT INTO ORDER_ITEM (ID, ORDER_ID, PRODUCT_ID, QUANTITY)
VALUES (9142, 380, 42, 14);
INSERT INTO ORDER_ITEM (ID, ORDER_ID, PRODUCT_ID, QUANTITY)
VALUES (9143, 380, 50, 18);
INSERT INTO ORDER_ITEM (ID, ORDER_ID, PRODUCT_ID, QUANTITY)
VALUES (9144, 380, 48, 13);
INSERT INTO ORDER_ITEM (ID, ORDER_ID, PRODUCT_ID, QUANTITY)
VALUES (9145, 380, 33, 2);
INSERT INTO ORDER_ITEM (ID, ORDER_ID, PRODUCT_ID, QUANTITY)
VALUES (9146, 380, 24, 10);
INSERT INTO ORDER_ITEM (ID, ORDER_ID, PRODUCT_ID, QUANTITY)
VALUES (9147, 380, 13, 18);
INSERT INTO ORDER_ITEM (ID, ORDER_ID, PRODUCT_ID, QUANTITY)
VALUES (9148, 380, 19, 20);
INSERT INTO ORDER_ITEM (ID, ORDER_ID, PRODUCT_ID, QUANTITY)
VALUES (9149, 380, 49, 11);
INSERT INTO ORDER_ITEM (ID, ORDER_ID, PRODUCT_ID, QUANTITY)
VALUES (9150, 380, 25, 3);
INSERT INTO ORDER_ITEM (ID, ORDER_ID, PRODUCT_ID, QUANTITY)
VALUES (9151, 380, 47, 9);
INSERT INTO ORDER_ITEM (ID, ORDER_ID, PRODUCT_ID, QUANTITY)
VALUES (9152, 380, 16, 14);
INSERT INTO ORDER_ITEM (ID, ORDER_ID, PRODUCT_ID, QUANTITY)
VALUES (9153, 380, 39, 16);
INSERT INTO ORDER_ITEM (ID, ORDER_ID, PRODUCT_ID, QUANTITY)
VALUES (9154, 380, 11, 12);
INSERT INTO ORDER_ITEM (ID, ORDER_ID, PRODUCT_ID, QUANTITY)
VALUES (9155, 380, 35, 11);
INSERT INTO ORDER_ITEM (ID, ORDER_ID, PRODUCT_ID, QUANTITY)
VALUES (9156, 380, 30, 12);
INSERT INTO ORDER_ITEM (ID, ORDER_ID, PRODUCT_ID, QUANTITY)
VALUES (9157, 380, 56, 17);
INSERT INTO ORDER_ITEM (ID, ORDER_ID, PRODUCT_ID, QUANTITY)
VALUES (9158, 380, 60, 2);
INSERT INTO ORDER_ITEM (ID, ORDER_ID, PRODUCT_ID, QUANTITY)
VALUES (9159, 380, 38, 13);
INSERT INTO ORDER_ITEM (ID, ORDER_ID, PRODUCT_ID, QUANTITY)
VALUES (9160, 380, 57, 2);
INSERT INTO ORDER_ITEM (ID, ORDER_ID, PRODUCT_ID, QUANTITY)
VALUES (9161, 380, 41, 10);
INSERT INTO ORDER_ITEM (ID, ORDER_ID, PRODUCT_ID, QUANTITY)
VALUES (9162, 380, 21, 6);
INSERT INTO ORDER_ITEM (ID, ORDER_ID, PRODUCT_ID, QUANTITY)
VALUES (9163, 380, 44, 17);
-- ### ORDER 371
INSERT INTO PAYMENT_DETAIL(ID, AMOUNT, PROVIDER, PROVIDER_PAYMENT_UUID)
VALUES (381, 1661.0, 'ICARD', '504270919');
INSERT INTO ORDERS (ID, CUST_ID, PAYMENT_ID, STATUS, AMOUNT, CREATED_ON, UPDATED_ON)
VALUES (381, 777, 381, 'DELIVERED', 1661.0, LOCALTIMESTAMP, LOCALTIMESTAMP);
INSERT INTO ORDER_ITEM (ID, ORDER_ID, PRODUCT_ID, QUANTITY)
VALUES (9164, 381, 57, 3);
INSERT INTO ORDER_ITEM (ID, ORDER_ID, PRODUCT_ID, QUANTITY)
VALUES (9165, 381, 39, 20);
INSERT INTO ORDER_ITEM (ID, ORDER_ID, PRODUCT_ID, QUANTITY)
VALUES (9166, 381, 56, 13);
INSERT INTO ORDER_ITEM (ID, ORDER_ID, PRODUCT_ID, QUANTITY)
VALUES (9167, 381, 50, 15);
INSERT INTO ORDER_ITEM (ID, ORDER_ID, PRODUCT_ID, QUANTITY)
VALUES (9168, 381, 37, 16);
INSERT INTO ORDER_ITEM (ID, ORDER_ID, PRODUCT_ID, QUANTITY)
VALUES (9169, 381, 48, 6);
INSERT INTO ORDER_ITEM (ID, ORDER_ID, PRODUCT_ID, QUANTITY)
VALUES (9170, 381, 60, 4);
INSERT INTO ORDER_ITEM (ID, ORDER_ID, PRODUCT_ID, QUANTITY)
VALUES (9171, 381, 13, 3);
-- ### ORDER 372
INSERT INTO PAYMENT_DETAIL(ID, AMOUNT, PROVIDER, PROVIDER_PAYMENT_UUID)
VALUES (382, 1383.0, 'VISA', '68601175');
INSERT INTO ORDERS (ID, CUST_ID, PAYMENT_ID, STATUS, AMOUNT, CREATED_ON, UPDATED_ON)
VALUES (382, 777, 382, 'DELIVERED', 1383.0, LOCALTIMESTAMP, LOCALTIMESTAMP);
INSERT INTO ORDER_ITEM (ID, ORDER_ID, PRODUCT_ID, QUANTITY)
VALUES (9172, 382, 59, 14);
INSERT INTO ORDER_ITEM (ID, ORDER_ID, PRODUCT_ID, QUANTITY)
VALUES (9173, 382, 42, 6);
INSERT INTO ORDER_ITEM (ID, ORDER_ID, PRODUCT_ID, QUANTITY)
VALUES (9174, 382, 41, 3);
INSERT INTO ORDER_ITEM (ID, ORDER_ID, PRODUCT_ID, QUANTITY)
VALUES (9175, 382, 27, 1);
INSERT INTO ORDER_ITEM (ID, ORDER_ID, PRODUCT_ID, QUANTITY)
VALUES (9176, 382, 24, 19);
INSERT INTO ORDER_ITEM (ID, ORDER_ID, PRODUCT_ID, QUANTITY)
VALUES (9177, 382, 53, 11);
INSERT INTO ORDER_ITEM (ID, ORDER_ID, PRODUCT_ID, QUANTITY)
VALUES (9178, 382, 30, 3);
INSERT INTO ORDER_ITEM (ID, ORDER_ID, PRODUCT_ID, QUANTITY)
VALUES (9179, 382, 57, 17);
INSERT INTO ORDER_ITEM (ID, ORDER_ID, PRODUCT_ID, QUANTITY)
VALUES (9180, 382, 15, 20);
INSERT INTO ORDER_ITEM (ID, ORDER_ID, PRODUCT_ID, QUANTITY)
VALUES (9181, 382, 11, 4);
INSERT INTO ORDER_ITEM (ID, ORDER_ID, PRODUCT_ID, QUANTITY)
VALUES (9182, 382, 21, 1);
INSERT INTO ORDER_ITEM (ID, ORDER_ID, PRODUCT_ID, QUANTITY)
VALUES (9183, 382, 32, 6);
INSERT INTO ORDER_ITEM (ID, ORDER_ID, PRODUCT_ID, QUANTITY)
VALUES (9184, 382, 13, 10);
INSERT INTO ORDER_ITEM (ID, ORDER_ID, PRODUCT_ID, QUANTITY)
VALUES (9185, 382, 56, 15);
INSERT INTO ORDER_ITEM (ID, ORDER_ID, PRODUCT_ID, QUANTITY)
VALUES (9186, 382, 54, 5);
INSERT INTO ORDER_ITEM (ID, ORDER_ID, PRODUCT_ID, QUANTITY)
VALUES (9187, 382, 51, 12);
INSERT INTO ORDER_ITEM (ID, ORDER_ID, PRODUCT_ID, QUANTITY)
VALUES (9188, 382, 52, 18);
INSERT INTO ORDER_ITEM (ID, ORDER_ID, PRODUCT_ID, QUANTITY)
VALUES (9189, 382, 45, 11);
INSERT INTO ORDER_ITEM (ID, ORDER_ID, PRODUCT_ID, QUANTITY)
VALUES (9190, 382, 20, 0);
INSERT INTO ORDER_ITEM (ID, ORDER_ID, PRODUCT_ID, QUANTITY)
VALUES (9191, 382, 23, 8);
INSERT INTO ORDER_ITEM (ID, ORDER_ID, PRODUCT_ID, QUANTITY)
VALUES (9192, 382, 19, 12);
INSERT INTO ORDER_ITEM (ID, ORDER_ID, PRODUCT_ID, QUANTITY)
VALUES (9193, 382, 48, 4);
INSERT INTO ORDER_ITEM (ID, ORDER_ID, PRODUCT_ID, QUANTITY)
VALUES (9194, 382, 31, 5);
INSERT INTO ORDER_ITEM (ID, ORDER_ID, PRODUCT_ID, QUANTITY)
VALUES (9195, 382, 28, 18);
INSERT INTO ORDER_ITEM (ID, ORDER_ID, PRODUCT_ID, QUANTITY)
VALUES (9196, 382, 36, 8);
INSERT INTO ORDER_ITEM (ID, ORDER_ID, PRODUCT_ID, QUANTITY)
VALUES (9197, 382, 12, 8);
INSERT INTO ORDER_ITEM (ID, ORDER_ID, PRODUCT_ID, QUANTITY)
VALUES (9198, 382, 49, 8);
INSERT INTO ORDER_ITEM (ID, ORDER_ID, PRODUCT_ID, QUANTITY)
VALUES (9199, 382, 55, 6);
INSERT INTO ORDER_ITEM (ID, ORDER_ID, PRODUCT_ID, QUANTITY)
VALUES (9200, 382, 60, 7);
INSERT INTO ORDER_ITEM (ID, ORDER_ID, PRODUCT_ID, QUANTITY)
VALUES (9201, 382, 29, 14);
INSERT INTO ORDER_ITEM (ID, ORDER_ID, PRODUCT_ID, QUANTITY)
VALUES (9202, 382, 25, 1);
INSERT INTO ORDER_ITEM (ID, ORDER_ID, PRODUCT_ID, QUANTITY)
VALUES (9203, 382, 50, 19);
INSERT INTO ORDER_ITEM (ID, ORDER_ID, PRODUCT_ID, QUANTITY)
VALUES (9204, 382, 37, 1);
INSERT INTO ORDER_ITEM (ID, ORDER_ID, PRODUCT_ID, QUANTITY)
VALUES (9205, 382, 46, 13);
INSERT INTO ORDER_ITEM (ID, ORDER_ID, PRODUCT_ID, QUANTITY)
VALUES (9206, 382, 14, 7);
INSERT INTO ORDER_ITEM (ID, ORDER_ID, PRODUCT_ID, QUANTITY)
VALUES (9207, 382, 33, 16);
INSERT INTO ORDER_ITEM (ID, ORDER_ID, PRODUCT_ID, QUANTITY)
VALUES (9208, 382, 39, 14);
INSERT INTO ORDER_ITEM (ID, ORDER_ID, PRODUCT_ID, QUANTITY)
VALUES (9209, 382, 40, 19);
INSERT INTO ORDER_ITEM (ID, ORDER_ID, PRODUCT_ID, QUANTITY)
VALUES (9210, 382, 38, 12);
INSERT INTO ORDER_ITEM (ID, ORDER_ID, PRODUCT_ID, QUANTITY)
VALUES (9211, 382, 18, 12);
INSERT INTO ORDER_ITEM (ID, ORDER_ID, PRODUCT_ID, QUANTITY)
VALUES (9212, 382, 34, 18);
-- ### ORDER 373
INSERT INTO PAYMENT_DETAIL(ID, AMOUNT, PROVIDER, PROVIDER_PAYMENT_UUID)
VALUES (383, 986.0, 'MASTERCARD', '596065985');
INSERT INTO ORDERS (ID, CUST_ID, PAYMENT_ID, STATUS, AMOUNT, CREATED_ON, UPDATED_ON)
VALUES (383, 777, 383, 'DELIVERED', 986.0, LOCALTIMESTAMP, LOCALTIMESTAMP);
INSERT INTO ORDER_ITEM (ID, ORDER_ID, PRODUCT_ID, QUANTITY)
VALUES (9213, 383, 46, 9);
INSERT INTO ORDER_ITEM (ID, ORDER_ID, PRODUCT_ID, QUANTITY)
VALUES (9214, 383, 26, 3);
INSERT INTO ORDER_ITEM (ID, ORDER_ID, PRODUCT_ID, QUANTITY)
VALUES (9215, 383, 28, 14);
-- ### ORDER 374
INSERT INTO PAYMENT_DETAIL(ID, AMOUNT, PROVIDER, PROVIDER_PAYMENT_UUID)
VALUES (384, 2232.0, 'PAYPAL', '773686376');
INSERT INTO ORDERS (ID, CUST_ID, PAYMENT_ID, STATUS, AMOUNT, CREATED_ON, UPDATED_ON)
VALUES (384, 777, 384, 'DELIVERED', 2232.0, LOCALTIMESTAMP, LOCALTIMESTAMP);
INSERT INTO ORDER_ITEM (ID, ORDER_ID, PRODUCT_ID, QUANTITY)
VALUES (9216, 384, 27, 18);
INSERT INTO ORDER_ITEM (ID, ORDER_ID, PRODUCT_ID, QUANTITY)
VALUES (9217, 384, 38, 8);
INSERT INTO ORDER_ITEM (ID, ORDER_ID, PRODUCT_ID, QUANTITY)
VALUES (9218, 384, 30, 19);
INSERT INTO ORDER_ITEM (ID, ORDER_ID, PRODUCT_ID, QUANTITY)
VALUES (9219, 384, 13, 12);
INSERT INTO ORDER_ITEM (ID, ORDER_ID, PRODUCT_ID, QUANTITY)
VALUES (9220, 384, 20, 1);
INSERT INTO ORDER_ITEM (ID, ORDER_ID, PRODUCT_ID, QUANTITY)
VALUES (9221, 384, 49, 7);
INSERT INTO ORDER_ITEM (ID, ORDER_ID, PRODUCT_ID, QUANTITY)
VALUES (9222, 384, 28, 16);
INSERT INTO ORDER_ITEM (ID, ORDER_ID, PRODUCT_ID, QUANTITY)
VALUES (9223, 384, 39, 2);
INSERT INTO ORDER_ITEM (ID, ORDER_ID, PRODUCT_ID, QUANTITY)
VALUES (9224, 384, 56, 7);
INSERT INTO ORDER_ITEM (ID, ORDER_ID, PRODUCT_ID, QUANTITY)
VALUES (9225, 384, 54, 7);
INSERT INTO ORDER_ITEM (ID, ORDER_ID, PRODUCT_ID, QUANTITY)
VALUES (9226, 384, 31, 20);
INSERT INTO ORDER_ITEM (ID, ORDER_ID, PRODUCT_ID, QUANTITY)
VALUES (9227, 384, 36, 2);
INSERT INTO ORDER_ITEM (ID, ORDER_ID, PRODUCT_ID, QUANTITY)
VALUES (9228, 384, 51, 20);
INSERT INTO ORDER_ITEM (ID, ORDER_ID, PRODUCT_ID, QUANTITY)
VALUES (9229, 384, 33, 9);
INSERT INTO ORDER_ITEM (ID, ORDER_ID, PRODUCT_ID, QUANTITY)
VALUES (9230, 384, 34, 2);
INSERT INTO ORDER_ITEM (ID, ORDER_ID, PRODUCT_ID, QUANTITY)
VALUES (9231, 384, 52, 4);
INSERT INTO ORDER_ITEM (ID, ORDER_ID, PRODUCT_ID, QUANTITY)
VALUES (9232, 384, 26, 19);
INSERT INTO ORDER_ITEM (ID, ORDER_ID, PRODUCT_ID, QUANTITY)
VALUES (9233, 384, 57, 5);
INSERT INTO ORDER_ITEM (ID, ORDER_ID, PRODUCT_ID, QUANTITY)
VALUES (9234, 384, 40, 12);
INSERT INTO ORDER_ITEM (ID, ORDER_ID, PRODUCT_ID, QUANTITY)
VALUES (9235, 384, 48, 2);
INSERT INTO ORDER_ITEM (ID, ORDER_ID, PRODUCT_ID, QUANTITY)
VALUES (9236, 384, 25, 3);
INSERT INTO ORDER_ITEM (ID, ORDER_ID, PRODUCT_ID, QUANTITY)
VALUES (9237, 384, 24, 8);
INSERT INTO ORDER_ITEM (ID, ORDER_ID, PRODUCT_ID, QUANTITY)
VALUES (9238, 384, 37, 7);
INSERT INTO ORDER_ITEM (ID, ORDER_ID, PRODUCT_ID, QUANTITY)
VALUES (9239, 384, 58, 8);
INSERT INTO ORDER_ITEM (ID, ORDER_ID, PRODUCT_ID, QUANTITY)
VALUES (9240, 384, 18, 10);
INSERT INTO ORDER_ITEM (ID, ORDER_ID, PRODUCT_ID, QUANTITY)
VALUES (9241, 384, 47, 12);
INSERT INTO ORDER_ITEM (ID, ORDER_ID, PRODUCT_ID, QUANTITY)
VALUES (9242, 384, 17, 17);
INSERT INTO ORDER_ITEM (ID, ORDER_ID, PRODUCT_ID, QUANTITY)
VALUES (9243, 384, 44, 1);
INSERT INTO ORDER_ITEM (ID, ORDER_ID, PRODUCT_ID, QUANTITY)
VALUES (9244, 384, 59, 8);
INSERT INTO ORDER_ITEM (ID, ORDER_ID, PRODUCT_ID, QUANTITY)
VALUES (9245, 384, 12, 0);
INSERT INTO ORDER_ITEM (ID, ORDER_ID, PRODUCT_ID, QUANTITY)
VALUES (9246, 384, 42, 8);
-- ### ORDER 375
INSERT INTO PAYMENT_DETAIL(ID, AMOUNT, PROVIDER, PROVIDER_PAYMENT_UUID)
VALUES (385, 2318.0, 'PAYPAL', '691091075');
INSERT INTO ORDERS (ID, CUST_ID, PAYMENT_ID, STATUS, AMOUNT, CREATED_ON, UPDATED_ON)
VALUES (385, 777, 385, 'DELIVERED', 2318.0, LOCALTIMESTAMP, LOCALTIMESTAMP);
INSERT INTO ORDER_ITEM (ID, ORDER_ID, PRODUCT_ID, QUANTITY)
VALUES (9247, 385, 47, 16);
INSERT INTO ORDER_ITEM (ID, ORDER_ID, PRODUCT_ID, QUANTITY)
VALUES (9248, 385, 19, 3);
INSERT INTO ORDER_ITEM (ID, ORDER_ID, PRODUCT_ID, QUANTITY)
VALUES (9249, 385, 27, 5);
INSERT INTO ORDER_ITEM (ID, ORDER_ID, PRODUCT_ID, QUANTITY)
VALUES (9250, 385, 48, 1);
INSERT INTO ORDER_ITEM (ID, ORDER_ID, PRODUCT_ID, QUANTITY)
VALUES (9251, 385, 52, 15);
INSERT INTO ORDER_ITEM (ID, ORDER_ID, PRODUCT_ID, QUANTITY)
VALUES (9252, 385, 44, 6);
INSERT INTO ORDER_ITEM (ID, ORDER_ID, PRODUCT_ID, QUANTITY)
VALUES (9253, 385, 36, 6);
INSERT INTO ORDER_ITEM (ID, ORDER_ID, PRODUCT_ID, QUANTITY)
VALUES (9254, 385, 46, 15);
INSERT INTO ORDER_ITEM (ID, ORDER_ID, PRODUCT_ID, QUANTITY)
VALUES (9255, 385, 25, 6);
INSERT INTO ORDER_ITEM (ID, ORDER_ID, PRODUCT_ID, QUANTITY)
VALUES (9256, 385, 31, 16);
INSERT INTO ORDER_ITEM (ID, ORDER_ID, PRODUCT_ID, QUANTITY)
VALUES (9257, 385, 33, 4);
INSERT INTO ORDER_ITEM (ID, ORDER_ID, PRODUCT_ID, QUANTITY)
VALUES (9258, 385, 51, 10);
INSERT INTO ORDER_ITEM (ID, ORDER_ID, PRODUCT_ID, QUANTITY)
VALUES (9259, 385, 39, 14);
INSERT INTO ORDER_ITEM (ID, ORDER_ID, PRODUCT_ID, QUANTITY)
VALUES (9260, 385, 21, 12);
INSERT INTO ORDER_ITEM (ID, ORDER_ID, PRODUCT_ID, QUANTITY)
VALUES (9261, 385, 30, 13);
INSERT INTO ORDER_ITEM (ID, ORDER_ID, PRODUCT_ID, QUANTITY)
VALUES (9262, 385, 22, 20);
INSERT INTO ORDER_ITEM (ID, ORDER_ID, PRODUCT_ID, QUANTITY)
VALUES (9263, 385, 41, 18);
INSERT INTO ORDER_ITEM (ID, ORDER_ID, PRODUCT_ID, QUANTITY)
VALUES (9264, 385, 24, 8);
INSERT INTO ORDER_ITEM (ID, ORDER_ID, PRODUCT_ID, QUANTITY)
VALUES (9265, 385, 56, 11);
INSERT INTO ORDER_ITEM (ID, ORDER_ID, PRODUCT_ID, QUANTITY)
VALUES (9266, 385, 32, 20);
INSERT INTO ORDER_ITEM (ID, ORDER_ID, PRODUCT_ID, QUANTITY)
VALUES (9267, 385, 15, 9);
INSERT INTO ORDER_ITEM (ID, ORDER_ID, PRODUCT_ID, QUANTITY)
VALUES (9268, 385, 58, 1);
INSERT INTO ORDER_ITEM (ID, ORDER_ID, PRODUCT_ID, QUANTITY)
VALUES (9269, 385, 54, 18);
INSERT INTO ORDER_ITEM (ID, ORDER_ID, PRODUCT_ID, QUANTITY)
VALUES (9270, 385, 29, 15);
INSERT INTO ORDER_ITEM (ID, ORDER_ID, PRODUCT_ID, QUANTITY)
VALUES (9271, 385, 49, 2);
INSERT INTO ORDER_ITEM (ID, ORDER_ID, PRODUCT_ID, QUANTITY)
VALUES (9272, 385, 13, 19);
INSERT INTO ORDER_ITEM (ID, ORDER_ID, PRODUCT_ID, QUANTITY)
VALUES (9273, 385, 59, 14);
INSERT INTO ORDER_ITEM (ID, ORDER_ID, PRODUCT_ID, QUANTITY)
VALUES (9274, 385, 40, 5);
INSERT INTO ORDER_ITEM (ID, ORDER_ID, PRODUCT_ID, QUANTITY)
VALUES (9275, 385, 38, 19);
INSERT INTO ORDER_ITEM (ID, ORDER_ID, PRODUCT_ID, QUANTITY)
VALUES (9276, 385, 37, 14);
INSERT INTO ORDER_ITEM (ID, ORDER_ID, PRODUCT_ID, QUANTITY)
VALUES (9277, 385, 57, 16);
INSERT INTO ORDER_ITEM (ID, ORDER_ID, PRODUCT_ID, QUANTITY)
VALUES (9278, 385, 34, 13);
INSERT INTO ORDER_ITEM (ID, ORDER_ID, PRODUCT_ID, QUANTITY)
VALUES (9279, 385, 11, 2);
INSERT INTO ORDER_ITEM (ID, ORDER_ID, PRODUCT_ID, QUANTITY)
VALUES (9280, 385, 42, 2);
INSERT INTO ORDER_ITEM (ID, ORDER_ID, PRODUCT_ID, QUANTITY)
VALUES (9281, 385, 35, 10);
INSERT INTO ORDER_ITEM (ID, ORDER_ID, PRODUCT_ID, QUANTITY)
VALUES (9282, 385, 45, 18);
INSERT INTO ORDER_ITEM (ID, ORDER_ID, PRODUCT_ID, QUANTITY)
VALUES (9283, 385, 23, 13);
INSERT INTO ORDER_ITEM (ID, ORDER_ID, PRODUCT_ID, QUANTITY)
VALUES (9284, 385, 20, 15);
INSERT INTO ORDER_ITEM (ID, ORDER_ID, PRODUCT_ID, QUANTITY)
VALUES (9285, 385, 60, 13);
INSERT INTO ORDER_ITEM (ID, ORDER_ID, PRODUCT_ID, QUANTITY)
VALUES (9286, 385, 55, 20);
INSERT INTO ORDER_ITEM (ID, ORDER_ID, PRODUCT_ID, QUANTITY)
VALUES (9287, 385, 16, 1);
INSERT INTO ORDER_ITEM (ID, ORDER_ID, PRODUCT_ID, QUANTITY)
VALUES (9288, 385, 43, 18);
-- ### ORDER 376
INSERT INTO PAYMENT_DETAIL(ID, AMOUNT, PROVIDER, PROVIDER_PAYMENT_UUID)
VALUES (386, 1849.0, 'MASTERCARD', '590025173');
INSERT INTO ORDERS (ID, CUST_ID, PAYMENT_ID, STATUS, AMOUNT, CREATED_ON, UPDATED_ON)
VALUES (386, 777, 386, 'DELIVERED', 1849.0, LOCALTIMESTAMP, LOCALTIMESTAMP);
INSERT INTO ORDER_ITEM (ID, ORDER_ID, PRODUCT_ID, QUANTITY)
VALUES (9289, 386, 29, 12);
INSERT INTO ORDER_ITEM (ID, ORDER_ID, PRODUCT_ID, QUANTITY)
VALUES (9290, 386, 35, 6);
INSERT INTO ORDER_ITEM (ID, ORDER_ID, PRODUCT_ID, QUANTITY)
VALUES (9291, 386, 36, 7);
INSERT INTO ORDER_ITEM (ID, ORDER_ID, PRODUCT_ID, QUANTITY)
VALUES (9292, 386, 56, 17);
INSERT INTO ORDER_ITEM (ID, ORDER_ID, PRODUCT_ID, QUANTITY)
VALUES (9293, 386, 27, 8);
INSERT INTO ORDER_ITEM (ID, ORDER_ID, PRODUCT_ID, QUANTITY)
VALUES (9294, 386, 54, 5);
INSERT INTO ORDER_ITEM (ID, ORDER_ID, PRODUCT_ID, QUANTITY)
VALUES (9295, 386, 11, 14);
INSERT INTO ORDER_ITEM (ID, ORDER_ID, PRODUCT_ID, QUANTITY)
VALUES (9296, 386, 14, 13);
INSERT INTO ORDER_ITEM (ID, ORDER_ID, PRODUCT_ID, QUANTITY)
VALUES (9297, 386, 53, 20);
INSERT INTO ORDER_ITEM (ID, ORDER_ID, PRODUCT_ID, QUANTITY)
VALUES (9298, 386, 60, 8);
INSERT INTO ORDER_ITEM (ID, ORDER_ID, PRODUCT_ID, QUANTITY)
VALUES (9299, 386, 49, 11);
INSERT INTO ORDER_ITEM (ID, ORDER_ID, PRODUCT_ID, QUANTITY)
VALUES (9300, 386, 41, 16);
INSERT INTO ORDER_ITEM (ID, ORDER_ID, PRODUCT_ID, QUANTITY)
VALUES (9301, 386, 57, 4);
INSERT INTO ORDER_ITEM (ID, ORDER_ID, PRODUCT_ID, QUANTITY)
VALUES (9302, 386, 47, 9);
INSERT INTO ORDER_ITEM (ID, ORDER_ID, PRODUCT_ID, QUANTITY)
VALUES (9303, 386, 33, 17);
-- ### ORDER 377
INSERT INTO PAYMENT_DETAIL(ID, AMOUNT, PROVIDER, PROVIDER_PAYMENT_UUID)
VALUES (387, 2489.0, 'ICARD', '835457709');
INSERT INTO ORDERS (ID, CUST_ID, PAYMENT_ID, STATUS, AMOUNT, CREATED_ON, UPDATED_ON)
VALUES (387, 777, 387, 'DELIVERED', 2489.0, LOCALTIMESTAMP, LOCALTIMESTAMP);
INSERT INTO ORDER_ITEM (ID, ORDER_ID, PRODUCT_ID, QUANTITY)
VALUES (9304, 387, 16, 6);
INSERT INTO ORDER_ITEM (ID, ORDER_ID, PRODUCT_ID, QUANTITY)
VALUES (9305, 387, 38, 12);
INSERT INTO ORDER_ITEM (ID, ORDER_ID, PRODUCT_ID, QUANTITY)
VALUES (9306, 387, 42, 13);
INSERT INTO ORDER_ITEM (ID, ORDER_ID, PRODUCT_ID, QUANTITY)
VALUES (9307, 387, 15, 14);
INSERT INTO ORDER_ITEM (ID, ORDER_ID, PRODUCT_ID, QUANTITY)
VALUES (9308, 387, 12, 11);
INSERT INTO ORDER_ITEM (ID, ORDER_ID, PRODUCT_ID, QUANTITY)
VALUES (9309, 387, 52, 4);
INSERT INTO ORDER_ITEM (ID, ORDER_ID, PRODUCT_ID, QUANTITY)
VALUES (9310, 387, 30, 11);
INSERT INTO ORDER_ITEM (ID, ORDER_ID, PRODUCT_ID, QUANTITY)
VALUES (9311, 387, 39, 20);
INSERT INTO ORDER_ITEM (ID, ORDER_ID, PRODUCT_ID, QUANTITY)
VALUES (9312, 387, 13, 12);
INSERT INTO ORDER_ITEM (ID, ORDER_ID, PRODUCT_ID, QUANTITY)
VALUES (9313, 387, 57, 9);
INSERT INTO ORDER_ITEM (ID, ORDER_ID, PRODUCT_ID, QUANTITY)
VALUES (9314, 387, 27, 0);
INSERT INTO ORDER_ITEM (ID, ORDER_ID, PRODUCT_ID, QUANTITY)
VALUES (9315, 387, 60, 9);
INSERT INTO ORDER_ITEM (ID, ORDER_ID, PRODUCT_ID, QUANTITY)
VALUES (9316, 387, 56, 20);
INSERT INTO ORDER_ITEM (ID, ORDER_ID, PRODUCT_ID, QUANTITY)
VALUES (9317, 387, 49, 2);
INSERT INTO ORDER_ITEM (ID, ORDER_ID, PRODUCT_ID, QUANTITY)
VALUES (9318, 387, 32, 14);
INSERT INTO ORDER_ITEM (ID, ORDER_ID, PRODUCT_ID, QUANTITY)
VALUES (9319, 387, 33, 5);
INSERT INTO ORDER_ITEM (ID, ORDER_ID, PRODUCT_ID, QUANTITY)
VALUES (9320, 387, 23, 6);
INSERT INTO ORDER_ITEM (ID, ORDER_ID, PRODUCT_ID, QUANTITY)
VALUES (9321, 387, 25, 6);
INSERT INTO ORDER_ITEM (ID, ORDER_ID, PRODUCT_ID, QUANTITY)
VALUES (9322, 387, 35, 16);
INSERT INTO ORDER_ITEM (ID, ORDER_ID, PRODUCT_ID, QUANTITY)
VALUES (9323, 387, 48, 20);
INSERT INTO ORDER_ITEM (ID, ORDER_ID, PRODUCT_ID, QUANTITY)
VALUES (9324, 387, 20, 17);
INSERT INTO ORDER_ITEM (ID, ORDER_ID, PRODUCT_ID, QUANTITY)
VALUES (9325, 387, 36, 1);
INSERT INTO ORDER_ITEM (ID, ORDER_ID, PRODUCT_ID, QUANTITY)
VALUES (9326, 387, 47, 5);
INSERT INTO ORDER_ITEM (ID, ORDER_ID, PRODUCT_ID, QUANTITY)
VALUES (9327, 387, 43, 20);
INSERT INTO ORDER_ITEM (ID, ORDER_ID, PRODUCT_ID, QUANTITY)
VALUES (9328, 387, 37, 20);
INSERT INTO ORDER_ITEM (ID, ORDER_ID, PRODUCT_ID, QUANTITY)
VALUES (9329, 387, 28, 20);
INSERT INTO ORDER_ITEM (ID, ORDER_ID, PRODUCT_ID, QUANTITY)
VALUES (9330, 387, 29, 1);
-- ### ORDER 378
INSERT INTO PAYMENT_DETAIL(ID, AMOUNT, PROVIDER, PROVIDER_PAYMENT_UUID)
VALUES (388, 2935.0, 'CRYPTO', '861878103');
INSERT INTO ORDERS (ID, CUST_ID, PAYMENT_ID, STATUS, AMOUNT, CREATED_ON, UPDATED_ON)
VALUES (388, 777, 388, 'DELIVERED', 2935.0, LOCALTIMESTAMP, LOCALTIMESTAMP);
INSERT INTO ORDER_ITEM (ID, ORDER_ID, PRODUCT_ID, QUANTITY)
VALUES (9331, 388, 49, 17);
INSERT INTO ORDER_ITEM (ID, ORDER_ID, PRODUCT_ID, QUANTITY)
VALUES (9332, 388, 50, 5);
INSERT INTO ORDER_ITEM (ID, ORDER_ID, PRODUCT_ID, QUANTITY)
VALUES (9333, 388, 22, 5);
INSERT INTO ORDER_ITEM (ID, ORDER_ID, PRODUCT_ID, QUANTITY)
VALUES (9334, 388, 16, 16);
INSERT INTO ORDER_ITEM (ID, ORDER_ID, PRODUCT_ID, QUANTITY)
VALUES (9335, 388, 27, 17);
INSERT INTO ORDER_ITEM (ID, ORDER_ID, PRODUCT_ID, QUANTITY)
VALUES (9336, 388, 23, 15);
INSERT INTO ORDER_ITEM (ID, ORDER_ID, PRODUCT_ID, QUANTITY)
VALUES (9337, 388, 11, 5);
INSERT INTO ORDER_ITEM (ID, ORDER_ID, PRODUCT_ID, QUANTITY)
VALUES (9338, 388, 15, 20);
INSERT INTO ORDER_ITEM (ID, ORDER_ID, PRODUCT_ID, QUANTITY)
VALUES (9339, 388, 39, 12);
INSERT INTO ORDER_ITEM (ID, ORDER_ID, PRODUCT_ID, QUANTITY)
VALUES (9340, 388, 55, 1);
INSERT INTO ORDER_ITEM (ID, ORDER_ID, PRODUCT_ID, QUANTITY)
VALUES (9341, 388, 12, 5);
INSERT INTO ORDER_ITEM (ID, ORDER_ID, PRODUCT_ID, QUANTITY)
VALUES (9342, 388, 20, 19);
INSERT INTO ORDER_ITEM (ID, ORDER_ID, PRODUCT_ID, QUANTITY)
VALUES (9343, 388, 60, 4);
INSERT INTO ORDER_ITEM (ID, ORDER_ID, PRODUCT_ID, QUANTITY)
VALUES (9344, 388, 51, 1);
INSERT INTO ORDER_ITEM (ID, ORDER_ID, PRODUCT_ID, QUANTITY)
VALUES (9345, 388, 37, 20);
INSERT INTO ORDER_ITEM (ID, ORDER_ID, PRODUCT_ID, QUANTITY)
VALUES (9346, 388, 59, 16);
INSERT INTO ORDER_ITEM (ID, ORDER_ID, PRODUCT_ID, QUANTITY)
VALUES (9347, 388, 21, 8);
INSERT INTO ORDER_ITEM (ID, ORDER_ID, PRODUCT_ID, QUANTITY)
VALUES (9348, 388, 14, 11);
INSERT INTO ORDER_ITEM (ID, ORDER_ID, PRODUCT_ID, QUANTITY)
VALUES (9349, 388, 48, 15);
INSERT INTO ORDER_ITEM (ID, ORDER_ID, PRODUCT_ID, QUANTITY)
VALUES (9350, 388, 36, 7);
INSERT INTO ORDER_ITEM (ID, ORDER_ID, PRODUCT_ID, QUANTITY)
VALUES (9351, 388, 58, 20);
INSERT INTO ORDER_ITEM (ID, ORDER_ID, PRODUCT_ID, QUANTITY)
VALUES (9352, 388, 41, 8);
INSERT INTO ORDER_ITEM (ID, ORDER_ID, PRODUCT_ID, QUANTITY)
VALUES (9353, 388, 44, 9);
INSERT INTO ORDER_ITEM (ID, ORDER_ID, PRODUCT_ID, QUANTITY)
VALUES (9354, 388, 29, 10);
INSERT INTO ORDER_ITEM (ID, ORDER_ID, PRODUCT_ID, QUANTITY)
VALUES (9355, 388, 33, 14);
INSERT INTO ORDER_ITEM (ID, ORDER_ID, PRODUCT_ID, QUANTITY)
VALUES (9356, 388, 19, 20);
INSERT INTO ORDER_ITEM (ID, ORDER_ID, PRODUCT_ID, QUANTITY)
VALUES (9357, 388, 28, 19);
INSERT INTO ORDER_ITEM (ID, ORDER_ID, PRODUCT_ID, QUANTITY)
VALUES (9358, 388, 18, 9);
INSERT INTO ORDER_ITEM (ID, ORDER_ID, PRODUCT_ID, QUANTITY)
VALUES (9359, 388, 35, 1);
INSERT INTO ORDER_ITEM (ID, ORDER_ID, PRODUCT_ID, QUANTITY)
VALUES (9360, 388, 38, 14);
INSERT INTO ORDER_ITEM (ID, ORDER_ID, PRODUCT_ID, QUANTITY)
VALUES (9361, 388, 43, 7);
INSERT INTO ORDER_ITEM (ID, ORDER_ID, PRODUCT_ID, QUANTITY)
VALUES (9362, 388, 31, 19);
INSERT INTO ORDER_ITEM (ID, ORDER_ID, PRODUCT_ID, QUANTITY)
VALUES (9363, 388, 30, 5);
INSERT INTO ORDER_ITEM (ID, ORDER_ID, PRODUCT_ID, QUANTITY)
VALUES (9364, 388, 13, 18);
INSERT INTO ORDER_ITEM (ID, ORDER_ID, PRODUCT_ID, QUANTITY)
VALUES (9365, 388, 53, 0);
INSERT INTO ORDER_ITEM (ID, ORDER_ID, PRODUCT_ID, QUANTITY)
VALUES (9366, 388, 32, 2);
INSERT INTO ORDER_ITEM (ID, ORDER_ID, PRODUCT_ID, QUANTITY)
VALUES (9367, 388, 47, 20);
INSERT INTO ORDER_ITEM (ID, ORDER_ID, PRODUCT_ID, QUANTITY)
VALUES (9368, 388, 42, 18);
INSERT INTO ORDER_ITEM (ID, ORDER_ID, PRODUCT_ID, QUANTITY)
VALUES (9369, 388, 56, 4);
INSERT INTO ORDER_ITEM (ID, ORDER_ID, PRODUCT_ID, QUANTITY)
VALUES (9370, 388, 52, 11);
INSERT INTO ORDER_ITEM (ID, ORDER_ID, PRODUCT_ID, QUANTITY)
VALUES (9371, 388, 26, 18);
INSERT INTO ORDER_ITEM (ID, ORDER_ID, PRODUCT_ID, QUANTITY)
VALUES (9372, 388, 24, 19);
INSERT INTO ORDER_ITEM (ID, ORDER_ID, PRODUCT_ID, QUANTITY)
VALUES (9373, 388, 17, 9);
-- ### ORDER 379
INSERT INTO PAYMENT_DETAIL(ID, AMOUNT, PROVIDER, PROVIDER_PAYMENT_UUID)
VALUES (389, 1942.0, 'MASTERCARD', '735799117');
INSERT INTO ORDERS (ID, CUST_ID, PAYMENT_ID, STATUS, AMOUNT, CREATED_ON, UPDATED_ON)
VALUES (389, 777, 389, 'DELIVERED', 1942.0, LOCALTIMESTAMP, LOCALTIMESTAMP);
INSERT INTO ORDER_ITEM (ID, ORDER_ID, PRODUCT_ID, QUANTITY)
VALUES (9374, 389, 56, 13);
INSERT INTO ORDER_ITEM (ID, ORDER_ID, PRODUCT_ID, QUANTITY)
VALUES (9375, 389, 22, 11);
INSERT INTO ORDER_ITEM (ID, ORDER_ID, PRODUCT_ID, QUANTITY)
VALUES (9376, 389, 19, 6);
INSERT INTO ORDER_ITEM (ID, ORDER_ID, PRODUCT_ID, QUANTITY)
VALUES (9377, 389, 38, 4);
INSERT INTO ORDER_ITEM (ID, ORDER_ID, PRODUCT_ID, QUANTITY)
VALUES (9378, 389, 26, 15);
INSERT INTO ORDER_ITEM (ID, ORDER_ID, PRODUCT_ID, QUANTITY)
VALUES (9379, 389, 35, 1);
INSERT INTO ORDER_ITEM (ID, ORDER_ID, PRODUCT_ID, QUANTITY)
VALUES (9380, 389, 28, 20);
INSERT INTO ORDER_ITEM (ID, ORDER_ID, PRODUCT_ID, QUANTITY)
VALUES (9381, 389, 11, 1);
INSERT INTO ORDER_ITEM (ID, ORDER_ID, PRODUCT_ID, QUANTITY)
VALUES (9382, 389, 30, 7);
INSERT INTO ORDER_ITEM (ID, ORDER_ID, PRODUCT_ID, QUANTITY)
VALUES (9383, 389, 20, 10);
INSERT INTO ORDER_ITEM (ID, ORDER_ID, PRODUCT_ID, QUANTITY)
VALUES (9384, 389, 42, 1);
INSERT INTO ORDER_ITEM (ID, ORDER_ID, PRODUCT_ID, QUANTITY)
VALUES (9385, 389, 44, 17);
INSERT INTO ORDER_ITEM (ID, ORDER_ID, PRODUCT_ID, QUANTITY)
VALUES (9386, 389, 25, 2);
INSERT INTO ORDER_ITEM (ID, ORDER_ID, PRODUCT_ID, QUANTITY)
VALUES (9387, 389, 50, 10);
INSERT INTO ORDER_ITEM (ID, ORDER_ID, PRODUCT_ID, QUANTITY)
VALUES (9388, 389, 51, 14);
INSERT INTO ORDER_ITEM (ID, ORDER_ID, PRODUCT_ID, QUANTITY)
VALUES (9389, 389, 53, 6);
INSERT INTO ORDER_ITEM (ID, ORDER_ID, PRODUCT_ID, QUANTITY)
VALUES (9390, 389, 52, 13);
INSERT INTO ORDER_ITEM (ID, ORDER_ID, PRODUCT_ID, QUANTITY)
VALUES (9391, 389, 16, 16);
INSERT INTO ORDER_ITEM (ID, ORDER_ID, PRODUCT_ID, QUANTITY)
VALUES (9392, 389, 40, 13);
INSERT INTO ORDER_ITEM (ID, ORDER_ID, PRODUCT_ID, QUANTITY)
VALUES (9393, 389, 15, 6);
INSERT INTO ORDER_ITEM (ID, ORDER_ID, PRODUCT_ID, QUANTITY)
VALUES (9394, 389, 29, 7);
INSERT INTO ORDER_ITEM (ID, ORDER_ID, PRODUCT_ID, QUANTITY)
VALUES (9395, 389, 12, 16);
INSERT INTO ORDER_ITEM (ID, ORDER_ID, PRODUCT_ID, QUANTITY)
VALUES (9396, 389, 43, 17);
INSERT INTO ORDER_ITEM (ID, ORDER_ID, PRODUCT_ID, QUANTITY)
VALUES (9397, 389, 41, 15);
INSERT INTO ORDER_ITEM (ID, ORDER_ID, PRODUCT_ID, QUANTITY)
VALUES (9398, 389, 47, 5);
INSERT INTO ORDER_ITEM (ID, ORDER_ID, PRODUCT_ID, QUANTITY)
VALUES (9399, 389, 18, 8);
INSERT INTO ORDER_ITEM (ID, ORDER_ID, PRODUCT_ID, QUANTITY)
VALUES (9400, 389, 59, 17);
INSERT INTO ORDER_ITEM (ID, ORDER_ID, PRODUCT_ID, QUANTITY)
VALUES (9401, 389, 57, 16);
INSERT INTO ORDER_ITEM (ID, ORDER_ID, PRODUCT_ID, QUANTITY)
VALUES (9402, 389, 23, 1);
INSERT INTO ORDER_ITEM (ID, ORDER_ID, PRODUCT_ID, QUANTITY)
VALUES (9403, 389, 37, 14);
INSERT INTO ORDER_ITEM (ID, ORDER_ID, PRODUCT_ID, QUANTITY)
VALUES (9404, 389, 48, 3);
INSERT INTO ORDER_ITEM (ID, ORDER_ID, PRODUCT_ID, QUANTITY)
VALUES (9405, 389, 60, 13);
INSERT INTO ORDER_ITEM (ID, ORDER_ID, PRODUCT_ID, QUANTITY)
VALUES (9406, 389, 21, 3);
INSERT INTO ORDER_ITEM (ID, ORDER_ID, PRODUCT_ID, QUANTITY)
VALUES (9407, 389, 45, 1);
INSERT INTO ORDER_ITEM (ID, ORDER_ID, PRODUCT_ID, QUANTITY)
VALUES (9408, 389, 49, 17);
INSERT INTO ORDER_ITEM (ID, ORDER_ID, PRODUCT_ID, QUANTITY)
VALUES (9409, 389, 27, 1);
INSERT INTO ORDER_ITEM (ID, ORDER_ID, PRODUCT_ID, QUANTITY)
VALUES (9410, 389, 36, 5);
INSERT INTO ORDER_ITEM (ID, ORDER_ID, PRODUCT_ID, QUANTITY)
VALUES (9411, 389, 24, 11);
INSERT INTO ORDER_ITEM (ID, ORDER_ID, PRODUCT_ID, QUANTITY)
VALUES (9412, 389, 14, 14);
INSERT INTO ORDER_ITEM (ID, ORDER_ID, PRODUCT_ID, QUANTITY)
VALUES (9413, 389, 46, 19);
INSERT INTO ORDER_ITEM (ID, ORDER_ID, PRODUCT_ID, QUANTITY)
VALUES (9414, 389, 55, 2);
INSERT INTO ORDER_ITEM (ID, ORDER_ID, PRODUCT_ID, QUANTITY)
VALUES (9415, 389, 39, 1);
INSERT INTO ORDER_ITEM (ID, ORDER_ID, PRODUCT_ID, QUANTITY)
VALUES (9416, 389, 32, 4);
INSERT INTO ORDER_ITEM (ID, ORDER_ID, PRODUCT_ID, QUANTITY)
VALUES (9417, 389, 13, 14);
INSERT INTO ORDER_ITEM (ID, ORDER_ID, PRODUCT_ID, QUANTITY)
VALUES (9418, 389, 33, 18);
INSERT INTO ORDER_ITEM (ID, ORDER_ID, PRODUCT_ID, QUANTITY)
VALUES (9419, 389, 34, 12);
INSERT INTO ORDER_ITEM (ID, ORDER_ID, PRODUCT_ID, QUANTITY)
VALUES (9420, 389, 58, 11);
-- ### ORDER 380
INSERT INTO PAYMENT_DETAIL(ID, AMOUNT, PROVIDER, PROVIDER_PAYMENT_UUID)
VALUES (390, 3328.0, 'MASTERCARD', '344171364');
INSERT INTO ORDERS (ID, CUST_ID, PAYMENT_ID, STATUS, AMOUNT, CREATED_ON, UPDATED_ON)
VALUES (390, 777, 390, 'DELIVERED', 3328.0, LOCALTIMESTAMP, LOCALTIMESTAMP);
INSERT INTO ORDER_ITEM (ID, ORDER_ID, PRODUCT_ID, QUANTITY)
VALUES (9421, 390, 26, 19);
INSERT INTO ORDER_ITEM (ID, ORDER_ID, PRODUCT_ID, QUANTITY)
VALUES (9422, 390, 31, 11);
INSERT INTO ORDER_ITEM (ID, ORDER_ID, PRODUCT_ID, QUANTITY)
VALUES (9423, 390, 49, 2);
INSERT INTO ORDER_ITEM (ID, ORDER_ID, PRODUCT_ID, QUANTITY)
VALUES (9424, 390, 20, 3);
INSERT INTO ORDER_ITEM (ID, ORDER_ID, PRODUCT_ID, QUANTITY)
VALUES (9425, 390, 34, 19);
INSERT INTO ORDER_ITEM (ID, ORDER_ID, PRODUCT_ID, QUANTITY)
VALUES (9426, 390, 21, 11);
INSERT INTO ORDER_ITEM (ID, ORDER_ID, PRODUCT_ID, QUANTITY)
VALUES (9427, 390, 18, 10);
INSERT INTO ORDER_ITEM (ID, ORDER_ID, PRODUCT_ID, QUANTITY)
VALUES (9428, 390, 58, 19);
INSERT INTO ORDER_ITEM (ID, ORDER_ID, PRODUCT_ID, QUANTITY)
VALUES (9429, 390, 24, 17);
INSERT INTO ORDER_ITEM (ID, ORDER_ID, PRODUCT_ID, QUANTITY)
VALUES (9430, 390, 52, 0);
INSERT INTO ORDER_ITEM (ID, ORDER_ID, PRODUCT_ID, QUANTITY)
VALUES (9431, 390, 39, 6);
INSERT INTO ORDER_ITEM (ID, ORDER_ID, PRODUCT_ID, QUANTITY)
VALUES (9432, 390, 29, 9);
INSERT INTO ORDER_ITEM (ID, ORDER_ID, PRODUCT_ID, QUANTITY)
VALUES (9433, 390, 17, 15);
INSERT INTO ORDER_ITEM (ID, ORDER_ID, PRODUCT_ID, QUANTITY)
VALUES (9434, 390, 32, 8);
INSERT INTO ORDER_ITEM (ID, ORDER_ID, PRODUCT_ID, QUANTITY)
VALUES (9435, 390, 22, 6);
INSERT INTO ORDER_ITEM (ID, ORDER_ID, PRODUCT_ID, QUANTITY)
VALUES (9436, 390, 44, 7);
INSERT INTO ORDER_ITEM (ID, ORDER_ID, PRODUCT_ID, QUANTITY)
VALUES (9437, 390, 19, 10);
INSERT INTO ORDER_ITEM (ID, ORDER_ID, PRODUCT_ID, QUANTITY)
VALUES (9438, 390, 38, 5);
INSERT INTO ORDER_ITEM (ID, ORDER_ID, PRODUCT_ID, QUANTITY)
VALUES (9439, 390, 50, 11);
INSERT INTO ORDER_ITEM (ID, ORDER_ID, PRODUCT_ID, QUANTITY)
VALUES (9440, 390, 23, 14);
INSERT INTO ORDER_ITEM (ID, ORDER_ID, PRODUCT_ID, QUANTITY)
VALUES (9441, 390, 47, 5);
INSERT INTO ORDER_ITEM (ID, ORDER_ID, PRODUCT_ID, QUANTITY)
VALUES (9442, 390, 15, 14);
INSERT INTO ORDER_ITEM (ID, ORDER_ID, PRODUCT_ID, QUANTITY)
VALUES (9443, 390, 14, 19);
INSERT INTO ORDER_ITEM (ID, ORDER_ID, PRODUCT_ID, QUANTITY)
VALUES (9444, 390, 16, 18);
INSERT INTO ORDER_ITEM (ID, ORDER_ID, PRODUCT_ID, QUANTITY)
VALUES (9445, 390, 46, 8);
INSERT INTO ORDER_ITEM (ID, ORDER_ID, PRODUCT_ID, QUANTITY)
VALUES (9446, 390, 41, 10);
INSERT INTO ORDER_ITEM (ID, ORDER_ID, PRODUCT_ID, QUANTITY)
VALUES (9447, 390, 51, 17);
INSERT INTO ORDER_ITEM (ID, ORDER_ID, PRODUCT_ID, QUANTITY)
VALUES (9448, 390, 27, 20);
INSERT INTO ORDER_ITEM (ID, ORDER_ID, PRODUCT_ID, QUANTITY)
VALUES (9449, 390, 28, 2);
INSERT INTO ORDER_ITEM (ID, ORDER_ID, PRODUCT_ID, QUANTITY)
VALUES (9450, 390, 60, 17);
INSERT INTO ORDER_ITEM (ID, ORDER_ID, PRODUCT_ID, QUANTITY)
VALUES (9451, 390, 11, 5);
INSERT INTO ORDER_ITEM (ID, ORDER_ID, PRODUCT_ID, QUANTITY)
VALUES (9452, 390, 48, 19);
INSERT INTO ORDER_ITEM (ID, ORDER_ID, PRODUCT_ID, QUANTITY)
VALUES (9453, 390, 37, 7);
INSERT INTO ORDER_ITEM (ID, ORDER_ID, PRODUCT_ID, QUANTITY)
VALUES (9454, 390, 56, 17);
INSERT INTO ORDER_ITEM (ID, ORDER_ID, PRODUCT_ID, QUANTITY)
VALUES (9455, 390, 13, 0);
INSERT INTO ORDER_ITEM (ID, ORDER_ID, PRODUCT_ID, QUANTITY)
VALUES (9456, 390, 35, 20);
INSERT INTO ORDER_ITEM (ID, ORDER_ID, PRODUCT_ID, QUANTITY)
VALUES (9457, 390, 53, 18);
INSERT INTO ORDER_ITEM (ID, ORDER_ID, PRODUCT_ID, QUANTITY)
VALUES (9458, 390, 33, 12);
INSERT INTO ORDER_ITEM (ID, ORDER_ID, PRODUCT_ID, QUANTITY)
VALUES (9459, 390, 42, 0);
INSERT INTO ORDER_ITEM (ID, ORDER_ID, PRODUCT_ID, QUANTITY)
VALUES (9460, 390, 54, 5);
INSERT INTO ORDER_ITEM (ID, ORDER_ID, PRODUCT_ID, QUANTITY)
VALUES (9461, 390, 45, 13);
INSERT INTO ORDER_ITEM (ID, ORDER_ID, PRODUCT_ID, QUANTITY)
VALUES (9462, 390, 55, 1);
INSERT INTO ORDER_ITEM (ID, ORDER_ID, PRODUCT_ID, QUANTITY)
VALUES (9463, 390, 43, 5);
INSERT INTO ORDER_ITEM (ID, ORDER_ID, PRODUCT_ID, QUANTITY)
VALUES (9464, 390, 40, 14);
INSERT INTO ORDER_ITEM (ID, ORDER_ID, PRODUCT_ID, QUANTITY)
VALUES (9465, 390, 30, 19);
-- ### ORDER 381
INSERT INTO PAYMENT_DETAIL(ID, AMOUNT, PROVIDER, PROVIDER_PAYMENT_UUID)
VALUES (391, 1966.0, 'CRYPTO', '63152971');
INSERT INTO ORDERS (ID, CUST_ID, PAYMENT_ID, STATUS, AMOUNT, CREATED_ON, UPDATED_ON)
VALUES (391, 777, 391, 'DELIVERED', 1966.0, LOCALTIMESTAMP, LOCALTIMESTAMP);
INSERT INTO ORDER_ITEM (ID, ORDER_ID, PRODUCT_ID, QUANTITY)
VALUES (9466, 391, 24, 7);
INSERT INTO ORDER_ITEM (ID, ORDER_ID, PRODUCT_ID, QUANTITY)
VALUES (9467, 391, 16, 2);
INSERT INTO ORDER_ITEM (ID, ORDER_ID, PRODUCT_ID, QUANTITY)
VALUES (9468, 391, 54, 11);
INSERT INTO ORDER_ITEM (ID, ORDER_ID, PRODUCT_ID, QUANTITY)
VALUES (9469, 391, 39, 13);
INSERT INTO ORDER_ITEM (ID, ORDER_ID, PRODUCT_ID, QUANTITY)
VALUES (9470, 391, 14, 18);
INSERT INTO ORDER_ITEM (ID, ORDER_ID, PRODUCT_ID, QUANTITY)
VALUES (9471, 391, 48, 0);
INSERT INTO ORDER_ITEM (ID, ORDER_ID, PRODUCT_ID, QUANTITY)
VALUES (9472, 391, 60, 5);
INSERT INTO ORDER_ITEM (ID, ORDER_ID, PRODUCT_ID, QUANTITY)
VALUES (9473, 391, 58, 13);
INSERT INTO ORDER_ITEM (ID, ORDER_ID, PRODUCT_ID, QUANTITY)
VALUES (9474, 391, 21, 3);
INSERT INTO ORDER_ITEM (ID, ORDER_ID, PRODUCT_ID, QUANTITY)
VALUES (9475, 391, 23, 8);
INSERT INTO ORDER_ITEM (ID, ORDER_ID, PRODUCT_ID, QUANTITY)
VALUES (9476, 391, 27, 15);
-- ### ORDER 382
INSERT INTO PAYMENT_DETAIL(ID, AMOUNT, PROVIDER, PROVIDER_PAYMENT_UUID)
VALUES (392, 3404.0, 'MASTERCARD', '815168313');
INSERT INTO ORDERS (ID, CUST_ID, PAYMENT_ID, STATUS, AMOUNT, CREATED_ON, UPDATED_ON)
VALUES (392, 777, 392, 'DELIVERED', 3404.0, LOCALTIMESTAMP, LOCALTIMESTAMP);
INSERT INTO ORDER_ITEM (ID, ORDER_ID, PRODUCT_ID, QUANTITY)
VALUES (9477, 392, 45, 3);
INSERT INTO ORDER_ITEM (ID, ORDER_ID, PRODUCT_ID, QUANTITY)
VALUES (9478, 392, 38, 11);
INSERT INTO ORDER_ITEM (ID, ORDER_ID, PRODUCT_ID, QUANTITY)
VALUES (9479, 392, 20, 20);
INSERT INTO ORDER_ITEM (ID, ORDER_ID, PRODUCT_ID, QUANTITY)
VALUES (9480, 392, 14, 16);
INSERT INTO ORDER_ITEM (ID, ORDER_ID, PRODUCT_ID, QUANTITY)
VALUES (9481, 392, 26, 4);
INSERT INTO ORDER_ITEM (ID, ORDER_ID, PRODUCT_ID, QUANTITY)
VALUES (9482, 392, 35, 19);
INSERT INTO ORDER_ITEM (ID, ORDER_ID, PRODUCT_ID, QUANTITY)
VALUES (9483, 392, 36, 14);
INSERT INTO ORDER_ITEM (ID, ORDER_ID, PRODUCT_ID, QUANTITY)
VALUES (9484, 392, 28, 5);
INSERT INTO ORDER_ITEM (ID, ORDER_ID, PRODUCT_ID, QUANTITY)
VALUES (9485, 392, 22, 8);
INSERT INTO ORDER_ITEM (ID, ORDER_ID, PRODUCT_ID, QUANTITY)
VALUES (9486, 392, 17, 8);
INSERT INTO ORDER_ITEM (ID, ORDER_ID, PRODUCT_ID, QUANTITY)
VALUES (9487, 392, 40, 11);
INSERT INTO ORDER_ITEM (ID, ORDER_ID, PRODUCT_ID, QUANTITY)
VALUES (9488, 392, 58, 11);
INSERT INTO ORDER_ITEM (ID, ORDER_ID, PRODUCT_ID, QUANTITY)
VALUES (9489, 392, 59, 1);
INSERT INTO ORDER_ITEM (ID, ORDER_ID, PRODUCT_ID, QUANTITY)
VALUES (9490, 392, 23, 13);
INSERT INTO ORDER_ITEM (ID, ORDER_ID, PRODUCT_ID, QUANTITY)
VALUES (9491, 392, 60, 1);
INSERT INTO ORDER_ITEM (ID, ORDER_ID, PRODUCT_ID, QUANTITY)
VALUES (9492, 392, 51, 9);
INSERT INTO ORDER_ITEM (ID, ORDER_ID, PRODUCT_ID, QUANTITY)
VALUES (9493, 392, 21, 1);
INSERT INTO ORDER_ITEM (ID, ORDER_ID, PRODUCT_ID, QUANTITY)
VALUES (9494, 392, 41, 19);
INSERT INTO ORDER_ITEM (ID, ORDER_ID, PRODUCT_ID, QUANTITY)
VALUES (9495, 392, 25, 12);
INSERT INTO ORDER_ITEM (ID, ORDER_ID, PRODUCT_ID, QUANTITY)
VALUES (9496, 392, 33, 18);
INSERT INTO ORDER_ITEM (ID, ORDER_ID, PRODUCT_ID, QUANTITY)
VALUES (9497, 392, 18, 2);
INSERT INTO ORDER_ITEM (ID, ORDER_ID, PRODUCT_ID, QUANTITY)
VALUES (9498, 392, 15, 9);
INSERT INTO ORDER_ITEM (ID, ORDER_ID, PRODUCT_ID, QUANTITY)
VALUES (9499, 392, 29, 18);
INSERT INTO ORDER_ITEM (ID, ORDER_ID, PRODUCT_ID, QUANTITY)
VALUES (9500, 392, 50, 14);
INSERT INTO ORDER_ITEM (ID, ORDER_ID, PRODUCT_ID, QUANTITY)
VALUES (9501, 392, 53, 14);
INSERT INTO ORDER_ITEM (ID, ORDER_ID, PRODUCT_ID, QUANTITY)
VALUES (9502, 392, 39, 16);
INSERT INTO ORDER_ITEM (ID, ORDER_ID, PRODUCT_ID, QUANTITY)
VALUES (9503, 392, 55, 7);
INSERT INTO ORDER_ITEM (ID, ORDER_ID, PRODUCT_ID, QUANTITY)
VALUES (9504, 392, 27, 3);
INSERT INTO ORDER_ITEM (ID, ORDER_ID, PRODUCT_ID, QUANTITY)
VALUES (9505, 392, 56, 7);
-- ### ORDER 383
INSERT INTO PAYMENT_DETAIL(ID, AMOUNT, PROVIDER, PROVIDER_PAYMENT_UUID)
VALUES (393, 2697.0, 'ICARD', '250093440');
INSERT INTO ORDERS (ID, CUST_ID, PAYMENT_ID, STATUS, AMOUNT, CREATED_ON, UPDATED_ON)
VALUES (393, 777, 393, 'DELIVERED', 2697.0, LOCALTIMESTAMP, LOCALTIMESTAMP);
INSERT INTO ORDER_ITEM (ID, ORDER_ID, PRODUCT_ID, QUANTITY)
VALUES (9506, 393, 45, 5);
INSERT INTO ORDER_ITEM (ID, ORDER_ID, PRODUCT_ID, QUANTITY)
VALUES (9507, 393, 12, 1);
INSERT INTO ORDER_ITEM (ID, ORDER_ID, PRODUCT_ID, QUANTITY)
VALUES (9508, 393, 60, 7);
INSERT INTO ORDER_ITEM (ID, ORDER_ID, PRODUCT_ID, QUANTITY)
VALUES (9509, 393, 29, 17);
INSERT INTO ORDER_ITEM (ID, ORDER_ID, PRODUCT_ID, QUANTITY)
VALUES (9510, 393, 57, 11);
INSERT INTO ORDER_ITEM (ID, ORDER_ID, PRODUCT_ID, QUANTITY)
VALUES (9511, 393, 32, 17);
INSERT INTO ORDER_ITEM (ID, ORDER_ID, PRODUCT_ID, QUANTITY)
VALUES (9512, 393, 25, 20);
INSERT INTO ORDER_ITEM (ID, ORDER_ID, PRODUCT_ID, QUANTITY)
VALUES (9513, 393, 11, 20);
INSERT INTO ORDER_ITEM (ID, ORDER_ID, PRODUCT_ID, QUANTITY)
VALUES (9514, 393, 54, 3);
INSERT INTO ORDER_ITEM (ID, ORDER_ID, PRODUCT_ID, QUANTITY)
VALUES (9515, 393, 23, 12);
INSERT INTO ORDER_ITEM (ID, ORDER_ID, PRODUCT_ID, QUANTITY)
VALUES (9516, 393, 47, 12);
INSERT INTO ORDER_ITEM (ID, ORDER_ID, PRODUCT_ID, QUANTITY)
VALUES (9517, 393, 55, 1);
INSERT INTO ORDER_ITEM (ID, ORDER_ID, PRODUCT_ID, QUANTITY)
VALUES (9518, 393, 24, 1);
INSERT INTO ORDER_ITEM (ID, ORDER_ID, PRODUCT_ID, QUANTITY)
VALUES (9519, 393, 50, 10);
INSERT INTO ORDER_ITEM (ID, ORDER_ID, PRODUCT_ID, QUANTITY)
VALUES (9520, 393, 59, 17);
INSERT INTO ORDER_ITEM (ID, ORDER_ID, PRODUCT_ID, QUANTITY)
VALUES (9521, 393, 15, 9);
-- ### ORDER 384
INSERT INTO PAYMENT_DETAIL(ID, AMOUNT, PROVIDER, PROVIDER_PAYMENT_UUID)
VALUES (394, 2572.0, 'MASTERCARD', '384864045');
INSERT INTO ORDERS (ID, CUST_ID, PAYMENT_ID, STATUS, AMOUNT, CREATED_ON, UPDATED_ON)
VALUES (394, 777, 394, 'DELIVERED', 2572.0, LOCALTIMESTAMP, LOCALTIMESTAMP);
INSERT INTO ORDER_ITEM (ID, ORDER_ID, PRODUCT_ID, QUANTITY)
VALUES (9522, 394, 51, 7);
INSERT INTO ORDER_ITEM (ID, ORDER_ID, PRODUCT_ID, QUANTITY)
VALUES (9523, 394, 25, 20);
INSERT INTO ORDER_ITEM (ID, ORDER_ID, PRODUCT_ID, QUANTITY)
VALUES (9524, 394, 42, 5);
INSERT INTO ORDER_ITEM (ID, ORDER_ID, PRODUCT_ID, QUANTITY)
VALUES (9525, 394, 39, 0);
INSERT INTO ORDER_ITEM (ID, ORDER_ID, PRODUCT_ID, QUANTITY)
VALUES (9526, 394, 21, 10);
INSERT INTO ORDER_ITEM (ID, ORDER_ID, PRODUCT_ID, QUANTITY)
VALUES (9527, 394, 29, 8);
INSERT INTO ORDER_ITEM (ID, ORDER_ID, PRODUCT_ID, QUANTITY)
VALUES (9528, 394, 17, 3);
INSERT INTO ORDER_ITEM (ID, ORDER_ID, PRODUCT_ID, QUANTITY)
VALUES (9529, 394, 47, 2);
INSERT INTO ORDER_ITEM (ID, ORDER_ID, PRODUCT_ID, QUANTITY)
VALUES (9530, 394, 18, 2);
INSERT INTO ORDER_ITEM (ID, ORDER_ID, PRODUCT_ID, QUANTITY)
VALUES (9531, 394, 16, 16);
-- ### ORDER 385
INSERT INTO PAYMENT_DETAIL(ID, AMOUNT, PROVIDER, PROVIDER_PAYMENT_UUID)
VALUES (395, 485.0, 'MASTERCARD', '2505122');
INSERT INTO ORDERS (ID, CUST_ID, PAYMENT_ID, STATUS, AMOUNT, CREATED_ON, UPDATED_ON)
VALUES (395, 777, 395, 'DELIVERED', 485.0, LOCALTIMESTAMP, LOCALTIMESTAMP);
INSERT INTO ORDER_ITEM (ID, ORDER_ID, PRODUCT_ID, QUANTITY)
VALUES (9532, 395, 14, 18);
INSERT INTO ORDER_ITEM (ID, ORDER_ID, PRODUCT_ID, QUANTITY)
VALUES (9533, 395, 49, 4);
INSERT INTO ORDER_ITEM (ID, ORDER_ID, PRODUCT_ID, QUANTITY)
VALUES (9534, 395, 60, 18);
INSERT INTO ORDER_ITEM (ID, ORDER_ID, PRODUCT_ID, QUANTITY)
VALUES (9535, 395, 16, 4);
INSERT INTO ORDER_ITEM (ID, ORDER_ID, PRODUCT_ID, QUANTITY)
VALUES (9536, 395, 35, 10);
INSERT INTO ORDER_ITEM (ID, ORDER_ID, PRODUCT_ID, QUANTITY)
VALUES (9537, 395, 22, 5);
INSERT INTO ORDER_ITEM (ID, ORDER_ID, PRODUCT_ID, QUANTITY)
VALUES (9538, 395, 31, 4);
INSERT INTO ORDER_ITEM (ID, ORDER_ID, PRODUCT_ID, QUANTITY)
VALUES (9539, 395, 19, 17);
INSERT INTO ORDER_ITEM (ID, ORDER_ID, PRODUCT_ID, QUANTITY)
VALUES (9540, 395, 52, 1);
INSERT INTO ORDER_ITEM (ID, ORDER_ID, PRODUCT_ID, QUANTITY)
VALUES (9541, 395, 21, 11);
INSERT INTO ORDER_ITEM (ID, ORDER_ID, PRODUCT_ID, QUANTITY)
VALUES (9542, 395, 46, 19);
INSERT INTO ORDER_ITEM (ID, ORDER_ID, PRODUCT_ID, QUANTITY)
VALUES (9543, 395, 24, 4);
INSERT INTO ORDER_ITEM (ID, ORDER_ID, PRODUCT_ID, QUANTITY)
VALUES (9544, 395, 54, 14);
INSERT INTO ORDER_ITEM (ID, ORDER_ID, PRODUCT_ID, QUANTITY)
VALUES (9545, 395, 13, 16);
INSERT INTO ORDER_ITEM (ID, ORDER_ID, PRODUCT_ID, QUANTITY)
VALUES (9546, 395, 44, 7);
INSERT INTO ORDER_ITEM (ID, ORDER_ID, PRODUCT_ID, QUANTITY)
VALUES (9547, 395, 17, 5);
INSERT INTO ORDER_ITEM (ID, ORDER_ID, PRODUCT_ID, QUANTITY)
VALUES (9548, 395, 33, 18);
INSERT INTO ORDER_ITEM (ID, ORDER_ID, PRODUCT_ID, QUANTITY)
VALUES (9549, 395, 41, 19);
INSERT INTO ORDER_ITEM (ID, ORDER_ID, PRODUCT_ID, QUANTITY)
VALUES (9550, 395, 28, 7);
INSERT INTO ORDER_ITEM (ID, ORDER_ID, PRODUCT_ID, QUANTITY)
VALUES (9551, 395, 25, 4);
INSERT INTO ORDER_ITEM (ID, ORDER_ID, PRODUCT_ID, QUANTITY)
VALUES (9552, 395, 53, 9);
INSERT INTO ORDER_ITEM (ID, ORDER_ID, PRODUCT_ID, QUANTITY)
VALUES (9553, 395, 42, 10);
INSERT INTO ORDER_ITEM (ID, ORDER_ID, PRODUCT_ID, QUANTITY)
VALUES (9554, 395, 57, 18);
INSERT INTO ORDER_ITEM (ID, ORDER_ID, PRODUCT_ID, QUANTITY)
VALUES (9555, 395, 26, 19);
INSERT INTO ORDER_ITEM (ID, ORDER_ID, PRODUCT_ID, QUANTITY)
VALUES (9556, 395, 51, 12);
INSERT INTO ORDER_ITEM (ID, ORDER_ID, PRODUCT_ID, QUANTITY)
VALUES (9557, 395, 27, 1);
INSERT INTO ORDER_ITEM (ID, ORDER_ID, PRODUCT_ID, QUANTITY)
VALUES (9558, 395, 15, 0);
INSERT INTO ORDER_ITEM (ID, ORDER_ID, PRODUCT_ID, QUANTITY)
VALUES (9559, 395, 59, 11);
INSERT INTO ORDER_ITEM (ID, ORDER_ID, PRODUCT_ID, QUANTITY)
VALUES (9560, 395, 37, 17);
INSERT INTO ORDER_ITEM (ID, ORDER_ID, PRODUCT_ID, QUANTITY)
VALUES (9561, 395, 58, 9);
INSERT INTO ORDER_ITEM (ID, ORDER_ID, PRODUCT_ID, QUANTITY)
VALUES (9562, 395, 11, 19);
INSERT INTO ORDER_ITEM (ID, ORDER_ID, PRODUCT_ID, QUANTITY)
VALUES (9563, 395, 38, 7);
INSERT INTO ORDER_ITEM (ID, ORDER_ID, PRODUCT_ID, QUANTITY)
VALUES (9564, 395, 20, 17);
INSERT INTO ORDER_ITEM (ID, ORDER_ID, PRODUCT_ID, QUANTITY)
VALUES (9565, 395, 12, 11);
INSERT INTO ORDER_ITEM (ID, ORDER_ID, PRODUCT_ID, QUANTITY)
VALUES (9566, 395, 48, 19);
INSERT INTO ORDER_ITEM (ID, ORDER_ID, PRODUCT_ID, QUANTITY)
VALUES (9567, 395, 23, 13);
INSERT INTO ORDER_ITEM (ID, ORDER_ID, PRODUCT_ID, QUANTITY)
VALUES (9568, 395, 47, 5);
INSERT INTO ORDER_ITEM (ID, ORDER_ID, PRODUCT_ID, QUANTITY)
VALUES (9569, 395, 36, 6);
INSERT INTO ORDER_ITEM (ID, ORDER_ID, PRODUCT_ID, QUANTITY)
VALUES (9570, 395, 43, 9);
-- ### ORDER 386
INSERT INTO PAYMENT_DETAIL(ID, AMOUNT, PROVIDER, PROVIDER_PAYMENT_UUID)
VALUES (396, 403.0, 'MASTERCARD', '150462733');
INSERT INTO ORDERS (ID, CUST_ID, PAYMENT_ID, STATUS, AMOUNT, CREATED_ON, UPDATED_ON)
VALUES (396, 777, 396, 'DELIVERED', 403.0, LOCALTIMESTAMP, LOCALTIMESTAMP);
INSERT INTO ORDER_ITEM (ID, ORDER_ID, PRODUCT_ID, QUANTITY)
VALUES (9571, 396, 19, 15);
INSERT INTO ORDER_ITEM (ID, ORDER_ID, PRODUCT_ID, QUANTITY)
VALUES (9572, 396, 12, 5);
INSERT INTO ORDER_ITEM (ID, ORDER_ID, PRODUCT_ID, QUANTITY)
VALUES (9573, 396, 14, 11);
INSERT INTO ORDER_ITEM (ID, ORDER_ID, PRODUCT_ID, QUANTITY)
VALUES (9574, 396, 56, 20);
INSERT INTO ORDER_ITEM (ID, ORDER_ID, PRODUCT_ID, QUANTITY)
VALUES (9575, 396, 46, 17);
INSERT INTO ORDER_ITEM (ID, ORDER_ID, PRODUCT_ID, QUANTITY)
VALUES (9576, 396, 50, 4);
INSERT INTO ORDER_ITEM (ID, ORDER_ID, PRODUCT_ID, QUANTITY)
VALUES (9577, 396, 25, 0);
INSERT INTO ORDER_ITEM (ID, ORDER_ID, PRODUCT_ID, QUANTITY)
VALUES (9578, 396, 35, 17);
INSERT INTO ORDER_ITEM (ID, ORDER_ID, PRODUCT_ID, QUANTITY)
VALUES (9579, 396, 40, 0);
INSERT INTO ORDER_ITEM (ID, ORDER_ID, PRODUCT_ID, QUANTITY)
VALUES (9580, 396, 37, 11);
INSERT INTO ORDER_ITEM (ID, ORDER_ID, PRODUCT_ID, QUANTITY)
VALUES (9581, 396, 27, 17);
INSERT INTO ORDER_ITEM (ID, ORDER_ID, PRODUCT_ID, QUANTITY)
VALUES (9582, 396, 26, 11);
INSERT INTO ORDER_ITEM (ID, ORDER_ID, PRODUCT_ID, QUANTITY)
VALUES (9583, 396, 53, 17);
INSERT INTO ORDER_ITEM (ID, ORDER_ID, PRODUCT_ID, QUANTITY)
VALUES (9584, 396, 57, 16);
-- ### ORDER 387
INSERT INTO PAYMENT_DETAIL(ID, AMOUNT, PROVIDER, PROVIDER_PAYMENT_UUID)
VALUES (397, 898.0, 'MASTERCARD', '403760941');
INSERT INTO ORDERS (ID, CUST_ID, PAYMENT_ID, STATUS, AMOUNT, CREATED_ON, UPDATED_ON)
VALUES (397, 777, 397, 'DELIVERED', 898.0, LOCALTIMESTAMP, LOCALTIMESTAMP);
INSERT INTO ORDER_ITEM (ID, ORDER_ID, PRODUCT_ID, QUANTITY)
VALUES (9585, 397, 33, 13);
INSERT INTO ORDER_ITEM (ID, ORDER_ID, PRODUCT_ID, QUANTITY)
VALUES (9586, 397, 23, 19);
INSERT INTO ORDER_ITEM (ID, ORDER_ID, PRODUCT_ID, QUANTITY)
VALUES (9587, 397, 30, 20);
INSERT INTO ORDER_ITEM (ID, ORDER_ID, PRODUCT_ID, QUANTITY)
VALUES (9588, 397, 50, 17);
INSERT INTO ORDER_ITEM (ID, ORDER_ID, PRODUCT_ID, QUANTITY)
VALUES (9589, 397, 31, 19);
INSERT INTO ORDER_ITEM (ID, ORDER_ID, PRODUCT_ID, QUANTITY)
VALUES (9590, 397, 22, 4);
INSERT INTO ORDER_ITEM (ID, ORDER_ID, PRODUCT_ID, QUANTITY)
VALUES (9591, 397, 13, 19);
INSERT INTO ORDER_ITEM (ID, ORDER_ID, PRODUCT_ID, QUANTITY)
VALUES (9592, 397, 47, 9);
INSERT INTO ORDER_ITEM (ID, ORDER_ID, PRODUCT_ID, QUANTITY)
VALUES (9593, 397, 58, 11);
INSERT INTO ORDER_ITEM (ID, ORDER_ID, PRODUCT_ID, QUANTITY)
VALUES (9594, 397, 40, 12);
INSERT INTO ORDER_ITEM (ID, ORDER_ID, PRODUCT_ID, QUANTITY)
VALUES (9595, 397, 56, 16);
INSERT INTO ORDER_ITEM (ID, ORDER_ID, PRODUCT_ID, QUANTITY)
VALUES (9596, 397, 26, 15);
INSERT INTO ORDER_ITEM (ID, ORDER_ID, PRODUCT_ID, QUANTITY)
VALUES (9597, 397, 24, 11);
INSERT INTO ORDER_ITEM (ID, ORDER_ID, PRODUCT_ID, QUANTITY)
VALUES (9598, 397, 27, 5);
INSERT INTO ORDER_ITEM (ID, ORDER_ID, PRODUCT_ID, QUANTITY)
VALUES (9599, 397, 16, 1);
INSERT INTO ORDER_ITEM (ID, ORDER_ID, PRODUCT_ID, QUANTITY)
VALUES (9600, 397, 39, 2);
INSERT INTO ORDER_ITEM (ID, ORDER_ID, PRODUCT_ID, QUANTITY)
VALUES (9601, 397, 54, 2);
INSERT INTO ORDER_ITEM (ID, ORDER_ID, PRODUCT_ID, QUANTITY)
VALUES (9602, 397, 19, 9);
INSERT INTO ORDER_ITEM (ID, ORDER_ID, PRODUCT_ID, QUANTITY)
VALUES (9603, 397, 11, 11);
INSERT INTO ORDER_ITEM (ID, ORDER_ID, PRODUCT_ID, QUANTITY)
VALUES (9604, 397, 37, 3);
INSERT INTO ORDER_ITEM (ID, ORDER_ID, PRODUCT_ID, QUANTITY)
VALUES (9605, 397, 48, 0);
INSERT INTO ORDER_ITEM (ID, ORDER_ID, PRODUCT_ID, QUANTITY)
VALUES (9606, 397, 35, 12);
INSERT INTO ORDER_ITEM (ID, ORDER_ID, PRODUCT_ID, QUANTITY)
VALUES (9607, 397, 42, 9);
INSERT INTO ORDER_ITEM (ID, ORDER_ID, PRODUCT_ID, QUANTITY)
VALUES (9608, 397, 45, 15);
INSERT INTO ORDER_ITEM (ID, ORDER_ID, PRODUCT_ID, QUANTITY)
VALUES (9609, 397, 46, 17);
INSERT INTO ORDER_ITEM (ID, ORDER_ID, PRODUCT_ID, QUANTITY)
VALUES (9610, 397, 43, 11);
INSERT INTO ORDER_ITEM (ID, ORDER_ID, PRODUCT_ID, QUANTITY)
VALUES (9611, 397, 17, 11);
INSERT INTO ORDER_ITEM (ID, ORDER_ID, PRODUCT_ID, QUANTITY)
VALUES (9612, 397, 36, 13);
INSERT INTO ORDER_ITEM (ID, ORDER_ID, PRODUCT_ID, QUANTITY)
VALUES (9613, 397, 52, 15);
INSERT INTO ORDER_ITEM (ID, ORDER_ID, PRODUCT_ID, QUANTITY)
VALUES (9614, 397, 12, 10);
INSERT INTO ORDER_ITEM (ID, ORDER_ID, PRODUCT_ID, QUANTITY)
VALUES (9615, 397, 41, 3);
INSERT INTO ORDER_ITEM (ID, ORDER_ID, PRODUCT_ID, QUANTITY)
VALUES (9616, 397, 14, 20);
-- ### ORDER 388
INSERT INTO PAYMENT_DETAIL(ID, AMOUNT, PROVIDER, PROVIDER_PAYMENT_UUID)
VALUES (398, 786.0, 'VISA', '259167124');
INSERT INTO ORDERS (ID, CUST_ID, PAYMENT_ID, STATUS, AMOUNT, CREATED_ON, UPDATED_ON)
VALUES (398, 777, 398, 'DELIVERED', 786.0, LOCALTIMESTAMP, LOCALTIMESTAMP);
INSERT INTO ORDER_ITEM (ID, ORDER_ID, PRODUCT_ID, QUANTITY)
VALUES (9617, 398, 29, 3);
INSERT INTO ORDER_ITEM (ID, ORDER_ID, PRODUCT_ID, QUANTITY)
VALUES (9618, 398, 43, 13);
INSERT INTO ORDER_ITEM (ID, ORDER_ID, PRODUCT_ID, QUANTITY)
VALUES (9619, 398, 26, 12);
INSERT INTO ORDER_ITEM (ID, ORDER_ID, PRODUCT_ID, QUANTITY)
VALUES (9620, 398, 22, 3);
INSERT INTO ORDER_ITEM (ID, ORDER_ID, PRODUCT_ID, QUANTITY)
VALUES (9621, 398, 58, 9);
INSERT INTO ORDER_ITEM (ID, ORDER_ID, PRODUCT_ID, QUANTITY)
VALUES (9622, 398, 35, 7);
INSERT INTO ORDER_ITEM (ID, ORDER_ID, PRODUCT_ID, QUANTITY)
VALUES (9623, 398, 60, 17);
INSERT INTO ORDER_ITEM (ID, ORDER_ID, PRODUCT_ID, QUANTITY)
VALUES (9624, 398, 30, 13);
INSERT INTO ORDER_ITEM (ID, ORDER_ID, PRODUCT_ID, QUANTITY)
VALUES (9625, 398, 32, 16);
INSERT INTO ORDER_ITEM (ID, ORDER_ID, PRODUCT_ID, QUANTITY)
VALUES (9626, 398, 55, 10);
INSERT INTO ORDER_ITEM (ID, ORDER_ID, PRODUCT_ID, QUANTITY)
VALUES (9627, 398, 19, 5);
INSERT INTO ORDER_ITEM (ID, ORDER_ID, PRODUCT_ID, QUANTITY)
VALUES (9628, 398, 17, 13);
INSERT INTO ORDER_ITEM (ID, ORDER_ID, PRODUCT_ID, QUANTITY)
VALUES (9629, 398, 56, 3);
INSERT INTO ORDER_ITEM (ID, ORDER_ID, PRODUCT_ID, QUANTITY)
VALUES (9630, 398, 38, 13);
INSERT INTO ORDER_ITEM (ID, ORDER_ID, PRODUCT_ID, QUANTITY)
VALUES (9631, 398, 40, 17);
INSERT INTO ORDER_ITEM (ID, ORDER_ID, PRODUCT_ID, QUANTITY)
VALUES (9632, 398, 52, 14);
INSERT INTO ORDER_ITEM (ID, ORDER_ID, PRODUCT_ID, QUANTITY)
VALUES (9633, 398, 13, 10);
INSERT INTO ORDER_ITEM (ID, ORDER_ID, PRODUCT_ID, QUANTITY)
VALUES (9634, 398, 21, 5);
INSERT INTO ORDER_ITEM (ID, ORDER_ID, PRODUCT_ID, QUANTITY)
VALUES (9635, 398, 51, 11);
INSERT INTO ORDER_ITEM (ID, ORDER_ID, PRODUCT_ID, QUANTITY)
VALUES (9636, 398, 33, 13);
INSERT INTO ORDER_ITEM (ID, ORDER_ID, PRODUCT_ID, QUANTITY)
VALUES (9637, 398, 54, 0);
INSERT INTO ORDER_ITEM (ID, ORDER_ID, PRODUCT_ID, QUANTITY)
VALUES (9638, 398, 12, 17);
INSERT INTO ORDER_ITEM (ID, ORDER_ID, PRODUCT_ID, QUANTITY)
VALUES (9639, 398, 27, 14);
INSERT INTO ORDER_ITEM (ID, ORDER_ID, PRODUCT_ID, QUANTITY)
VALUES (9640, 398, 18, 1);
INSERT INTO ORDER_ITEM (ID, ORDER_ID, PRODUCT_ID, QUANTITY)
VALUES (9641, 398, 45, 8);
INSERT INTO ORDER_ITEM (ID, ORDER_ID, PRODUCT_ID, QUANTITY)
VALUES (9642, 398, 59, 14);
INSERT INTO ORDER_ITEM (ID, ORDER_ID, PRODUCT_ID, QUANTITY)
VALUES (9643, 398, 20, 17);
INSERT INTO ORDER_ITEM (ID, ORDER_ID, PRODUCT_ID, QUANTITY)
VALUES (9644, 398, 41, 16);
INSERT INTO ORDER_ITEM (ID, ORDER_ID, PRODUCT_ID, QUANTITY)
VALUES (9645, 398, 28, 12);
-- ### ORDER 389
INSERT INTO PAYMENT_DETAIL(ID, AMOUNT, PROVIDER, PROVIDER_PAYMENT_UUID)
VALUES (399, 313.0, 'ICARD', '844929531');
INSERT INTO ORDERS (ID, CUST_ID, PAYMENT_ID, STATUS, AMOUNT, CREATED_ON, UPDATED_ON)
VALUES (399, 777, 399, 'DELIVERED', 313.0, LOCALTIMESTAMP, LOCALTIMESTAMP);
INSERT INTO ORDER_ITEM (ID, ORDER_ID, PRODUCT_ID, QUANTITY)
VALUES (9646, 399, 22, 3);
INSERT INTO ORDER_ITEM (ID, ORDER_ID, PRODUCT_ID, QUANTITY)
VALUES (9647, 399, 46, 11);
INSERT INTO ORDER_ITEM (ID, ORDER_ID, PRODUCT_ID, QUANTITY)
VALUES (9648, 399, 30, 17);
INSERT INTO ORDER_ITEM (ID, ORDER_ID, PRODUCT_ID, QUANTITY)
VALUES (9649, 399, 51, 9);
INSERT INTO ORDER_ITEM (ID, ORDER_ID, PRODUCT_ID, QUANTITY)
VALUES (9650, 399, 32, 3);
INSERT INTO ORDER_ITEM (ID, ORDER_ID, PRODUCT_ID, QUANTITY)
VALUES (9651, 399, 41, 6);
INSERT INTO ORDER_ITEM (ID, ORDER_ID, PRODUCT_ID, QUANTITY)
VALUES (9652, 399, 52, 5);
INSERT INTO ORDER_ITEM (ID, ORDER_ID, PRODUCT_ID, QUANTITY)
VALUES (9653, 399, 37, 10);
INSERT INTO ORDER_ITEM (ID, ORDER_ID, PRODUCT_ID, QUANTITY)
VALUES (9654, 399, 58, 16);
INSERT INTO ORDER_ITEM (ID, ORDER_ID, PRODUCT_ID, QUANTITY)
VALUES (9655, 399, 60, 8);
INSERT INTO ORDER_ITEM (ID, ORDER_ID, PRODUCT_ID, QUANTITY)
VALUES (9656, 399, 55, 4);
INSERT INTO ORDER_ITEM (ID, ORDER_ID, PRODUCT_ID, QUANTITY)
VALUES (9657, 399, 48, 10);
INSERT INTO ORDER_ITEM (ID, ORDER_ID, PRODUCT_ID, QUANTITY)
VALUES (9658, 399, 54, 3);
INSERT INTO ORDER_ITEM (ID, ORDER_ID, PRODUCT_ID, QUANTITY)
VALUES (9659, 399, 34, 0);
INSERT INTO ORDER_ITEM (ID, ORDER_ID, PRODUCT_ID, QUANTITY)
VALUES (9660, 399, 35, 9);
INSERT INTO ORDER_ITEM (ID, ORDER_ID, PRODUCT_ID, QUANTITY)
VALUES (9661, 399, 36, 11);
INSERT INTO ORDER_ITEM (ID, ORDER_ID, PRODUCT_ID, QUANTITY)
VALUES (9662, 399, 11, 16);
INSERT INTO ORDER_ITEM (ID, ORDER_ID, PRODUCT_ID, QUANTITY)
VALUES (9663, 399, 45, 14);
INSERT INTO ORDER_ITEM (ID, ORDER_ID, PRODUCT_ID, QUANTITY)
VALUES (9664, 399, 29, 8);
INSERT INTO ORDER_ITEM (ID, ORDER_ID, PRODUCT_ID, QUANTITY)
VALUES (9665, 399, 21, 3);
INSERT INTO ORDER_ITEM (ID, ORDER_ID, PRODUCT_ID, QUANTITY)
VALUES (9666, 399, 16, 0);
INSERT INTO ORDER_ITEM (ID, ORDER_ID, PRODUCT_ID, QUANTITY)
VALUES (9667, 399, 24, 1);
INSERT INTO ORDER_ITEM (ID, ORDER_ID, PRODUCT_ID, QUANTITY)
VALUES (9668, 399, 43, 20);
INSERT INTO ORDER_ITEM (ID, ORDER_ID, PRODUCT_ID, QUANTITY)
VALUES (9669, 399, 50, 0);
INSERT INTO ORDER_ITEM (ID, ORDER_ID, PRODUCT_ID, QUANTITY)
VALUES (9670, 399, 20, 0);
INSERT INTO ORDER_ITEM (ID, ORDER_ID, PRODUCT_ID, QUANTITY)
VALUES (9671, 399, 18, 9);
INSERT INTO ORDER_ITEM (ID, ORDER_ID, PRODUCT_ID, QUANTITY)
VALUES (9672, 399, 44, 12);
INSERT INTO ORDER_ITEM (ID, ORDER_ID, PRODUCT_ID, QUANTITY)
VALUES (9673, 399, 27, 17);
INSERT INTO ORDER_ITEM (ID, ORDER_ID, PRODUCT_ID, QUANTITY)
VALUES (9674, 399, 31, 17);
INSERT INTO ORDER_ITEM (ID, ORDER_ID, PRODUCT_ID, QUANTITY)
VALUES (9675, 399, 28, 10);
INSERT INTO ORDER_ITEM (ID, ORDER_ID, PRODUCT_ID, QUANTITY)
VALUES (9676, 399, 42, 14);
INSERT INTO ORDER_ITEM (ID, ORDER_ID, PRODUCT_ID, QUANTITY)
VALUES (9677, 399, 23, 6);
INSERT INTO ORDER_ITEM (ID, ORDER_ID, PRODUCT_ID, QUANTITY)
VALUES (9678, 399, 33, 2);
INSERT INTO ORDER_ITEM (ID, ORDER_ID, PRODUCT_ID, QUANTITY)
VALUES (9679, 399, 17, 8);
INSERT INTO ORDER_ITEM (ID, ORDER_ID, PRODUCT_ID, QUANTITY)
VALUES (9680, 399, 39, 1);
INSERT INTO ORDER_ITEM (ID, ORDER_ID, PRODUCT_ID, QUANTITY)
VALUES (9681, 399, 13, 10);
INSERT INTO ORDER_ITEM (ID, ORDER_ID, PRODUCT_ID, QUANTITY)
VALUES (9682, 399, 53, 10);
INSERT INTO ORDER_ITEM (ID, ORDER_ID, PRODUCT_ID, QUANTITY)
VALUES (9683, 399, 14, 15);
INSERT INTO ORDER_ITEM (ID, ORDER_ID, PRODUCT_ID, QUANTITY)
VALUES (9684, 399, 25, 16);
INSERT INTO ORDER_ITEM (ID, ORDER_ID, PRODUCT_ID, QUANTITY)
VALUES (9685, 399, 19, 11);
INSERT INTO ORDER_ITEM (ID, ORDER_ID, PRODUCT_ID, QUANTITY)
VALUES (9686, 399, 26, 12);
-- ### ORDER 390
INSERT INTO PAYMENT_DETAIL(ID, AMOUNT, PROVIDER, PROVIDER_PAYMENT_UUID)
VALUES (400, 2593.0, 'ICARD', '636608957');
INSERT INTO ORDERS (ID, CUST_ID, PAYMENT_ID, STATUS, AMOUNT, CREATED_ON, UPDATED_ON)
VALUES (400, 777, 400, 'DELIVERED', 2593.0, LOCALTIMESTAMP, LOCALTIMESTAMP);
INSERT INTO ORDER_ITEM (ID, ORDER_ID, PRODUCT_ID, QUANTITY)
VALUES (9687, 400, 57, 2);
INSERT INTO ORDER_ITEM (ID, ORDER_ID, PRODUCT_ID, QUANTITY)
VALUES (9688, 400, 37, 4);
INSERT INTO ORDER_ITEM (ID, ORDER_ID, PRODUCT_ID, QUANTITY)
VALUES (9689, 400, 49, 7);
INSERT INTO ORDER_ITEM (ID, ORDER_ID, PRODUCT_ID, QUANTITY)
VALUES (9690, 400, 19, 1);
INSERT INTO ORDER_ITEM (ID, ORDER_ID, PRODUCT_ID, QUANTITY)
VALUES (9691, 400, 38, 3);
INSERT INTO ORDER_ITEM (ID, ORDER_ID, PRODUCT_ID, QUANTITY)
VALUES (9692, 400, 12, 20);
INSERT INTO ORDER_ITEM (ID, ORDER_ID, PRODUCT_ID, QUANTITY)
VALUES (9693, 400, 30, 15);
INSERT INTO ORDER_ITEM (ID, ORDER_ID, PRODUCT_ID, QUANTITY)
VALUES (9694, 400, 43, 13);
INSERT INTO ORDER_ITEM (ID, ORDER_ID, PRODUCT_ID, QUANTITY)
VALUES (9695, 400, 46, 19);
INSERT INTO ORDER_ITEM (ID, ORDER_ID, PRODUCT_ID, QUANTITY)
VALUES (9696, 400, 23, 3);
INSERT INTO ORDER_ITEM (ID, ORDER_ID, PRODUCT_ID, QUANTITY)
VALUES (9697, 400, 36, 20);
INSERT INTO ORDER_ITEM (ID, ORDER_ID, PRODUCT_ID, QUANTITY)
VALUES (9698, 400, 53, 8);
INSERT INTO ORDER_ITEM (ID, ORDER_ID, PRODUCT_ID, QUANTITY)
VALUES (9699, 400, 21, 4);
INSERT INTO ORDER_ITEM (ID, ORDER_ID, PRODUCT_ID, QUANTITY)
VALUES (9700, 400, 51, 19);
INSERT INTO ORDER_ITEM (ID, ORDER_ID, PRODUCT_ID, QUANTITY)
VALUES (9701, 400, 47, 14);
INSERT INTO ORDER_ITEM (ID, ORDER_ID, PRODUCT_ID, QUANTITY)
VALUES (9702, 400, 17, 5);
INSERT INTO ORDER_ITEM (ID, ORDER_ID, PRODUCT_ID, QUANTITY)
VALUES (9703, 400, 52, 7);
INSERT INTO ORDER_ITEM (ID, ORDER_ID, PRODUCT_ID, QUANTITY)
VALUES (9704, 400, 29, 11);
INSERT INTO ORDER_ITEM (ID, ORDER_ID, PRODUCT_ID, QUANTITY)
VALUES (9705, 400, 41, 4);
INSERT INTO ORDER_ITEM (ID, ORDER_ID, PRODUCT_ID, QUANTITY)
VALUES (9706, 400, 18, 14);
INSERT INTO ORDER_ITEM (ID, ORDER_ID, PRODUCT_ID, QUANTITY)
VALUES (9707, 400, 24, 1);
INSERT INTO ORDER_ITEM (ID, ORDER_ID, PRODUCT_ID, QUANTITY)
VALUES (9708, 400, 56, 13);
INSERT INTO ORDER_ITEM (ID, ORDER_ID, PRODUCT_ID, QUANTITY)
VALUES (9709, 400, 58, 7);
INSERT INTO ORDER_ITEM (ID, ORDER_ID, PRODUCT_ID, QUANTITY)
VALUES (9710, 400, 59, 19);
INSERT INTO ORDER_ITEM (ID, ORDER_ID, PRODUCT_ID, QUANTITY)
VALUES (9711, 400, 44, 3);
INSERT INTO ORDER_ITEM (ID, ORDER_ID, PRODUCT_ID, QUANTITY)
VALUES (9712, 400, 31, 19);
INSERT INTO ORDER_ITEM (ID, ORDER_ID, PRODUCT_ID, QUANTITY)
VALUES (9713, 400, 22, 4);
INSERT INTO ORDER_ITEM (ID, ORDER_ID, PRODUCT_ID, QUANTITY)
VALUES (9714, 400, 55, 2);
INSERT INTO ORDER_ITEM (ID, ORDER_ID, PRODUCT_ID, QUANTITY)
VALUES (9715, 400, 45, 0);
INSERT INTO ORDER_ITEM (ID, ORDER_ID, PRODUCT_ID, QUANTITY)
VALUES (9716, 400, 39, 2);
INSERT INTO ORDER_ITEM (ID, ORDER_ID, PRODUCT_ID, QUANTITY)
VALUES (9717, 400, 13, 7);
INSERT INTO ORDER_ITEM (ID, ORDER_ID, PRODUCT_ID, QUANTITY)
VALUES (9718, 400, 15, 8);
INSERT INTO ORDER_ITEM (ID, ORDER_ID, PRODUCT_ID, QUANTITY)
VALUES (9719, 400, 50, 6);
INSERT INTO ORDER_ITEM (ID, ORDER_ID, PRODUCT_ID, QUANTITY)
VALUES (9720, 400, 27, 16);
INSERT INTO ORDER_ITEM (ID, ORDER_ID, PRODUCT_ID, QUANTITY)
VALUES (9721, 400, 16, 19);
INSERT INTO ORDER_ITEM (ID, ORDER_ID, PRODUCT_ID, QUANTITY)
VALUES (9722, 400, 32, 7);
INSERT INTO ORDER_ITEM (ID, ORDER_ID, PRODUCT_ID, QUANTITY)
VALUES (9723, 400, 11, 8);
INSERT INTO ORDER_ITEM (ID, ORDER_ID, PRODUCT_ID, QUANTITY)
VALUES (9724, 400, 25, 4);
INSERT INTO ORDER_ITEM (ID, ORDER_ID, PRODUCT_ID, QUANTITY)
VALUES (9725, 400, 48, 13);
INSERT INTO ORDER_ITEM (ID, ORDER_ID, PRODUCT_ID, QUANTITY)
VALUES (9726, 400, 14, 4);
INSERT INTO ORDER_ITEM (ID, ORDER_ID, PRODUCT_ID, QUANTITY)
VALUES (9727, 400, 26, 12);
INSERT INTO ORDER_ITEM (ID, ORDER_ID, PRODUCT_ID, QUANTITY)
VALUES (9728, 400, 28, 4);
INSERT INTO ORDER_ITEM (ID, ORDER_ID, PRODUCT_ID, QUANTITY)
VALUES (9729, 400, 34, 9);
INSERT INTO ORDER_ITEM (ID, ORDER_ID, PRODUCT_ID, QUANTITY)
VALUES (9730, 400, 60, 11);
-- ### ORDER 391
INSERT INTO PAYMENT_DETAIL(ID, AMOUNT, PROVIDER, PROVIDER_PAYMENT_UUID)
VALUES (401, 3215.0, 'VISA', '575145391');
INSERT INTO ORDERS (ID, CUST_ID, PAYMENT_ID, STATUS, AMOUNT, CREATED_ON, UPDATED_ON)
VALUES (401, 777, 401, 'DELIVERED', 3215.0, LOCALTIMESTAMP, LOCALTIMESTAMP);
INSERT INTO ORDER_ITEM (ID, ORDER_ID, PRODUCT_ID, QUANTITY)
VALUES (9731, 401, 13, 7);
INSERT INTO ORDER_ITEM (ID, ORDER_ID, PRODUCT_ID, QUANTITY)
VALUES (9732, 401, 21, 17);
INSERT INTO ORDER_ITEM (ID, ORDER_ID, PRODUCT_ID, QUANTITY)
VALUES (9733, 401, 41, 12);
INSERT INTO ORDER_ITEM (ID, ORDER_ID, PRODUCT_ID, QUANTITY)
VALUES (9734, 401, 22, 4);
INSERT INTO ORDER_ITEM (ID, ORDER_ID, PRODUCT_ID, QUANTITY)
VALUES (9735, 401, 54, 3);
INSERT INTO ORDER_ITEM (ID, ORDER_ID, PRODUCT_ID, QUANTITY)
VALUES (9736, 401, 19, 1);
INSERT INTO ORDER_ITEM (ID, ORDER_ID, PRODUCT_ID, QUANTITY)
VALUES (9737, 401, 57, 8);
INSERT INTO ORDER_ITEM (ID, ORDER_ID, PRODUCT_ID, QUANTITY)
VALUES (9738, 401, 24, 13);
INSERT INTO ORDER_ITEM (ID, ORDER_ID, PRODUCT_ID, QUANTITY)
VALUES (9739, 401, 14, 15);
INSERT INTO ORDER_ITEM (ID, ORDER_ID, PRODUCT_ID, QUANTITY)
VALUES (9740, 401, 39, 20);
INSERT INTO ORDER_ITEM (ID, ORDER_ID, PRODUCT_ID, QUANTITY)
VALUES (9741, 401, 16, 12);
INSERT INTO ORDER_ITEM (ID, ORDER_ID, PRODUCT_ID, QUANTITY)
VALUES (9742, 401, 40, 12);
INSERT INTO ORDER_ITEM (ID, ORDER_ID, PRODUCT_ID, QUANTITY)
VALUES (9743, 401, 55, 5);
INSERT INTO ORDER_ITEM (ID, ORDER_ID, PRODUCT_ID, QUANTITY)
VALUES (9744, 401, 56, 4);
INSERT INTO ORDER_ITEM (ID, ORDER_ID, PRODUCT_ID, QUANTITY)
VALUES (9745, 401, 28, 0);
INSERT INTO ORDER_ITEM (ID, ORDER_ID, PRODUCT_ID, QUANTITY)
VALUES (9746, 401, 47, 9);
INSERT INTO ORDER_ITEM (ID, ORDER_ID, PRODUCT_ID, QUANTITY)
VALUES (9747, 401, 17, 6);
INSERT INTO ORDER_ITEM (ID, ORDER_ID, PRODUCT_ID, QUANTITY)
VALUES (9748, 401, 50, 12);
INSERT INTO ORDER_ITEM (ID, ORDER_ID, PRODUCT_ID, QUANTITY)
VALUES (9749, 401, 36, 17);
-- ### ORDER 392
INSERT INTO PAYMENT_DETAIL(ID, AMOUNT, PROVIDER, PROVIDER_PAYMENT_UUID)
VALUES (402, 4471.0, 'ICARD', '808758083');
INSERT INTO ORDERS (ID, CUST_ID, PAYMENT_ID, STATUS, AMOUNT, CREATED_ON, UPDATED_ON)
VALUES (402, 777, 402, 'DELIVERED', 4471.0, LOCALTIMESTAMP, LOCALTIMESTAMP);
INSERT INTO ORDER_ITEM (ID, ORDER_ID, PRODUCT_ID, QUANTITY)
VALUES (9750, 402, 56, 10);
INSERT INTO ORDER_ITEM (ID, ORDER_ID, PRODUCT_ID, QUANTITY)
VALUES (9751, 402, 18, 4);
INSERT INTO ORDER_ITEM (ID, ORDER_ID, PRODUCT_ID, QUANTITY)
VALUES (9752, 402, 24, 5);
INSERT INTO ORDER_ITEM (ID, ORDER_ID, PRODUCT_ID, QUANTITY)
VALUES (9753, 402, 58, 3);
INSERT INTO ORDER_ITEM (ID, ORDER_ID, PRODUCT_ID, QUANTITY)
VALUES (9754, 402, 14, 14);
INSERT INTO ORDER_ITEM (ID, ORDER_ID, PRODUCT_ID, QUANTITY)
VALUES (9755, 402, 26, 5);
INSERT INTO ORDER_ITEM (ID, ORDER_ID, PRODUCT_ID, QUANTITY)
VALUES (9756, 402, 20, 12);
INSERT INTO ORDER_ITEM (ID, ORDER_ID, PRODUCT_ID, QUANTITY)
VALUES (9757, 402, 46, 5);
INSERT INTO ORDER_ITEM (ID, ORDER_ID, PRODUCT_ID, QUANTITY)
VALUES (9758, 402, 13, 13);
INSERT INTO ORDER_ITEM (ID, ORDER_ID, PRODUCT_ID, QUANTITY)
VALUES (9759, 402, 34, 9);
INSERT INTO ORDER_ITEM (ID, ORDER_ID, PRODUCT_ID, QUANTITY)
VALUES (9760, 402, 60, 3);
INSERT INTO ORDER_ITEM (ID, ORDER_ID, PRODUCT_ID, QUANTITY)
VALUES (9761, 402, 29, 11);
INSERT INTO ORDER_ITEM (ID, ORDER_ID, PRODUCT_ID, QUANTITY)
VALUES (9762, 402, 50, 8);
INSERT INTO ORDER_ITEM (ID, ORDER_ID, PRODUCT_ID, QUANTITY)
VALUES (9763, 402, 39, 2);
INSERT INTO ORDER_ITEM (ID, ORDER_ID, PRODUCT_ID, QUANTITY)
VALUES (9764, 402, 15, 20);
-- ### ORDER 393
INSERT INTO PAYMENT_DETAIL(ID, AMOUNT, PROVIDER, PROVIDER_PAYMENT_UUID)
VALUES (403, 3502.0, 'CRYPTO', '289592866');
INSERT INTO ORDERS (ID, CUST_ID, PAYMENT_ID, STATUS, AMOUNT, CREATED_ON, UPDATED_ON)
VALUES (403, 777, 403, 'DELIVERED', 3502.0, LOCALTIMESTAMP, LOCALTIMESTAMP);
INSERT INTO ORDER_ITEM (ID, ORDER_ID, PRODUCT_ID, QUANTITY)
VALUES (9765, 403, 27, 14);
-- ### ORDER 394
INSERT INTO PAYMENT_DETAIL(ID, AMOUNT, PROVIDER, PROVIDER_PAYMENT_UUID)
VALUES (404, 2187.0, 'PAYPAL', '187710440');
INSERT INTO ORDERS (ID, CUST_ID, PAYMENT_ID, STATUS, AMOUNT, CREATED_ON, UPDATED_ON)
VALUES (404, 777, 404, 'DELIVERED', 2187.0, LOCALTIMESTAMP, LOCALTIMESTAMP);
INSERT INTO ORDER_ITEM (ID, ORDER_ID, PRODUCT_ID, QUANTITY)
VALUES (9766, 404, 30, 17);
INSERT INTO ORDER_ITEM (ID, ORDER_ID, PRODUCT_ID, QUANTITY)
VALUES (9767, 404, 43, 7);
INSERT INTO ORDER_ITEM (ID, ORDER_ID, PRODUCT_ID, QUANTITY)
VALUES (9768, 404, 47, 15);
INSERT INTO ORDER_ITEM (ID, ORDER_ID, PRODUCT_ID, QUANTITY)
VALUES (9769, 404, 13, 4);
INSERT INTO ORDER_ITEM (ID, ORDER_ID, PRODUCT_ID, QUANTITY)
VALUES (9770, 404, 23, 6);
INSERT INTO ORDER_ITEM (ID, ORDER_ID, PRODUCT_ID, QUANTITY)
VALUES (9771, 404, 31, 11);
INSERT INTO ORDER_ITEM (ID, ORDER_ID, PRODUCT_ID, QUANTITY)
VALUES (9772, 404, 60, 15);
INSERT INTO ORDER_ITEM (ID, ORDER_ID, PRODUCT_ID, QUANTITY)
VALUES (9773, 404, 34, 1);
INSERT INTO ORDER_ITEM (ID, ORDER_ID, PRODUCT_ID, QUANTITY)
VALUES (9774, 404, 51, 13);
INSERT INTO ORDER_ITEM (ID, ORDER_ID, PRODUCT_ID, QUANTITY)
VALUES (9775, 404, 40, 11);
INSERT INTO ORDER_ITEM (ID, ORDER_ID, PRODUCT_ID, QUANTITY)
VALUES (9776, 404, 28, 16);
INSERT INTO ORDER_ITEM (ID, ORDER_ID, PRODUCT_ID, QUANTITY)
VALUES (9777, 404, 36, 6);
INSERT INTO ORDER_ITEM (ID, ORDER_ID, PRODUCT_ID, QUANTITY)
VALUES (9778, 404, 37, 17);
INSERT INTO ORDER_ITEM (ID, ORDER_ID, PRODUCT_ID, QUANTITY)
VALUES (9779, 404, 17, 18);
INSERT INTO ORDER_ITEM (ID, ORDER_ID, PRODUCT_ID, QUANTITY)
VALUES (9780, 404, 50, 0);
INSERT INTO ORDER_ITEM (ID, ORDER_ID, PRODUCT_ID, QUANTITY)
VALUES (9781, 404, 54, 7);
INSERT INTO ORDER_ITEM (ID, ORDER_ID, PRODUCT_ID, QUANTITY)
VALUES (9782, 404, 12, 14);
INSERT INTO ORDER_ITEM (ID, ORDER_ID, PRODUCT_ID, QUANTITY)
VALUES (9783, 404, 45, 0);
-- ### ORDER 395
INSERT INTO PAYMENT_DETAIL(ID, AMOUNT, PROVIDER, PROVIDER_PAYMENT_UUID)
VALUES (405, 1533.0, 'ICARD', '799622245');
INSERT INTO ORDERS (ID, CUST_ID, PAYMENT_ID, STATUS, AMOUNT, CREATED_ON, UPDATED_ON)
VALUES (405, 777, 405, 'DELIVERED', 1533.0, LOCALTIMESTAMP, LOCALTIMESTAMP);
INSERT INTO ORDER_ITEM (ID, ORDER_ID, PRODUCT_ID, QUANTITY)
VALUES (9784, 405, 28, 2);
INSERT INTO ORDER_ITEM (ID, ORDER_ID, PRODUCT_ID, QUANTITY)
VALUES (9785, 405, 29, 20);
INSERT INTO ORDER_ITEM (ID, ORDER_ID, PRODUCT_ID, QUANTITY)
VALUES (9786, 405, 22, 8);
INSERT INTO ORDER_ITEM (ID, ORDER_ID, PRODUCT_ID, QUANTITY)
VALUES (9787, 405, 13, 15);
INSERT INTO ORDER_ITEM (ID, ORDER_ID, PRODUCT_ID, QUANTITY)
VALUES (9788, 405, 33, 15);
INSERT INTO ORDER_ITEM (ID, ORDER_ID, PRODUCT_ID, QUANTITY)
VALUES (9789, 405, 32, 2);
INSERT INTO ORDER_ITEM (ID, ORDER_ID, PRODUCT_ID, QUANTITY)
VALUES (9790, 405, 56, 9);
INSERT INTO ORDER_ITEM (ID, ORDER_ID, PRODUCT_ID, QUANTITY)
VALUES (9791, 405, 39, 17);
INSERT INTO ORDER_ITEM (ID, ORDER_ID, PRODUCT_ID, QUANTITY)
VALUES (9792, 405, 26, 20);
INSERT INTO ORDER_ITEM (ID, ORDER_ID, PRODUCT_ID, QUANTITY)
VALUES (9793, 405, 58, 12);
INSERT INTO ORDER_ITEM (ID, ORDER_ID, PRODUCT_ID, QUANTITY)
VALUES (9794, 405, 18, 6);
INSERT INTO ORDER_ITEM (ID, ORDER_ID, PRODUCT_ID, QUANTITY)
VALUES (9795, 405, 44, 17);
INSERT INTO ORDER_ITEM (ID, ORDER_ID, PRODUCT_ID, QUANTITY)
VALUES (9796, 405, 20, 9);
INSERT INTO ORDER_ITEM (ID, ORDER_ID, PRODUCT_ID, QUANTITY)
VALUES (9797, 405, 60, 4);
INSERT INTO ORDER_ITEM (ID, ORDER_ID, PRODUCT_ID, QUANTITY)
VALUES (9798, 405, 47, 7);
INSERT INTO ORDER_ITEM (ID, ORDER_ID, PRODUCT_ID, QUANTITY)
VALUES (9799, 405, 24, 18);
INSERT INTO ORDER_ITEM (ID, ORDER_ID, PRODUCT_ID, QUANTITY)
VALUES (9800, 405, 50, 10);
INSERT INTO ORDER_ITEM (ID, ORDER_ID, PRODUCT_ID, QUANTITY)
VALUES (9801, 405, 38, 11);
INSERT INTO ORDER_ITEM (ID, ORDER_ID, PRODUCT_ID, QUANTITY)
VALUES (9802, 405, 57, 1);
INSERT INTO ORDER_ITEM (ID, ORDER_ID, PRODUCT_ID, QUANTITY)
VALUES (9803, 405, 42, 11);
INSERT INTO ORDER_ITEM (ID, ORDER_ID, PRODUCT_ID, QUANTITY)
VALUES (9804, 405, 35, 19);
INSERT INTO ORDER_ITEM (ID, ORDER_ID, PRODUCT_ID, QUANTITY)
VALUES (9805, 405, 45, 17);
INSERT INTO ORDER_ITEM (ID, ORDER_ID, PRODUCT_ID, QUANTITY)
VALUES (9806, 405, 52, 0);
INSERT INTO ORDER_ITEM (ID, ORDER_ID, PRODUCT_ID, QUANTITY)
VALUES (9807, 405, 25, 17);
INSERT INTO ORDER_ITEM (ID, ORDER_ID, PRODUCT_ID, QUANTITY)
VALUES (9808, 405, 59, 11);
INSERT INTO ORDER_ITEM (ID, ORDER_ID, PRODUCT_ID, QUANTITY)
VALUES (9809, 405, 12, 6);
INSERT INTO ORDER_ITEM (ID, ORDER_ID, PRODUCT_ID, QUANTITY)
VALUES (9810, 405, 27, 19);
INSERT INTO ORDER_ITEM (ID, ORDER_ID, PRODUCT_ID, QUANTITY)
VALUES (9811, 405, 51, 20);
INSERT INTO ORDER_ITEM (ID, ORDER_ID, PRODUCT_ID, QUANTITY)
VALUES (9812, 405, 48, 4);
INSERT INTO ORDER_ITEM (ID, ORDER_ID, PRODUCT_ID, QUANTITY)
VALUES (9813, 405, 21, 0);
INSERT INTO ORDER_ITEM (ID, ORDER_ID, PRODUCT_ID, QUANTITY)
VALUES (9814, 405, 43, 6);
INSERT INTO ORDER_ITEM (ID, ORDER_ID, PRODUCT_ID, QUANTITY)
VALUES (9815, 405, 14, 14);
INSERT INTO ORDER_ITEM (ID, ORDER_ID, PRODUCT_ID, QUANTITY)
VALUES (9816, 405, 30, 1);
INSERT INTO ORDER_ITEM (ID, ORDER_ID, PRODUCT_ID, QUANTITY)
VALUES (9817, 405, 19, 17);
INSERT INTO ORDER_ITEM (ID, ORDER_ID, PRODUCT_ID, QUANTITY)
VALUES (9818, 405, 31, 20);
INSERT INTO ORDER_ITEM (ID, ORDER_ID, PRODUCT_ID, QUANTITY)
VALUES (9819, 405, 11, 19);
INSERT INTO ORDER_ITEM (ID, ORDER_ID, PRODUCT_ID, QUANTITY)
VALUES (9820, 405, 55, 18);
-- ### ORDER 396
INSERT INTO PAYMENT_DETAIL(ID, AMOUNT, PROVIDER, PROVIDER_PAYMENT_UUID)
VALUES (406, 1586.0, 'CRYPTO', '692686800');
INSERT INTO ORDERS (ID, CUST_ID, PAYMENT_ID, STATUS, AMOUNT, CREATED_ON, UPDATED_ON)
VALUES (406, 777, 406, 'DELIVERED', 1586.0, LOCALTIMESTAMP, LOCALTIMESTAMP);
INSERT INTO ORDER_ITEM (ID, ORDER_ID, PRODUCT_ID, QUANTITY)
VALUES (9821, 406, 56, 4);
INSERT INTO ORDER_ITEM (ID, ORDER_ID, PRODUCT_ID, QUANTITY)
VALUES (9822, 406, 22, 12);
INSERT INTO ORDER_ITEM (ID, ORDER_ID, PRODUCT_ID, QUANTITY)
VALUES (9823, 406, 37, 6);
INSERT INTO ORDER_ITEM (ID, ORDER_ID, PRODUCT_ID, QUANTITY)
VALUES (9824, 406, 17, 3);
INSERT INTO ORDER_ITEM (ID, ORDER_ID, PRODUCT_ID, QUANTITY)
VALUES (9825, 406, 19, 14);
INSERT INTO ORDER_ITEM (ID, ORDER_ID, PRODUCT_ID, QUANTITY)
VALUES (9826, 406, 54, 15);
INSERT INTO ORDER_ITEM (ID, ORDER_ID, PRODUCT_ID, QUANTITY)
VALUES (9827, 406, 49, 7);
INSERT INTO ORDER_ITEM (ID, ORDER_ID, PRODUCT_ID, QUANTITY)
VALUES (9828, 406, 41, 18);
-- ### ORDER 397
INSERT INTO PAYMENT_DETAIL(ID, AMOUNT, PROVIDER, PROVIDER_PAYMENT_UUID)
VALUES (407, 247.0, 'MASTERCARD', '190245444');
INSERT INTO ORDERS (ID, CUST_ID, PAYMENT_ID, STATUS, AMOUNT, CREATED_ON, UPDATED_ON)
VALUES (407, 777, 407, 'DELIVERED', 247.0, LOCALTIMESTAMP, LOCALTIMESTAMP);
INSERT INTO ORDER_ITEM (ID, ORDER_ID, PRODUCT_ID, QUANTITY)
VALUES (9829, 407, 37, 13);
INSERT INTO ORDER_ITEM (ID, ORDER_ID, PRODUCT_ID, QUANTITY)
VALUES (9830, 407, 32, 9);
INSERT INTO ORDER_ITEM (ID, ORDER_ID, PRODUCT_ID, QUANTITY)
VALUES (9831, 407, 56, 1);
INSERT INTO ORDER_ITEM (ID, ORDER_ID, PRODUCT_ID, QUANTITY)
VALUES (9832, 407, 60, 5);
INSERT INTO ORDER_ITEM (ID, ORDER_ID, PRODUCT_ID, QUANTITY)
VALUES (9833, 407, 49, 5);
INSERT INTO ORDER_ITEM (ID, ORDER_ID, PRODUCT_ID, QUANTITY)
VALUES (9834, 407, 28, 16);
INSERT INTO ORDER_ITEM (ID, ORDER_ID, PRODUCT_ID, QUANTITY)
VALUES (9835, 407, 24, 16);
INSERT INTO ORDER_ITEM (ID, ORDER_ID, PRODUCT_ID, QUANTITY)
VALUES (9836, 407, 14, 2);
INSERT INTO ORDER_ITEM (ID, ORDER_ID, PRODUCT_ID, QUANTITY)
VALUES (9837, 407, 11, 6);
INSERT INTO ORDER_ITEM (ID, ORDER_ID, PRODUCT_ID, QUANTITY)
VALUES (9838, 407, 58, 10);
INSERT INTO ORDER_ITEM (ID, ORDER_ID, PRODUCT_ID, QUANTITY)
VALUES (9839, 407, 19, 3);
INSERT INTO ORDER_ITEM (ID, ORDER_ID, PRODUCT_ID, QUANTITY)
VALUES (9840, 407, 39, 7);
INSERT INTO ORDER_ITEM (ID, ORDER_ID, PRODUCT_ID, QUANTITY)
VALUES (9841, 407, 48, 8);
INSERT INTO ORDER_ITEM (ID, ORDER_ID, PRODUCT_ID, QUANTITY)
VALUES (9842, 407, 33, 11);
INSERT INTO ORDER_ITEM (ID, ORDER_ID, PRODUCT_ID, QUANTITY)
VALUES (9843, 407, 16, 20);
INSERT INTO ORDER_ITEM (ID, ORDER_ID, PRODUCT_ID, QUANTITY)
VALUES (9844, 407, 13, 12);
INSERT INTO ORDER_ITEM (ID, ORDER_ID, PRODUCT_ID, QUANTITY)
VALUES (9845, 407, 42, 7);
INSERT INTO ORDER_ITEM (ID, ORDER_ID, PRODUCT_ID, QUANTITY)
VALUES (9846, 407, 57, 4);
INSERT INTO ORDER_ITEM (ID, ORDER_ID, PRODUCT_ID, QUANTITY)
VALUES (9847, 407, 29, 12);
INSERT INTO ORDER_ITEM (ID, ORDER_ID, PRODUCT_ID, QUANTITY)
VALUES (9848, 407, 18, 3);
INSERT INTO ORDER_ITEM (ID, ORDER_ID, PRODUCT_ID, QUANTITY)
VALUES (9849, 407, 36, 18);
INSERT INTO ORDER_ITEM (ID, ORDER_ID, PRODUCT_ID, QUANTITY)
VALUES (9850, 407, 41, 4);
INSERT INTO ORDER_ITEM (ID, ORDER_ID, PRODUCT_ID, QUANTITY)
VALUES (9851, 407, 46, 15);
INSERT INTO ORDER_ITEM (ID, ORDER_ID, PRODUCT_ID, QUANTITY)
VALUES (9852, 407, 20, 15);
INSERT INTO ORDER_ITEM (ID, ORDER_ID, PRODUCT_ID, QUANTITY)
VALUES (9853, 407, 53, 13);
-- ### ORDER 398
INSERT INTO PAYMENT_DETAIL(ID, AMOUNT, PROVIDER, PROVIDER_PAYMENT_UUID)
VALUES (408, 2829.0, 'PAYPAL', '137027733');
INSERT INTO ORDERS (ID, CUST_ID, PAYMENT_ID, STATUS, AMOUNT, CREATED_ON, UPDATED_ON)
VALUES (408, 777, 408, 'DELIVERED', 2829.0, LOCALTIMESTAMP, LOCALTIMESTAMP);
INSERT INTO ORDER_ITEM (ID, ORDER_ID, PRODUCT_ID, QUANTITY)
VALUES (9854, 408, 24, 15);
INSERT INTO ORDER_ITEM (ID, ORDER_ID, PRODUCT_ID, QUANTITY)
VALUES (9855, 408, 37, 20);
INSERT INTO ORDER_ITEM (ID, ORDER_ID, PRODUCT_ID, QUANTITY)
VALUES (9856, 408, 59, 6);
INSERT INTO ORDER_ITEM (ID, ORDER_ID, PRODUCT_ID, QUANTITY)
VALUES (9857, 408, 23, 14);
INSERT INTO ORDER_ITEM (ID, ORDER_ID, PRODUCT_ID, QUANTITY)
VALUES (9858, 408, 41, 20);
INSERT INTO ORDER_ITEM (ID, ORDER_ID, PRODUCT_ID, QUANTITY)
VALUES (9859, 408, 16, 6);
INSERT INTO ORDER_ITEM (ID, ORDER_ID, PRODUCT_ID, QUANTITY)
VALUES (9860, 408, 32, 5);
INSERT INTO ORDER_ITEM (ID, ORDER_ID, PRODUCT_ID, QUANTITY)
VALUES (9861, 408, 35, 1);
INSERT INTO ORDER_ITEM (ID, ORDER_ID, PRODUCT_ID, QUANTITY)
VALUES (9862, 408, 39, 16);
INSERT INTO ORDER_ITEM (ID, ORDER_ID, PRODUCT_ID, QUANTITY)
VALUES (9863, 408, 22, 18);
INSERT INTO ORDER_ITEM (ID, ORDER_ID, PRODUCT_ID, QUANTITY)
VALUES (9864, 408, 40, 1);
INSERT INTO ORDER_ITEM (ID, ORDER_ID, PRODUCT_ID, QUANTITY)
VALUES (9865, 408, 56, 17);
INSERT INTO ORDER_ITEM (ID, ORDER_ID, PRODUCT_ID, QUANTITY)
VALUES (9866, 408, 43, 13);
INSERT INTO ORDER_ITEM (ID, ORDER_ID, PRODUCT_ID, QUANTITY)
VALUES (9867, 408, 27, 15);
INSERT INTO ORDER_ITEM (ID, ORDER_ID, PRODUCT_ID, QUANTITY)
VALUES (9868, 408, 51, 16);
INSERT INTO ORDER_ITEM (ID, ORDER_ID, PRODUCT_ID, QUANTITY)
VALUES (9869, 408, 60, 14);
INSERT INTO ORDER_ITEM (ID, ORDER_ID, PRODUCT_ID, QUANTITY)
VALUES (9870, 408, 52, 9);
INSERT INTO ORDER_ITEM (ID, ORDER_ID, PRODUCT_ID, QUANTITY)
VALUES (9871, 408, 18, 18);
INSERT INTO ORDER_ITEM (ID, ORDER_ID, PRODUCT_ID, QUANTITY)
VALUES (9872, 408, 33, 8);
INSERT INTO ORDER_ITEM (ID, ORDER_ID, PRODUCT_ID, QUANTITY)
VALUES (9873, 408, 19, 1);
INSERT INTO ORDER_ITEM (ID, ORDER_ID, PRODUCT_ID, QUANTITY)
VALUES (9874, 408, 46, 4);
INSERT INTO ORDER_ITEM (ID, ORDER_ID, PRODUCT_ID, QUANTITY)
VALUES (9875, 408, 49, 0);
INSERT INTO ORDER_ITEM (ID, ORDER_ID, PRODUCT_ID, QUANTITY)
VALUES (9876, 408, 58, 16);
INSERT INTO ORDER_ITEM (ID, ORDER_ID, PRODUCT_ID, QUANTITY)
VALUES (9877, 408, 21, 15);
INSERT INTO ORDER_ITEM (ID, ORDER_ID, PRODUCT_ID, QUANTITY)
VALUES (9878, 408, 31, 2);
INSERT INTO ORDER_ITEM (ID, ORDER_ID, PRODUCT_ID, QUANTITY)
VALUES (9879, 408, 29, 0);
INSERT INTO ORDER_ITEM (ID, ORDER_ID, PRODUCT_ID, QUANTITY)
VALUES (9880, 408, 55, 3);
INSERT INTO ORDER_ITEM (ID, ORDER_ID, PRODUCT_ID, QUANTITY)
VALUES (9881, 408, 28, 13);
INSERT INTO ORDER_ITEM (ID, ORDER_ID, PRODUCT_ID, QUANTITY)
VALUES (9882, 408, 44, 0);
INSERT INTO ORDER_ITEM (ID, ORDER_ID, PRODUCT_ID, QUANTITY)
VALUES (9883, 408, 11, 6);
INSERT INTO ORDER_ITEM (ID, ORDER_ID, PRODUCT_ID, QUANTITY)
VALUES (9884, 408, 30, 3);
INSERT INTO ORDER_ITEM (ID, ORDER_ID, PRODUCT_ID, QUANTITY)
VALUES (9885, 408, 15, 12);
INSERT INTO ORDER_ITEM (ID, ORDER_ID, PRODUCT_ID, QUANTITY)
VALUES (9886, 408, 50, 5);
INSERT INTO ORDER_ITEM (ID, ORDER_ID, PRODUCT_ID, QUANTITY)
VALUES (9887, 408, 13, 6);
INSERT INTO ORDER_ITEM (ID, ORDER_ID, PRODUCT_ID, QUANTITY)
VALUES (9888, 408, 45, 20);
INSERT INTO ORDER_ITEM (ID, ORDER_ID, PRODUCT_ID, QUANTITY)
VALUES (9889, 408, 36, 1);
-- ### ORDER 399
INSERT INTO PAYMENT_DETAIL(ID, AMOUNT, PROVIDER, PROVIDER_PAYMENT_UUID)
VALUES (409, 2498.0, 'ICARD', '668852868');
INSERT INTO ORDERS (ID, CUST_ID, PAYMENT_ID, STATUS, AMOUNT, CREATED_ON, UPDATED_ON)
VALUES (409, 777, 409, 'DELIVERED', 2498.0, LOCALTIMESTAMP, LOCALTIMESTAMP);
INSERT INTO ORDER_ITEM (ID, ORDER_ID, PRODUCT_ID, QUANTITY)
VALUES (9890, 409, 48, 0);
INSERT INTO ORDER_ITEM (ID, ORDER_ID, PRODUCT_ID, QUANTITY)
VALUES (9891, 409, 51, 15);
INSERT INTO ORDER_ITEM (ID, ORDER_ID, PRODUCT_ID, QUANTITY)
VALUES (9892, 409, 40, 3);
INSERT INTO ORDER_ITEM (ID, ORDER_ID, PRODUCT_ID, QUANTITY)
VALUES (9893, 409, 57, 11);
INSERT INTO ORDER_ITEM (ID, ORDER_ID, PRODUCT_ID, QUANTITY)
VALUES (9894, 409, 43, 2);
INSERT INTO ORDER_ITEM (ID, ORDER_ID, PRODUCT_ID, QUANTITY)
VALUES (9895, 409, 11, 6);
INSERT INTO ORDER_ITEM (ID, ORDER_ID, PRODUCT_ID, QUANTITY)
VALUES (9896, 409, 26, 15);
INSERT INTO ORDER_ITEM (ID, ORDER_ID, PRODUCT_ID, QUANTITY)
VALUES (9897, 409, 41, 10);
INSERT INTO ORDER_ITEM (ID, ORDER_ID, PRODUCT_ID, QUANTITY)
VALUES (9898, 409, 30, 19);
INSERT INTO ORDER_ITEM (ID, ORDER_ID, PRODUCT_ID, QUANTITY)
VALUES (9899, 409, 13, 1);
INSERT INTO ORDER_ITEM (ID, ORDER_ID, PRODUCT_ID, QUANTITY)
VALUES (9900, 409, 16, 8);
INSERT INTO ORDER_ITEM (ID, ORDER_ID, PRODUCT_ID, QUANTITY)
VALUES (9901, 409, 29, 15);
INSERT INTO ORDER_ITEM (ID, ORDER_ID, PRODUCT_ID, QUANTITY)
VALUES (9902, 409, 21, 3);
-- ### ORDER 400
INSERT INTO PAYMENT_DETAIL(ID, AMOUNT, PROVIDER, PROVIDER_PAYMENT_UUID)
VALUES (410, 846.0, 'ICARD', '803010466');
INSERT INTO ORDERS (ID, CUST_ID, PAYMENT_ID, STATUS, AMOUNT, CREATED_ON, UPDATED_ON)
VALUES (410, 777, 410, 'DELIVERED', 846.0, LOCALTIMESTAMP, LOCALTIMESTAMP);
INSERT INTO ORDER_ITEM (ID, ORDER_ID, PRODUCT_ID, QUANTITY)
VALUES (9903, 410, 58, 1);
INSERT INTO ORDER_ITEM (ID, ORDER_ID, PRODUCT_ID, QUANTITY)
VALUES (9904, 410, 39, 6);
INSERT INTO ORDER_ITEM (ID, ORDER_ID, PRODUCT_ID, QUANTITY)
VALUES (9905, 410, 12, 12);
INSERT INTO ORDER_ITEM (ID, ORDER_ID, PRODUCT_ID, QUANTITY)
VALUES (9906, 410, 19, 12);
INSERT INTO ORDER_ITEM (ID, ORDER_ID, PRODUCT_ID, QUANTITY)
VALUES (9907, 410, 33, 15);
INSERT INTO ORDER_ITEM (ID, ORDER_ID, PRODUCT_ID, QUANTITY)
VALUES (9908, 410, 53, 13);
INSERT INTO ORDER_ITEM (ID, ORDER_ID, PRODUCT_ID, QUANTITY)
VALUES (9909, 410, 11, 5);
INSERT INTO ORDER_ITEM (ID, ORDER_ID, PRODUCT_ID, QUANTITY)
VALUES (9910, 410, 22, 9);
INSERT INTO ORDER_ITEM (ID, ORDER_ID, PRODUCT_ID, QUANTITY)
VALUES (9911, 410, 31, 4);
INSERT INTO ORDER_ITEM (ID, ORDER_ID, PRODUCT_ID, QUANTITY)
VALUES (9912, 410, 48, 17);
-- ### ORDER 401
INSERT INTO PAYMENT_DETAIL(ID, AMOUNT, PROVIDER, PROVIDER_PAYMENT_UUID)
VALUES (411, 4254.0, 'VISA', '483550044');
INSERT INTO ORDERS (ID, CUST_ID, PAYMENT_ID, STATUS, AMOUNT, CREATED_ON, UPDATED_ON)
VALUES (411, 777, 411, 'DELIVERED', 4254.0, LOCALTIMESTAMP, LOCALTIMESTAMP);
INSERT INTO ORDER_ITEM (ID, ORDER_ID, PRODUCT_ID, QUANTITY)
VALUES (9913, 411, 52, 1);
INSERT INTO ORDER_ITEM (ID, ORDER_ID, PRODUCT_ID, QUANTITY)
VALUES (9914, 411, 42, 4);
INSERT INTO ORDER_ITEM (ID, ORDER_ID, PRODUCT_ID, QUANTITY)
VALUES (9915, 411, 27, 17);
INSERT INTO ORDER_ITEM (ID, ORDER_ID, PRODUCT_ID, QUANTITY)
VALUES (9916, 411, 54, 8);
INSERT INTO ORDER_ITEM (ID, ORDER_ID, PRODUCT_ID, QUANTITY)
VALUES (9917, 411, 11, 20);
INSERT INTO ORDER_ITEM (ID, ORDER_ID, PRODUCT_ID, QUANTITY)
VALUES (9918, 411, 25, 1);
INSERT INTO ORDER_ITEM (ID, ORDER_ID, PRODUCT_ID, QUANTITY)
VALUES (9919, 411, 31, 13);
-- ### ORDER 402
INSERT INTO PAYMENT_DETAIL(ID, AMOUNT, PROVIDER, PROVIDER_PAYMENT_UUID)
VALUES (412, 2077.0, 'MASTERCARD', '493850461');
INSERT INTO ORDERS (ID, CUST_ID, PAYMENT_ID, STATUS, AMOUNT, CREATED_ON, UPDATED_ON)
VALUES (412, 777, 412, 'DELIVERED', 2077.0, LOCALTIMESTAMP, LOCALTIMESTAMP);
INSERT INTO ORDER_ITEM (ID, ORDER_ID, PRODUCT_ID, QUANTITY)
VALUES (9920, 412, 15, 4);
INSERT INTO ORDER_ITEM (ID, ORDER_ID, PRODUCT_ID, QUANTITY)
VALUES (9921, 412, 21, 13);
INSERT INTO ORDER_ITEM (ID, ORDER_ID, PRODUCT_ID, QUANTITY)
VALUES (9922, 412, 42, 3);
-- ### ORDER 403
INSERT INTO PAYMENT_DETAIL(ID, AMOUNT, PROVIDER, PROVIDER_PAYMENT_UUID)
VALUES (413, 1301.0, 'ICARD', '495194425');
INSERT INTO ORDERS (ID, CUST_ID, PAYMENT_ID, STATUS, AMOUNT, CREATED_ON, UPDATED_ON)
VALUES (413, 777, 413, 'DELIVERED', 1301.0, LOCALTIMESTAMP, LOCALTIMESTAMP);
INSERT INTO ORDER_ITEM (ID, ORDER_ID, PRODUCT_ID, QUANTITY)
VALUES (9923, 413, 47, 15);
INSERT INTO ORDER_ITEM (ID, ORDER_ID, PRODUCT_ID, QUANTITY)
VALUES (9924, 413, 15, 18);
INSERT INTO ORDER_ITEM (ID, ORDER_ID, PRODUCT_ID, QUANTITY)
VALUES (9925, 413, 29, 0);
INSERT INTO ORDER_ITEM (ID, ORDER_ID, PRODUCT_ID, QUANTITY)
VALUES (9926, 413, 33, 3);
INSERT INTO ORDER_ITEM (ID, ORDER_ID, PRODUCT_ID, QUANTITY)
VALUES (9927, 413, 60, 12);
-- ### ORDER 404
INSERT INTO PAYMENT_DETAIL(ID, AMOUNT, PROVIDER, PROVIDER_PAYMENT_UUID)
VALUES (414, 161.0, 'PAYPAL', '545870893');
INSERT INTO ORDERS (ID, CUST_ID, PAYMENT_ID, STATUS, AMOUNT, CREATED_ON, UPDATED_ON)
VALUES (414, 777, 414, 'DELIVERED', 161.0, LOCALTIMESTAMP, LOCALTIMESTAMP);
INSERT INTO ORDER_ITEM (ID, ORDER_ID, PRODUCT_ID, QUANTITY)
VALUES (9928, 414, 44, 14);
-- ### ORDER 405
INSERT INTO PAYMENT_DETAIL(ID, AMOUNT, PROVIDER, PROVIDER_PAYMENT_UUID)
VALUES (415, 3701.0, 'MASTERCARD', '259111130');
INSERT INTO ORDERS (ID, CUST_ID, PAYMENT_ID, STATUS, AMOUNT, CREATED_ON, UPDATED_ON)
VALUES (415, 777, 415, 'DELIVERED', 3701.0, LOCALTIMESTAMP, LOCALTIMESTAMP);
INSERT INTO ORDER_ITEM (ID, ORDER_ID, PRODUCT_ID, QUANTITY)
VALUES (9929, 415, 39, 15);
INSERT INTO ORDER_ITEM (ID, ORDER_ID, PRODUCT_ID, QUANTITY)
VALUES (9930, 415, 55, 4);
INSERT INTO ORDER_ITEM (ID, ORDER_ID, PRODUCT_ID, QUANTITY)
VALUES (9931, 415, 26, 0);
INSERT INTO ORDER_ITEM (ID, ORDER_ID, PRODUCT_ID, QUANTITY)
VALUES (9932, 415, 15, 11);
INSERT INTO ORDER_ITEM (ID, ORDER_ID, PRODUCT_ID, QUANTITY)
VALUES (9933, 415, 41, 3);
INSERT INTO ORDER_ITEM (ID, ORDER_ID, PRODUCT_ID, QUANTITY)
VALUES (9934, 415, 60, 11);
INSERT INTO ORDER_ITEM (ID, ORDER_ID, PRODUCT_ID, QUANTITY)
VALUES (9935, 415, 14, 12);
INSERT INTO ORDER_ITEM (ID, ORDER_ID, PRODUCT_ID, QUANTITY)
VALUES (9936, 415, 37, 7);
INSERT INTO ORDER_ITEM (ID, ORDER_ID, PRODUCT_ID, QUANTITY)
VALUES (9937, 415, 19, 7);
INSERT INTO ORDER_ITEM (ID, ORDER_ID, PRODUCT_ID, QUANTITY)
VALUES (9938, 415, 25, 14);
INSERT INTO ORDER_ITEM (ID, ORDER_ID, PRODUCT_ID, QUANTITY)
VALUES (9939, 415, 42, 1);
INSERT INTO ORDER_ITEM (ID, ORDER_ID, PRODUCT_ID, QUANTITY)
VALUES (9940, 415, 59, 10);
INSERT INTO ORDER_ITEM (ID, ORDER_ID, PRODUCT_ID, QUANTITY)
VALUES (9941, 415, 46, 3);
INSERT INTO ORDER_ITEM (ID, ORDER_ID, PRODUCT_ID, QUANTITY)
VALUES (9942, 415, 58, 9);
INSERT INTO ORDER_ITEM (ID, ORDER_ID, PRODUCT_ID, QUANTITY)
VALUES (9943, 415, 20, 8);
INSERT INTO ORDER_ITEM (ID, ORDER_ID, PRODUCT_ID, QUANTITY)
VALUES (9944, 415, 43, 5);
INSERT INTO ORDER_ITEM (ID, ORDER_ID, PRODUCT_ID, QUANTITY)
VALUES (9945, 415, 30, 19);
INSERT INTO ORDER_ITEM (ID, ORDER_ID, PRODUCT_ID, QUANTITY)
VALUES (9946, 415, 29, 6);
INSERT INTO ORDER_ITEM (ID, ORDER_ID, PRODUCT_ID, QUANTITY)
VALUES (9947, 415, 57, 7);
INSERT INTO ORDER_ITEM (ID, ORDER_ID, PRODUCT_ID, QUANTITY)
VALUES (9948, 415, 53, 10);
INSERT INTO ORDER_ITEM (ID, ORDER_ID, PRODUCT_ID, QUANTITY)
VALUES (9949, 415, 21, 13);
INSERT INTO ORDER_ITEM (ID, ORDER_ID, PRODUCT_ID, QUANTITY)
VALUES (9950, 415, 28, 3);
INSERT INTO ORDER_ITEM (ID, ORDER_ID, PRODUCT_ID, QUANTITY)
VALUES (9951, 415, 36, 8);
INSERT INTO ORDER_ITEM (ID, ORDER_ID, PRODUCT_ID, QUANTITY)
VALUES (9952, 415, 40, 9);
INSERT INTO ORDER_ITEM (ID, ORDER_ID, PRODUCT_ID, QUANTITY)
VALUES (9953, 415, 18, 5);
INSERT INTO ORDER_ITEM (ID, ORDER_ID, PRODUCT_ID, QUANTITY)
VALUES (9954, 415, 16, 0);
INSERT INTO ORDER_ITEM (ID, ORDER_ID, PRODUCT_ID, QUANTITY)
VALUES (9955, 415, 32, 7);
INSERT INTO ORDER_ITEM (ID, ORDER_ID, PRODUCT_ID, QUANTITY)
VALUES (9956, 415, 52, 14);
-- ### ORDER 406
INSERT INTO PAYMENT_DETAIL(ID, AMOUNT, PROVIDER, PROVIDER_PAYMENT_UUID)
VALUES (416, 1149.0, 'CRYPTO', '995438307');
INSERT INTO ORDERS (ID, CUST_ID, PAYMENT_ID, STATUS, AMOUNT, CREATED_ON, UPDATED_ON)
VALUES (416, 777, 416, 'DELIVERED', 1149.0, LOCALTIMESTAMP, LOCALTIMESTAMP);
INSERT INTO ORDER_ITEM (ID, ORDER_ID, PRODUCT_ID, QUANTITY)
VALUES (9957, 416, 45, 18);
-- ### ORDER 407
INSERT INTO PAYMENT_DETAIL(ID, AMOUNT, PROVIDER, PROVIDER_PAYMENT_UUID)
VALUES (417, 1433.0, 'MASTERCARD', '571045676');
INSERT INTO ORDERS (ID, CUST_ID, PAYMENT_ID, STATUS, AMOUNT, CREATED_ON, UPDATED_ON)
VALUES (417, 777, 417, 'DELIVERED', 1433.0, LOCALTIMESTAMP, LOCALTIMESTAMP);
INSERT INTO ORDER_ITEM (ID, ORDER_ID, PRODUCT_ID, QUANTITY)
VALUES (9958, 417, 38, 13);
INSERT INTO ORDER_ITEM (ID, ORDER_ID, PRODUCT_ID, QUANTITY)
VALUES (9959, 417, 13, 16);
INSERT INTO ORDER_ITEM (ID, ORDER_ID, PRODUCT_ID, QUANTITY)
VALUES (9960, 417, 29, 1);
INSERT INTO ORDER_ITEM (ID, ORDER_ID, PRODUCT_ID, QUANTITY)
VALUES (9961, 417, 37, 12);
INSERT INTO ORDER_ITEM (ID, ORDER_ID, PRODUCT_ID, QUANTITY)
VALUES (9962, 417, 12, 3);
INSERT INTO ORDER_ITEM (ID, ORDER_ID, PRODUCT_ID, QUANTITY)
VALUES (9963, 417, 48, 11);
INSERT INTO ORDER_ITEM (ID, ORDER_ID, PRODUCT_ID, QUANTITY)
VALUES (9964, 417, 31, 8);
INSERT INTO ORDER_ITEM (ID, ORDER_ID, PRODUCT_ID, QUANTITY)
VALUES (9965, 417, 41, 10);
INSERT INTO ORDER_ITEM (ID, ORDER_ID, PRODUCT_ID, QUANTITY)
VALUES (9966, 417, 36, 2);
INSERT INTO ORDER_ITEM (ID, ORDER_ID, PRODUCT_ID, QUANTITY)
VALUES (9967, 417, 52, 9);
INSERT INTO ORDER_ITEM (ID, ORDER_ID, PRODUCT_ID, QUANTITY)
VALUES (9968, 417, 47, 6);
INSERT INTO ORDER_ITEM (ID, ORDER_ID, PRODUCT_ID, QUANTITY)
VALUES (9969, 417, 30, 1);
INSERT INTO ORDER_ITEM (ID, ORDER_ID, PRODUCT_ID, QUANTITY)
VALUES (9970, 417, 46, 15);
INSERT INTO ORDER_ITEM (ID, ORDER_ID, PRODUCT_ID, QUANTITY)
VALUES (9971, 417, 40, 7);
INSERT INTO ORDER_ITEM (ID, ORDER_ID, PRODUCT_ID, QUANTITY)
VALUES (9972, 417, 59, 20);
INSERT INTO ORDER_ITEM (ID, ORDER_ID, PRODUCT_ID, QUANTITY)
VALUES (9973, 417, 50, 17);
INSERT INTO ORDER_ITEM (ID, ORDER_ID, PRODUCT_ID, QUANTITY)
VALUES (9974, 417, 35, 10);
INSERT INTO ORDER_ITEM (ID, ORDER_ID, PRODUCT_ID, QUANTITY)
VALUES (9975, 417, 20, 16);
INSERT INTO ORDER_ITEM (ID, ORDER_ID, PRODUCT_ID, QUANTITY)
VALUES (9976, 417, 24, 14);
INSERT INTO ORDER_ITEM (ID, ORDER_ID, PRODUCT_ID, QUANTITY)
VALUES (9977, 417, 27, 9);
INSERT INTO ORDER_ITEM (ID, ORDER_ID, PRODUCT_ID, QUANTITY)
VALUES (9978, 417, 42, 1);
INSERT INTO ORDER_ITEM (ID, ORDER_ID, PRODUCT_ID, QUANTITY)
VALUES (9979, 417, 54, 3);
INSERT INTO ORDER_ITEM (ID, ORDER_ID, PRODUCT_ID, QUANTITY)
VALUES (9980, 417, 53, 7);
INSERT INTO ORDER_ITEM (ID, ORDER_ID, PRODUCT_ID, QUANTITY)
VALUES (9981, 417, 17, 3);
INSERT INTO ORDER_ITEM (ID, ORDER_ID, PRODUCT_ID, QUANTITY)
VALUES (9982, 417, 34, 19);
INSERT INTO ORDER_ITEM (ID, ORDER_ID, PRODUCT_ID, QUANTITY)
VALUES (9983, 417, 14, 18);
INSERT INTO ORDER_ITEM (ID, ORDER_ID, PRODUCT_ID, QUANTITY)
VALUES (9984, 417, 43, 6);
INSERT INTO ORDER_ITEM (ID, ORDER_ID, PRODUCT_ID, QUANTITY)
VALUES (9985, 417, 19, 19);
INSERT INTO ORDER_ITEM (ID, ORDER_ID, PRODUCT_ID, QUANTITY)
VALUES (9986, 417, 44, 13);
INSERT INTO ORDER_ITEM (ID, ORDER_ID, PRODUCT_ID, QUANTITY)
VALUES (9987, 417, 22, 12);
INSERT INTO ORDER_ITEM (ID, ORDER_ID, PRODUCT_ID, QUANTITY)
VALUES (9988, 417, 58, 9);
INSERT INTO ORDER_ITEM (ID, ORDER_ID, PRODUCT_ID, QUANTITY)
VALUES (9989, 417, 49, 20);
INSERT INTO ORDER_ITEM (ID, ORDER_ID, PRODUCT_ID, QUANTITY)
VALUES (9990, 417, 21, 5);
INSERT INTO ORDER_ITEM (ID, ORDER_ID, PRODUCT_ID, QUANTITY)
VALUES (9991, 417, 33, 19);
INSERT INTO ORDER_ITEM (ID, ORDER_ID, PRODUCT_ID, QUANTITY)
VALUES (9992, 417, 60, 16);
INSERT INTO ORDER_ITEM (ID, ORDER_ID, PRODUCT_ID, QUANTITY)
VALUES (9993, 417, 26, 16);
INSERT INTO ORDER_ITEM (ID, ORDER_ID, PRODUCT_ID, QUANTITY)
VALUES (9994, 417, 57, 20);
INSERT INTO ORDER_ITEM (ID, ORDER_ID, PRODUCT_ID, QUANTITY)
VALUES (9995, 417, 56, 17);
INSERT INTO ORDER_ITEM (ID, ORDER_ID, PRODUCT_ID, QUANTITY)
VALUES (9996, 417, 25, 0);
-- ### ORDER 408
INSERT INTO PAYMENT_DETAIL(ID, AMOUNT, PROVIDER, PROVIDER_PAYMENT_UUID)
VALUES (418, 867.0, 'VISA', '102404106');
INSERT INTO ORDERS (ID, CUST_ID, PAYMENT_ID, STATUS, AMOUNT, CREATED_ON, UPDATED_ON)
VALUES (418, 777, 418, 'DELIVERED', 867.0, LOCALTIMESTAMP, LOCALTIMESTAMP);
INSERT INTO ORDER_ITEM (ID, ORDER_ID, PRODUCT_ID, QUANTITY)
VALUES (9997, 418, 27, 19);
INSERT INTO ORDER_ITEM (ID, ORDER_ID, PRODUCT_ID, QUANTITY)
VALUES (9998, 418, 29, 0);
INSERT INTO ORDER_ITEM (ID, ORDER_ID, PRODUCT_ID, QUANTITY)
VALUES (9999, 418, 45, 13);
INSERT INTO ORDER_ITEM (ID, ORDER_ID, PRODUCT_ID, QUANTITY)
VALUES (10000, 418, 56, 16);
INSERT INTO ORDER_ITEM (ID, ORDER_ID, PRODUCT_ID, QUANTITY)
VALUES (10001, 418, 34, 15);
INSERT INTO ORDER_ITEM (ID, ORDER_ID, PRODUCT_ID, QUANTITY)
VALUES (10002, 418, 57, 5);
INSERT INTO ORDER_ITEM (ID, ORDER_ID, PRODUCT_ID, QUANTITY)
VALUES (10003, 418, 17, 5);
INSERT INTO ORDER_ITEM (ID, ORDER_ID, PRODUCT_ID, QUANTITY)
VALUES (10004, 418, 25, 16);
INSERT INTO ORDER_ITEM (ID, ORDER_ID, PRODUCT_ID, QUANTITY)
VALUES (10005, 418, 50, 1);
INSERT INTO ORDER_ITEM (ID, ORDER_ID, PRODUCT_ID, QUANTITY)
VALUES (10006, 418, 48, 16);
INSERT INTO ORDER_ITEM (ID, ORDER_ID, PRODUCT_ID, QUANTITY)
VALUES (10007, 418, 12, 13);
INSERT INTO ORDER_ITEM (ID, ORDER_ID, PRODUCT_ID, QUANTITY)
VALUES (10008, 418, 49, 2);
INSERT INTO ORDER_ITEM (ID, ORDER_ID, PRODUCT_ID, QUANTITY)
VALUES (10009, 418, 39, 3);
INSERT INTO ORDER_ITEM (ID, ORDER_ID, PRODUCT_ID, QUANTITY)
VALUES (10010, 418, 54, 2);
INSERT INTO ORDER_ITEM (ID, ORDER_ID, PRODUCT_ID, QUANTITY)
VALUES (10011, 418, 59, 11);
INSERT INTO ORDER_ITEM (ID, ORDER_ID, PRODUCT_ID, QUANTITY)
VALUES (10012, 418, 20, 11);
INSERT INTO ORDER_ITEM (ID, ORDER_ID, PRODUCT_ID, QUANTITY)
VALUES (10013, 418, 32, 5);
INSERT INTO ORDER_ITEM (ID, ORDER_ID, PRODUCT_ID, QUANTITY)
VALUES (10014, 418, 14, 14);
INSERT INTO ORDER_ITEM (ID, ORDER_ID, PRODUCT_ID, QUANTITY)
VALUES (10015, 418, 26, 14);
INSERT INTO ORDER_ITEM (ID, ORDER_ID, PRODUCT_ID, QUANTITY)
VALUES (10016, 418, 38, 13);
INSERT INTO ORDER_ITEM (ID, ORDER_ID, PRODUCT_ID, QUANTITY)
VALUES (10017, 418, 51, 15);
INSERT INTO ORDER_ITEM (ID, ORDER_ID, PRODUCT_ID, QUANTITY)
VALUES (10018, 418, 24, 17);
INSERT INTO ORDER_ITEM (ID, ORDER_ID, PRODUCT_ID, QUANTITY)
VALUES (10019, 418, 43, 0);
INSERT INTO ORDER_ITEM (ID, ORDER_ID, PRODUCT_ID, QUANTITY)
VALUES (10020, 418, 53, 20);
INSERT INTO ORDER_ITEM (ID, ORDER_ID, PRODUCT_ID, QUANTITY)
VALUES (10021, 418, 33, 2);
INSERT INTO ORDER_ITEM (ID, ORDER_ID, PRODUCT_ID, QUANTITY)
VALUES (10022, 418, 58, 7);
INSERT INTO ORDER_ITEM (ID, ORDER_ID, PRODUCT_ID, QUANTITY)
VALUES (10023, 418, 46, 5);
INSERT INTO ORDER_ITEM (ID, ORDER_ID, PRODUCT_ID, QUANTITY)
VALUES (10024, 418, 30, 6);
-- ### ORDER 409
INSERT INTO PAYMENT_DETAIL(ID, AMOUNT, PROVIDER, PROVIDER_PAYMENT_UUID)
VALUES (419, 4.0, 'CRYPTO', '724240474');
INSERT INTO ORDERS (ID, CUST_ID, PAYMENT_ID, STATUS, AMOUNT, CREATED_ON, UPDATED_ON)
VALUES (419, 777, 419, 'DELIVERED', 4.0, LOCALTIMESTAMP, LOCALTIMESTAMP);
INSERT INTO ORDER_ITEM (ID, ORDER_ID, PRODUCT_ID, QUANTITY)
VALUES (10025, 419, 55, 17);
INSERT INTO ORDER_ITEM (ID, ORDER_ID, PRODUCT_ID, QUANTITY)
VALUES (10026, 419, 38, 4);
INSERT INTO ORDER_ITEM (ID, ORDER_ID, PRODUCT_ID, QUANTITY)
VALUES (10027, 419, 17, 8);
INSERT INTO ORDER_ITEM (ID, ORDER_ID, PRODUCT_ID, QUANTITY)
VALUES (10028, 419, 29, 11);
INSERT INTO ORDER_ITEM (ID, ORDER_ID, PRODUCT_ID, QUANTITY)
VALUES (10029, 419, 51, 7);
INSERT INTO ORDER_ITEM (ID, ORDER_ID, PRODUCT_ID, QUANTITY)
VALUES (10030, 419, 20, 8);
INSERT INTO ORDER_ITEM (ID, ORDER_ID, PRODUCT_ID, QUANTITY)
VALUES (10031, 419, 22, 20);
INSERT INTO ORDER_ITEM (ID, ORDER_ID, PRODUCT_ID, QUANTITY)
VALUES (10032, 419, 41, 10);
INSERT INTO ORDER_ITEM (ID, ORDER_ID, PRODUCT_ID, QUANTITY)
VALUES (10033, 419, 18, 3);
INSERT INTO ORDER_ITEM (ID, ORDER_ID, PRODUCT_ID, QUANTITY)
VALUES (10034, 419, 11, 0);
INSERT INTO ORDER_ITEM (ID, ORDER_ID, PRODUCT_ID, QUANTITY)
VALUES (10035, 419, 27, 16);
INSERT INTO ORDER_ITEM (ID, ORDER_ID, PRODUCT_ID, QUANTITY)
VALUES (10036, 419, 48, 18);
INSERT INTO ORDER_ITEM (ID, ORDER_ID, PRODUCT_ID, QUANTITY)
VALUES (10037, 419, 42, 17);
INSERT INTO ORDER_ITEM (ID, ORDER_ID, PRODUCT_ID, QUANTITY)
VALUES (10038, 419, 36, 0);
INSERT INTO ORDER_ITEM (ID, ORDER_ID, PRODUCT_ID, QUANTITY)
VALUES (10039, 419, 25, 2);
INSERT INTO ORDER_ITEM (ID, ORDER_ID, PRODUCT_ID, QUANTITY)
VALUES (10040, 419, 56, 7);
INSERT INTO ORDER_ITEM (ID, ORDER_ID, PRODUCT_ID, QUANTITY)
VALUES (10041, 419, 46, 0);
INSERT INTO ORDER_ITEM (ID, ORDER_ID, PRODUCT_ID, QUANTITY)
VALUES (10042, 419, 31, 14);
INSERT INTO ORDER_ITEM (ID, ORDER_ID, PRODUCT_ID, QUANTITY)
VALUES (10043, 419, 23, 19);
INSERT INTO ORDER_ITEM (ID, ORDER_ID, PRODUCT_ID, QUANTITY)
VALUES (10044, 419, 44, 0);
INSERT INTO ORDER_ITEM (ID, ORDER_ID, PRODUCT_ID, QUANTITY)
VALUES (10045, 419, 60, 9);
INSERT INTO ORDER_ITEM (ID, ORDER_ID, PRODUCT_ID, QUANTITY)
VALUES (10046, 419, 28, 6);
INSERT INTO ORDER_ITEM (ID, ORDER_ID, PRODUCT_ID, QUANTITY)
VALUES (10047, 419, 47, 18);
INSERT INTO ORDER_ITEM (ID, ORDER_ID, PRODUCT_ID, QUANTITY)
VALUES (10048, 419, 53, 3);
INSERT INTO ORDER_ITEM (ID, ORDER_ID, PRODUCT_ID, QUANTITY)
VALUES (10049, 419, 30, 15);
INSERT INTO ORDER_ITEM (ID, ORDER_ID, PRODUCT_ID, QUANTITY)
VALUES (10050, 419, 40, 16);
INSERT INTO ORDER_ITEM (ID, ORDER_ID, PRODUCT_ID, QUANTITY)
VALUES (10051, 419, 45, 5);
INSERT INTO ORDER_ITEM (ID, ORDER_ID, PRODUCT_ID, QUANTITY)
VALUES (10052, 419, 21, 15);
INSERT INTO ORDER_ITEM (ID, ORDER_ID, PRODUCT_ID, QUANTITY)
VALUES (10053, 419, 37, 15);
INSERT INTO ORDER_ITEM (ID, ORDER_ID, PRODUCT_ID, QUANTITY)
VALUES (10054, 419, 39, 19);
INSERT INTO ORDER_ITEM (ID, ORDER_ID, PRODUCT_ID, QUANTITY)
VALUES (10055, 419, 34, 0);
INSERT INTO ORDER_ITEM (ID, ORDER_ID, PRODUCT_ID, QUANTITY)
VALUES (10056, 419, 32, 16);
INSERT INTO ORDER_ITEM (ID, ORDER_ID, PRODUCT_ID, QUANTITY)
VALUES (10057, 419, 15, 10);
INSERT INTO ORDER_ITEM (ID, ORDER_ID, PRODUCT_ID, QUANTITY)
VALUES (10058, 419, 58, 6);
INSERT INTO ORDER_ITEM (ID, ORDER_ID, PRODUCT_ID, QUANTITY)
VALUES (10059, 419, 24, 5);
INSERT INTO ORDER_ITEM (ID, ORDER_ID, PRODUCT_ID, QUANTITY)
VALUES (10060, 419, 13, 5);
INSERT INTO ORDER_ITEM (ID, ORDER_ID, PRODUCT_ID, QUANTITY)
VALUES (10061, 419, 52, 7);
-- ### ORDER 410
INSERT INTO PAYMENT_DETAIL(ID, AMOUNT, PROVIDER, PROVIDER_PAYMENT_UUID)
VALUES (420, 4019.0, 'PAYPAL', '664225982');
INSERT INTO ORDERS (ID, CUST_ID, PAYMENT_ID, STATUS, AMOUNT, CREATED_ON, UPDATED_ON)
VALUES (420, 777, 420, 'DELIVERED', 4019.0, LOCALTIMESTAMP, LOCALTIMESTAMP);
INSERT INTO ORDER_ITEM (ID, ORDER_ID, PRODUCT_ID, QUANTITY)
VALUES (10062, 420, 29, 18);
INSERT INTO ORDER_ITEM (ID, ORDER_ID, PRODUCT_ID, QUANTITY)
VALUES (10063, 420, 11, 2);
INSERT INTO ORDER_ITEM (ID, ORDER_ID, PRODUCT_ID, QUANTITY)
VALUES (10064, 420, 60, 10);
INSERT INTO ORDER_ITEM (ID, ORDER_ID, PRODUCT_ID, QUANTITY)
VALUES (10065, 420, 22, 20);
INSERT INTO ORDER_ITEM (ID, ORDER_ID, PRODUCT_ID, QUANTITY)
VALUES (10066, 420, 37, 3);
INSERT INTO ORDER_ITEM (ID, ORDER_ID, PRODUCT_ID, QUANTITY)
VALUES (10067, 420, 44, 7);
INSERT INTO ORDER_ITEM (ID, ORDER_ID, PRODUCT_ID, QUANTITY)
VALUES (10068, 420, 53, 10);
INSERT INTO ORDER_ITEM (ID, ORDER_ID, PRODUCT_ID, QUANTITY)
VALUES (10069, 420, 20, 14);
INSERT INTO ORDER_ITEM (ID, ORDER_ID, PRODUCT_ID, QUANTITY)
VALUES (10070, 420, 13, 15);
INSERT INTO ORDER_ITEM (ID, ORDER_ID, PRODUCT_ID, QUANTITY)
VALUES (10071, 420, 32, 1);
INSERT INTO ORDER_ITEM (ID, ORDER_ID, PRODUCT_ID, QUANTITY)
VALUES (10072, 420, 25, 11);
INSERT INTO ORDER_ITEM (ID, ORDER_ID, PRODUCT_ID, QUANTITY)
VALUES (10073, 420, 28, 6);
INSERT INTO ORDER_ITEM (ID, ORDER_ID, PRODUCT_ID, QUANTITY)
VALUES (10074, 420, 31, 12);
INSERT INTO ORDER_ITEM (ID, ORDER_ID, PRODUCT_ID, QUANTITY)
VALUES (10075, 420, 12, 19);
INSERT INTO ORDER_ITEM (ID, ORDER_ID, PRODUCT_ID, QUANTITY)
VALUES (10076, 420, 24, 11);
INSERT INTO ORDER_ITEM (ID, ORDER_ID, PRODUCT_ID, QUANTITY)
VALUES (10077, 420, 58, 11);
INSERT INTO ORDER_ITEM (ID, ORDER_ID, PRODUCT_ID, QUANTITY)
VALUES (10078, 420, 21, 1);
INSERT INTO ORDER_ITEM (ID, ORDER_ID, PRODUCT_ID, QUANTITY)
VALUES (10079, 420, 17, 12);
INSERT INTO ORDER_ITEM (ID, ORDER_ID, PRODUCT_ID, QUANTITY)
VALUES (10080, 420, 48, 20);
-- ### ORDER 411
INSERT INTO PAYMENT_DETAIL(ID, AMOUNT, PROVIDER, PROVIDER_PAYMENT_UUID)
VALUES (421, 3150.0, 'ICARD', '73053197');
INSERT INTO ORDERS (ID, CUST_ID, PAYMENT_ID, STATUS, AMOUNT, CREATED_ON, UPDATED_ON)
VALUES (421, 777, 421, 'DELIVERED', 3150.0, LOCALTIMESTAMP, LOCALTIMESTAMP);
INSERT INTO ORDER_ITEM (ID, ORDER_ID, PRODUCT_ID, QUANTITY)
VALUES (10081, 421, 12, 3);
INSERT INTO ORDER_ITEM (ID, ORDER_ID, PRODUCT_ID, QUANTITY)
VALUES (10082, 421, 44, 2);
INSERT INTO ORDER_ITEM (ID, ORDER_ID, PRODUCT_ID, QUANTITY)
VALUES (10083, 421, 35, 6);
INSERT INTO ORDER_ITEM (ID, ORDER_ID, PRODUCT_ID, QUANTITY)
VALUES (10084, 421, 23, 0);
INSERT INTO ORDER_ITEM (ID, ORDER_ID, PRODUCT_ID, QUANTITY)
VALUES (10085, 421, 42, 4);
INSERT INTO ORDER_ITEM (ID, ORDER_ID, PRODUCT_ID, QUANTITY)
VALUES (10086, 421, 45, 7);
INSERT INTO ORDER_ITEM (ID, ORDER_ID, PRODUCT_ID, QUANTITY)
VALUES (10087, 421, 55, 6);
INSERT INTO ORDER_ITEM (ID, ORDER_ID, PRODUCT_ID, QUANTITY)
VALUES (10088, 421, 46, 9);
INSERT INTO ORDER_ITEM (ID, ORDER_ID, PRODUCT_ID, QUANTITY)
VALUES (10089, 421, 28, 19);
INSERT INTO ORDER_ITEM (ID, ORDER_ID, PRODUCT_ID, QUANTITY)
VALUES (10090, 421, 36, 20);
INSERT INTO ORDER_ITEM (ID, ORDER_ID, PRODUCT_ID, QUANTITY)
VALUES (10091, 421, 57, 1);
INSERT INTO ORDER_ITEM (ID, ORDER_ID, PRODUCT_ID, QUANTITY)
VALUES (10092, 421, 53, 10);
INSERT INTO ORDER_ITEM (ID, ORDER_ID, PRODUCT_ID, QUANTITY)
VALUES (10093, 421, 13, 4);
INSERT INTO ORDER_ITEM (ID, ORDER_ID, PRODUCT_ID, QUANTITY)
VALUES (10094, 421, 18, 12);
INSERT INTO ORDER_ITEM (ID, ORDER_ID, PRODUCT_ID, QUANTITY)
VALUES (10095, 421, 50, 19);
INSERT INTO ORDER_ITEM (ID, ORDER_ID, PRODUCT_ID, QUANTITY)
VALUES (10096, 421, 43, 11);
INSERT INTO ORDER_ITEM (ID, ORDER_ID, PRODUCT_ID, QUANTITY)
VALUES (10097, 421, 47, 16);
INSERT INTO ORDER_ITEM (ID, ORDER_ID, PRODUCT_ID, QUANTITY)
VALUES (10098, 421, 20, 15);
INSERT INTO ORDER_ITEM (ID, ORDER_ID, PRODUCT_ID, QUANTITY)
VALUES (10099, 421, 54, 8);
INSERT INTO ORDER_ITEM (ID, ORDER_ID, PRODUCT_ID, QUANTITY)
VALUES (10100, 421, 11, 10);
INSERT INTO ORDER_ITEM (ID, ORDER_ID, PRODUCT_ID, QUANTITY)
VALUES (10101, 421, 40, 8);
INSERT INTO ORDER_ITEM (ID, ORDER_ID, PRODUCT_ID, QUANTITY)
VALUES (10102, 421, 37, 13);
INSERT INTO ORDER_ITEM (ID, ORDER_ID, PRODUCT_ID, QUANTITY)
VALUES (10103, 421, 56, 15);
INSERT INTO ORDER_ITEM (ID, ORDER_ID, PRODUCT_ID, QUANTITY)
VALUES (10104, 421, 51, 18);
INSERT INTO ORDER_ITEM (ID, ORDER_ID, PRODUCT_ID, QUANTITY)
VALUES (10105, 421, 48, 9);
INSERT INTO ORDER_ITEM (ID, ORDER_ID, PRODUCT_ID, QUANTITY)
VALUES (10106, 421, 27, 12);
INSERT INTO ORDER_ITEM (ID, ORDER_ID, PRODUCT_ID, QUANTITY)
VALUES (10107, 421, 60, 10);
INSERT INTO ORDER_ITEM (ID, ORDER_ID, PRODUCT_ID, QUANTITY)
VALUES (10108, 421, 41, 16);
INSERT INTO ORDER_ITEM (ID, ORDER_ID, PRODUCT_ID, QUANTITY)
VALUES (10109, 421, 52, 16);
INSERT INTO ORDER_ITEM (ID, ORDER_ID, PRODUCT_ID, QUANTITY)
VALUES (10110, 421, 25, 17);
INSERT INTO ORDER_ITEM (ID, ORDER_ID, PRODUCT_ID, QUANTITY)
VALUES (10111, 421, 32, 19);
INSERT INTO ORDER_ITEM (ID, ORDER_ID, PRODUCT_ID, QUANTITY)
VALUES (10112, 421, 59, 12);
INSERT INTO ORDER_ITEM (ID, ORDER_ID, PRODUCT_ID, QUANTITY)
VALUES (10113, 421, 39, 10);
INSERT INTO ORDER_ITEM (ID, ORDER_ID, PRODUCT_ID, QUANTITY)
VALUES (10114, 421, 21, 9);
INSERT INTO ORDER_ITEM (ID, ORDER_ID, PRODUCT_ID, QUANTITY)
VALUES (10115, 421, 24, 5);
INSERT INTO ORDER_ITEM (ID, ORDER_ID, PRODUCT_ID, QUANTITY)
VALUES (10116, 421, 58, 15);
INSERT INTO ORDER_ITEM (ID, ORDER_ID, PRODUCT_ID, QUANTITY)
VALUES (10117, 421, 30, 18);
INSERT INTO ORDER_ITEM (ID, ORDER_ID, PRODUCT_ID, QUANTITY)
VALUES (10118, 421, 15, 0);
INSERT INTO ORDER_ITEM (ID, ORDER_ID, PRODUCT_ID, QUANTITY)
VALUES (10119, 421, 34, 14);
INSERT INTO ORDER_ITEM (ID, ORDER_ID, PRODUCT_ID, QUANTITY)
VALUES (10120, 421, 19, 2);
INSERT INTO ORDER_ITEM (ID, ORDER_ID, PRODUCT_ID, QUANTITY)
VALUES (10121, 421, 38, 10);
INSERT INTO ORDER_ITEM (ID, ORDER_ID, PRODUCT_ID, QUANTITY)
VALUES (10122, 421, 29, 4);
INSERT INTO ORDER_ITEM (ID, ORDER_ID, PRODUCT_ID, QUANTITY)
VALUES (10123, 421, 17, 9);
INSERT INTO ORDER_ITEM (ID, ORDER_ID, PRODUCT_ID, QUANTITY)
VALUES (10124, 421, 26, 12);
-- ### ORDER 412
INSERT INTO PAYMENT_DETAIL(ID, AMOUNT, PROVIDER, PROVIDER_PAYMENT_UUID)
VALUES (422, 4034.0, 'CRYPTO', '135309941');
INSERT INTO ORDERS (ID, CUST_ID, PAYMENT_ID, STATUS, AMOUNT, CREATED_ON, UPDATED_ON)
VALUES (422, 777, 422, 'DELIVERED', 4034.0, LOCALTIMESTAMP, LOCALTIMESTAMP);
INSERT INTO ORDER_ITEM (ID, ORDER_ID, PRODUCT_ID, QUANTITY)
VALUES (10125, 422, 49, 8);
INSERT INTO ORDER_ITEM (ID, ORDER_ID, PRODUCT_ID, QUANTITY)
VALUES (10126, 422, 42, 9);
-- ### ORDER 413
INSERT INTO PAYMENT_DETAIL(ID, AMOUNT, PROVIDER, PROVIDER_PAYMENT_UUID)
VALUES (423, 1023.0, 'CRYPTO', '358578621');
INSERT INTO ORDERS (ID, CUST_ID, PAYMENT_ID, STATUS, AMOUNT, CREATED_ON, UPDATED_ON)
VALUES (423, 777, 423, 'DELIVERED', 1023.0, LOCALTIMESTAMP, LOCALTIMESTAMP);
INSERT INTO ORDER_ITEM (ID, ORDER_ID, PRODUCT_ID, QUANTITY)
VALUES (10127, 423, 34, 12);
INSERT INTO ORDER_ITEM (ID, ORDER_ID, PRODUCT_ID, QUANTITY)
VALUES (10128, 423, 24, 0);
INSERT INTO ORDER_ITEM (ID, ORDER_ID, PRODUCT_ID, QUANTITY)
VALUES (10129, 423, 55, 17);
INSERT INTO ORDER_ITEM (ID, ORDER_ID, PRODUCT_ID, QUANTITY)
VALUES (10130, 423, 38, 0);
INSERT INTO ORDER_ITEM (ID, ORDER_ID, PRODUCT_ID, QUANTITY)
VALUES (10131, 423, 31, 5);
INSERT INTO ORDER_ITEM (ID, ORDER_ID, PRODUCT_ID, QUANTITY)
VALUES (10132, 423, 16, 5);
INSERT INTO ORDER_ITEM (ID, ORDER_ID, PRODUCT_ID, QUANTITY)
VALUES (10133, 423, 40, 9);
INSERT INTO ORDER_ITEM (ID, ORDER_ID, PRODUCT_ID, QUANTITY)
VALUES (10134, 423, 25, 19);
INSERT INTO ORDER_ITEM (ID, ORDER_ID, PRODUCT_ID, QUANTITY)
VALUES (10135, 423, 20, 13);
INSERT INTO ORDER_ITEM (ID, ORDER_ID, PRODUCT_ID, QUANTITY)
VALUES (10136, 423, 27, 0);
INSERT INTO ORDER_ITEM (ID, ORDER_ID, PRODUCT_ID, QUANTITY)
VALUES (10137, 423, 39, 0);
INSERT INTO ORDER_ITEM (ID, ORDER_ID, PRODUCT_ID, QUANTITY)
VALUES (10138, 423, 12, 17);
INSERT INTO ORDER_ITEM (ID, ORDER_ID, PRODUCT_ID, QUANTITY)
VALUES (10139, 423, 37, 4);
INSERT INTO ORDER_ITEM (ID, ORDER_ID, PRODUCT_ID, QUANTITY)
VALUES (10140, 423, 52, 3);
INSERT INTO ORDER_ITEM (ID, ORDER_ID, PRODUCT_ID, QUANTITY)
VALUES (10141, 423, 14, 12);
INSERT INTO ORDER_ITEM (ID, ORDER_ID, PRODUCT_ID, QUANTITY)
VALUES (10142, 423, 50, 11);
INSERT INTO ORDER_ITEM (ID, ORDER_ID, PRODUCT_ID, QUANTITY)
VALUES (10143, 423, 11, 2);
INSERT INTO ORDER_ITEM (ID, ORDER_ID, PRODUCT_ID, QUANTITY)
VALUES (10144, 423, 33, 12);
INSERT INTO ORDER_ITEM (ID, ORDER_ID, PRODUCT_ID, QUANTITY)
VALUES (10145, 423, 49, 11);
INSERT INTO ORDER_ITEM (ID, ORDER_ID, PRODUCT_ID, QUANTITY)
VALUES (10146, 423, 28, 7);
INSERT INTO ORDER_ITEM (ID, ORDER_ID, PRODUCT_ID, QUANTITY)
VALUES (10147, 423, 17, 15);
INSERT INTO ORDER_ITEM (ID, ORDER_ID, PRODUCT_ID, QUANTITY)
VALUES (10148, 423, 54, 16);
INSERT INTO ORDER_ITEM (ID, ORDER_ID, PRODUCT_ID, QUANTITY)
VALUES (10149, 423, 18, 8);
INSERT INTO ORDER_ITEM (ID, ORDER_ID, PRODUCT_ID, QUANTITY)
VALUES (10150, 423, 35, 3);
INSERT INTO ORDER_ITEM (ID, ORDER_ID, PRODUCT_ID, QUANTITY)
VALUES (10151, 423, 22, 13);
INSERT INTO ORDER_ITEM (ID, ORDER_ID, PRODUCT_ID, QUANTITY)
VALUES (10152, 423, 45, 12);
INSERT INTO ORDER_ITEM (ID, ORDER_ID, PRODUCT_ID, QUANTITY)
VALUES (10153, 423, 15, 14);
INSERT INTO ORDER_ITEM (ID, ORDER_ID, PRODUCT_ID, QUANTITY)
VALUES (10154, 423, 41, 18);
INSERT INTO ORDER_ITEM (ID, ORDER_ID, PRODUCT_ID, QUANTITY)
VALUES (10155, 423, 59, 1);
INSERT INTO ORDER_ITEM (ID, ORDER_ID, PRODUCT_ID, QUANTITY)
VALUES (10156, 423, 19, 2);
INSERT INTO ORDER_ITEM (ID, ORDER_ID, PRODUCT_ID, QUANTITY)
VALUES (10157, 423, 13, 2);
INSERT INTO ORDER_ITEM (ID, ORDER_ID, PRODUCT_ID, QUANTITY)
VALUES (10158, 423, 42, 8);
INSERT INTO ORDER_ITEM (ID, ORDER_ID, PRODUCT_ID, QUANTITY)
VALUES (10159, 423, 21, 17);
INSERT INTO ORDER_ITEM (ID, ORDER_ID, PRODUCT_ID, QUANTITY)
VALUES (10160, 423, 51, 16);
INSERT INTO ORDER_ITEM (ID, ORDER_ID, PRODUCT_ID, QUANTITY)
VALUES (10161, 423, 43, 19);
INSERT INTO ORDER_ITEM (ID, ORDER_ID, PRODUCT_ID, QUANTITY)
VALUES (10162, 423, 26, 1);
INSERT INTO ORDER_ITEM (ID, ORDER_ID, PRODUCT_ID, QUANTITY)
VALUES (10163, 423, 46, 7);
INSERT INTO ORDER_ITEM (ID, ORDER_ID, PRODUCT_ID, QUANTITY)
VALUES (10164, 423, 23, 14);
INSERT INTO ORDER_ITEM (ID, ORDER_ID, PRODUCT_ID, QUANTITY)
VALUES (10165, 423, 53, 7);
INSERT INTO ORDER_ITEM (ID, ORDER_ID, PRODUCT_ID, QUANTITY)
VALUES (10166, 423, 30, 11);
INSERT INTO ORDER_ITEM (ID, ORDER_ID, PRODUCT_ID, QUANTITY)
VALUES (10167, 423, 58, 20);
INSERT INTO ORDER_ITEM (ID, ORDER_ID, PRODUCT_ID, QUANTITY)
VALUES (10168, 423, 32, 14);
INSERT INTO ORDER_ITEM (ID, ORDER_ID, PRODUCT_ID, QUANTITY)
VALUES (10169, 423, 48, 6);
INSERT INTO ORDER_ITEM (ID, ORDER_ID, PRODUCT_ID, QUANTITY)
VALUES (10170, 423, 44, 12);
INSERT INTO ORDER_ITEM (ID, ORDER_ID, PRODUCT_ID, QUANTITY)
VALUES (10171, 423, 56, 7);
INSERT INTO ORDER_ITEM (ID, ORDER_ID, PRODUCT_ID, QUANTITY)
VALUES (10172, 423, 47, 13);
INSERT INTO ORDER_ITEM (ID, ORDER_ID, PRODUCT_ID, QUANTITY)
VALUES (10173, 423, 57, 17);
INSERT INTO ORDER_ITEM (ID, ORDER_ID, PRODUCT_ID, QUANTITY)
VALUES (10174, 423, 36, 7);
-- ### ORDER 414
INSERT INTO PAYMENT_DETAIL(ID, AMOUNT, PROVIDER, PROVIDER_PAYMENT_UUID)
VALUES (424, 1818.0, 'VISA', '25229159');
INSERT INTO ORDERS (ID, CUST_ID, PAYMENT_ID, STATUS, AMOUNT, CREATED_ON, UPDATED_ON)
VALUES (424, 777, 424, 'DELIVERED', 1818.0, LOCALTIMESTAMP, LOCALTIMESTAMP);
INSERT INTO ORDER_ITEM (ID, ORDER_ID, PRODUCT_ID, QUANTITY)
VALUES (10175, 424, 11, 11);
INSERT INTO ORDER_ITEM (ID, ORDER_ID, PRODUCT_ID, QUANTITY)
VALUES (10176, 424, 31, 11);
INSERT INTO ORDER_ITEM (ID, ORDER_ID, PRODUCT_ID, QUANTITY)
VALUES (10177, 424, 57, 7);
INSERT INTO ORDER_ITEM (ID, ORDER_ID, PRODUCT_ID, QUANTITY)
VALUES (10178, 424, 39, 5);
INSERT INTO ORDER_ITEM (ID, ORDER_ID, PRODUCT_ID, QUANTITY)
VALUES (10179, 424, 24, 6);
INSERT INTO ORDER_ITEM (ID, ORDER_ID, PRODUCT_ID, QUANTITY)
VALUES (10180, 424, 16, 3);
INSERT INTO ORDER_ITEM (ID, ORDER_ID, PRODUCT_ID, QUANTITY)
VALUES (10181, 424, 41, 9);
INSERT INTO ORDER_ITEM (ID, ORDER_ID, PRODUCT_ID, QUANTITY)
VALUES (10182, 424, 42, 20);
INSERT INTO ORDER_ITEM (ID, ORDER_ID, PRODUCT_ID, QUANTITY)
VALUES (10183, 424, 51, 6);
INSERT INTO ORDER_ITEM (ID, ORDER_ID, PRODUCT_ID, QUANTITY)
VALUES (10184, 424, 38, 15);
INSERT INTO ORDER_ITEM (ID, ORDER_ID, PRODUCT_ID, QUANTITY)
VALUES (10185, 424, 44, 12);
INSERT INTO ORDER_ITEM (ID, ORDER_ID, PRODUCT_ID, QUANTITY)
VALUES (10186, 424, 27, 6);
INSERT INTO ORDER_ITEM (ID, ORDER_ID, PRODUCT_ID, QUANTITY)
VALUES (10187, 424, 55, 12);
INSERT INTO ORDER_ITEM (ID, ORDER_ID, PRODUCT_ID, QUANTITY)
VALUES (10188, 424, 52, 16);
INSERT INTO ORDER_ITEM (ID, ORDER_ID, PRODUCT_ID, QUANTITY)
VALUES (10189, 424, 53, 19);
INSERT INTO ORDER_ITEM (ID, ORDER_ID, PRODUCT_ID, QUANTITY)
VALUES (10190, 424, 54, 2);
INSERT INTO ORDER_ITEM (ID, ORDER_ID, PRODUCT_ID, QUANTITY)
VALUES (10191, 424, 30, 13);
INSERT INTO ORDER_ITEM (ID, ORDER_ID, PRODUCT_ID, QUANTITY)
VALUES (10192, 424, 50, 5);
INSERT INTO ORDER_ITEM (ID, ORDER_ID, PRODUCT_ID, QUANTITY)
VALUES (10193, 424, 45, 11);
INSERT INTO ORDER_ITEM (ID, ORDER_ID, PRODUCT_ID, QUANTITY)
VALUES (10194, 424, 36, 8);
INSERT INTO ORDER_ITEM (ID, ORDER_ID, PRODUCT_ID, QUANTITY)
VALUES (10195, 424, 48, 19);
INSERT INTO ORDER_ITEM (ID, ORDER_ID, PRODUCT_ID, QUANTITY)
VALUES (10196, 424, 46, 3);
INSERT INTO ORDER_ITEM (ID, ORDER_ID, PRODUCT_ID, QUANTITY)
VALUES (10197, 424, 43, 9);
INSERT INTO ORDER_ITEM (ID, ORDER_ID, PRODUCT_ID, QUANTITY)
VALUES (10198, 424, 28, 14);
INSERT INTO ORDER_ITEM (ID, ORDER_ID, PRODUCT_ID, QUANTITY)
VALUES (10199, 424, 32, 2);
INSERT INTO ORDER_ITEM (ID, ORDER_ID, PRODUCT_ID, QUANTITY)
VALUES (10200, 424, 12, 7);
INSERT INTO ORDER_ITEM (ID, ORDER_ID, PRODUCT_ID, QUANTITY)
VALUES (10201, 424, 49, 7);
INSERT INTO ORDER_ITEM (ID, ORDER_ID, PRODUCT_ID, QUANTITY)
VALUES (10202, 424, 23, 0);
INSERT INTO ORDER_ITEM (ID, ORDER_ID, PRODUCT_ID, QUANTITY)
VALUES (10203, 424, 47, 11);
INSERT INTO ORDER_ITEM (ID, ORDER_ID, PRODUCT_ID, QUANTITY)
VALUES (10204, 424, 37, 6);
INSERT INTO ORDER_ITEM (ID, ORDER_ID, PRODUCT_ID, QUANTITY)
VALUES (10205, 424, 17, 20);
INSERT INTO ORDER_ITEM (ID, ORDER_ID, PRODUCT_ID, QUANTITY)
VALUES (10206, 424, 60, 11);
INSERT INTO ORDER_ITEM (ID, ORDER_ID, PRODUCT_ID, QUANTITY)
VALUES (10207, 424, 13, 19);
INSERT INTO ORDER_ITEM (ID, ORDER_ID, PRODUCT_ID, QUANTITY)
VALUES (10208, 424, 33, 19);
INSERT INTO ORDER_ITEM (ID, ORDER_ID, PRODUCT_ID, QUANTITY)
VALUES (10209, 424, 29, 18);
INSERT INTO ORDER_ITEM (ID, ORDER_ID, PRODUCT_ID, QUANTITY)
VALUES (10210, 424, 20, 10);
INSERT INTO ORDER_ITEM (ID, ORDER_ID, PRODUCT_ID, QUANTITY)
VALUES (10211, 424, 22, 9);
INSERT INTO ORDER_ITEM (ID, ORDER_ID, PRODUCT_ID, QUANTITY)
VALUES (10212, 424, 40, 16);
INSERT INTO ORDER_ITEM (ID, ORDER_ID, PRODUCT_ID, QUANTITY)
VALUES (10213, 424, 19, 3);
-- ### ORDER 415
INSERT INTO PAYMENT_DETAIL(ID, AMOUNT, PROVIDER, PROVIDER_PAYMENT_UUID)
VALUES (425, 2035.0, 'MASTERCARD', '865959115');
INSERT INTO ORDERS (ID, CUST_ID, PAYMENT_ID, STATUS, AMOUNT, CREATED_ON, UPDATED_ON)
VALUES (425, 777, 425, 'DELIVERED', 2035.0, LOCALTIMESTAMP, LOCALTIMESTAMP);
INSERT INTO ORDER_ITEM (ID, ORDER_ID, PRODUCT_ID, QUANTITY)
VALUES (10214, 425, 13, 14);
INSERT INTO ORDER_ITEM (ID, ORDER_ID, PRODUCT_ID, QUANTITY)
VALUES (10215, 425, 47, 4);
INSERT INTO ORDER_ITEM (ID, ORDER_ID, PRODUCT_ID, QUANTITY)
VALUES (10216, 425, 14, 15);
INSERT INTO ORDER_ITEM (ID, ORDER_ID, PRODUCT_ID, QUANTITY)
VALUES (10217, 425, 22, 9);
INSERT INTO ORDER_ITEM (ID, ORDER_ID, PRODUCT_ID, QUANTITY)
VALUES (10218, 425, 39, 20);
INSERT INTO ORDER_ITEM (ID, ORDER_ID, PRODUCT_ID, QUANTITY)
VALUES (10219, 425, 18, 14);
INSERT INTO ORDER_ITEM (ID, ORDER_ID, PRODUCT_ID, QUANTITY)
VALUES (10220, 425, 50, 16);
INSERT INTO ORDER_ITEM (ID, ORDER_ID, PRODUCT_ID, QUANTITY)
VALUES (10221, 425, 49, 10);
INSERT INTO ORDER_ITEM (ID, ORDER_ID, PRODUCT_ID, QUANTITY)
VALUES (10222, 425, 37, 19);
INSERT INTO ORDER_ITEM (ID, ORDER_ID, PRODUCT_ID, QUANTITY)
VALUES (10223, 425, 25, 14);
INSERT INTO ORDER_ITEM (ID, ORDER_ID, PRODUCT_ID, QUANTITY)
VALUES (10224, 425, 44, 0);
INSERT INTO ORDER_ITEM (ID, ORDER_ID, PRODUCT_ID, QUANTITY)
VALUES (10225, 425, 34, 7);
INSERT INTO ORDER_ITEM (ID, ORDER_ID, PRODUCT_ID, QUANTITY)
VALUES (10226, 425, 33, 0);
INSERT INTO ORDER_ITEM (ID, ORDER_ID, PRODUCT_ID, QUANTITY)
VALUES (10227, 425, 43, 3);
-- ### ORDER 416
INSERT INTO PAYMENT_DETAIL(ID, AMOUNT, PROVIDER, PROVIDER_PAYMENT_UUID)
VALUES (426, 1256.0, 'ICARD', '585924576');
INSERT INTO ORDERS (ID, CUST_ID, PAYMENT_ID, STATUS, AMOUNT, CREATED_ON, UPDATED_ON)
VALUES (426, 777, 426, 'DELIVERED', 1256.0, LOCALTIMESTAMP, LOCALTIMESTAMP);
INSERT INTO ORDER_ITEM (ID, ORDER_ID, PRODUCT_ID, QUANTITY)
VALUES (10228, 426, 27, 15);
INSERT INTO ORDER_ITEM (ID, ORDER_ID, PRODUCT_ID, QUANTITY)
VALUES (10229, 426, 33, 0);
INSERT INTO ORDER_ITEM (ID, ORDER_ID, PRODUCT_ID, QUANTITY)
VALUES (10230, 426, 43, 11);
INSERT INTO ORDER_ITEM (ID, ORDER_ID, PRODUCT_ID, QUANTITY)
VALUES (10231, 426, 39, 9);
INSERT INTO ORDER_ITEM (ID, ORDER_ID, PRODUCT_ID, QUANTITY)
VALUES (10232, 426, 25, 0);
INSERT INTO ORDER_ITEM (ID, ORDER_ID, PRODUCT_ID, QUANTITY)
VALUES (10233, 426, 58, 1);
INSERT INTO ORDER_ITEM (ID, ORDER_ID, PRODUCT_ID, QUANTITY)
VALUES (10234, 426, 40, 9);
INSERT INTO ORDER_ITEM (ID, ORDER_ID, PRODUCT_ID, QUANTITY)
VALUES (10235, 426, 18, 18);
INSERT INTO ORDER_ITEM (ID, ORDER_ID, PRODUCT_ID, QUANTITY)
VALUES (10236, 426, 38, 7);
-- ### ORDER 417
INSERT INTO PAYMENT_DETAIL(ID, AMOUNT, PROVIDER, PROVIDER_PAYMENT_UUID)
VALUES (427, 1187.0, 'PAYPAL', '286936703');
INSERT INTO ORDERS (ID, CUST_ID, PAYMENT_ID, STATUS, AMOUNT, CREATED_ON, UPDATED_ON)
VALUES (427, 777, 427, 'DELIVERED', 1187.0, LOCALTIMESTAMP, LOCALTIMESTAMP);
INSERT INTO ORDER_ITEM (ID, ORDER_ID, PRODUCT_ID, QUANTITY)
VALUES (10237, 427, 55, 6);
INSERT INTO ORDER_ITEM (ID, ORDER_ID, PRODUCT_ID, QUANTITY)
VALUES (10238, 427, 36, 4);
INSERT INTO ORDER_ITEM (ID, ORDER_ID, PRODUCT_ID, QUANTITY)
VALUES (10239, 427, 46, 0);
INSERT INTO ORDER_ITEM (ID, ORDER_ID, PRODUCT_ID, QUANTITY)
VALUES (10240, 427, 40, 19);
INSERT INTO ORDER_ITEM (ID, ORDER_ID, PRODUCT_ID, QUANTITY)
VALUES (10241, 427, 24, 20);
INSERT INTO ORDER_ITEM (ID, ORDER_ID, PRODUCT_ID, QUANTITY)
VALUES (10242, 427, 49, 3);
INSERT INTO ORDER_ITEM (ID, ORDER_ID, PRODUCT_ID, QUANTITY)
VALUES (10243, 427, 33, 11);
INSERT INTO ORDER_ITEM (ID, ORDER_ID, PRODUCT_ID, QUANTITY)
VALUES (10244, 427, 39, 10);
-- ### ORDER 418
INSERT INTO PAYMENT_DETAIL(ID, AMOUNT, PROVIDER, PROVIDER_PAYMENT_UUID)
VALUES (428, 4039.0, 'PAYPAL', '475971662');
INSERT INTO ORDERS (ID, CUST_ID, PAYMENT_ID, STATUS, AMOUNT, CREATED_ON, UPDATED_ON)
VALUES (428, 777, 428, 'DELIVERED', 4039.0, LOCALTIMESTAMP, LOCALTIMESTAMP);
INSERT INTO ORDER_ITEM (ID, ORDER_ID, PRODUCT_ID, QUANTITY)
VALUES (10245, 428, 45, 3);
INSERT INTO ORDER_ITEM (ID, ORDER_ID, PRODUCT_ID, QUANTITY)
VALUES (10246, 428, 58, 20);
INSERT INTO ORDER_ITEM (ID, ORDER_ID, PRODUCT_ID, QUANTITY)
VALUES (10247, 428, 35, 5);
INSERT INTO ORDER_ITEM (ID, ORDER_ID, PRODUCT_ID, QUANTITY)
VALUES (10248, 428, 53, 0);
INSERT INTO ORDER_ITEM (ID, ORDER_ID, PRODUCT_ID, QUANTITY)
VALUES (10249, 428, 41, 5);
INSERT INTO ORDER_ITEM (ID, ORDER_ID, PRODUCT_ID, QUANTITY)
VALUES (10250, 428, 31, 1);
INSERT INTO ORDER_ITEM (ID, ORDER_ID, PRODUCT_ID, QUANTITY)
VALUES (10251, 428, 30, 0);
INSERT INTO ORDER_ITEM (ID, ORDER_ID, PRODUCT_ID, QUANTITY)
VALUES (10252, 428, 13, 7);
INSERT INTO ORDER_ITEM (ID, ORDER_ID, PRODUCT_ID, QUANTITY)
VALUES (10253, 428, 55, 0);
INSERT INTO ORDER_ITEM (ID, ORDER_ID, PRODUCT_ID, QUANTITY)
VALUES (10254, 428, 20, 11);
INSERT INTO ORDER_ITEM (ID, ORDER_ID, PRODUCT_ID, QUANTITY)
VALUES (10255, 428, 32, 18);
INSERT INTO ORDER_ITEM (ID, ORDER_ID, PRODUCT_ID, QUANTITY)
VALUES (10256, 428, 57, 17);
INSERT INTO ORDER_ITEM (ID, ORDER_ID, PRODUCT_ID, QUANTITY)
VALUES (10257, 428, 28, 6);
INSERT INTO ORDER_ITEM (ID, ORDER_ID, PRODUCT_ID, QUANTITY)
VALUES (10258, 428, 22, 20);
INSERT INTO ORDER_ITEM (ID, ORDER_ID, PRODUCT_ID, QUANTITY)
VALUES (10259, 428, 24, 14);
INSERT INTO ORDER_ITEM (ID, ORDER_ID, PRODUCT_ID, QUANTITY)
VALUES (10260, 428, 23, 10);
INSERT INTO ORDER_ITEM (ID, ORDER_ID, PRODUCT_ID, QUANTITY)
VALUES (10261, 428, 50, 7);
INSERT INTO ORDER_ITEM (ID, ORDER_ID, PRODUCT_ID, QUANTITY)
VALUES (10262, 428, 43, 11);
INSERT INTO ORDER_ITEM (ID, ORDER_ID, PRODUCT_ID, QUANTITY)
VALUES (10263, 428, 17, 7);
INSERT INTO ORDER_ITEM (ID, ORDER_ID, PRODUCT_ID, QUANTITY)
VALUES (10264, 428, 52, 2);
INSERT INTO ORDER_ITEM (ID, ORDER_ID, PRODUCT_ID, QUANTITY)
VALUES (10265, 428, 21, 19);
INSERT INTO ORDER_ITEM (ID, ORDER_ID, PRODUCT_ID, QUANTITY)
VALUES (10266, 428, 59, 6);
INSERT INTO ORDER_ITEM (ID, ORDER_ID, PRODUCT_ID, QUANTITY)
VALUES (10267, 428, 37, 11);
INSERT INTO ORDER_ITEM (ID, ORDER_ID, PRODUCT_ID, QUANTITY)
VALUES (10268, 428, 25, 10);
INSERT INTO ORDER_ITEM (ID, ORDER_ID, PRODUCT_ID, QUANTITY)
VALUES (10269, 428, 18, 0);
-- ### ORDER 419
INSERT INTO PAYMENT_DETAIL(ID, AMOUNT, PROVIDER, PROVIDER_PAYMENT_UUID)
VALUES (429, 3701.0, 'CRYPTO', '528031512');
INSERT INTO ORDERS (ID, CUST_ID, PAYMENT_ID, STATUS, AMOUNT, CREATED_ON, UPDATED_ON)
VALUES (429, 777, 429, 'DELIVERED', 3701.0, LOCALTIMESTAMP, LOCALTIMESTAMP);
INSERT INTO ORDER_ITEM (ID, ORDER_ID, PRODUCT_ID, QUANTITY)
VALUES (10270, 429, 44, 14);
INSERT INTO ORDER_ITEM (ID, ORDER_ID, PRODUCT_ID, QUANTITY)
VALUES (10271, 429, 45, 10);
INSERT INTO ORDER_ITEM (ID, ORDER_ID, PRODUCT_ID, QUANTITY)
VALUES (10272, 429, 13, 6);
INSERT INTO ORDER_ITEM (ID, ORDER_ID, PRODUCT_ID, QUANTITY)
VALUES (10273, 429, 20, 9);
INSERT INTO ORDER_ITEM (ID, ORDER_ID, PRODUCT_ID, QUANTITY)
VALUES (10274, 429, 56, 5);
INSERT INTO ORDER_ITEM (ID, ORDER_ID, PRODUCT_ID, QUANTITY)
VALUES (10275, 429, 27, 12);
INSERT INTO ORDER_ITEM (ID, ORDER_ID, PRODUCT_ID, QUANTITY)
VALUES (10276, 429, 55, 10);
INSERT INTO ORDER_ITEM (ID, ORDER_ID, PRODUCT_ID, QUANTITY)
VALUES (10277, 429, 12, 3);
INSERT INTO ORDER_ITEM (ID, ORDER_ID, PRODUCT_ID, QUANTITY)
VALUES (10278, 429, 29, 13);
INSERT INTO ORDER_ITEM (ID, ORDER_ID, PRODUCT_ID, QUANTITY)
VALUES (10279, 429, 24, 15);
INSERT INTO ORDER_ITEM (ID, ORDER_ID, PRODUCT_ID, QUANTITY)
VALUES (10280, 429, 38, 4);
INSERT INTO ORDER_ITEM (ID, ORDER_ID, PRODUCT_ID, QUANTITY)
VALUES (10281, 429, 32, 3);
INSERT INTO ORDER_ITEM (ID, ORDER_ID, PRODUCT_ID, QUANTITY)
VALUES (10282, 429, 31, 11);
INSERT INTO ORDER_ITEM (ID, ORDER_ID, PRODUCT_ID, QUANTITY)
VALUES (10283, 429, 35, 20);
INSERT INTO ORDER_ITEM (ID, ORDER_ID, PRODUCT_ID, QUANTITY)
VALUES (10284, 429, 36, 13);
INSERT INTO ORDER_ITEM (ID, ORDER_ID, PRODUCT_ID, QUANTITY)
VALUES (10285, 429, 49, 15);
INSERT INTO ORDER_ITEM (ID, ORDER_ID, PRODUCT_ID, QUANTITY)
VALUES (10286, 429, 11, 0);
-- ### ORDER 420
INSERT INTO PAYMENT_DETAIL(ID, AMOUNT, PROVIDER, PROVIDER_PAYMENT_UUID)
VALUES (430, 2008.0, 'CRYPTO', '937853705');
INSERT INTO ORDERS (ID, CUST_ID, PAYMENT_ID, STATUS, AMOUNT, CREATED_ON, UPDATED_ON)
VALUES (430, 777, 430, 'DELIVERED', 2008.0, LOCALTIMESTAMP, LOCALTIMESTAMP);
INSERT INTO ORDER_ITEM (ID, ORDER_ID, PRODUCT_ID, QUANTITY)
VALUES (10287, 430, 55, 2);
INSERT INTO ORDER_ITEM (ID, ORDER_ID, PRODUCT_ID, QUANTITY)
VALUES (10288, 430, 51, 17);
INSERT INTO ORDER_ITEM (ID, ORDER_ID, PRODUCT_ID, QUANTITY)
VALUES (10289, 430, 29, 15);
INSERT INTO ORDER_ITEM (ID, ORDER_ID, PRODUCT_ID, QUANTITY)
VALUES (10290, 430, 47, 4);
INSERT INTO ORDER_ITEM (ID, ORDER_ID, PRODUCT_ID, QUANTITY)
VALUES (10291, 430, 52, 18);
INSERT INTO ORDER_ITEM (ID, ORDER_ID, PRODUCT_ID, QUANTITY)
VALUES (10292, 430, 17, 1);
INSERT INTO ORDER_ITEM (ID, ORDER_ID, PRODUCT_ID, QUANTITY)
VALUES (10293, 430, 45, 7);
INSERT INTO ORDER_ITEM (ID, ORDER_ID, PRODUCT_ID, QUANTITY)
VALUES (10294, 430, 28, 8);
INSERT INTO ORDER_ITEM (ID, ORDER_ID, PRODUCT_ID, QUANTITY)
VALUES (10295, 430, 38, 19);
INSERT INTO ORDER_ITEM (ID, ORDER_ID, PRODUCT_ID, QUANTITY)
VALUES (10296, 430, 54, 18);
-- ### ORDER 421
INSERT INTO PAYMENT_DETAIL(ID, AMOUNT, PROVIDER, PROVIDER_PAYMENT_UUID)
VALUES (431, 2175.0, 'PAYPAL', '893467764');
INSERT INTO ORDERS (ID, CUST_ID, PAYMENT_ID, STATUS, AMOUNT, CREATED_ON, UPDATED_ON)
VALUES (431, 777, 431, 'DELIVERED', 2175.0, LOCALTIMESTAMP, LOCALTIMESTAMP);
INSERT INTO ORDER_ITEM (ID, ORDER_ID, PRODUCT_ID, QUANTITY)
VALUES (10297, 431, 35, 13);
INSERT INTO ORDER_ITEM (ID, ORDER_ID, PRODUCT_ID, QUANTITY)
VALUES (10298, 431, 27, 13);
-- ### ORDER 422
INSERT INTO PAYMENT_DETAIL(ID, AMOUNT, PROVIDER, PROVIDER_PAYMENT_UUID)
VALUES (432, 2705.0, 'PAYPAL', '81519625');
INSERT INTO ORDERS (ID, CUST_ID, PAYMENT_ID, STATUS, AMOUNT, CREATED_ON, UPDATED_ON)
VALUES (432, 777, 432, 'DELIVERED', 2705.0, LOCALTIMESTAMP, LOCALTIMESTAMP);
INSERT INTO ORDER_ITEM (ID, ORDER_ID, PRODUCT_ID, QUANTITY)
VALUES (10299, 432, 36, 12);
INSERT INTO ORDER_ITEM (ID, ORDER_ID, PRODUCT_ID, QUANTITY)
VALUES (10300, 432, 59, 7);
INSERT INTO ORDER_ITEM (ID, ORDER_ID, PRODUCT_ID, QUANTITY)
VALUES (10301, 432, 54, 20);
INSERT INTO ORDER_ITEM (ID, ORDER_ID, PRODUCT_ID, QUANTITY)
VALUES (10302, 432, 43, 20);
INSERT INTO ORDER_ITEM (ID, ORDER_ID, PRODUCT_ID, QUANTITY)
VALUES (10303, 432, 31, 16);
INSERT INTO ORDER_ITEM (ID, ORDER_ID, PRODUCT_ID, QUANTITY)
VALUES (10304, 432, 33, 9);
INSERT INTO ORDER_ITEM (ID, ORDER_ID, PRODUCT_ID, QUANTITY)
VALUES (10305, 432, 17, 4);
INSERT INTO ORDER_ITEM (ID, ORDER_ID, PRODUCT_ID, QUANTITY)
VALUES (10306, 432, 51, 14);
INSERT INTO ORDER_ITEM (ID, ORDER_ID, PRODUCT_ID, QUANTITY)
VALUES (10307, 432, 45, 14);
INSERT INTO ORDER_ITEM (ID, ORDER_ID, PRODUCT_ID, QUANTITY)
VALUES (10308, 432, 12, 13);
INSERT INTO ORDER_ITEM (ID, ORDER_ID, PRODUCT_ID, QUANTITY)
VALUES (10309, 432, 21, 6);
INSERT INTO ORDER_ITEM (ID, ORDER_ID, PRODUCT_ID, QUANTITY)
VALUES (10310, 432, 57, 7);
INSERT INTO ORDER_ITEM (ID, ORDER_ID, PRODUCT_ID, QUANTITY)
VALUES (10311, 432, 37, 8);
INSERT INTO ORDER_ITEM (ID, ORDER_ID, PRODUCT_ID, QUANTITY)
VALUES (10312, 432, 47, 13);
INSERT INTO ORDER_ITEM (ID, ORDER_ID, PRODUCT_ID, QUANTITY)
VALUES (10313, 432, 39, 1);
INSERT INTO ORDER_ITEM (ID, ORDER_ID, PRODUCT_ID, QUANTITY)
VALUES (10314, 432, 38, 8);
INSERT INTO ORDER_ITEM (ID, ORDER_ID, PRODUCT_ID, QUANTITY)
VALUES (10315, 432, 19, 6);
INSERT INTO ORDER_ITEM (ID, ORDER_ID, PRODUCT_ID, QUANTITY)
VALUES (10316, 432, 34, 8);
INSERT INTO ORDER_ITEM (ID, ORDER_ID, PRODUCT_ID, QUANTITY)
VALUES (10317, 432, 23, 11);
INSERT INTO ORDER_ITEM (ID, ORDER_ID, PRODUCT_ID, QUANTITY)
VALUES (10318, 432, 60, 6);
INSERT INTO ORDER_ITEM (ID, ORDER_ID, PRODUCT_ID, QUANTITY)
VALUES (10319, 432, 20, 9);
INSERT INTO ORDER_ITEM (ID, ORDER_ID, PRODUCT_ID, QUANTITY)
VALUES (10320, 432, 42, 15);
INSERT INTO ORDER_ITEM (ID, ORDER_ID, PRODUCT_ID, QUANTITY)
VALUES (10321, 432, 46, 9);
INSERT INTO ORDER_ITEM (ID, ORDER_ID, PRODUCT_ID, QUANTITY)
VALUES (10322, 432, 22, 17);
INSERT INTO ORDER_ITEM (ID, ORDER_ID, PRODUCT_ID, QUANTITY)
VALUES (10323, 432, 35, 15);
INSERT INTO ORDER_ITEM (ID, ORDER_ID, PRODUCT_ID, QUANTITY)
VALUES (10324, 432, 40, 10);
INSERT INTO ORDER_ITEM (ID, ORDER_ID, PRODUCT_ID, QUANTITY)
VALUES (10325, 432, 44, 18);
INSERT INTO ORDER_ITEM (ID, ORDER_ID, PRODUCT_ID, QUANTITY)
VALUES (10326, 432, 49, 5);
INSERT INTO ORDER_ITEM (ID, ORDER_ID, PRODUCT_ID, QUANTITY)
VALUES (10327, 432, 52, 17);
INSERT INTO ORDER_ITEM (ID, ORDER_ID, PRODUCT_ID, QUANTITY)
VALUES (10328, 432, 58, 14);
INSERT INTO ORDER_ITEM (ID, ORDER_ID, PRODUCT_ID, QUANTITY)
VALUES (10329, 432, 50, 17);
INSERT INTO ORDER_ITEM (ID, ORDER_ID, PRODUCT_ID, QUANTITY)
VALUES (10330, 432, 48, 7);
INSERT INTO ORDER_ITEM (ID, ORDER_ID, PRODUCT_ID, QUANTITY)
VALUES (10331, 432, 11, 18);
INSERT INTO ORDER_ITEM (ID, ORDER_ID, PRODUCT_ID, QUANTITY)
VALUES (10332, 432, 18, 1);
INSERT INTO ORDER_ITEM (ID, ORDER_ID, PRODUCT_ID, QUANTITY)
VALUES (10333, 432, 15, 6);
INSERT INTO ORDER_ITEM (ID, ORDER_ID, PRODUCT_ID, QUANTITY)
VALUES (10334, 432, 30, 3);
INSERT INTO ORDER_ITEM (ID, ORDER_ID, PRODUCT_ID, QUANTITY)
VALUES (10335, 432, 13, 13);
INSERT INTO ORDER_ITEM (ID, ORDER_ID, PRODUCT_ID, QUANTITY)
VALUES (10336, 432, 41, 7);
INSERT INTO ORDER_ITEM (ID, ORDER_ID, PRODUCT_ID, QUANTITY)
VALUES (10337, 432, 29, 7);
INSERT INTO ORDER_ITEM (ID, ORDER_ID, PRODUCT_ID, QUANTITY)
VALUES (10338, 432, 53, 19);
-- ### ORDER 423
INSERT INTO PAYMENT_DETAIL(ID, AMOUNT, PROVIDER, PROVIDER_PAYMENT_UUID)
VALUES (433, 2602.0, 'ICARD', '520553059');
INSERT INTO ORDERS (ID, CUST_ID, PAYMENT_ID, STATUS, AMOUNT, CREATED_ON, UPDATED_ON)
VALUES (433, 777, 433, 'DELIVERED', 2602.0, LOCALTIMESTAMP, LOCALTIMESTAMP);
INSERT INTO ORDER_ITEM (ID, ORDER_ID, PRODUCT_ID, QUANTITY)
VALUES (10339, 433, 48, 17);
INSERT INTO ORDER_ITEM (ID, ORDER_ID, PRODUCT_ID, QUANTITY)
VALUES (10340, 433, 50, 17);
INSERT INTO ORDER_ITEM (ID, ORDER_ID, PRODUCT_ID, QUANTITY)
VALUES (10341, 433, 21, 19);
INSERT INTO ORDER_ITEM (ID, ORDER_ID, PRODUCT_ID, QUANTITY)
VALUES (10342, 433, 11, 12);
INSERT INTO ORDER_ITEM (ID, ORDER_ID, PRODUCT_ID, QUANTITY)
VALUES (10343, 433, 30, 19);
INSERT INTO ORDER_ITEM (ID, ORDER_ID, PRODUCT_ID, QUANTITY)
VALUES (10344, 433, 60, 18);
INSERT INTO ORDER_ITEM (ID, ORDER_ID, PRODUCT_ID, QUANTITY)
VALUES (10345, 433, 36, 6);
INSERT INTO ORDER_ITEM (ID, ORDER_ID, PRODUCT_ID, QUANTITY)
VALUES (10346, 433, 45, 2);
INSERT INTO ORDER_ITEM (ID, ORDER_ID, PRODUCT_ID, QUANTITY)
VALUES (10347, 433, 56, 5);
INSERT INTO ORDER_ITEM (ID, ORDER_ID, PRODUCT_ID, QUANTITY)
VALUES (10348, 433, 15, 11);
INSERT INTO ORDER_ITEM (ID, ORDER_ID, PRODUCT_ID, QUANTITY)
VALUES (10349, 433, 13, 7);
INSERT INTO ORDER_ITEM (ID, ORDER_ID, PRODUCT_ID, QUANTITY)
VALUES (10350, 433, 12, 17);
INSERT INTO ORDER_ITEM (ID, ORDER_ID, PRODUCT_ID, QUANTITY)
VALUES (10351, 433, 26, 18);
INSERT INTO ORDER_ITEM (ID, ORDER_ID, PRODUCT_ID, QUANTITY)
VALUES (10352, 433, 27, 8);
INSERT INTO ORDER_ITEM (ID, ORDER_ID, PRODUCT_ID, QUANTITY)
VALUES (10353, 433, 53, 4);
INSERT INTO ORDER_ITEM (ID, ORDER_ID, PRODUCT_ID, QUANTITY)
VALUES (10354, 433, 52, 17);
INSERT INTO ORDER_ITEM (ID, ORDER_ID, PRODUCT_ID, QUANTITY)
VALUES (10355, 433, 46, 2);
INSERT INTO ORDER_ITEM (ID, ORDER_ID, PRODUCT_ID, QUANTITY)
VALUES (10356, 433, 29, 4);
INSERT INTO ORDER_ITEM (ID, ORDER_ID, PRODUCT_ID, QUANTITY)
VALUES (10357, 433, 38, 8);
INSERT INTO ORDER_ITEM (ID, ORDER_ID, PRODUCT_ID, QUANTITY)
VALUES (10358, 433, 17, 7);
INSERT INTO ORDER_ITEM (ID, ORDER_ID, PRODUCT_ID, QUANTITY)
VALUES (10359, 433, 41, 7);
INSERT INTO ORDER_ITEM (ID, ORDER_ID, PRODUCT_ID, QUANTITY)
VALUES (10360, 433, 20, 0);
INSERT INTO ORDER_ITEM (ID, ORDER_ID, PRODUCT_ID, QUANTITY)
VALUES (10361, 433, 39, 8);
INSERT INTO ORDER_ITEM (ID, ORDER_ID, PRODUCT_ID, QUANTITY)
VALUES (10362, 433, 23, 19);
INSERT INTO ORDER_ITEM (ID, ORDER_ID, PRODUCT_ID, QUANTITY)
VALUES (10363, 433, 28, 16);
INSERT INTO ORDER_ITEM (ID, ORDER_ID, PRODUCT_ID, QUANTITY)
VALUES (10364, 433, 31, 13);
INSERT INTO ORDER_ITEM (ID, ORDER_ID, PRODUCT_ID, QUANTITY)
VALUES (10365, 433, 18, 18);
INSERT INTO ORDER_ITEM (ID, ORDER_ID, PRODUCT_ID, QUANTITY)
VALUES (10366, 433, 59, 12);
INSERT INTO ORDER_ITEM (ID, ORDER_ID, PRODUCT_ID, QUANTITY)
VALUES (10367, 433, 58, 0);
INSERT INTO ORDER_ITEM (ID, ORDER_ID, PRODUCT_ID, QUANTITY)
VALUES (10368, 433, 33, 10);
INSERT INTO ORDER_ITEM (ID, ORDER_ID, PRODUCT_ID, QUANTITY)
VALUES (10369, 433, 40, 6);
INSERT INTO ORDER_ITEM (ID, ORDER_ID, PRODUCT_ID, QUANTITY)
VALUES (10370, 433, 35, 14);
INSERT INTO ORDER_ITEM (ID, ORDER_ID, PRODUCT_ID, QUANTITY)
VALUES (10371, 433, 54, 19);
INSERT INTO ORDER_ITEM (ID, ORDER_ID, PRODUCT_ID, QUANTITY)
VALUES (10372, 433, 25, 5);
INSERT INTO ORDER_ITEM (ID, ORDER_ID, PRODUCT_ID, QUANTITY)
VALUES (10373, 433, 19, 18);
-- ### ORDER 424
INSERT INTO PAYMENT_DETAIL(ID, AMOUNT, PROVIDER, PROVIDER_PAYMENT_UUID)
VALUES (434, 1727.0, 'PAYPAL', '19647428');
INSERT INTO ORDERS (ID, CUST_ID, PAYMENT_ID, STATUS, AMOUNT, CREATED_ON, UPDATED_ON)
VALUES (434, 777, 434, 'DELIVERED', 1727.0, LOCALTIMESTAMP, LOCALTIMESTAMP);
INSERT INTO ORDER_ITEM (ID, ORDER_ID, PRODUCT_ID, QUANTITY)
VALUES (10374, 434, 11, 18);
INSERT INTO ORDER_ITEM (ID, ORDER_ID, PRODUCT_ID, QUANTITY)
VALUES (10375, 434, 45, 7);
INSERT INTO ORDER_ITEM (ID, ORDER_ID, PRODUCT_ID, QUANTITY)
VALUES (10376, 434, 37, 11);
INSERT INTO ORDER_ITEM (ID, ORDER_ID, PRODUCT_ID, QUANTITY)
VALUES (10377, 434, 60, 20);
INSERT INTO ORDER_ITEM (ID, ORDER_ID, PRODUCT_ID, QUANTITY)
VALUES (10378, 434, 48, 16);
INSERT INTO ORDER_ITEM (ID, ORDER_ID, PRODUCT_ID, QUANTITY)
VALUES (10379, 434, 17, 0);
INSERT INTO ORDER_ITEM (ID, ORDER_ID, PRODUCT_ID, QUANTITY)
VALUES (10380, 434, 24, 10);
INSERT INTO ORDER_ITEM (ID, ORDER_ID, PRODUCT_ID, QUANTITY)
VALUES (10381, 434, 23, 16);
INSERT INTO ORDER_ITEM (ID, ORDER_ID, PRODUCT_ID, QUANTITY)
VALUES (10382, 434, 41, 15);
INSERT INTO ORDER_ITEM (ID, ORDER_ID, PRODUCT_ID, QUANTITY)
VALUES (10383, 434, 38, 2);
INSERT INTO ORDER_ITEM (ID, ORDER_ID, PRODUCT_ID, QUANTITY)
VALUES (10384, 434, 14, 12);
INSERT INTO ORDER_ITEM (ID, ORDER_ID, PRODUCT_ID, QUANTITY)
VALUES (10385, 434, 43, 5);
INSERT INTO ORDER_ITEM (ID, ORDER_ID, PRODUCT_ID, QUANTITY)
VALUES (10386, 434, 18, 4);
INSERT INTO ORDER_ITEM (ID, ORDER_ID, PRODUCT_ID, QUANTITY)
VALUES (10387, 434, 53, 16);
INSERT INTO ORDER_ITEM (ID, ORDER_ID, PRODUCT_ID, QUANTITY)
VALUES (10388, 434, 57, 14);
INSERT INTO ORDER_ITEM (ID, ORDER_ID, PRODUCT_ID, QUANTITY)
VALUES (10389, 434, 46, 15);
INSERT INTO ORDER_ITEM (ID, ORDER_ID, PRODUCT_ID, QUANTITY)
VALUES (10390, 434, 49, 14);
INSERT INTO ORDER_ITEM (ID, ORDER_ID, PRODUCT_ID, QUANTITY)
VALUES (10391, 434, 27, 0);
INSERT INTO ORDER_ITEM (ID, ORDER_ID, PRODUCT_ID, QUANTITY)
VALUES (10392, 434, 22, 15);
INSERT INTO ORDER_ITEM (ID, ORDER_ID, PRODUCT_ID, QUANTITY)
VALUES (10393, 434, 40, 3);
INSERT INTO ORDER_ITEM (ID, ORDER_ID, PRODUCT_ID, QUANTITY)
VALUES (10394, 434, 15, 1);
INSERT INTO ORDER_ITEM (ID, ORDER_ID, PRODUCT_ID, QUANTITY)
VALUES (10395, 434, 44, 16);
INSERT INTO ORDER_ITEM (ID, ORDER_ID, PRODUCT_ID, QUANTITY)
VALUES (10396, 434, 33, 14);
INSERT INTO ORDER_ITEM (ID, ORDER_ID, PRODUCT_ID, QUANTITY)
VALUES (10397, 434, 28, 9);
INSERT INTO ORDER_ITEM (ID, ORDER_ID, PRODUCT_ID, QUANTITY)
VALUES (10398, 434, 55, 8);
INSERT INTO ORDER_ITEM (ID, ORDER_ID, PRODUCT_ID, QUANTITY)
VALUES (10399, 434, 26, 1);
INSERT INTO ORDER_ITEM (ID, ORDER_ID, PRODUCT_ID, QUANTITY)
VALUES (10400, 434, 54, 14);
-- ### ORDER 425
INSERT INTO PAYMENT_DETAIL(ID, AMOUNT, PROVIDER, PROVIDER_PAYMENT_UUID)
VALUES (435, 4450.0, 'VISA', '932995371');
INSERT INTO ORDERS (ID, CUST_ID, PAYMENT_ID, STATUS, AMOUNT, CREATED_ON, UPDATED_ON)
VALUES (435, 777, 435, 'DELIVERED', 4450.0, LOCALTIMESTAMP, LOCALTIMESTAMP);
INSERT INTO ORDER_ITEM (ID, ORDER_ID, PRODUCT_ID, QUANTITY)
VALUES (10401, 435, 31, 9);
INSERT INTO ORDER_ITEM (ID, ORDER_ID, PRODUCT_ID, QUANTITY)
VALUES (10402, 435, 15, 7);
INSERT INTO ORDER_ITEM (ID, ORDER_ID, PRODUCT_ID, QUANTITY)
VALUES (10403, 435, 39, 7);
INSERT INTO ORDER_ITEM (ID, ORDER_ID, PRODUCT_ID, QUANTITY)
VALUES (10404, 435, 55, 8);
INSERT INTO ORDER_ITEM (ID, ORDER_ID, PRODUCT_ID, QUANTITY)
VALUES (10405, 435, 11, 17);
INSERT INTO ORDER_ITEM (ID, ORDER_ID, PRODUCT_ID, QUANTITY)
VALUES (10406, 435, 26, 10);
INSERT INTO ORDER_ITEM (ID, ORDER_ID, PRODUCT_ID, QUANTITY)
VALUES (10407, 435, 42, 3);
INSERT INTO ORDER_ITEM (ID, ORDER_ID, PRODUCT_ID, QUANTITY)
VALUES (10408, 435, 21, 11);
INSERT INTO ORDER_ITEM (ID, ORDER_ID, PRODUCT_ID, QUANTITY)
VALUES (10409, 435, 19, 20);
INSERT INTO ORDER_ITEM (ID, ORDER_ID, PRODUCT_ID, QUANTITY)
VALUES (10410, 435, 14, 0);
INSERT INTO ORDER_ITEM (ID, ORDER_ID, PRODUCT_ID, QUANTITY)
VALUES (10411, 435, 53, 2);
INSERT INTO ORDER_ITEM (ID, ORDER_ID, PRODUCT_ID, QUANTITY)
VALUES (10412, 435, 23, 15);
INSERT INTO ORDER_ITEM (ID, ORDER_ID, PRODUCT_ID, QUANTITY)
VALUES (10413, 435, 16, 2);
INSERT INTO ORDER_ITEM (ID, ORDER_ID, PRODUCT_ID, QUANTITY)
VALUES (10414, 435, 32, 2);
INSERT INTO ORDER_ITEM (ID, ORDER_ID, PRODUCT_ID, QUANTITY)
VALUES (10415, 435, 56, 17);
INSERT INTO ORDER_ITEM (ID, ORDER_ID, PRODUCT_ID, QUANTITY)
VALUES (10416, 435, 37, 19);
INSERT INTO ORDER_ITEM (ID, ORDER_ID, PRODUCT_ID, QUANTITY)
VALUES (10417, 435, 47, 16);
INSERT INTO ORDER_ITEM (ID, ORDER_ID, PRODUCT_ID, QUANTITY)
VALUES (10418, 435, 58, 4);
INSERT INTO ORDER_ITEM (ID, ORDER_ID, PRODUCT_ID, QUANTITY)
VALUES (10419, 435, 18, 0);
INSERT INTO ORDER_ITEM (ID, ORDER_ID, PRODUCT_ID, QUANTITY)
VALUES (10420, 435, 52, 20);
INSERT INTO ORDER_ITEM (ID, ORDER_ID, PRODUCT_ID, QUANTITY)
VALUES (10421, 435, 12, 19);
INSERT INTO ORDER_ITEM (ID, ORDER_ID, PRODUCT_ID, QUANTITY)
VALUES (10422, 435, 13, 5);
INSERT INTO ORDER_ITEM (ID, ORDER_ID, PRODUCT_ID, QUANTITY)
VALUES (10423, 435, 33, 11);
INSERT INTO ORDER_ITEM (ID, ORDER_ID, PRODUCT_ID, QUANTITY)
VALUES (10424, 435, 28, 10);
-- ### ORDER 426
INSERT INTO PAYMENT_DETAIL(ID, AMOUNT, PROVIDER, PROVIDER_PAYMENT_UUID)
VALUES (436, 971.0, 'VISA', '252642068');
INSERT INTO ORDERS (ID, CUST_ID, PAYMENT_ID, STATUS, AMOUNT, CREATED_ON, UPDATED_ON)
VALUES (436, 777, 436, 'DELIVERED', 971.0, LOCALTIMESTAMP, LOCALTIMESTAMP);
INSERT INTO ORDER_ITEM (ID, ORDER_ID, PRODUCT_ID, QUANTITY)
VALUES (10425, 436, 58, 12);
INSERT INTO ORDER_ITEM (ID, ORDER_ID, PRODUCT_ID, QUANTITY)
VALUES (10426, 436, 45, 20);
INSERT INTO ORDER_ITEM (ID, ORDER_ID, PRODUCT_ID, QUANTITY)
VALUES (10427, 436, 39, 14);
INSERT INTO ORDER_ITEM (ID, ORDER_ID, PRODUCT_ID, QUANTITY)
VALUES (10428, 436, 27, 14);
INSERT INTO ORDER_ITEM (ID, ORDER_ID, PRODUCT_ID, QUANTITY)
VALUES (10429, 436, 43, 19);
INSERT INTO ORDER_ITEM (ID, ORDER_ID, PRODUCT_ID, QUANTITY)
VALUES (10430, 436, 15, 5);
INSERT INTO ORDER_ITEM (ID, ORDER_ID, PRODUCT_ID, QUANTITY)
VALUES (10431, 436, 11, 16);
INSERT INTO ORDER_ITEM (ID, ORDER_ID, PRODUCT_ID, QUANTITY)
VALUES (10432, 436, 17, 9);
-- ### ORDER 427
INSERT INTO PAYMENT_DETAIL(ID, AMOUNT, PROVIDER, PROVIDER_PAYMENT_UUID)
VALUES (437, 859.0, 'VISA', '651712873');
INSERT INTO ORDERS (ID, CUST_ID, PAYMENT_ID, STATUS, AMOUNT, CREATED_ON, UPDATED_ON)
VALUES (437, 777, 437, 'DELIVERED', 859.0, LOCALTIMESTAMP, LOCALTIMESTAMP);
INSERT INTO ORDER_ITEM (ID, ORDER_ID, PRODUCT_ID, QUANTITY)
VALUES (10433, 437, 51, 20);
INSERT INTO ORDER_ITEM (ID, ORDER_ID, PRODUCT_ID, QUANTITY)
VALUES (10434, 437, 11, 5);
INSERT INTO ORDER_ITEM (ID, ORDER_ID, PRODUCT_ID, QUANTITY)
VALUES (10435, 437, 56, 1);
INSERT INTO ORDER_ITEM (ID, ORDER_ID, PRODUCT_ID, QUANTITY)
VALUES (10436, 437, 23, 14);
INSERT INTO ORDER_ITEM (ID, ORDER_ID, PRODUCT_ID, QUANTITY)
VALUES (10437, 437, 38, 0);
INSERT INTO ORDER_ITEM (ID, ORDER_ID, PRODUCT_ID, QUANTITY)
VALUES (10438, 437, 17, 10);
INSERT INTO ORDER_ITEM (ID, ORDER_ID, PRODUCT_ID, QUANTITY)
VALUES (10439, 437, 21, 7);
INSERT INTO ORDER_ITEM (ID, ORDER_ID, PRODUCT_ID, QUANTITY)
VALUES (10440, 437, 33, 19);
INSERT INTO ORDER_ITEM (ID, ORDER_ID, PRODUCT_ID, QUANTITY)
VALUES (10441, 437, 41, 5);
INSERT INTO ORDER_ITEM (ID, ORDER_ID, PRODUCT_ID, QUANTITY)
VALUES (10442, 437, 48, 8);
INSERT INTO ORDER_ITEM (ID, ORDER_ID, PRODUCT_ID, QUANTITY)
VALUES (10443, 437, 34, 5);
INSERT INTO ORDER_ITEM (ID, ORDER_ID, PRODUCT_ID, QUANTITY)
VALUES (10444, 437, 19, 3);
INSERT INTO ORDER_ITEM (ID, ORDER_ID, PRODUCT_ID, QUANTITY)
VALUES (10445, 437, 47, 1);
INSERT INTO ORDER_ITEM (ID, ORDER_ID, PRODUCT_ID, QUANTITY)
VALUES (10446, 437, 45, 20);
INSERT INTO ORDER_ITEM (ID, ORDER_ID, PRODUCT_ID, QUANTITY)
VALUES (10447, 437, 12, 14);
INSERT INTO ORDER_ITEM (ID, ORDER_ID, PRODUCT_ID, QUANTITY)
VALUES (10448, 437, 31, 10);
INSERT INTO ORDER_ITEM (ID, ORDER_ID, PRODUCT_ID, QUANTITY)
VALUES (10449, 437, 57, 8);
INSERT INTO ORDER_ITEM (ID, ORDER_ID, PRODUCT_ID, QUANTITY)
VALUES (10450, 437, 28, 14);
INSERT INTO ORDER_ITEM (ID, ORDER_ID, PRODUCT_ID, QUANTITY)
VALUES (10451, 437, 39, 8);
INSERT INTO ORDER_ITEM (ID, ORDER_ID, PRODUCT_ID, QUANTITY)
VALUES (10452, 437, 25, 10);
INSERT INTO ORDER_ITEM (ID, ORDER_ID, PRODUCT_ID, QUANTITY)
VALUES (10453, 437, 52, 12);
INSERT INTO ORDER_ITEM (ID, ORDER_ID, PRODUCT_ID, QUANTITY)
VALUES (10454, 437, 20, 17);
INSERT INTO ORDER_ITEM (ID, ORDER_ID, PRODUCT_ID, QUANTITY)
VALUES (10455, 437, 27, 20);
INSERT INTO ORDER_ITEM (ID, ORDER_ID, PRODUCT_ID, QUANTITY)
VALUES (10456, 437, 13, 6);
INSERT INTO ORDER_ITEM (ID, ORDER_ID, PRODUCT_ID, QUANTITY)
VALUES (10457, 437, 15, 5);
INSERT INTO ORDER_ITEM (ID, ORDER_ID, PRODUCT_ID, QUANTITY)
VALUES (10458, 437, 29, 3);
INSERT INTO ORDER_ITEM (ID, ORDER_ID, PRODUCT_ID, QUANTITY)
VALUES (10459, 437, 37, 7);
INSERT INTO ORDER_ITEM (ID, ORDER_ID, PRODUCT_ID, QUANTITY)
VALUES (10460, 437, 42, 4);
INSERT INTO ORDER_ITEM (ID, ORDER_ID, PRODUCT_ID, QUANTITY)
VALUES (10461, 437, 24, 16);
INSERT INTO ORDER_ITEM (ID, ORDER_ID, PRODUCT_ID, QUANTITY)
VALUES (10462, 437, 44, 1);
INSERT INTO ORDER_ITEM (ID, ORDER_ID, PRODUCT_ID, QUANTITY)
VALUES (10463, 437, 40, 0);
INSERT INTO ORDER_ITEM (ID, ORDER_ID, PRODUCT_ID, QUANTITY)
VALUES (10464, 437, 30, 8);
INSERT INTO ORDER_ITEM (ID, ORDER_ID, PRODUCT_ID, QUANTITY)
VALUES (10465, 437, 35, 1);
INSERT INTO ORDER_ITEM (ID, ORDER_ID, PRODUCT_ID, QUANTITY)
VALUES (10466, 437, 22, 8);
-- ### ORDER 428
INSERT INTO PAYMENT_DETAIL(ID, AMOUNT, PROVIDER, PROVIDER_PAYMENT_UUID)
VALUES (438, 1053.0, 'VISA', '577335384');
INSERT INTO ORDERS (ID, CUST_ID, PAYMENT_ID, STATUS, AMOUNT, CREATED_ON, UPDATED_ON)
VALUES (438, 777, 438, 'DELIVERED', 1053.0, LOCALTIMESTAMP, LOCALTIMESTAMP);
INSERT INTO ORDER_ITEM (ID, ORDER_ID, PRODUCT_ID, QUANTITY)
VALUES (10467, 438, 29, 15);
INSERT INTO ORDER_ITEM (ID, ORDER_ID, PRODUCT_ID, QUANTITY)
VALUES (10468, 438, 14, 9);
INSERT INTO ORDER_ITEM (ID, ORDER_ID, PRODUCT_ID, QUANTITY)
VALUES (10469, 438, 40, 12);
INSERT INTO ORDER_ITEM (ID, ORDER_ID, PRODUCT_ID, QUANTITY)
VALUES (10470, 438, 55, 9);
INSERT INTO ORDER_ITEM (ID, ORDER_ID, PRODUCT_ID, QUANTITY)
VALUES (10471, 438, 18, 11);
INSERT INTO ORDER_ITEM (ID, ORDER_ID, PRODUCT_ID, QUANTITY)
VALUES (10472, 438, 34, 9);
INSERT INTO ORDER_ITEM (ID, ORDER_ID, PRODUCT_ID, QUANTITY)
VALUES (10473, 438, 58, 16);
INSERT INTO ORDER_ITEM (ID, ORDER_ID, PRODUCT_ID, QUANTITY)
VALUES (10474, 438, 13, 9);
INSERT INTO ORDER_ITEM (ID, ORDER_ID, PRODUCT_ID, QUANTITY)
VALUES (10475, 438, 45, 7);
INSERT INTO ORDER_ITEM (ID, ORDER_ID, PRODUCT_ID, QUANTITY)
VALUES (10476, 438, 26, 4);
INSERT INTO ORDER_ITEM (ID, ORDER_ID, PRODUCT_ID, QUANTITY)
VALUES (10477, 438, 49, 9);
INSERT INTO ORDER_ITEM (ID, ORDER_ID, PRODUCT_ID, QUANTITY)
VALUES (10478, 438, 50, 5);
INSERT INTO ORDER_ITEM (ID, ORDER_ID, PRODUCT_ID, QUANTITY)
VALUES (10479, 438, 36, 20);
INSERT INTO ORDER_ITEM (ID, ORDER_ID, PRODUCT_ID, QUANTITY)
VALUES (10480, 438, 37, 2);
INSERT INTO ORDER_ITEM (ID, ORDER_ID, PRODUCT_ID, QUANTITY)
VALUES (10481, 438, 53, 12);
INSERT INTO ORDER_ITEM (ID, ORDER_ID, PRODUCT_ID, QUANTITY)
VALUES (10482, 438, 56, 12);
INSERT INTO ORDER_ITEM (ID, ORDER_ID, PRODUCT_ID, QUANTITY)
VALUES (10483, 438, 48, 17);
INSERT INTO ORDER_ITEM (ID, ORDER_ID, PRODUCT_ID, QUANTITY)
VALUES (10484, 438, 11, 13);
INSERT INTO ORDER_ITEM (ID, ORDER_ID, PRODUCT_ID, QUANTITY)
VALUES (10485, 438, 39, 9);
INSERT INTO ORDER_ITEM (ID, ORDER_ID, PRODUCT_ID, QUANTITY)
VALUES (10486, 438, 54, 0);
INSERT INTO ORDER_ITEM (ID, ORDER_ID, PRODUCT_ID, QUANTITY)
VALUES (10487, 438, 30, 14);
INSERT INTO ORDER_ITEM (ID, ORDER_ID, PRODUCT_ID, QUANTITY)
VALUES (10488, 438, 60, 7);
INSERT INTO ORDER_ITEM (ID, ORDER_ID, PRODUCT_ID, QUANTITY)
VALUES (10489, 438, 52, 0);
INSERT INTO ORDER_ITEM (ID, ORDER_ID, PRODUCT_ID, QUANTITY)
VALUES (10490, 438, 38, 20);
INSERT INTO ORDER_ITEM (ID, ORDER_ID, PRODUCT_ID, QUANTITY)
VALUES (10491, 438, 32, 18);
INSERT INTO ORDER_ITEM (ID, ORDER_ID, PRODUCT_ID, QUANTITY)
VALUES (10492, 438, 19, 15);
INSERT INTO ORDER_ITEM (ID, ORDER_ID, PRODUCT_ID, QUANTITY)
VALUES (10493, 438, 24, 4);
INSERT INTO ORDER_ITEM (ID, ORDER_ID, PRODUCT_ID, QUANTITY)
VALUES (10494, 438, 23, 8);
INSERT INTO ORDER_ITEM (ID, ORDER_ID, PRODUCT_ID, QUANTITY)
VALUES (10495, 438, 46, 9);
INSERT INTO ORDER_ITEM (ID, ORDER_ID, PRODUCT_ID, QUANTITY)
VALUES (10496, 438, 41, 12);
INSERT INTO ORDER_ITEM (ID, ORDER_ID, PRODUCT_ID, QUANTITY)
VALUES (10497, 438, 12, 5);
INSERT INTO ORDER_ITEM (ID, ORDER_ID, PRODUCT_ID, QUANTITY)
VALUES (10498, 438, 57, 1);
INSERT INTO ORDER_ITEM (ID, ORDER_ID, PRODUCT_ID, QUANTITY)
VALUES (10499, 438, 51, 2);
INSERT INTO ORDER_ITEM (ID, ORDER_ID, PRODUCT_ID, QUANTITY)
VALUES (10500, 438, 31, 19);
INSERT INTO ORDER_ITEM (ID, ORDER_ID, PRODUCT_ID, QUANTITY)
VALUES (10501, 438, 33, 13);
INSERT INTO ORDER_ITEM (ID, ORDER_ID, PRODUCT_ID, QUANTITY)
VALUES (10502, 438, 42, 7);
-- ### ORDER 429
INSERT INTO PAYMENT_DETAIL(ID, AMOUNT, PROVIDER, PROVIDER_PAYMENT_UUID)
VALUES (439, 1424.0, 'VISA', '787319609');
INSERT INTO ORDERS (ID, CUST_ID, PAYMENT_ID, STATUS, AMOUNT, CREATED_ON, UPDATED_ON)
VALUES (439, 777, 439, 'DELIVERED', 1424.0, LOCALTIMESTAMP, LOCALTIMESTAMP);
INSERT INTO ORDER_ITEM (ID, ORDER_ID, PRODUCT_ID, QUANTITY)
VALUES (10503, 439, 52, 19);
INSERT INTO ORDER_ITEM (ID, ORDER_ID, PRODUCT_ID, QUANTITY)
VALUES (10504, 439, 18, 1);
INSERT INTO ORDER_ITEM (ID, ORDER_ID, PRODUCT_ID, QUANTITY)
VALUES (10505, 439, 34, 2);
INSERT INTO ORDER_ITEM (ID, ORDER_ID, PRODUCT_ID, QUANTITY)
VALUES (10506, 439, 55, 19);
INSERT INTO ORDER_ITEM (ID, ORDER_ID, PRODUCT_ID, QUANTITY)
VALUES (10507, 439, 30, 11);
INSERT INTO ORDER_ITEM (ID, ORDER_ID, PRODUCT_ID, QUANTITY)
VALUES (10508, 439, 24, 11);
INSERT INTO ORDER_ITEM (ID, ORDER_ID, PRODUCT_ID, QUANTITY)
VALUES (10509, 439, 42, 5);
INSERT INTO ORDER_ITEM (ID, ORDER_ID, PRODUCT_ID, QUANTITY)
VALUES (10510, 439, 20, 11);
INSERT INTO ORDER_ITEM (ID, ORDER_ID, PRODUCT_ID, QUANTITY)
VALUES (10511, 439, 37, 11);
INSERT INTO ORDER_ITEM (ID, ORDER_ID, PRODUCT_ID, QUANTITY)
VALUES (10512, 439, 46, 1);
INSERT INTO ORDER_ITEM (ID, ORDER_ID, PRODUCT_ID, QUANTITY)
VALUES (10513, 439, 38, 11);
INSERT INTO ORDER_ITEM (ID, ORDER_ID, PRODUCT_ID, QUANTITY)
VALUES (10514, 439, 32, 10);
INSERT INTO ORDER_ITEM (ID, ORDER_ID, PRODUCT_ID, QUANTITY)
VALUES (10515, 439, 35, 11);
INSERT INTO ORDER_ITEM (ID, ORDER_ID, PRODUCT_ID, QUANTITY)
VALUES (10516, 439, 13, 11);
INSERT INTO ORDER_ITEM (ID, ORDER_ID, PRODUCT_ID, QUANTITY)
VALUES (10517, 439, 26, 14);
INSERT INTO ORDER_ITEM (ID, ORDER_ID, PRODUCT_ID, QUANTITY)
VALUES (10518, 439, 12, 0);
INSERT INTO ORDER_ITEM (ID, ORDER_ID, PRODUCT_ID, QUANTITY)
VALUES (10519, 439, 48, 15);
INSERT INTO ORDER_ITEM (ID, ORDER_ID, PRODUCT_ID, QUANTITY)
VALUES (10520, 439, 21, 11);
INSERT INTO ORDER_ITEM (ID, ORDER_ID, PRODUCT_ID, QUANTITY)
VALUES (10521, 439, 11, 15);
INSERT INTO ORDER_ITEM (ID, ORDER_ID, PRODUCT_ID, QUANTITY)
VALUES (10522, 439, 39, 9);
INSERT INTO ORDER_ITEM (ID, ORDER_ID, PRODUCT_ID, QUANTITY)
VALUES (10523, 439, 16, 2);
INSERT INTO ORDER_ITEM (ID, ORDER_ID, PRODUCT_ID, QUANTITY)
VALUES (10524, 439, 41, 0);
-- ### ORDER 430
INSERT INTO PAYMENT_DETAIL(ID, AMOUNT, PROVIDER, PROVIDER_PAYMENT_UUID)
VALUES (440, 2413.0, 'ICARD', '809545089');
INSERT INTO ORDERS (ID, CUST_ID, PAYMENT_ID, STATUS, AMOUNT, CREATED_ON, UPDATED_ON)
VALUES (440, 777, 440, 'DELIVERED', 2413.0, LOCALTIMESTAMP, LOCALTIMESTAMP);
INSERT INTO ORDER_ITEM (ID, ORDER_ID, PRODUCT_ID, QUANTITY)
VALUES (10525, 440, 41, 17);
INSERT INTO ORDER_ITEM (ID, ORDER_ID, PRODUCT_ID, QUANTITY)
VALUES (10526, 440, 56, 18);
INSERT INTO ORDER_ITEM (ID, ORDER_ID, PRODUCT_ID, QUANTITY)
VALUES (10527, 440, 55, 3);
INSERT INTO ORDER_ITEM (ID, ORDER_ID, PRODUCT_ID, QUANTITY)
VALUES (10528, 440, 45, 4);
INSERT INTO ORDER_ITEM (ID, ORDER_ID, PRODUCT_ID, QUANTITY)
VALUES (10529, 440, 49, 13);
INSERT INTO ORDER_ITEM (ID, ORDER_ID, PRODUCT_ID, QUANTITY)
VALUES (10530, 440, 35, 10);
INSERT INTO ORDER_ITEM (ID, ORDER_ID, PRODUCT_ID, QUANTITY)
VALUES (10531, 440, 37, 7);
INSERT INTO ORDER_ITEM (ID, ORDER_ID, PRODUCT_ID, QUANTITY)
VALUES (10532, 440, 54, 14);
INSERT INTO ORDER_ITEM (ID, ORDER_ID, PRODUCT_ID, QUANTITY)
VALUES (10533, 440, 29, 20);
INSERT INTO ORDER_ITEM (ID, ORDER_ID, PRODUCT_ID, QUANTITY)
VALUES (10534, 440, 24, 4);
INSERT INTO ORDER_ITEM (ID, ORDER_ID, PRODUCT_ID, QUANTITY)
VALUES (10535, 440, 23, 14);
INSERT INTO ORDER_ITEM (ID, ORDER_ID, PRODUCT_ID, QUANTITY)
VALUES (10536, 440, 28, 1);
-- ### ORDER 431
INSERT INTO PAYMENT_DETAIL(ID, AMOUNT, PROVIDER, PROVIDER_PAYMENT_UUID)
VALUES (441, 3467.0, 'CRYPTO', '763835994');
INSERT INTO ORDERS (ID, CUST_ID, PAYMENT_ID, STATUS, AMOUNT, CREATED_ON, UPDATED_ON)
VALUES (441, 777, 441, 'DELIVERED', 3467.0, LOCALTIMESTAMP, LOCALTIMESTAMP);
INSERT INTO ORDER_ITEM (ID, ORDER_ID, PRODUCT_ID, QUANTITY)
VALUES (10537, 441, 43, 8);
INSERT INTO ORDER_ITEM (ID, ORDER_ID, PRODUCT_ID, QUANTITY)
VALUES (10538, 441, 25, 13);
INSERT INTO ORDER_ITEM (ID, ORDER_ID, PRODUCT_ID, QUANTITY)
VALUES (10539, 441, 27, 13);
INSERT INTO ORDER_ITEM (ID, ORDER_ID, PRODUCT_ID, QUANTITY)
VALUES (10540, 441, 30, 5);
INSERT INTO ORDER_ITEM (ID, ORDER_ID, PRODUCT_ID, QUANTITY)
VALUES (10541, 441, 55, 11);
INSERT INTO ORDER_ITEM (ID, ORDER_ID, PRODUCT_ID, QUANTITY)
VALUES (10542, 441, 41, 9);
INSERT INTO ORDER_ITEM (ID, ORDER_ID, PRODUCT_ID, QUANTITY)
VALUES (10543, 441, 36, 8);
INSERT INTO ORDER_ITEM (ID, ORDER_ID, PRODUCT_ID, QUANTITY)
VALUES (10544, 441, 42, 15);
INSERT INTO ORDER_ITEM (ID, ORDER_ID, PRODUCT_ID, QUANTITY)
VALUES (10545, 441, 35, 8);
INSERT INTO ORDER_ITEM (ID, ORDER_ID, PRODUCT_ID, QUANTITY)
VALUES (10546, 441, 18, 0);
INSERT INTO ORDER_ITEM (ID, ORDER_ID, PRODUCT_ID, QUANTITY)
VALUES (10547, 441, 14, 15);
INSERT INTO ORDER_ITEM (ID, ORDER_ID, PRODUCT_ID, QUANTITY)
VALUES (10548, 441, 54, 4);
INSERT INTO ORDER_ITEM (ID, ORDER_ID, PRODUCT_ID, QUANTITY)
VALUES (10549, 441, 31, 6);
INSERT INTO ORDER_ITEM (ID, ORDER_ID, PRODUCT_ID, QUANTITY)
VALUES (10550, 441, 39, 8);
INSERT INTO ORDER_ITEM (ID, ORDER_ID, PRODUCT_ID, QUANTITY)
VALUES (10551, 441, 33, 3);
INSERT INTO ORDER_ITEM (ID, ORDER_ID, PRODUCT_ID, QUANTITY)
VALUES (10552, 441, 20, 4);
INSERT INTO ORDER_ITEM (ID, ORDER_ID, PRODUCT_ID, QUANTITY)
VALUES (10553, 441, 29, 6);
INSERT INTO ORDER_ITEM (ID, ORDER_ID, PRODUCT_ID, QUANTITY)
VALUES (10554, 441, 48, 15);
INSERT INTO ORDER_ITEM (ID, ORDER_ID, PRODUCT_ID, QUANTITY)
VALUES (10555, 441, 17, 20);
INSERT INTO ORDER_ITEM (ID, ORDER_ID, PRODUCT_ID, QUANTITY)
VALUES (10556, 441, 26, 13);
INSERT INTO ORDER_ITEM (ID, ORDER_ID, PRODUCT_ID, QUANTITY)
VALUES (10557, 441, 12, 9);
INSERT INTO ORDER_ITEM (ID, ORDER_ID, PRODUCT_ID, QUANTITY)
VALUES (10558, 441, 21, 4);
-- ### ORDER 432
INSERT INTO PAYMENT_DETAIL(ID, AMOUNT, PROVIDER, PROVIDER_PAYMENT_UUID)
VALUES (442, 1762.0, 'ICARD', '431822337');
INSERT INTO ORDERS (ID, CUST_ID, PAYMENT_ID, STATUS, AMOUNT, CREATED_ON, UPDATED_ON)
VALUES (442, 777, 442, 'DELIVERED', 1762.0, LOCALTIMESTAMP, LOCALTIMESTAMP);
INSERT INTO ORDER_ITEM (ID, ORDER_ID, PRODUCT_ID, QUANTITY)
VALUES (10559, 442, 13, 9);
INSERT INTO ORDER_ITEM (ID, ORDER_ID, PRODUCT_ID, QUANTITY)
VALUES (10560, 442, 16, 10);
INSERT INTO ORDER_ITEM (ID, ORDER_ID, PRODUCT_ID, QUANTITY)
VALUES (10561, 442, 57, 3);
INSERT INTO ORDER_ITEM (ID, ORDER_ID, PRODUCT_ID, QUANTITY)
VALUES (10562, 442, 60, 7);
INSERT INTO ORDER_ITEM (ID, ORDER_ID, PRODUCT_ID, QUANTITY)
VALUES (10563, 442, 39, 12);
INSERT INTO ORDER_ITEM (ID, ORDER_ID, PRODUCT_ID, QUANTITY)
VALUES (10564, 442, 25, 16);
INSERT INTO ORDER_ITEM (ID, ORDER_ID, PRODUCT_ID, QUANTITY)
VALUES (10565, 442, 30, 5);
INSERT INTO ORDER_ITEM (ID, ORDER_ID, PRODUCT_ID, QUANTITY)
VALUES (10566, 442, 53, 1);
INSERT INTO ORDER_ITEM (ID, ORDER_ID, PRODUCT_ID, QUANTITY)
VALUES (10567, 442, 28, 20);
INSERT INTO ORDER_ITEM (ID, ORDER_ID, PRODUCT_ID, QUANTITY)
VALUES (10568, 442, 54, 8);
INSERT INTO ORDER_ITEM (ID, ORDER_ID, PRODUCT_ID, QUANTITY)
VALUES (10569, 442, 45, 14);
INSERT INTO ORDER_ITEM (ID, ORDER_ID, PRODUCT_ID, QUANTITY)
VALUES (10570, 442, 56, 6);
INSERT INTO ORDER_ITEM (ID, ORDER_ID, PRODUCT_ID, QUANTITY)
VALUES (10571, 442, 31, 15);
INSERT INTO ORDER_ITEM (ID, ORDER_ID, PRODUCT_ID, QUANTITY)
VALUES (10572, 442, 41, 7);
INSERT INTO ORDER_ITEM (ID, ORDER_ID, PRODUCT_ID, QUANTITY)
VALUES (10573, 442, 38, 5);
INSERT INTO ORDER_ITEM (ID, ORDER_ID, PRODUCT_ID, QUANTITY)
VALUES (10574, 442, 59, 0);
INSERT INTO ORDER_ITEM (ID, ORDER_ID, PRODUCT_ID, QUANTITY)
VALUES (10575, 442, 26, 19);
INSERT INTO ORDER_ITEM (ID, ORDER_ID, PRODUCT_ID, QUANTITY)
VALUES (10576, 442, 32, 19);
INSERT INTO ORDER_ITEM (ID, ORDER_ID, PRODUCT_ID, QUANTITY)
VALUES (10577, 442, 20, 13);
INSERT INTO ORDER_ITEM (ID, ORDER_ID, PRODUCT_ID, QUANTITY)
VALUES (10578, 442, 15, 17);
INSERT INTO ORDER_ITEM (ID, ORDER_ID, PRODUCT_ID, QUANTITY)
VALUES (10579, 442, 58, 15);
INSERT INTO ORDER_ITEM (ID, ORDER_ID, PRODUCT_ID, QUANTITY)
VALUES (10580, 442, 11, 8);
-- ### ORDER 433
INSERT INTO PAYMENT_DETAIL(ID, AMOUNT, PROVIDER, PROVIDER_PAYMENT_UUID)
VALUES (443, 3752.0, 'PAYPAL', '963832147');
INSERT INTO ORDERS (ID, CUST_ID, PAYMENT_ID, STATUS, AMOUNT, CREATED_ON, UPDATED_ON)
VALUES (443, 777, 443, 'DELIVERED', 3752.0, LOCALTIMESTAMP, LOCALTIMESTAMP);
INSERT INTO ORDER_ITEM (ID, ORDER_ID, PRODUCT_ID, QUANTITY)
VALUES (10581, 443, 38, 11);
INSERT INTO ORDER_ITEM (ID, ORDER_ID, PRODUCT_ID, QUANTITY)
VALUES (10582, 443, 27, 12);
INSERT INTO ORDER_ITEM (ID, ORDER_ID, PRODUCT_ID, QUANTITY)
VALUES (10583, 443, 43, 8);
INSERT INTO ORDER_ITEM (ID, ORDER_ID, PRODUCT_ID, QUANTITY)
VALUES (10584, 443, 36, 5);
INSERT INTO ORDER_ITEM (ID, ORDER_ID, PRODUCT_ID, QUANTITY)
VALUES (10585, 443, 45, 1);
INSERT INTO ORDER_ITEM (ID, ORDER_ID, PRODUCT_ID, QUANTITY)
VALUES (10586, 443, 60, 5);
INSERT INTO ORDER_ITEM (ID, ORDER_ID, PRODUCT_ID, QUANTITY)
VALUES (10587, 443, 55, 9);
INSERT INTO ORDER_ITEM (ID, ORDER_ID, PRODUCT_ID, QUANTITY)
VALUES (10588, 443, 20, 0);
INSERT INTO ORDER_ITEM (ID, ORDER_ID, PRODUCT_ID, QUANTITY)
VALUES (10589, 443, 23, 16);
INSERT INTO ORDER_ITEM (ID, ORDER_ID, PRODUCT_ID, QUANTITY)
VALUES (10590, 443, 57, 12);
INSERT INTO ORDER_ITEM (ID, ORDER_ID, PRODUCT_ID, QUANTITY)
VALUES (10591, 443, 31, 0);
INSERT INTO ORDER_ITEM (ID, ORDER_ID, PRODUCT_ID, QUANTITY)
VALUES (10592, 443, 47, 16);
INSERT INTO ORDER_ITEM (ID, ORDER_ID, PRODUCT_ID, QUANTITY)
VALUES (10593, 443, 19, 5);
INSERT INTO ORDER_ITEM (ID, ORDER_ID, PRODUCT_ID, QUANTITY)
VALUES (10594, 443, 30, 15);
INSERT INTO ORDER_ITEM (ID, ORDER_ID, PRODUCT_ID, QUANTITY)
VALUES (10595, 443, 48, 3);
INSERT INTO ORDER_ITEM (ID, ORDER_ID, PRODUCT_ID, QUANTITY)
VALUES (10596, 443, 34, 15);
-- ### ORDER 434
INSERT INTO PAYMENT_DETAIL(ID, AMOUNT, PROVIDER, PROVIDER_PAYMENT_UUID)
VALUES (444, 3830.0, 'MASTERCARD', '555746671');
INSERT INTO ORDERS (ID, CUST_ID, PAYMENT_ID, STATUS, AMOUNT, CREATED_ON, UPDATED_ON)
VALUES (444, 777, 444, 'DELIVERED', 3830.0, LOCALTIMESTAMP, LOCALTIMESTAMP);
INSERT INTO ORDER_ITEM (ID, ORDER_ID, PRODUCT_ID, QUANTITY)
VALUES (10597, 444, 44, 10);
INSERT INTO ORDER_ITEM (ID, ORDER_ID, PRODUCT_ID, QUANTITY)
VALUES (10598, 444, 23, 13);
INSERT INTO ORDER_ITEM (ID, ORDER_ID, PRODUCT_ID, QUANTITY)
VALUES (10599, 444, 11, 12);
INSERT INTO ORDER_ITEM (ID, ORDER_ID, PRODUCT_ID, QUANTITY)
VALUES (10600, 444, 21, 16);
INSERT INTO ORDER_ITEM (ID, ORDER_ID, PRODUCT_ID, QUANTITY)
VALUES (10601, 444, 33, 17);
INSERT INTO ORDER_ITEM (ID, ORDER_ID, PRODUCT_ID, QUANTITY)
VALUES (10602, 444, 20, 1);
INSERT INTO ORDER_ITEM (ID, ORDER_ID, PRODUCT_ID, QUANTITY)
VALUES (10603, 444, 59, 13);
INSERT INTO ORDER_ITEM (ID, ORDER_ID, PRODUCT_ID, QUANTITY)
VALUES (10604, 444, 12, 4);
INSERT INTO ORDER_ITEM (ID, ORDER_ID, PRODUCT_ID, QUANTITY)
VALUES (10605, 444, 58, 10);
INSERT INTO ORDER_ITEM (ID, ORDER_ID, PRODUCT_ID, QUANTITY)
VALUES (10606, 444, 57, 17);
INSERT INTO ORDER_ITEM (ID, ORDER_ID, PRODUCT_ID, QUANTITY)
VALUES (10607, 444, 14, 3);
INSERT INTO ORDER_ITEM (ID, ORDER_ID, PRODUCT_ID, QUANTITY)
VALUES (10608, 444, 28, 19);
INSERT INTO ORDER_ITEM (ID, ORDER_ID, PRODUCT_ID, QUANTITY)
VALUES (10609, 444, 51, 1);
INSERT INTO ORDER_ITEM (ID, ORDER_ID, PRODUCT_ID, QUANTITY)
VALUES (10610, 444, 32, 1);
INSERT INTO ORDER_ITEM (ID, ORDER_ID, PRODUCT_ID, QUANTITY)
VALUES (10611, 444, 24, 5);
INSERT INTO ORDER_ITEM (ID, ORDER_ID, PRODUCT_ID, QUANTITY)
VALUES (10612, 444, 18, 10);
INSERT INTO ORDER_ITEM (ID, ORDER_ID, PRODUCT_ID, QUANTITY)
VALUES (10613, 444, 17, 8);
INSERT INTO ORDER_ITEM (ID, ORDER_ID, PRODUCT_ID, QUANTITY)
VALUES (10614, 444, 39, 9);
INSERT INTO ORDER_ITEM (ID, ORDER_ID, PRODUCT_ID, QUANTITY)
VALUES (10615, 444, 42, 2);
INSERT INTO ORDER_ITEM (ID, ORDER_ID, PRODUCT_ID, QUANTITY)
VALUES (10616, 444, 38, 8);
INSERT INTO ORDER_ITEM (ID, ORDER_ID, PRODUCT_ID, QUANTITY)
VALUES (10617, 444, 52, 8);
INSERT INTO ORDER_ITEM (ID, ORDER_ID, PRODUCT_ID, QUANTITY)
VALUES (10618, 444, 22, 11);
INSERT INTO ORDER_ITEM (ID, ORDER_ID, PRODUCT_ID, QUANTITY)
VALUES (10619, 444, 48, 8);
INSERT INTO ORDER_ITEM (ID, ORDER_ID, PRODUCT_ID, QUANTITY)
VALUES (10620, 444, 47, 17);
INSERT INTO ORDER_ITEM (ID, ORDER_ID, PRODUCT_ID, QUANTITY)
VALUES (10621, 444, 25, 17);
INSERT INTO ORDER_ITEM (ID, ORDER_ID, PRODUCT_ID, QUANTITY)
VALUES (10622, 444, 27, 7);
INSERT INTO ORDER_ITEM (ID, ORDER_ID, PRODUCT_ID, QUANTITY)
VALUES (10623, 444, 56, 3);
INSERT INTO ORDER_ITEM (ID, ORDER_ID, PRODUCT_ID, QUANTITY)
VALUES (10624, 444, 54, 4);
INSERT INTO ORDER_ITEM (ID, ORDER_ID, PRODUCT_ID, QUANTITY)
VALUES (10625, 444, 37, 12);
-- ### ORDER 435
INSERT INTO PAYMENT_DETAIL(ID, AMOUNT, PROVIDER, PROVIDER_PAYMENT_UUID)
VALUES (445, 1265.0, 'MASTERCARD', '311000868');
INSERT INTO ORDERS (ID, CUST_ID, PAYMENT_ID, STATUS, AMOUNT, CREATED_ON, UPDATED_ON)
VALUES (445, 777, 445, 'DELIVERED', 1265.0, LOCALTIMESTAMP, LOCALTIMESTAMP);
INSERT INTO ORDER_ITEM (ID, ORDER_ID, PRODUCT_ID, QUANTITY)
VALUES (10626, 445, 47, 19);
INSERT INTO ORDER_ITEM (ID, ORDER_ID, PRODUCT_ID, QUANTITY)
VALUES (10627, 445, 49, 12);
INSERT INTO ORDER_ITEM (ID, ORDER_ID, PRODUCT_ID, QUANTITY)
VALUES (10628, 445, 29, 20);
INSERT INTO ORDER_ITEM (ID, ORDER_ID, PRODUCT_ID, QUANTITY)
VALUES (10629, 445, 17, 1);
INSERT INTO ORDER_ITEM (ID, ORDER_ID, PRODUCT_ID, QUANTITY)
VALUES (10630, 445, 51, 5);
INSERT INTO ORDER_ITEM (ID, ORDER_ID, PRODUCT_ID, QUANTITY)
VALUES (10631, 445, 45, 8);
INSERT INTO ORDER_ITEM (ID, ORDER_ID, PRODUCT_ID, QUANTITY)
VALUES (10632, 445, 54, 7);
INSERT INTO ORDER_ITEM (ID, ORDER_ID, PRODUCT_ID, QUANTITY)
VALUES (10633, 445, 40, 5);
INSERT INTO ORDER_ITEM (ID, ORDER_ID, PRODUCT_ID, QUANTITY)
VALUES (10634, 445, 32, 1);
-- ### ORDER 436
INSERT INTO PAYMENT_DETAIL(ID, AMOUNT, PROVIDER, PROVIDER_PAYMENT_UUID)
VALUES (446, 1542.0, 'CRYPTO', '386001405');
INSERT INTO ORDERS (ID, CUST_ID, PAYMENT_ID, STATUS, AMOUNT, CREATED_ON, UPDATED_ON)
VALUES (446, 777, 446, 'DELIVERED', 1542.0, LOCALTIMESTAMP, LOCALTIMESTAMP);
INSERT INTO ORDER_ITEM (ID, ORDER_ID, PRODUCT_ID, QUANTITY)
VALUES (10635, 446, 16, 7);
INSERT INTO ORDER_ITEM (ID, ORDER_ID, PRODUCT_ID, QUANTITY)
VALUES (10636, 446, 59, 18);
INSERT INTO ORDER_ITEM (ID, ORDER_ID, PRODUCT_ID, QUANTITY)
VALUES (10637, 446, 19, 4);
INSERT INTO ORDER_ITEM (ID, ORDER_ID, PRODUCT_ID, QUANTITY)
VALUES (10638, 446, 27, 18);
INSERT INTO ORDER_ITEM (ID, ORDER_ID, PRODUCT_ID, QUANTITY)
VALUES (10639, 446, 23, 9);
INSERT INTO ORDER_ITEM (ID, ORDER_ID, PRODUCT_ID, QUANTITY)
VALUES (10640, 446, 25, 20);
INSERT INTO ORDER_ITEM (ID, ORDER_ID, PRODUCT_ID, QUANTITY)
VALUES (10641, 446, 53, 2);
INSERT INTO ORDER_ITEM (ID, ORDER_ID, PRODUCT_ID, QUANTITY)
VALUES (10642, 446, 48, 13);
INSERT INTO ORDER_ITEM (ID, ORDER_ID, PRODUCT_ID, QUANTITY)
VALUES (10643, 446, 47, 8);
INSERT INTO ORDER_ITEM (ID, ORDER_ID, PRODUCT_ID, QUANTITY)
VALUES (10644, 446, 37, 8);
INSERT INTO ORDER_ITEM (ID, ORDER_ID, PRODUCT_ID, QUANTITY)
VALUES (10645, 446, 42, 0);
INSERT INTO ORDER_ITEM (ID, ORDER_ID, PRODUCT_ID, QUANTITY)
VALUES (10646, 446, 18, 13);
INSERT INTO ORDER_ITEM (ID, ORDER_ID, PRODUCT_ID, QUANTITY)
VALUES (10647, 446, 45, 0);
INSERT INTO ORDER_ITEM (ID, ORDER_ID, PRODUCT_ID, QUANTITY)
VALUES (10648, 446, 26, 0);
INSERT INTO ORDER_ITEM (ID, ORDER_ID, PRODUCT_ID, QUANTITY)
VALUES (10649, 446, 15, 1);
INSERT INTO ORDER_ITEM (ID, ORDER_ID, PRODUCT_ID, QUANTITY)
VALUES (10650, 446, 12, 4);
INSERT INTO ORDER_ITEM (ID, ORDER_ID, PRODUCT_ID, QUANTITY)
VALUES (10651, 446, 22, 6);
INSERT INTO ORDER_ITEM (ID, ORDER_ID, PRODUCT_ID, QUANTITY)
VALUES (10652, 446, 28, 19);
INSERT INTO ORDER_ITEM (ID, ORDER_ID, PRODUCT_ID, QUANTITY)
VALUES (10653, 446, 46, 11);
INSERT INTO ORDER_ITEM (ID, ORDER_ID, PRODUCT_ID, QUANTITY)
VALUES (10654, 446, 32, 9);
INSERT INTO ORDER_ITEM (ID, ORDER_ID, PRODUCT_ID, QUANTITY)
VALUES (10655, 446, 13, 4);
INSERT INTO ORDER_ITEM (ID, ORDER_ID, PRODUCT_ID, QUANTITY)
VALUES (10656, 446, 36, 8);
INSERT INTO ORDER_ITEM (ID, ORDER_ID, PRODUCT_ID, QUANTITY)
VALUES (10657, 446, 38, 3);
INSERT INTO ORDER_ITEM (ID, ORDER_ID, PRODUCT_ID, QUANTITY)
VALUES (10658, 446, 43, 20);
INSERT INTO ORDER_ITEM (ID, ORDER_ID, PRODUCT_ID, QUANTITY)
VALUES (10659, 446, 58, 18);
INSERT INTO ORDER_ITEM (ID, ORDER_ID, PRODUCT_ID, QUANTITY)
VALUES (10660, 446, 30, 20);
INSERT INTO ORDER_ITEM (ID, ORDER_ID, PRODUCT_ID, QUANTITY)
VALUES (10661, 446, 24, 16);
INSERT INTO ORDER_ITEM (ID, ORDER_ID, PRODUCT_ID, QUANTITY)
VALUES (10662, 446, 33, 4);
INSERT INTO ORDER_ITEM (ID, ORDER_ID, PRODUCT_ID, QUANTITY)
VALUES (10663, 446, 34, 20);
INSERT INTO ORDER_ITEM (ID, ORDER_ID, PRODUCT_ID, QUANTITY)
VALUES (10664, 446, 44, 2);
INSERT INTO ORDER_ITEM (ID, ORDER_ID, PRODUCT_ID, QUANTITY)
VALUES (10665, 446, 40, 17);
INSERT INTO ORDER_ITEM (ID, ORDER_ID, PRODUCT_ID, QUANTITY)
VALUES (10666, 446, 39, 8);
INSERT INTO ORDER_ITEM (ID, ORDER_ID, PRODUCT_ID, QUANTITY)
VALUES (10667, 446, 21, 14);
INSERT INTO ORDER_ITEM (ID, ORDER_ID, PRODUCT_ID, QUANTITY)
VALUES (10668, 446, 29, 19);
INSERT INTO ORDER_ITEM (ID, ORDER_ID, PRODUCT_ID, QUANTITY)
VALUES (10669, 446, 55, 0);
INSERT INTO ORDER_ITEM (ID, ORDER_ID, PRODUCT_ID, QUANTITY)
VALUES (10670, 446, 56, 9);
INSERT INTO ORDER_ITEM (ID, ORDER_ID, PRODUCT_ID, QUANTITY)
VALUES (10671, 446, 14, 18);
INSERT INTO ORDER_ITEM (ID, ORDER_ID, PRODUCT_ID, QUANTITY)
VALUES (10672, 446, 57, 7);
INSERT INTO ORDER_ITEM (ID, ORDER_ID, PRODUCT_ID, QUANTITY)
VALUES (10673, 446, 52, 5);
INSERT INTO ORDER_ITEM (ID, ORDER_ID, PRODUCT_ID, QUANTITY)
VALUES (10674, 446, 11, 19);
INSERT INTO ORDER_ITEM (ID, ORDER_ID, PRODUCT_ID, QUANTITY)
VALUES (10675, 446, 35, 14);
INSERT INTO ORDER_ITEM (ID, ORDER_ID, PRODUCT_ID, QUANTITY)
VALUES (10676, 446, 60, 10);
-- ### ORDER 437
INSERT INTO PAYMENT_DETAIL(ID, AMOUNT, PROVIDER, PROVIDER_PAYMENT_UUID)
VALUES (447, 4269.0, 'CRYPTO', '480672148');
INSERT INTO ORDERS (ID, CUST_ID, PAYMENT_ID, STATUS, AMOUNT, CREATED_ON, UPDATED_ON)
VALUES (447, 777, 447, 'DELIVERED', 4269.0, LOCALTIMESTAMP, LOCALTIMESTAMP);
INSERT INTO ORDER_ITEM (ID, ORDER_ID, PRODUCT_ID, QUANTITY)
VALUES (10677, 447, 55, 9);
INSERT INTO ORDER_ITEM (ID, ORDER_ID, PRODUCT_ID, QUANTITY)
VALUES (10678, 447, 50, 10);
INSERT INTO ORDER_ITEM (ID, ORDER_ID, PRODUCT_ID, QUANTITY)
VALUES (10679, 447, 45, 4);
INSERT INTO ORDER_ITEM (ID, ORDER_ID, PRODUCT_ID, QUANTITY)
VALUES (10680, 447, 40, 7);
INSERT INTO ORDER_ITEM (ID, ORDER_ID, PRODUCT_ID, QUANTITY)
VALUES (10681, 447, 15, 10);
INSERT INTO ORDER_ITEM (ID, ORDER_ID, PRODUCT_ID, QUANTITY)
VALUES (10682, 447, 51, 20);
INSERT INTO ORDER_ITEM (ID, ORDER_ID, PRODUCT_ID, QUANTITY)
VALUES (10683, 447, 35, 13);
INSERT INTO ORDER_ITEM (ID, ORDER_ID, PRODUCT_ID, QUANTITY)
VALUES (10684, 447, 33, 19);
INSERT INTO ORDER_ITEM (ID, ORDER_ID, PRODUCT_ID, QUANTITY)
VALUES (10685, 447, 57, 10);
INSERT INTO ORDER_ITEM (ID, ORDER_ID, PRODUCT_ID, QUANTITY)
VALUES (10686, 447, 41, 14);
INSERT INTO ORDER_ITEM (ID, ORDER_ID, PRODUCT_ID, QUANTITY)
VALUES (10687, 447, 20, 17);
INSERT INTO ORDER_ITEM (ID, ORDER_ID, PRODUCT_ID, QUANTITY)
VALUES (10688, 447, 49, 11);
INSERT INTO ORDER_ITEM (ID, ORDER_ID, PRODUCT_ID, QUANTITY)
VALUES (10689, 447, 60, 14);
INSERT INTO ORDER_ITEM (ID, ORDER_ID, PRODUCT_ID, QUANTITY)
VALUES (10690, 447, 14, 1);
INSERT INTO ORDER_ITEM (ID, ORDER_ID, PRODUCT_ID, QUANTITY)
VALUES (10691, 447, 44, 2);
INSERT INTO ORDER_ITEM (ID, ORDER_ID, PRODUCT_ID, QUANTITY)
VALUES (10692, 447, 18, 0);
INSERT INTO ORDER_ITEM (ID, ORDER_ID, PRODUCT_ID, QUANTITY)
VALUES (10693, 447, 25, 20);
INSERT INTO ORDER_ITEM (ID, ORDER_ID, PRODUCT_ID, QUANTITY)
VALUES (10694, 447, 23, 14);
INSERT INTO ORDER_ITEM (ID, ORDER_ID, PRODUCT_ID, QUANTITY)
VALUES (10695, 447, 46, 2);
INSERT INTO ORDER_ITEM (ID, ORDER_ID, PRODUCT_ID, QUANTITY)
VALUES (10696, 447, 39, 8);
INSERT INTO ORDER_ITEM (ID, ORDER_ID, PRODUCT_ID, QUANTITY)
VALUES (10697, 447, 53, 20);
INSERT INTO ORDER_ITEM (ID, ORDER_ID, PRODUCT_ID, QUANTITY)
VALUES (10698, 447, 42, 13);
INSERT INTO ORDER_ITEM (ID, ORDER_ID, PRODUCT_ID, QUANTITY)
VALUES (10699, 447, 29, 8);
INSERT INTO ORDER_ITEM (ID, ORDER_ID, PRODUCT_ID, QUANTITY)
VALUES (10700, 447, 19, 17);
INSERT INTO ORDER_ITEM (ID, ORDER_ID, PRODUCT_ID, QUANTITY)
VALUES (10701, 447, 17, 3);
INSERT INTO ORDER_ITEM (ID, ORDER_ID, PRODUCT_ID, QUANTITY)
VALUES (10702, 447, 48, 5);
INSERT INTO ORDER_ITEM (ID, ORDER_ID, PRODUCT_ID, QUANTITY)
VALUES (10703, 447, 54, 12);
INSERT INTO ORDER_ITEM (ID, ORDER_ID, PRODUCT_ID, QUANTITY)
VALUES (10704, 447, 26, 19);
INSERT INTO ORDER_ITEM (ID, ORDER_ID, PRODUCT_ID, QUANTITY)
VALUES (10705, 447, 37, 4);
INSERT INTO ORDER_ITEM (ID, ORDER_ID, PRODUCT_ID, QUANTITY)
VALUES (10706, 447, 59, 12);
INSERT INTO ORDER_ITEM (ID, ORDER_ID, PRODUCT_ID, QUANTITY)
VALUES (10707, 447, 47, 2);
INSERT INTO ORDER_ITEM (ID, ORDER_ID, PRODUCT_ID, QUANTITY)
VALUES (10708, 447, 24, 19);
INSERT INTO ORDER_ITEM (ID, ORDER_ID, PRODUCT_ID, QUANTITY)
VALUES (10709, 447, 56, 17);
INSERT INTO ORDER_ITEM (ID, ORDER_ID, PRODUCT_ID, QUANTITY)
VALUES (10710, 447, 52, 7);
INSERT INTO ORDER_ITEM (ID, ORDER_ID, PRODUCT_ID, QUANTITY)
VALUES (10711, 447, 27, 20);
INSERT INTO ORDER_ITEM (ID, ORDER_ID, PRODUCT_ID, QUANTITY)
VALUES (10712, 447, 12, 13);
INSERT INTO ORDER_ITEM (ID, ORDER_ID, PRODUCT_ID, QUANTITY)
VALUES (10713, 447, 58, 6);
INSERT INTO ORDER_ITEM (ID, ORDER_ID, PRODUCT_ID, QUANTITY)
VALUES (10714, 447, 36, 4);
INSERT INTO ORDER_ITEM (ID, ORDER_ID, PRODUCT_ID, QUANTITY)
VALUES (10715, 447, 28, 12);
INSERT INTO ORDER_ITEM (ID, ORDER_ID, PRODUCT_ID, QUANTITY)
VALUES (10716, 447, 43, 14);
INSERT INTO ORDER_ITEM (ID, ORDER_ID, PRODUCT_ID, QUANTITY)
VALUES (10717, 447, 11, 14);
INSERT INTO ORDER_ITEM (ID, ORDER_ID, PRODUCT_ID, QUANTITY)
VALUES (10718, 447, 32, 14);
-- ### ORDER 438
INSERT INTO PAYMENT_DETAIL(ID, AMOUNT, PROVIDER, PROVIDER_PAYMENT_UUID)
VALUES (448, 714.0, 'MASTERCARD', '339184411');
INSERT INTO ORDERS (ID, CUST_ID, PAYMENT_ID, STATUS, AMOUNT, CREATED_ON, UPDATED_ON)
VALUES (448, 777, 448, 'DELIVERED', 714.0, LOCALTIMESTAMP, LOCALTIMESTAMP);
INSERT INTO ORDER_ITEM (ID, ORDER_ID, PRODUCT_ID, QUANTITY)
VALUES (10719, 448, 14, 14);
INSERT INTO ORDER_ITEM (ID, ORDER_ID, PRODUCT_ID, QUANTITY)
VALUES (10720, 448, 46, 13);
INSERT INTO ORDER_ITEM (ID, ORDER_ID, PRODUCT_ID, QUANTITY)
VALUES (10721, 448, 18, 14);
INSERT INTO ORDER_ITEM (ID, ORDER_ID, PRODUCT_ID, QUANTITY)
VALUES (10722, 448, 55, 12);
INSERT INTO ORDER_ITEM (ID, ORDER_ID, PRODUCT_ID, QUANTITY)
VALUES (10723, 448, 40, 20);
INSERT INTO ORDER_ITEM (ID, ORDER_ID, PRODUCT_ID, QUANTITY)
VALUES (10724, 448, 39, 7);
INSERT INTO ORDER_ITEM (ID, ORDER_ID, PRODUCT_ID, QUANTITY)
VALUES (10725, 448, 38, 11);
INSERT INTO ORDER_ITEM (ID, ORDER_ID, PRODUCT_ID, QUANTITY)
VALUES (10726, 448, 47, 3);
INSERT INTO ORDER_ITEM (ID, ORDER_ID, PRODUCT_ID, QUANTITY)
VALUES (10727, 448, 12, 8);
INSERT INTO ORDER_ITEM (ID, ORDER_ID, PRODUCT_ID, QUANTITY)
VALUES (10728, 448, 33, 13);
INSERT INTO ORDER_ITEM (ID, ORDER_ID, PRODUCT_ID, QUANTITY)
VALUES (10729, 448, 13, 19);
INSERT INTO ORDER_ITEM (ID, ORDER_ID, PRODUCT_ID, QUANTITY)
VALUES (10730, 448, 17, 11);
INSERT INTO ORDER_ITEM (ID, ORDER_ID, PRODUCT_ID, QUANTITY)
VALUES (10731, 448, 54, 13);
INSERT INTO ORDER_ITEM (ID, ORDER_ID, PRODUCT_ID, QUANTITY)
VALUES (10732, 448, 53, 10);
INSERT INTO ORDER_ITEM (ID, ORDER_ID, PRODUCT_ID, QUANTITY)
VALUES (10733, 448, 34, 19);
INSERT INTO ORDER_ITEM (ID, ORDER_ID, PRODUCT_ID, QUANTITY)
VALUES (10734, 448, 24, 13);
INSERT INTO ORDER_ITEM (ID, ORDER_ID, PRODUCT_ID, QUANTITY)
VALUES (10735, 448, 59, 2);
INSERT INTO ORDER_ITEM (ID, ORDER_ID, PRODUCT_ID, QUANTITY)
VALUES (10736, 448, 41, 19);
INSERT INTO ORDER_ITEM (ID, ORDER_ID, PRODUCT_ID, QUANTITY)
VALUES (10737, 448, 48, 4);
INSERT INTO ORDER_ITEM (ID, ORDER_ID, PRODUCT_ID, QUANTITY)
VALUES (10738, 448, 36, 5);
INSERT INTO ORDER_ITEM (ID, ORDER_ID, PRODUCT_ID, QUANTITY)
VALUES (10739, 448, 22, 19);
INSERT INTO ORDER_ITEM (ID, ORDER_ID, PRODUCT_ID, QUANTITY)
VALUES (10740, 448, 58, 18);
INSERT INTO ORDER_ITEM (ID, ORDER_ID, PRODUCT_ID, QUANTITY)
VALUES (10741, 448, 21, 15);
INSERT INTO ORDER_ITEM (ID, ORDER_ID, PRODUCT_ID, QUANTITY)
VALUES (10742, 448, 25, 18);
INSERT INTO ORDER_ITEM (ID, ORDER_ID, PRODUCT_ID, QUANTITY)
VALUES (10743, 448, 43, 12);
INSERT INTO ORDER_ITEM (ID, ORDER_ID, PRODUCT_ID, QUANTITY)
VALUES (10744, 448, 16, 0);
INSERT INTO ORDER_ITEM (ID, ORDER_ID, PRODUCT_ID, QUANTITY)
VALUES (10745, 448, 51, 11);
INSERT INTO ORDER_ITEM (ID, ORDER_ID, PRODUCT_ID, QUANTITY)
VALUES (10746, 448, 31, 15);
INSERT INTO ORDER_ITEM (ID, ORDER_ID, PRODUCT_ID, QUANTITY)
VALUES (10747, 448, 52, 4);
INSERT INTO ORDER_ITEM (ID, ORDER_ID, PRODUCT_ID, QUANTITY)
VALUES (10748, 448, 42, 19);
INSERT INTO ORDER_ITEM (ID, ORDER_ID, PRODUCT_ID, QUANTITY)
VALUES (10749, 448, 11, 8);
-- ### ORDER 439
INSERT INTO PAYMENT_DETAIL(ID, AMOUNT, PROVIDER, PROVIDER_PAYMENT_UUID)
VALUES (449, 1921.0, 'MASTERCARD', '648583616');
INSERT INTO ORDERS (ID, CUST_ID, PAYMENT_ID, STATUS, AMOUNT, CREATED_ON, UPDATED_ON)
VALUES (449, 777, 449, 'DELIVERED', 1921.0, LOCALTIMESTAMP, LOCALTIMESTAMP);
INSERT INTO ORDER_ITEM (ID, ORDER_ID, PRODUCT_ID, QUANTITY)
VALUES (10750, 449, 17, 8);
INSERT INTO ORDER_ITEM (ID, ORDER_ID, PRODUCT_ID, QUANTITY)
VALUES (10751, 449, 14, 6);
INSERT INTO ORDER_ITEM (ID, ORDER_ID, PRODUCT_ID, QUANTITY)
VALUES (10752, 449, 59, 14);
INSERT INTO ORDER_ITEM (ID, ORDER_ID, PRODUCT_ID, QUANTITY)
VALUES (10753, 449, 44, 4);
INSERT INTO ORDER_ITEM (ID, ORDER_ID, PRODUCT_ID, QUANTITY)
VALUES (10754, 449, 40, 4);
INSERT INTO ORDER_ITEM (ID, ORDER_ID, PRODUCT_ID, QUANTITY)
VALUES (10755, 449, 55, 8);
INSERT INTO ORDER_ITEM (ID, ORDER_ID, PRODUCT_ID, QUANTITY)
VALUES (10756, 449, 46, 1);
INSERT INTO ORDER_ITEM (ID, ORDER_ID, PRODUCT_ID, QUANTITY)
VALUES (10757, 449, 53, 15);
INSERT INTO ORDER_ITEM (ID, ORDER_ID, PRODUCT_ID, QUANTITY)
VALUES (10758, 449, 52, 6);
INSERT INTO ORDER_ITEM (ID, ORDER_ID, PRODUCT_ID, QUANTITY)
VALUES (10759, 449, 56, 3);
INSERT INTO ORDER_ITEM (ID, ORDER_ID, PRODUCT_ID, QUANTITY)
VALUES (10760, 449, 25, 20);
INSERT INTO ORDER_ITEM (ID, ORDER_ID, PRODUCT_ID, QUANTITY)
VALUES (10761, 449, 51, 12);
INSERT INTO ORDER_ITEM (ID, ORDER_ID, PRODUCT_ID, QUANTITY)
VALUES (10762, 449, 50, 16);
INSERT INTO ORDER_ITEM (ID, ORDER_ID, PRODUCT_ID, QUANTITY)
VALUES (10763, 449, 36, 1);
INSERT INTO ORDER_ITEM (ID, ORDER_ID, PRODUCT_ID, QUANTITY)
VALUES (10764, 449, 26, 3);
INSERT INTO ORDER_ITEM (ID, ORDER_ID, PRODUCT_ID, QUANTITY)
VALUES (10765, 449, 32, 20);
INSERT INTO ORDER_ITEM (ID, ORDER_ID, PRODUCT_ID, QUANTITY)
VALUES (10766, 449, 42, 8);
INSERT INTO ORDER_ITEM (ID, ORDER_ID, PRODUCT_ID, QUANTITY)
VALUES (10767, 449, 15, 1);
INSERT INTO ORDER_ITEM (ID, ORDER_ID, PRODUCT_ID, QUANTITY)
VALUES (10768, 449, 54, 16);
INSERT INTO ORDER_ITEM (ID, ORDER_ID, PRODUCT_ID, QUANTITY)
VALUES (10769, 449, 28, 1);
INSERT INTO ORDER_ITEM (ID, ORDER_ID, PRODUCT_ID, QUANTITY)
VALUES (10770, 449, 29, 2);
INSERT INTO ORDER_ITEM (ID, ORDER_ID, PRODUCT_ID, QUANTITY)
VALUES (10771, 449, 35, 10);
INSERT INTO ORDER_ITEM (ID, ORDER_ID, PRODUCT_ID, QUANTITY)
VALUES (10772, 449, 60, 13);
INSERT INTO ORDER_ITEM (ID, ORDER_ID, PRODUCT_ID, QUANTITY)
VALUES (10773, 449, 57, 12);
INSERT INTO ORDER_ITEM (ID, ORDER_ID, PRODUCT_ID, QUANTITY)
VALUES (10774, 449, 13, 18);
INSERT INTO ORDER_ITEM (ID, ORDER_ID, PRODUCT_ID, QUANTITY)
VALUES (10775, 449, 16, 3);
INSERT INTO ORDER_ITEM (ID, ORDER_ID, PRODUCT_ID, QUANTITY)
VALUES (10776, 449, 20, 1);
INSERT INTO ORDER_ITEM (ID, ORDER_ID, PRODUCT_ID, QUANTITY)
VALUES (10777, 449, 38, 4);
INSERT INTO ORDER_ITEM (ID, ORDER_ID, PRODUCT_ID, QUANTITY)
VALUES (10778, 449, 49, 8);
INSERT INTO ORDER_ITEM (ID, ORDER_ID, PRODUCT_ID, QUANTITY)
VALUES (10779, 449, 41, 17);
INSERT INTO ORDER_ITEM (ID, ORDER_ID, PRODUCT_ID, QUANTITY)
VALUES (10780, 449, 31, 14);
INSERT INTO ORDER_ITEM (ID, ORDER_ID, PRODUCT_ID, QUANTITY)
VALUES (10781, 449, 22, 8);
INSERT INTO ORDER_ITEM (ID, ORDER_ID, PRODUCT_ID, QUANTITY)
VALUES (10782, 449, 21, 0);
-- ### ORDER 440
INSERT INTO PAYMENT_DETAIL(ID, AMOUNT, PROVIDER, PROVIDER_PAYMENT_UUID)
VALUES (450, 4062.0, 'ICARD', '399957932');
INSERT INTO ORDERS (ID, CUST_ID, PAYMENT_ID, STATUS, AMOUNT, CREATED_ON, UPDATED_ON)
VALUES (450, 777, 450, 'DELIVERED', 4062.0, LOCALTIMESTAMP, LOCALTIMESTAMP);
INSERT INTO ORDER_ITEM (ID, ORDER_ID, PRODUCT_ID, QUANTITY)
VALUES (10783, 450, 12, 10);
INSERT INTO ORDER_ITEM (ID, ORDER_ID, PRODUCT_ID, QUANTITY)
VALUES (10784, 450, 27, 16);
INSERT INTO ORDER_ITEM (ID, ORDER_ID, PRODUCT_ID, QUANTITY)
VALUES (10785, 450, 53, 11);
-- ### ORDER 441
INSERT INTO PAYMENT_DETAIL(ID, AMOUNT, PROVIDER, PROVIDER_PAYMENT_UUID)
VALUES (451, 668.0, 'PAYPAL', '40013581');
INSERT INTO ORDERS (ID, CUST_ID, PAYMENT_ID, STATUS, AMOUNT, CREATED_ON, UPDATED_ON)
VALUES (451, 777, 451, 'DELIVERED', 668.0, LOCALTIMESTAMP, LOCALTIMESTAMP);
INSERT INTO ORDER_ITEM (ID, ORDER_ID, PRODUCT_ID, QUANTITY)
VALUES (10786, 451, 18, 4);
INSERT INTO ORDER_ITEM (ID, ORDER_ID, PRODUCT_ID, QUANTITY)
VALUES (10787, 451, 42, 2);
INSERT INTO ORDER_ITEM (ID, ORDER_ID, PRODUCT_ID, QUANTITY)
VALUES (10788, 451, 26, 3);
INSERT INTO ORDER_ITEM (ID, ORDER_ID, PRODUCT_ID, QUANTITY)
VALUES (10789, 451, 45, 0);
INSERT INTO ORDER_ITEM (ID, ORDER_ID, PRODUCT_ID, QUANTITY)
VALUES (10790, 451, 14, 19);
INSERT INTO ORDER_ITEM (ID, ORDER_ID, PRODUCT_ID, QUANTITY)
VALUES (10791, 451, 19, 8);
INSERT INTO ORDER_ITEM (ID, ORDER_ID, PRODUCT_ID, QUANTITY)
VALUES (10792, 451, 49, 15);
INSERT INTO ORDER_ITEM (ID, ORDER_ID, PRODUCT_ID, QUANTITY)
VALUES (10793, 451, 30, 3);
INSERT INTO ORDER_ITEM (ID, ORDER_ID, PRODUCT_ID, QUANTITY)
VALUES (10794, 451, 25, 4);
INSERT INTO ORDER_ITEM (ID, ORDER_ID, PRODUCT_ID, QUANTITY)
VALUES (10795, 451, 59, 1);
INSERT INTO ORDER_ITEM (ID, ORDER_ID, PRODUCT_ID, QUANTITY)
VALUES (10796, 451, 50, 19);
INSERT INTO ORDER_ITEM (ID, ORDER_ID, PRODUCT_ID, QUANTITY)
VALUES (10797, 451, 51, 20);
INSERT INTO ORDER_ITEM (ID, ORDER_ID, PRODUCT_ID, QUANTITY)
VALUES (10798, 451, 33, 12);
INSERT INTO ORDER_ITEM (ID, ORDER_ID, PRODUCT_ID, QUANTITY)
VALUES (10799, 451, 54, 17);
INSERT INTO ORDER_ITEM (ID, ORDER_ID, PRODUCT_ID, QUANTITY)
VALUES (10800, 451, 24, 1);
INSERT INTO ORDER_ITEM (ID, ORDER_ID, PRODUCT_ID, QUANTITY)
VALUES (10801, 451, 29, 19);
INSERT INTO ORDER_ITEM (ID, ORDER_ID, PRODUCT_ID, QUANTITY)
VALUES (10802, 451, 28, 17);
INSERT INTO ORDER_ITEM (ID, ORDER_ID, PRODUCT_ID, QUANTITY)
VALUES (10803, 451, 58, 12);
INSERT INTO ORDER_ITEM (ID, ORDER_ID, PRODUCT_ID, QUANTITY)
VALUES (10804, 451, 31, 20);
INSERT INTO ORDER_ITEM (ID, ORDER_ID, PRODUCT_ID, QUANTITY)
VALUES (10805, 451, 55, 17);
INSERT INTO ORDER_ITEM (ID, ORDER_ID, PRODUCT_ID, QUANTITY)
VALUES (10806, 451, 23, 2);
INSERT INTO ORDER_ITEM (ID, ORDER_ID, PRODUCT_ID, QUANTITY)
VALUES (10807, 451, 32, 8);
INSERT INTO ORDER_ITEM (ID, ORDER_ID, PRODUCT_ID, QUANTITY)
VALUES (10808, 451, 41, 0);
INSERT INTO ORDER_ITEM (ID, ORDER_ID, PRODUCT_ID, QUANTITY)
VALUES (10809, 451, 16, 16);
INSERT INTO ORDER_ITEM (ID, ORDER_ID, PRODUCT_ID, QUANTITY)
VALUES (10810, 451, 39, 17);
INSERT INTO ORDER_ITEM (ID, ORDER_ID, PRODUCT_ID, QUANTITY)
VALUES (10811, 451, 15, 20);
INSERT INTO ORDER_ITEM (ID, ORDER_ID, PRODUCT_ID, QUANTITY)
VALUES (10812, 451, 43, 8);
INSERT INTO ORDER_ITEM (ID, ORDER_ID, PRODUCT_ID, QUANTITY)
VALUES (10813, 451, 11, 18);
INSERT INTO ORDER_ITEM (ID, ORDER_ID, PRODUCT_ID, QUANTITY)
VALUES (10814, 451, 52, 11);
INSERT INTO ORDER_ITEM (ID, ORDER_ID, PRODUCT_ID, QUANTITY)
VALUES (10815, 451, 35, 16);
INSERT INTO ORDER_ITEM (ID, ORDER_ID, PRODUCT_ID, QUANTITY)
VALUES (10816, 451, 17, 2);
INSERT INTO ORDER_ITEM (ID, ORDER_ID, PRODUCT_ID, QUANTITY)
VALUES (10817, 451, 56, 13);
INSERT INTO ORDER_ITEM (ID, ORDER_ID, PRODUCT_ID, QUANTITY)
VALUES (10818, 451, 46, 15);
INSERT INTO ORDER_ITEM (ID, ORDER_ID, PRODUCT_ID, QUANTITY)
VALUES (10819, 451, 47, 8);
-- ### ORDER 442
INSERT INTO PAYMENT_DETAIL(ID, AMOUNT, PROVIDER, PROVIDER_PAYMENT_UUID)
VALUES (452, 491.0, 'MASTERCARD', '418157666');
INSERT INTO ORDERS (ID, CUST_ID, PAYMENT_ID, STATUS, AMOUNT, CREATED_ON, UPDATED_ON)
VALUES (452, 777, 452, 'DELIVERED', 491.0, LOCALTIMESTAMP, LOCALTIMESTAMP);
INSERT INTO ORDER_ITEM (ID, ORDER_ID, PRODUCT_ID, QUANTITY)
VALUES (10820, 452, 20, 14);
INSERT INTO ORDER_ITEM (ID, ORDER_ID, PRODUCT_ID, QUANTITY)
VALUES (10821, 452, 57, 19);
INSERT INTO ORDER_ITEM (ID, ORDER_ID, PRODUCT_ID, QUANTITY)
VALUES (10822, 452, 54, 14);
INSERT INTO ORDER_ITEM (ID, ORDER_ID, PRODUCT_ID, QUANTITY)
VALUES (10823, 452, 29, 2);
INSERT INTO ORDER_ITEM (ID, ORDER_ID, PRODUCT_ID, QUANTITY)
VALUES (10824, 452, 23, 18);
INSERT INTO ORDER_ITEM (ID, ORDER_ID, PRODUCT_ID, QUANTITY)
VALUES (10825, 452, 17, 20);
INSERT INTO ORDER_ITEM (ID, ORDER_ID, PRODUCT_ID, QUANTITY)
VALUES (10826, 452, 41, 11);
INSERT INTO ORDER_ITEM (ID, ORDER_ID, PRODUCT_ID, QUANTITY)
VALUES (10827, 452, 21, 1);
INSERT INTO ORDER_ITEM (ID, ORDER_ID, PRODUCT_ID, QUANTITY)
VALUES (10828, 452, 40, 4);
INSERT INTO ORDER_ITEM (ID, ORDER_ID, PRODUCT_ID, QUANTITY)
VALUES (10829, 452, 30, 16);
INSERT INTO ORDER_ITEM (ID, ORDER_ID, PRODUCT_ID, QUANTITY)
VALUES (10830, 452, 44, 8);
INSERT INTO ORDER_ITEM (ID, ORDER_ID, PRODUCT_ID, QUANTITY)
VALUES (10831, 452, 56, 16);
INSERT INTO ORDER_ITEM (ID, ORDER_ID, PRODUCT_ID, QUANTITY)
VALUES (10832, 452, 39, 9);
INSERT INTO ORDER_ITEM (ID, ORDER_ID, PRODUCT_ID, QUANTITY)
VALUES (10833, 452, 36, 15);
INSERT INTO ORDER_ITEM (ID, ORDER_ID, PRODUCT_ID, QUANTITY)
VALUES (10834, 452, 50, 19);
INSERT INTO ORDER_ITEM (ID, ORDER_ID, PRODUCT_ID, QUANTITY)
VALUES (10835, 452, 51, 10);
INSERT INTO ORDER_ITEM (ID, ORDER_ID, PRODUCT_ID, QUANTITY)
VALUES (10836, 452, 13, 20);
INSERT INTO ORDER_ITEM (ID, ORDER_ID, PRODUCT_ID, QUANTITY)
VALUES (10837, 452, 15, 14);
INSERT INTO ORDER_ITEM (ID, ORDER_ID, PRODUCT_ID, QUANTITY)
VALUES (10838, 452, 49, 5);
INSERT INTO ORDER_ITEM (ID, ORDER_ID, PRODUCT_ID, QUANTITY)
VALUES (10839, 452, 26, 1);
INSERT INTO ORDER_ITEM (ID, ORDER_ID, PRODUCT_ID, QUANTITY)
VALUES (10840, 452, 31, 18);
INSERT INTO ORDER_ITEM (ID, ORDER_ID, PRODUCT_ID, QUANTITY)
VALUES (10841, 452, 32, 10);
INSERT INTO ORDER_ITEM (ID, ORDER_ID, PRODUCT_ID, QUANTITY)
VALUES (10842, 452, 55, 6);
INSERT INTO ORDER_ITEM (ID, ORDER_ID, PRODUCT_ID, QUANTITY)
VALUES (10843, 452, 53, 11);
INSERT INTO ORDER_ITEM (ID, ORDER_ID, PRODUCT_ID, QUANTITY)
VALUES (10844, 452, 19, 0);
INSERT INTO ORDER_ITEM (ID, ORDER_ID, PRODUCT_ID, QUANTITY)
VALUES (10845, 452, 42, 6);
INSERT INTO ORDER_ITEM (ID, ORDER_ID, PRODUCT_ID, QUANTITY)
VALUES (10846, 452, 46, 6);
INSERT INTO ORDER_ITEM (ID, ORDER_ID, PRODUCT_ID, QUANTITY)
VALUES (10847, 452, 52, 15);
INSERT INTO ORDER_ITEM (ID, ORDER_ID, PRODUCT_ID, QUANTITY)
VALUES (10848, 452, 16, 11);
INSERT INTO ORDER_ITEM (ID, ORDER_ID, PRODUCT_ID, QUANTITY)
VALUES (10849, 452, 22, 15);
INSERT INTO ORDER_ITEM (ID, ORDER_ID, PRODUCT_ID, QUANTITY)
VALUES (10850, 452, 35, 11);
INSERT INTO ORDER_ITEM (ID, ORDER_ID, PRODUCT_ID, QUANTITY)
VALUES (10851, 452, 34, 15);
INSERT INTO ORDER_ITEM (ID, ORDER_ID, PRODUCT_ID, QUANTITY)
VALUES (10852, 452, 59, 0);
INSERT INTO ORDER_ITEM (ID, ORDER_ID, PRODUCT_ID, QUANTITY)
VALUES (10853, 452, 33, 19);
-- ### ORDER 443
INSERT INTO PAYMENT_DETAIL(ID, AMOUNT, PROVIDER, PROVIDER_PAYMENT_UUID)
VALUES (453, 785.0, 'CRYPTO', '6727774');
INSERT INTO ORDERS (ID, CUST_ID, PAYMENT_ID, STATUS, AMOUNT, CREATED_ON, UPDATED_ON)
VALUES (453, 777, 453, 'DELIVERED', 785.0, LOCALTIMESTAMP, LOCALTIMESTAMP);
INSERT INTO ORDER_ITEM (ID, ORDER_ID, PRODUCT_ID, QUANTITY)
VALUES (10854, 453, 28, 20);
INSERT INTO ORDER_ITEM (ID, ORDER_ID, PRODUCT_ID, QUANTITY)
VALUES (10855, 453, 14, 20);
INSERT INTO ORDER_ITEM (ID, ORDER_ID, PRODUCT_ID, QUANTITY)
VALUES (10856, 453, 42, 11);
INSERT INTO ORDER_ITEM (ID, ORDER_ID, PRODUCT_ID, QUANTITY)
VALUES (10857, 453, 17, 0);
INSERT INTO ORDER_ITEM (ID, ORDER_ID, PRODUCT_ID, QUANTITY)
VALUES (10858, 453, 54, 18);
INSERT INTO ORDER_ITEM (ID, ORDER_ID, PRODUCT_ID, QUANTITY)
VALUES (10859, 453, 26, 19);
INSERT INTO ORDER_ITEM (ID, ORDER_ID, PRODUCT_ID, QUANTITY)
VALUES (10860, 453, 37, 11);
INSERT INTO ORDER_ITEM (ID, ORDER_ID, PRODUCT_ID, QUANTITY)
VALUES (10861, 453, 52, 8);
INSERT INTO ORDER_ITEM (ID, ORDER_ID, PRODUCT_ID, QUANTITY)
VALUES (10862, 453, 30, 1);
INSERT INTO ORDER_ITEM (ID, ORDER_ID, PRODUCT_ID, QUANTITY)
VALUES (10863, 453, 31, 11);
INSERT INTO ORDER_ITEM (ID, ORDER_ID, PRODUCT_ID, QUANTITY)
VALUES (10864, 453, 47, 14);
INSERT INTO ORDER_ITEM (ID, ORDER_ID, PRODUCT_ID, QUANTITY)
VALUES (10865, 453, 33, 15);
INSERT INTO ORDER_ITEM (ID, ORDER_ID, PRODUCT_ID, QUANTITY)
VALUES (10866, 453, 20, 1);
INSERT INTO ORDER_ITEM (ID, ORDER_ID, PRODUCT_ID, QUANTITY)
VALUES (10867, 453, 11, 5);
INSERT INTO ORDER_ITEM (ID, ORDER_ID, PRODUCT_ID, QUANTITY)
VALUES (10868, 453, 51, 2);
INSERT INTO ORDER_ITEM (ID, ORDER_ID, PRODUCT_ID, QUANTITY)
VALUES (10869, 453, 43, 12);
INSERT INTO ORDER_ITEM (ID, ORDER_ID, PRODUCT_ID, QUANTITY)
VALUES (10870, 453, 12, 18);
INSERT INTO ORDER_ITEM (ID, ORDER_ID, PRODUCT_ID, QUANTITY)
VALUES (10871, 453, 53, 12);
INSERT INTO ORDER_ITEM (ID, ORDER_ID, PRODUCT_ID, QUANTITY)
VALUES (10872, 453, 23, 4);
INSERT INTO ORDER_ITEM (ID, ORDER_ID, PRODUCT_ID, QUANTITY)
VALUES (10873, 453, 13, 12);
INSERT INTO ORDER_ITEM (ID, ORDER_ID, PRODUCT_ID, QUANTITY)
VALUES (10874, 453, 41, 13);
INSERT INTO ORDER_ITEM (ID, ORDER_ID, PRODUCT_ID, QUANTITY)
VALUES (10875, 453, 46, 17);
INSERT INTO ORDER_ITEM (ID, ORDER_ID, PRODUCT_ID, QUANTITY)
VALUES (10876, 453, 16, 16);
INSERT INTO ORDER_ITEM (ID, ORDER_ID, PRODUCT_ID, QUANTITY)
VALUES (10877, 453, 56, 10);
INSERT INTO ORDER_ITEM (ID, ORDER_ID, PRODUCT_ID, QUANTITY)
VALUES (10878, 453, 58, 1);
-- ### ORDER 444
INSERT INTO PAYMENT_DETAIL(ID, AMOUNT, PROVIDER, PROVIDER_PAYMENT_UUID)
VALUES (454, 1254.0, 'PAYPAL', '78983024');
INSERT INTO ORDERS (ID, CUST_ID, PAYMENT_ID, STATUS, AMOUNT, CREATED_ON, UPDATED_ON)
VALUES (454, 777, 454, 'DELIVERED', 1254.0, LOCALTIMESTAMP, LOCALTIMESTAMP);
INSERT INTO ORDER_ITEM (ID, ORDER_ID, PRODUCT_ID, QUANTITY)
VALUES (10879, 454, 45, 14);
INSERT INTO ORDER_ITEM (ID, ORDER_ID, PRODUCT_ID, QUANTITY)
VALUES (10880, 454, 34, 0);
INSERT INTO ORDER_ITEM (ID, ORDER_ID, PRODUCT_ID, QUANTITY)
VALUES (10881, 454, 51, 1);
INSERT INTO ORDER_ITEM (ID, ORDER_ID, PRODUCT_ID, QUANTITY)
VALUES (10882, 454, 44, 6);
INSERT INTO ORDER_ITEM (ID, ORDER_ID, PRODUCT_ID, QUANTITY)
VALUES (10883, 454, 16, 17);
INSERT INTO ORDER_ITEM (ID, ORDER_ID, PRODUCT_ID, QUANTITY)
VALUES (10884, 454, 28, 18);
INSERT INTO ORDER_ITEM (ID, ORDER_ID, PRODUCT_ID, QUANTITY)
VALUES (10885, 454, 25, 12);
INSERT INTO ORDER_ITEM (ID, ORDER_ID, PRODUCT_ID, QUANTITY)
VALUES (10886, 454, 54, 11);
INSERT INTO ORDER_ITEM (ID, ORDER_ID, PRODUCT_ID, QUANTITY)
VALUES (10887, 454, 56, 11);
INSERT INTO ORDER_ITEM (ID, ORDER_ID, PRODUCT_ID, QUANTITY)
VALUES (10888, 454, 37, 17);
INSERT INTO ORDER_ITEM (ID, ORDER_ID, PRODUCT_ID, QUANTITY)
VALUES (10889, 454, 60, 3);
INSERT INTO ORDER_ITEM (ID, ORDER_ID, PRODUCT_ID, QUANTITY)
VALUES (10890, 454, 47, 0);
INSERT INTO ORDER_ITEM (ID, ORDER_ID, PRODUCT_ID, QUANTITY)
VALUES (10891, 454, 14, 3);
INSERT INTO ORDER_ITEM (ID, ORDER_ID, PRODUCT_ID, QUANTITY)
VALUES (10892, 454, 32, 1);
INSERT INTO ORDER_ITEM (ID, ORDER_ID, PRODUCT_ID, QUANTITY)
VALUES (10893, 454, 38, 4);
INSERT INTO ORDER_ITEM (ID, ORDER_ID, PRODUCT_ID, QUANTITY)
VALUES (10894, 454, 52, 18);
-- ### ORDER 445
INSERT INTO PAYMENT_DETAIL(ID, AMOUNT, PROVIDER, PROVIDER_PAYMENT_UUID)
VALUES (455, 825.0, 'MASTERCARD', '905270459');
INSERT INTO ORDERS (ID, CUST_ID, PAYMENT_ID, STATUS, AMOUNT, CREATED_ON, UPDATED_ON)
VALUES (455, 777, 455, 'DELIVERED', 825.0, LOCALTIMESTAMP, LOCALTIMESTAMP);
INSERT INTO ORDER_ITEM (ID, ORDER_ID, PRODUCT_ID, QUANTITY)
VALUES (10895, 455, 23, 19);
INSERT INTO ORDER_ITEM (ID, ORDER_ID, PRODUCT_ID, QUANTITY)
VALUES (10896, 455, 21, 2);
INSERT INTO ORDER_ITEM (ID, ORDER_ID, PRODUCT_ID, QUANTITY)
VALUES (10897, 455, 48, 10);
INSERT INTO ORDER_ITEM (ID, ORDER_ID, PRODUCT_ID, QUANTITY)
VALUES (10898, 455, 54, 5);
INSERT INTO ORDER_ITEM (ID, ORDER_ID, PRODUCT_ID, QUANTITY)
VALUES (10899, 455, 55, 15);
INSERT INTO ORDER_ITEM (ID, ORDER_ID, PRODUCT_ID, QUANTITY)
VALUES (10900, 455, 46, 16);
INSERT INTO ORDER_ITEM (ID, ORDER_ID, PRODUCT_ID, QUANTITY)
VALUES (10901, 455, 28, 1);
INSERT INTO ORDER_ITEM (ID, ORDER_ID, PRODUCT_ID, QUANTITY)
VALUES (10902, 455, 17, 11);
INSERT INTO ORDER_ITEM (ID, ORDER_ID, PRODUCT_ID, QUANTITY)
VALUES (10903, 455, 18, 5);
INSERT INTO ORDER_ITEM (ID, ORDER_ID, PRODUCT_ID, QUANTITY)
VALUES (10904, 455, 37, 1);
INSERT INTO ORDER_ITEM (ID, ORDER_ID, PRODUCT_ID, QUANTITY)
VALUES (10905, 455, 36, 4);
INSERT INTO ORDER_ITEM (ID, ORDER_ID, PRODUCT_ID, QUANTITY)
VALUES (10906, 455, 31, 9);
INSERT INTO ORDER_ITEM (ID, ORDER_ID, PRODUCT_ID, QUANTITY)
VALUES (10907, 455, 25, 8);
INSERT INTO ORDER_ITEM (ID, ORDER_ID, PRODUCT_ID, QUANTITY)
VALUES (10908, 455, 59, 6);
INSERT INTO ORDER_ITEM (ID, ORDER_ID, PRODUCT_ID, QUANTITY)
VALUES (10909, 455, 13, 16);
INSERT INTO ORDER_ITEM (ID, ORDER_ID, PRODUCT_ID, QUANTITY)
VALUES (10910, 455, 12, 2);
INSERT INTO ORDER_ITEM (ID, ORDER_ID, PRODUCT_ID, QUANTITY)
VALUES (10911, 455, 22, 16);
INSERT INTO ORDER_ITEM (ID, ORDER_ID, PRODUCT_ID, QUANTITY)
VALUES (10912, 455, 42, 5);
INSERT INTO ORDER_ITEM (ID, ORDER_ID, PRODUCT_ID, QUANTITY)
VALUES (10913, 455, 40, 8);
INSERT INTO ORDER_ITEM (ID, ORDER_ID, PRODUCT_ID, QUANTITY)
VALUES (10914, 455, 34, 12);
INSERT INTO ORDER_ITEM (ID, ORDER_ID, PRODUCT_ID, QUANTITY)
VALUES (10915, 455, 57, 15);
INSERT INTO ORDER_ITEM (ID, ORDER_ID, PRODUCT_ID, QUANTITY)
VALUES (10916, 455, 30, 13);
INSERT INTO ORDER_ITEM (ID, ORDER_ID, PRODUCT_ID, QUANTITY)
VALUES (10917, 455, 16, 17);
INSERT INTO ORDER_ITEM (ID, ORDER_ID, PRODUCT_ID, QUANTITY)
VALUES (10918, 455, 47, 2);
INSERT INTO ORDER_ITEM (ID, ORDER_ID, PRODUCT_ID, QUANTITY)
VALUES (10919, 455, 49, 1);
INSERT INTO ORDER_ITEM (ID, ORDER_ID, PRODUCT_ID, QUANTITY)
VALUES (10920, 455, 51, 4);
INSERT INTO ORDER_ITEM (ID, ORDER_ID, PRODUCT_ID, QUANTITY)
VALUES (10921, 455, 56, 20);
INSERT INTO ORDER_ITEM (ID, ORDER_ID, PRODUCT_ID, QUANTITY)
VALUES (10922, 455, 20, 3);
INSERT INTO ORDER_ITEM (ID, ORDER_ID, PRODUCT_ID, QUANTITY)
VALUES (10923, 455, 41, 8);
INSERT INTO ORDER_ITEM (ID, ORDER_ID, PRODUCT_ID, QUANTITY)
VALUES (10924, 455, 35, 1);
INSERT INTO ORDER_ITEM (ID, ORDER_ID, PRODUCT_ID, QUANTITY)
VALUES (10925, 455, 24, 14);
INSERT INTO ORDER_ITEM (ID, ORDER_ID, PRODUCT_ID, QUANTITY)
VALUES (10926, 455, 26, 12);
INSERT INTO ORDER_ITEM (ID, ORDER_ID, PRODUCT_ID, QUANTITY)
VALUES (10927, 455, 58, 13);
INSERT INTO ORDER_ITEM (ID, ORDER_ID, PRODUCT_ID, QUANTITY)
VALUES (10928, 455, 19, 16);
INSERT INTO ORDER_ITEM (ID, ORDER_ID, PRODUCT_ID, QUANTITY)
VALUES (10929, 455, 11, 12);
INSERT INTO ORDER_ITEM (ID, ORDER_ID, PRODUCT_ID, QUANTITY)
VALUES (10930, 455, 32, 8);
INSERT INTO ORDER_ITEM (ID, ORDER_ID, PRODUCT_ID, QUANTITY)
VALUES (10931, 455, 43, 18);
INSERT INTO ORDER_ITEM (ID, ORDER_ID, PRODUCT_ID, QUANTITY)
VALUES (10932, 455, 29, 2);
INSERT INTO ORDER_ITEM (ID, ORDER_ID, PRODUCT_ID, QUANTITY)
VALUES (10933, 455, 38, 1);
INSERT INTO ORDER_ITEM (ID, ORDER_ID, PRODUCT_ID, QUANTITY)
VALUES (10934, 455, 53, 11);
INSERT INTO ORDER_ITEM (ID, ORDER_ID, PRODUCT_ID, QUANTITY)
VALUES (10935, 455, 33, 16);
INSERT INTO ORDER_ITEM (ID, ORDER_ID, PRODUCT_ID, QUANTITY)
VALUES (10936, 455, 14, 15);
INSERT INTO ORDER_ITEM (ID, ORDER_ID, PRODUCT_ID, QUANTITY)
VALUES (10937, 455, 50, 2);
INSERT INTO ORDER_ITEM (ID, ORDER_ID, PRODUCT_ID, QUANTITY)
VALUES (10938, 455, 52, 1);
INSERT INTO ORDER_ITEM (ID, ORDER_ID, PRODUCT_ID, QUANTITY)
VALUES (10939, 455, 45, 15);
INSERT INTO ORDER_ITEM (ID, ORDER_ID, PRODUCT_ID, QUANTITY)
VALUES (10940, 455, 39, 2);
INSERT INTO ORDER_ITEM (ID, ORDER_ID, PRODUCT_ID, QUANTITY)
VALUES (10941, 455, 60, 13);
-- ### ORDER 446
INSERT INTO PAYMENT_DETAIL(ID, AMOUNT, PROVIDER, PROVIDER_PAYMENT_UUID)
VALUES (456, 514.0, 'CRYPTO', '864720231');
INSERT INTO ORDERS (ID, CUST_ID, PAYMENT_ID, STATUS, AMOUNT, CREATED_ON, UPDATED_ON)
VALUES (456, 777, 456, 'DELIVERED', 514.0, LOCALTIMESTAMP, LOCALTIMESTAMP);
INSERT INTO ORDER_ITEM (ID, ORDER_ID, PRODUCT_ID, QUANTITY)
VALUES (10942, 456, 26, 15);
INSERT INTO ORDER_ITEM (ID, ORDER_ID, PRODUCT_ID, QUANTITY)
VALUES (10943, 456, 35, 6);
INSERT INTO ORDER_ITEM (ID, ORDER_ID, PRODUCT_ID, QUANTITY)
VALUES (10944, 456, 60, 0);
INSERT INTO ORDER_ITEM (ID, ORDER_ID, PRODUCT_ID, QUANTITY)
VALUES (10945, 456, 29, 13);
INSERT INTO ORDER_ITEM (ID, ORDER_ID, PRODUCT_ID, QUANTITY)
VALUES (10946, 456, 20, 20);
INSERT INTO ORDER_ITEM (ID, ORDER_ID, PRODUCT_ID, QUANTITY)
VALUES (10947, 456, 48, 7);
INSERT INTO ORDER_ITEM (ID, ORDER_ID, PRODUCT_ID, QUANTITY)
VALUES (10948, 456, 37, 13);
INSERT INTO ORDER_ITEM (ID, ORDER_ID, PRODUCT_ID, QUANTITY)
VALUES (10949, 456, 31, 17);
INSERT INTO ORDER_ITEM (ID, ORDER_ID, PRODUCT_ID, QUANTITY)
VALUES (10950, 456, 42, 3);
INSERT INTO ORDER_ITEM (ID, ORDER_ID, PRODUCT_ID, QUANTITY)
VALUES (10951, 456, 47, 0);
INSERT INTO ORDER_ITEM (ID, ORDER_ID, PRODUCT_ID, QUANTITY)
VALUES (10952, 456, 41, 5);
INSERT INTO ORDER_ITEM (ID, ORDER_ID, PRODUCT_ID, QUANTITY)
VALUES (10953, 456, 39, 16);
INSERT INTO ORDER_ITEM (ID, ORDER_ID, PRODUCT_ID, QUANTITY)
VALUES (10954, 456, 13, 1);
INSERT INTO ORDER_ITEM (ID, ORDER_ID, PRODUCT_ID, QUANTITY)
VALUES (10955, 456, 52, 2);
INSERT INTO ORDER_ITEM (ID, ORDER_ID, PRODUCT_ID, QUANTITY)
VALUES (10956, 456, 28, 7);
INSERT INTO ORDER_ITEM (ID, ORDER_ID, PRODUCT_ID, QUANTITY)
VALUES (10957, 456, 38, 2);
-- ### ORDER 447
INSERT INTO PAYMENT_DETAIL(ID, AMOUNT, PROVIDER, PROVIDER_PAYMENT_UUID)
VALUES (457, 4467.0, 'VISA', '106064010');
INSERT INTO ORDERS (ID, CUST_ID, PAYMENT_ID, STATUS, AMOUNT, CREATED_ON, UPDATED_ON)
VALUES (457, 777, 457, 'DELIVERED', 4467.0, LOCALTIMESTAMP, LOCALTIMESTAMP);
INSERT INTO ORDER_ITEM (ID, ORDER_ID, PRODUCT_ID, QUANTITY)
VALUES (10958, 457, 37, 11);
INSERT INTO ORDER_ITEM (ID, ORDER_ID, PRODUCT_ID, QUANTITY)
VALUES (10959, 457, 17, 1);
INSERT INTO ORDER_ITEM (ID, ORDER_ID, PRODUCT_ID, QUANTITY)
VALUES (10960, 457, 32, 7);
INSERT INTO ORDER_ITEM (ID, ORDER_ID, PRODUCT_ID, QUANTITY)
VALUES (10961, 457, 14, 0);
INSERT INTO ORDER_ITEM (ID, ORDER_ID, PRODUCT_ID, QUANTITY)
VALUES (10962, 457, 52, 5);
INSERT INTO ORDER_ITEM (ID, ORDER_ID, PRODUCT_ID, QUANTITY)
VALUES (10963, 457, 45, 7);
INSERT INTO ORDER_ITEM (ID, ORDER_ID, PRODUCT_ID, QUANTITY)
VALUES (10964, 457, 50, 15);
INSERT INTO ORDER_ITEM (ID, ORDER_ID, PRODUCT_ID, QUANTITY)
VALUES (10965, 457, 55, 17);
INSERT INTO ORDER_ITEM (ID, ORDER_ID, PRODUCT_ID, QUANTITY)
VALUES (10966, 457, 15, 13);
INSERT INTO ORDER_ITEM (ID, ORDER_ID, PRODUCT_ID, QUANTITY)
VALUES (10967, 457, 59, 1);
INSERT INTO ORDER_ITEM (ID, ORDER_ID, PRODUCT_ID, QUANTITY)
VALUES (10968, 457, 36, 0);
INSERT INTO ORDER_ITEM (ID, ORDER_ID, PRODUCT_ID, QUANTITY)
VALUES (10969, 457, 24, 2);
INSERT INTO ORDER_ITEM (ID, ORDER_ID, PRODUCT_ID, QUANTITY)
VALUES (10970, 457, 22, 1);
INSERT INTO ORDER_ITEM (ID, ORDER_ID, PRODUCT_ID, QUANTITY)
VALUES (10971, 457, 23, 10);
INSERT INTO ORDER_ITEM (ID, ORDER_ID, PRODUCT_ID, QUANTITY)
VALUES (10972, 457, 49, 8);
INSERT INTO ORDER_ITEM (ID, ORDER_ID, PRODUCT_ID, QUANTITY)
VALUES (10973, 457, 34, 4);
INSERT INTO ORDER_ITEM (ID, ORDER_ID, PRODUCT_ID, QUANTITY)
VALUES (10974, 457, 13, 18);
INSERT INTO ORDER_ITEM (ID, ORDER_ID, PRODUCT_ID, QUANTITY)
VALUES (10975, 457, 53, 20);
INSERT INTO ORDER_ITEM (ID, ORDER_ID, PRODUCT_ID, QUANTITY)
VALUES (10976, 457, 12, 16);
INSERT INTO ORDER_ITEM (ID, ORDER_ID, PRODUCT_ID, QUANTITY)
VALUES (10977, 457, 25, 4);
INSERT INTO ORDER_ITEM (ID, ORDER_ID, PRODUCT_ID, QUANTITY)
VALUES (10978, 457, 38, 18);
INSERT INTO ORDER_ITEM (ID, ORDER_ID, PRODUCT_ID, QUANTITY)
VALUES (10979, 457, 42, 10);
INSERT INTO ORDER_ITEM (ID, ORDER_ID, PRODUCT_ID, QUANTITY)
VALUES (10980, 457, 43, 1);
INSERT INTO ORDER_ITEM (ID, ORDER_ID, PRODUCT_ID, QUANTITY)
VALUES (10981, 457, 27, 4);
INSERT INTO ORDER_ITEM (ID, ORDER_ID, PRODUCT_ID, QUANTITY)
VALUES (10982, 457, 40, 20);
INSERT INTO ORDER_ITEM (ID, ORDER_ID, PRODUCT_ID, QUANTITY)
VALUES (10983, 457, 26, 4);
INSERT INTO ORDER_ITEM (ID, ORDER_ID, PRODUCT_ID, QUANTITY)
VALUES (10984, 457, 39, 6);
INSERT INTO ORDER_ITEM (ID, ORDER_ID, PRODUCT_ID, QUANTITY)
VALUES (10985, 457, 35, 8);
INSERT INTO ORDER_ITEM (ID, ORDER_ID, PRODUCT_ID, QUANTITY)
VALUES (10986, 457, 56, 19);
INSERT INTO ORDER_ITEM (ID, ORDER_ID, PRODUCT_ID, QUANTITY)
VALUES (10987, 457, 29, 14);
INSERT INTO ORDER_ITEM (ID, ORDER_ID, PRODUCT_ID, QUANTITY)
VALUES (10988, 457, 21, 18);
-- ### ORDER 448
INSERT INTO PAYMENT_DETAIL(ID, AMOUNT, PROVIDER, PROVIDER_PAYMENT_UUID)
VALUES (458, 4187.0, 'VISA', '873461086');
INSERT INTO ORDERS (ID, CUST_ID, PAYMENT_ID, STATUS, AMOUNT, CREATED_ON, UPDATED_ON)
VALUES (458, 777, 458, 'DELIVERED', 4187.0, LOCALTIMESTAMP, LOCALTIMESTAMP);
INSERT INTO ORDER_ITEM (ID, ORDER_ID, PRODUCT_ID, QUANTITY)
VALUES (10989, 458, 56, 19);
INSERT INTO ORDER_ITEM (ID, ORDER_ID, PRODUCT_ID, QUANTITY)
VALUES (10990, 458, 37, 17);
INSERT INTO ORDER_ITEM (ID, ORDER_ID, PRODUCT_ID, QUANTITY)
VALUES (10991, 458, 54, 20);
INSERT INTO ORDER_ITEM (ID, ORDER_ID, PRODUCT_ID, QUANTITY)
VALUES (10992, 458, 59, 4);
INSERT INTO ORDER_ITEM (ID, ORDER_ID, PRODUCT_ID, QUANTITY)
VALUES (10993, 458, 21, 17);
INSERT INTO ORDER_ITEM (ID, ORDER_ID, PRODUCT_ID, QUANTITY)
VALUES (10994, 458, 29, 9);
INSERT INTO ORDER_ITEM (ID, ORDER_ID, PRODUCT_ID, QUANTITY)
VALUES (10995, 458, 39, 3);
INSERT INTO ORDER_ITEM (ID, ORDER_ID, PRODUCT_ID, QUANTITY)
VALUES (10996, 458, 31, 2);
INSERT INTO ORDER_ITEM (ID, ORDER_ID, PRODUCT_ID, QUANTITY)
VALUES (10997, 458, 26, 16);
INSERT INTO ORDER_ITEM (ID, ORDER_ID, PRODUCT_ID, QUANTITY)
VALUES (10998, 458, 15, 1);
INSERT INTO ORDER_ITEM (ID, ORDER_ID, PRODUCT_ID, QUANTITY)
VALUES (10999, 458, 44, 12);
INSERT INTO ORDER_ITEM (ID, ORDER_ID, PRODUCT_ID, QUANTITY)
VALUES (11000, 458, 45, 16);
INSERT INTO ORDER_ITEM (ID, ORDER_ID, PRODUCT_ID, QUANTITY)
VALUES (11001, 458, 46, 11);
INSERT INTO ORDER_ITEM (ID, ORDER_ID, PRODUCT_ID, QUANTITY)
VALUES (11002, 458, 47, 17);
INSERT INTO ORDER_ITEM (ID, ORDER_ID, PRODUCT_ID, QUANTITY)
VALUES (11003, 458, 55, 8);
INSERT INTO ORDER_ITEM (ID, ORDER_ID, PRODUCT_ID, QUANTITY)
VALUES (11004, 458, 52, 15);
INSERT INTO ORDER_ITEM (ID, ORDER_ID, PRODUCT_ID, QUANTITY)
VALUES (11005, 458, 13, 12);
INSERT INTO ORDER_ITEM (ID, ORDER_ID, PRODUCT_ID, QUANTITY)
VALUES (11006, 458, 11, 15);
INSERT INTO ORDER_ITEM (ID, ORDER_ID, PRODUCT_ID, QUANTITY)
VALUES (11007, 458, 22, 16);
INSERT INTO ORDER_ITEM (ID, ORDER_ID, PRODUCT_ID, QUANTITY)
VALUES (11008, 458, 24, 19);
INSERT INTO ORDER_ITEM (ID, ORDER_ID, PRODUCT_ID, QUANTITY)
VALUES (11009, 458, 14, 1);
INSERT INTO ORDER_ITEM (ID, ORDER_ID, PRODUCT_ID, QUANTITY)
VALUES (11010, 458, 27, 9);
INSERT INTO ORDER_ITEM (ID, ORDER_ID, PRODUCT_ID, QUANTITY)
VALUES (11011, 458, 53, 9);
INSERT INTO ORDER_ITEM (ID, ORDER_ID, PRODUCT_ID, QUANTITY)
VALUES (11012, 458, 51, 14);
INSERT INTO ORDER_ITEM (ID, ORDER_ID, PRODUCT_ID, QUANTITY)
VALUES (11013, 458, 49, 13);
-- ### ORDER 449
INSERT INTO PAYMENT_DETAIL(ID, AMOUNT, PROVIDER, PROVIDER_PAYMENT_UUID)
VALUES (459, 3664.0, 'CRYPTO', '716859413');
INSERT INTO ORDERS (ID, CUST_ID, PAYMENT_ID, STATUS, AMOUNT, CREATED_ON, UPDATED_ON)
VALUES (459, 777, 459, 'DELIVERED', 3664.0, LOCALTIMESTAMP, LOCALTIMESTAMP);
INSERT INTO ORDER_ITEM (ID, ORDER_ID, PRODUCT_ID, QUANTITY)
VALUES (11014, 459, 46, 1);
INSERT INTO ORDER_ITEM (ID, ORDER_ID, PRODUCT_ID, QUANTITY)
VALUES (11015, 459, 54, 14);
INSERT INTO ORDER_ITEM (ID, ORDER_ID, PRODUCT_ID, QUANTITY)
VALUES (11016, 459, 24, 2);
INSERT INTO ORDER_ITEM (ID, ORDER_ID, PRODUCT_ID, QUANTITY)
VALUES (11017, 459, 25, 3);
INSERT INTO ORDER_ITEM (ID, ORDER_ID, PRODUCT_ID, QUANTITY)
VALUES (11018, 459, 35, 20);
INSERT INTO ORDER_ITEM (ID, ORDER_ID, PRODUCT_ID, QUANTITY)
VALUES (11019, 459, 29, 1);
INSERT INTO ORDER_ITEM (ID, ORDER_ID, PRODUCT_ID, QUANTITY)
VALUES (11020, 459, 27, 3);
INSERT INTO ORDER_ITEM (ID, ORDER_ID, PRODUCT_ID, QUANTITY)
VALUES (11021, 459, 21, 8);
INSERT INTO ORDER_ITEM (ID, ORDER_ID, PRODUCT_ID, QUANTITY)
VALUES (11022, 459, 56, 9);
INSERT INTO ORDER_ITEM (ID, ORDER_ID, PRODUCT_ID, QUANTITY)
VALUES (11023, 459, 42, 8);
INSERT INTO ORDER_ITEM (ID, ORDER_ID, PRODUCT_ID, QUANTITY)
VALUES (11024, 459, 40, 15);
INSERT INTO ORDER_ITEM (ID, ORDER_ID, PRODUCT_ID, QUANTITY)
VALUES (11025, 459, 19, 3);
INSERT INTO ORDER_ITEM (ID, ORDER_ID, PRODUCT_ID, QUANTITY)
VALUES (11026, 459, 47, 15);
INSERT INTO ORDER_ITEM (ID, ORDER_ID, PRODUCT_ID, QUANTITY)
VALUES (11027, 459, 38, 4);
INSERT INTO ORDER_ITEM (ID, ORDER_ID, PRODUCT_ID, QUANTITY)
VALUES (11028, 459, 50, 2);
INSERT INTO ORDER_ITEM (ID, ORDER_ID, PRODUCT_ID, QUANTITY)
VALUES (11029, 459, 30, 3);
INSERT INTO ORDER_ITEM (ID, ORDER_ID, PRODUCT_ID, QUANTITY)
VALUES (11030, 459, 41, 3);
INSERT INTO ORDER_ITEM (ID, ORDER_ID, PRODUCT_ID, QUANTITY)
VALUES (11031, 459, 18, 12);
INSERT INTO ORDER_ITEM (ID, ORDER_ID, PRODUCT_ID, QUANTITY)
VALUES (11032, 459, 39, 9);
INSERT INTO ORDER_ITEM (ID, ORDER_ID, PRODUCT_ID, QUANTITY)
VALUES (11033, 459, 51, 17);
INSERT INTO ORDER_ITEM (ID, ORDER_ID, PRODUCT_ID, QUANTITY)
VALUES (11034, 459, 14, 10);
INSERT INTO ORDER_ITEM (ID, ORDER_ID, PRODUCT_ID, QUANTITY)
VALUES (11035, 459, 43, 9);
INSERT INTO ORDER_ITEM (ID, ORDER_ID, PRODUCT_ID, QUANTITY)
VALUES (11036, 459, 52, 0);
INSERT INTO ORDER_ITEM (ID, ORDER_ID, PRODUCT_ID, QUANTITY)
VALUES (11037, 459, 55, 5);
INSERT INTO ORDER_ITEM (ID, ORDER_ID, PRODUCT_ID, QUANTITY)
VALUES (11038, 459, 48, 17);
INSERT INTO ORDER_ITEM (ID, ORDER_ID, PRODUCT_ID, QUANTITY)
VALUES (11039, 459, 34, 18);
INSERT INTO ORDER_ITEM (ID, ORDER_ID, PRODUCT_ID, QUANTITY)
VALUES (11040, 459, 13, 0);
-- ### ORDER 450
INSERT INTO PAYMENT_DETAIL(ID, AMOUNT, PROVIDER, PROVIDER_PAYMENT_UUID)
VALUES (460, 201.0, 'ICARD', '572991777');
INSERT INTO ORDERS (ID, CUST_ID, PAYMENT_ID, STATUS, AMOUNT, CREATED_ON, UPDATED_ON)
VALUES (460, 777, 460, 'DELIVERED', 201.0, LOCALTIMESTAMP, LOCALTIMESTAMP);
INSERT INTO ORDER_ITEM (ID, ORDER_ID, PRODUCT_ID, QUANTITY)
VALUES (11041, 460, 21, 20);
INSERT INTO ORDER_ITEM (ID, ORDER_ID, PRODUCT_ID, QUANTITY)
VALUES (11042, 460, 46, 9);
-- ### ORDER 451
INSERT INTO PAYMENT_DETAIL(ID, AMOUNT, PROVIDER, PROVIDER_PAYMENT_UUID)
VALUES (461, 2563.0, 'ICARD', '842933160');
INSERT INTO ORDERS (ID, CUST_ID, PAYMENT_ID, STATUS, AMOUNT, CREATED_ON, UPDATED_ON)
VALUES (461, 777, 461, 'DELIVERED', 2563.0, LOCALTIMESTAMP, LOCALTIMESTAMP);
INSERT INTO ORDER_ITEM (ID, ORDER_ID, PRODUCT_ID, QUANTITY)
VALUES (11043, 461, 36, 2);
INSERT INTO ORDER_ITEM (ID, ORDER_ID, PRODUCT_ID, QUANTITY)
VALUES (11044, 461, 39, 16);
INSERT INTO ORDER_ITEM (ID, ORDER_ID, PRODUCT_ID, QUANTITY)
VALUES (11045, 461, 22, 17);
INSERT INTO ORDER_ITEM (ID, ORDER_ID, PRODUCT_ID, QUANTITY)
VALUES (11046, 461, 60, 6);
INSERT INTO ORDER_ITEM (ID, ORDER_ID, PRODUCT_ID, QUANTITY)
VALUES (11047, 461, 34, 12);
INSERT INTO ORDER_ITEM (ID, ORDER_ID, PRODUCT_ID, QUANTITY)
VALUES (11048, 461, 17, 17);
INSERT INTO ORDER_ITEM (ID, ORDER_ID, PRODUCT_ID, QUANTITY)
VALUES (11049, 461, 33, 18);
INSERT INTO ORDER_ITEM (ID, ORDER_ID, PRODUCT_ID, QUANTITY)
VALUES (11050, 461, 54, 10);
INSERT INTO ORDER_ITEM (ID, ORDER_ID, PRODUCT_ID, QUANTITY)
VALUES (11051, 461, 26, 3);
INSERT INTO ORDER_ITEM (ID, ORDER_ID, PRODUCT_ID, QUANTITY)
VALUES (11052, 461, 25, 13);
INSERT INTO ORDER_ITEM (ID, ORDER_ID, PRODUCT_ID, QUANTITY)
VALUES (11053, 461, 44, 10);
INSERT INTO ORDER_ITEM (ID, ORDER_ID, PRODUCT_ID, QUANTITY)
VALUES (11054, 461, 12, 16);
INSERT INTO ORDER_ITEM (ID, ORDER_ID, PRODUCT_ID, QUANTITY)
VALUES (11055, 461, 18, 18);
INSERT INTO ORDER_ITEM (ID, ORDER_ID, PRODUCT_ID, QUANTITY)
VALUES (11056, 461, 37, 5);
INSERT INTO ORDER_ITEM (ID, ORDER_ID, PRODUCT_ID, QUANTITY)
VALUES (11057, 461, 32, 7);
INSERT INTO ORDER_ITEM (ID, ORDER_ID, PRODUCT_ID, QUANTITY)
VALUES (11058, 461, 35, 12);
INSERT INTO ORDER_ITEM (ID, ORDER_ID, PRODUCT_ID, QUANTITY)
VALUES (11059, 461, 13, 6);
INSERT INTO ORDER_ITEM (ID, ORDER_ID, PRODUCT_ID, QUANTITY)
VALUES (11060, 461, 14, 10);
INSERT INTO ORDER_ITEM (ID, ORDER_ID, PRODUCT_ID, QUANTITY)
VALUES (11061, 461, 57, 17);
INSERT INTO ORDER_ITEM (ID, ORDER_ID, PRODUCT_ID, QUANTITY)
VALUES (11062, 461, 27, 5);
INSERT INTO ORDER_ITEM (ID, ORDER_ID, PRODUCT_ID, QUANTITY)
VALUES (11063, 461, 45, 9);
INSERT INTO ORDER_ITEM (ID, ORDER_ID, PRODUCT_ID, QUANTITY)
VALUES (11064, 461, 56, 6);
INSERT INTO ORDER_ITEM (ID, ORDER_ID, PRODUCT_ID, QUANTITY)
VALUES (11065, 461, 20, 14);
INSERT INTO ORDER_ITEM (ID, ORDER_ID, PRODUCT_ID, QUANTITY)
VALUES (11066, 461, 28, 5);
INSERT INTO ORDER_ITEM (ID, ORDER_ID, PRODUCT_ID, QUANTITY)
VALUES (11067, 461, 50, 16);
INSERT INTO ORDER_ITEM (ID, ORDER_ID, PRODUCT_ID, QUANTITY)
VALUES (11068, 461, 11, 18);
INSERT INTO ORDER_ITEM (ID, ORDER_ID, PRODUCT_ID, QUANTITY)
VALUES (11069, 461, 23, 15);
INSERT INTO ORDER_ITEM (ID, ORDER_ID, PRODUCT_ID, QUANTITY)
VALUES (11070, 461, 31, 2);
INSERT INTO ORDER_ITEM (ID, ORDER_ID, PRODUCT_ID, QUANTITY)
VALUES (11071, 461, 19, 8);
INSERT INTO ORDER_ITEM (ID, ORDER_ID, PRODUCT_ID, QUANTITY)
VALUES (11072, 461, 29, 8);
INSERT INTO ORDER_ITEM (ID, ORDER_ID, PRODUCT_ID, QUANTITY)
VALUES (11073, 461, 55, 2);
INSERT INTO ORDER_ITEM (ID, ORDER_ID, PRODUCT_ID, QUANTITY)
VALUES (11074, 461, 43, 17);
INSERT INTO ORDER_ITEM (ID, ORDER_ID, PRODUCT_ID, QUANTITY)
VALUES (11075, 461, 42, 11);
INSERT INTO ORDER_ITEM (ID, ORDER_ID, PRODUCT_ID, QUANTITY)
VALUES (11076, 461, 47, 3);
INSERT INTO ORDER_ITEM (ID, ORDER_ID, PRODUCT_ID, QUANTITY)
VALUES (11077, 461, 40, 8);
INSERT INTO ORDER_ITEM (ID, ORDER_ID, PRODUCT_ID, QUANTITY)
VALUES (11078, 461, 15, 15);
-- ### ORDER 452
INSERT INTO PAYMENT_DETAIL(ID, AMOUNT, PROVIDER, PROVIDER_PAYMENT_UUID)
VALUES (462, 3700.0, 'PAYPAL', '10947568');
INSERT INTO ORDERS (ID, CUST_ID, PAYMENT_ID, STATUS, AMOUNT, CREATED_ON, UPDATED_ON)
VALUES (462, 777, 462, 'DELIVERED', 3700.0, LOCALTIMESTAMP, LOCALTIMESTAMP);
INSERT INTO ORDER_ITEM (ID, ORDER_ID, PRODUCT_ID, QUANTITY)
VALUES (11079, 462, 46, 14);
INSERT INTO ORDER_ITEM (ID, ORDER_ID, PRODUCT_ID, QUANTITY)
VALUES (11080, 462, 52, 9);
INSERT INTO ORDER_ITEM (ID, ORDER_ID, PRODUCT_ID, QUANTITY)
VALUES (11081, 462, 37, 6);
INSERT INTO ORDER_ITEM (ID, ORDER_ID, PRODUCT_ID, QUANTITY)
VALUES (11082, 462, 17, 16);
INSERT INTO ORDER_ITEM (ID, ORDER_ID, PRODUCT_ID, QUANTITY)
VALUES (11083, 462, 15, 8);
INSERT INTO ORDER_ITEM (ID, ORDER_ID, PRODUCT_ID, QUANTITY)
VALUES (11084, 462, 51, 16);
INSERT INTO ORDER_ITEM (ID, ORDER_ID, PRODUCT_ID, QUANTITY)
VALUES (11085, 462, 23, 18);
INSERT INTO ORDER_ITEM (ID, ORDER_ID, PRODUCT_ID, QUANTITY)
VALUES (11086, 462, 31, 12);
INSERT INTO ORDER_ITEM (ID, ORDER_ID, PRODUCT_ID, QUANTITY)
VALUES (11087, 462, 25, 6);
-- ### ORDER 453
INSERT INTO PAYMENT_DETAIL(ID, AMOUNT, PROVIDER, PROVIDER_PAYMENT_UUID)
VALUES (463, 3441.0, 'CRYPTO', '29853042');
INSERT INTO ORDERS (ID, CUST_ID, PAYMENT_ID, STATUS, AMOUNT, CREATED_ON, UPDATED_ON)
VALUES (463, 777, 463, 'DELIVERED', 3441.0, LOCALTIMESTAMP, LOCALTIMESTAMP);
INSERT INTO ORDER_ITEM (ID, ORDER_ID, PRODUCT_ID, QUANTITY)
VALUES (11088, 463, 12, 11);
INSERT INTO ORDER_ITEM (ID, ORDER_ID, PRODUCT_ID, QUANTITY)
VALUES (11089, 463, 14, 0);
INSERT INTO ORDER_ITEM (ID, ORDER_ID, PRODUCT_ID, QUANTITY)
VALUES (11090, 463, 43, 0);
INSERT INTO ORDER_ITEM (ID, ORDER_ID, PRODUCT_ID, QUANTITY)
VALUES (11091, 463, 24, 0);
INSERT INTO ORDER_ITEM (ID, ORDER_ID, PRODUCT_ID, QUANTITY)
VALUES (11092, 463, 34, 12);
INSERT INTO ORDER_ITEM (ID, ORDER_ID, PRODUCT_ID, QUANTITY)
VALUES (11093, 463, 22, 13);
INSERT INTO ORDER_ITEM (ID, ORDER_ID, PRODUCT_ID, QUANTITY)
VALUES (11094, 463, 21, 19);
INSERT INTO ORDER_ITEM (ID, ORDER_ID, PRODUCT_ID, QUANTITY)
VALUES (11095, 463, 41, 17);
INSERT INTO ORDER_ITEM (ID, ORDER_ID, PRODUCT_ID, QUANTITY)
VALUES (11096, 463, 31, 3);
INSERT INTO ORDER_ITEM (ID, ORDER_ID, PRODUCT_ID, QUANTITY)
VALUES (11097, 463, 30, 5);
INSERT INTO ORDER_ITEM (ID, ORDER_ID, PRODUCT_ID, QUANTITY)
VALUES (11098, 463, 53, 4);
INSERT INTO ORDER_ITEM (ID, ORDER_ID, PRODUCT_ID, QUANTITY)
VALUES (11099, 463, 19, 2);
INSERT INTO ORDER_ITEM (ID, ORDER_ID, PRODUCT_ID, QUANTITY)
VALUES (11100, 463, 56, 19);
INSERT INTO ORDER_ITEM (ID, ORDER_ID, PRODUCT_ID, QUANTITY)
VALUES (11101, 463, 42, 7);
INSERT INTO ORDER_ITEM (ID, ORDER_ID, PRODUCT_ID, QUANTITY)
VALUES (11102, 463, 52, 3);
INSERT INTO ORDER_ITEM (ID, ORDER_ID, PRODUCT_ID, QUANTITY)
VALUES (11103, 463, 50, 11);
INSERT INTO ORDER_ITEM (ID, ORDER_ID, PRODUCT_ID, QUANTITY)
VALUES (11104, 463, 38, 0);
INSERT INTO ORDER_ITEM (ID, ORDER_ID, PRODUCT_ID, QUANTITY)
VALUES (11105, 463, 32, 2);
INSERT INTO ORDER_ITEM (ID, ORDER_ID, PRODUCT_ID, QUANTITY)
VALUES (11106, 463, 16, 4);
INSERT INTO ORDER_ITEM (ID, ORDER_ID, PRODUCT_ID, QUANTITY)
VALUES (11107, 463, 55, 5);
INSERT INTO ORDER_ITEM (ID, ORDER_ID, PRODUCT_ID, QUANTITY)
VALUES (11108, 463, 27, 16);
INSERT INTO ORDER_ITEM (ID, ORDER_ID, PRODUCT_ID, QUANTITY)
VALUES (11109, 463, 20, 14);
INSERT INTO ORDER_ITEM (ID, ORDER_ID, PRODUCT_ID, QUANTITY)
VALUES (11110, 463, 39, 0);
INSERT INTO ORDER_ITEM (ID, ORDER_ID, PRODUCT_ID, QUANTITY)
VALUES (11111, 463, 29, 4);
INSERT INTO ORDER_ITEM (ID, ORDER_ID, PRODUCT_ID, QUANTITY)
VALUES (11112, 463, 11, 18);
INSERT INTO ORDER_ITEM (ID, ORDER_ID, PRODUCT_ID, QUANTITY)
VALUES (11113, 463, 13, 1);
INSERT INTO ORDER_ITEM (ID, ORDER_ID, PRODUCT_ID, QUANTITY)
VALUES (11114, 463, 37, 1);
INSERT INTO ORDER_ITEM (ID, ORDER_ID, PRODUCT_ID, QUANTITY)
VALUES (11115, 463, 57, 14);
INSERT INTO ORDER_ITEM (ID, ORDER_ID, PRODUCT_ID, QUANTITY)
VALUES (11116, 463, 48, 0);
INSERT INTO ORDER_ITEM (ID, ORDER_ID, PRODUCT_ID, QUANTITY)
VALUES (11117, 463, 58, 0);
INSERT INTO ORDER_ITEM (ID, ORDER_ID, PRODUCT_ID, QUANTITY)
VALUES (11118, 463, 54, 10);
INSERT INTO ORDER_ITEM (ID, ORDER_ID, PRODUCT_ID, QUANTITY)
VALUES (11119, 463, 28, 4);
INSERT INTO ORDER_ITEM (ID, ORDER_ID, PRODUCT_ID, QUANTITY)
VALUES (11120, 463, 18, 6);
INSERT INTO ORDER_ITEM (ID, ORDER_ID, PRODUCT_ID, QUANTITY)
VALUES (11121, 463, 49, 2);
INSERT INTO ORDER_ITEM (ID, ORDER_ID, PRODUCT_ID, QUANTITY)
VALUES (11122, 463, 60, 5);
-- ### ORDER 454
INSERT INTO PAYMENT_DETAIL(ID, AMOUNT, PROVIDER, PROVIDER_PAYMENT_UUID)
VALUES (464, 3320.0, 'PAYPAL', '608710993');
INSERT INTO ORDERS (ID, CUST_ID, PAYMENT_ID, STATUS, AMOUNT, CREATED_ON, UPDATED_ON)
VALUES (464, 777, 464, 'DELIVERED', 3320.0, LOCALTIMESTAMP, LOCALTIMESTAMP);
INSERT INTO ORDER_ITEM (ID, ORDER_ID, PRODUCT_ID, QUANTITY)
VALUES (11123, 464, 18, 7);
INSERT INTO ORDER_ITEM (ID, ORDER_ID, PRODUCT_ID, QUANTITY)
VALUES (11124, 464, 12, 14);
INSERT INTO ORDER_ITEM (ID, ORDER_ID, PRODUCT_ID, QUANTITY)
VALUES (11125, 464, 28, 9);
INSERT INTO ORDER_ITEM (ID, ORDER_ID, PRODUCT_ID, QUANTITY)
VALUES (11126, 464, 60, 10);
INSERT INTO ORDER_ITEM (ID, ORDER_ID, PRODUCT_ID, QUANTITY)
VALUES (11127, 464, 27, 8);
INSERT INTO ORDER_ITEM (ID, ORDER_ID, PRODUCT_ID, QUANTITY)
VALUES (11128, 464, 15, 8);
INSERT INTO ORDER_ITEM (ID, ORDER_ID, PRODUCT_ID, QUANTITY)
VALUES (11129, 464, 45, 17);
INSERT INTO ORDER_ITEM (ID, ORDER_ID, PRODUCT_ID, QUANTITY)
VALUES (11130, 464, 31, 12);
INSERT INTO ORDER_ITEM (ID, ORDER_ID, PRODUCT_ID, QUANTITY)
VALUES (11131, 464, 44, 7);
INSERT INTO ORDER_ITEM (ID, ORDER_ID, PRODUCT_ID, QUANTITY)
VALUES (11132, 464, 56, 16);
INSERT INTO ORDER_ITEM (ID, ORDER_ID, PRODUCT_ID, QUANTITY)
VALUES (11133, 464, 51, 20);
INSERT INTO ORDER_ITEM (ID, ORDER_ID, PRODUCT_ID, QUANTITY)
VALUES (11134, 464, 35, 3);
INSERT INTO ORDER_ITEM (ID, ORDER_ID, PRODUCT_ID, QUANTITY)
VALUES (11135, 464, 58, 10);
INSERT INTO ORDER_ITEM (ID, ORDER_ID, PRODUCT_ID, QUANTITY)
VALUES (11136, 464, 39, 16);
INSERT INTO ORDER_ITEM (ID, ORDER_ID, PRODUCT_ID, QUANTITY)
VALUES (11137, 464, 17, 10);
INSERT INTO ORDER_ITEM (ID, ORDER_ID, PRODUCT_ID, QUANTITY)
VALUES (11138, 464, 52, 16);
INSERT INTO ORDER_ITEM (ID, ORDER_ID, PRODUCT_ID, QUANTITY)
VALUES (11139, 464, 11, 1);
INSERT INTO ORDER_ITEM (ID, ORDER_ID, PRODUCT_ID, QUANTITY)
VALUES (11140, 464, 36, 12);
-- ### ORDER 455
INSERT INTO PAYMENT_DETAIL(ID, AMOUNT, PROVIDER, PROVIDER_PAYMENT_UUID)
VALUES (465, 2831.0, 'CRYPTO', '163333137');
INSERT INTO ORDERS (ID, CUST_ID, PAYMENT_ID, STATUS, AMOUNT, CREATED_ON, UPDATED_ON)
VALUES (465, 777, 465, 'DELIVERED', 2831.0, LOCALTIMESTAMP, LOCALTIMESTAMP);
INSERT INTO ORDER_ITEM (ID, ORDER_ID, PRODUCT_ID, QUANTITY)
VALUES (11141, 465, 36, 14);
INSERT INTO ORDER_ITEM (ID, ORDER_ID, PRODUCT_ID, QUANTITY)
VALUES (11142, 465, 11, 7);
INSERT INTO ORDER_ITEM (ID, ORDER_ID, PRODUCT_ID, QUANTITY)
VALUES (11143, 465, 14, 1);
INSERT INTO ORDER_ITEM (ID, ORDER_ID, PRODUCT_ID, QUANTITY)
VALUES (11144, 465, 27, 15);
INSERT INTO ORDER_ITEM (ID, ORDER_ID, PRODUCT_ID, QUANTITY)
VALUES (11145, 465, 13, 19);
INSERT INTO ORDER_ITEM (ID, ORDER_ID, PRODUCT_ID, QUANTITY)
VALUES (11146, 465, 41, 6);
INSERT INTO ORDER_ITEM (ID, ORDER_ID, PRODUCT_ID, QUANTITY)
VALUES (11147, 465, 51, 16);
INSERT INTO ORDER_ITEM (ID, ORDER_ID, PRODUCT_ID, QUANTITY)
VALUES (11148, 465, 59, 20);
INSERT INTO ORDER_ITEM (ID, ORDER_ID, PRODUCT_ID, QUANTITY)
VALUES (11149, 465, 43, 12);
INSERT INTO ORDER_ITEM (ID, ORDER_ID, PRODUCT_ID, QUANTITY)
VALUES (11150, 465, 23, 4);
INSERT INTO ORDER_ITEM (ID, ORDER_ID, PRODUCT_ID, QUANTITY)
VALUES (11151, 465, 48, 9);
INSERT INTO ORDER_ITEM (ID, ORDER_ID, PRODUCT_ID, QUANTITY)
VALUES (11152, 465, 33, 14);
INSERT INTO ORDER_ITEM (ID, ORDER_ID, PRODUCT_ID, QUANTITY)
VALUES (11153, 465, 19, 2);
INSERT INTO ORDER_ITEM (ID, ORDER_ID, PRODUCT_ID, QUANTITY)
VALUES (11154, 465, 15, 14);
INSERT INTO ORDER_ITEM (ID, ORDER_ID, PRODUCT_ID, QUANTITY)
VALUES (11155, 465, 18, 7);
INSERT INTO ORDER_ITEM (ID, ORDER_ID, PRODUCT_ID, QUANTITY)
VALUES (11156, 465, 30, 10);
INSERT INTO ORDER_ITEM (ID, ORDER_ID, PRODUCT_ID, QUANTITY)
VALUES (11157, 465, 32, 3);
INSERT INTO ORDER_ITEM (ID, ORDER_ID, PRODUCT_ID, QUANTITY)
VALUES (11158, 465, 25, 3);
INSERT INTO ORDER_ITEM (ID, ORDER_ID, PRODUCT_ID, QUANTITY)
VALUES (11159, 465, 45, 9);
INSERT INTO ORDER_ITEM (ID, ORDER_ID, PRODUCT_ID, QUANTITY)
VALUES (11160, 465, 31, 12);
INSERT INTO ORDER_ITEM (ID, ORDER_ID, PRODUCT_ID, QUANTITY)
VALUES (11161, 465, 60, 17);
INSERT INTO ORDER_ITEM (ID, ORDER_ID, PRODUCT_ID, QUANTITY)
VALUES (11162, 465, 56, 3);
INSERT INTO ORDER_ITEM (ID, ORDER_ID, PRODUCT_ID, QUANTITY)
VALUES (11163, 465, 38, 0);
INSERT INTO ORDER_ITEM (ID, ORDER_ID, PRODUCT_ID, QUANTITY)
VALUES (11164, 465, 29, 20);
INSERT INTO ORDER_ITEM (ID, ORDER_ID, PRODUCT_ID, QUANTITY)
VALUES (11165, 465, 50, 1);
INSERT INTO ORDER_ITEM (ID, ORDER_ID, PRODUCT_ID, QUANTITY)
VALUES (11166, 465, 21, 8);
INSERT INTO ORDER_ITEM (ID, ORDER_ID, PRODUCT_ID, QUANTITY)
VALUES (11167, 465, 46, 19);
INSERT INTO ORDER_ITEM (ID, ORDER_ID, PRODUCT_ID, QUANTITY)
VALUES (11168, 465, 53, 11);
INSERT INTO ORDER_ITEM (ID, ORDER_ID, PRODUCT_ID, QUANTITY)
VALUES (11169, 465, 17, 18);
INSERT INTO ORDER_ITEM (ID, ORDER_ID, PRODUCT_ID, QUANTITY)
VALUES (11170, 465, 47, 0);
INSERT INTO ORDER_ITEM (ID, ORDER_ID, PRODUCT_ID, QUANTITY)
VALUES (11171, 465, 35, 7);
INSERT INTO ORDER_ITEM (ID, ORDER_ID, PRODUCT_ID, QUANTITY)
VALUES (11172, 465, 34, 13);
INSERT INTO ORDER_ITEM (ID, ORDER_ID, PRODUCT_ID, QUANTITY)
VALUES (11173, 465, 28, 11);
INSERT INTO ORDER_ITEM (ID, ORDER_ID, PRODUCT_ID, QUANTITY)
VALUES (11174, 465, 44, 17);
INSERT INTO ORDER_ITEM (ID, ORDER_ID, PRODUCT_ID, QUANTITY)
VALUES (11175, 465, 12, 20);
INSERT INTO ORDER_ITEM (ID, ORDER_ID, PRODUCT_ID, QUANTITY)
VALUES (11176, 465, 20, 13);
INSERT INTO ORDER_ITEM (ID, ORDER_ID, PRODUCT_ID, QUANTITY)
VALUES (11177, 465, 22, 3);
INSERT INTO ORDER_ITEM (ID, ORDER_ID, PRODUCT_ID, QUANTITY)
VALUES (11178, 465, 57, 19);
INSERT INTO ORDER_ITEM (ID, ORDER_ID, PRODUCT_ID, QUANTITY)
VALUES (11179, 465, 16, 8);
INSERT INTO ORDER_ITEM (ID, ORDER_ID, PRODUCT_ID, QUANTITY)
VALUES (11180, 465, 49, 10);
INSERT INTO ORDER_ITEM (ID, ORDER_ID, PRODUCT_ID, QUANTITY)
VALUES (11181, 465, 42, 10);
INSERT INTO ORDER_ITEM (ID, ORDER_ID, PRODUCT_ID, QUANTITY)
VALUES (11182, 465, 54, 7);
INSERT INTO ORDER_ITEM (ID, ORDER_ID, PRODUCT_ID, QUANTITY)
VALUES (11183, 465, 55, 9);
INSERT INTO ORDER_ITEM (ID, ORDER_ID, PRODUCT_ID, QUANTITY)
VALUES (11184, 465, 37, 2);
INSERT INTO ORDER_ITEM (ID, ORDER_ID, PRODUCT_ID, QUANTITY)
VALUES (11185, 465, 58, 17);
INSERT INTO ORDER_ITEM (ID, ORDER_ID, PRODUCT_ID, QUANTITY)
VALUES (11186, 465, 52, 17);
INSERT INTO ORDER_ITEM (ID, ORDER_ID, PRODUCT_ID, QUANTITY)
VALUES (11187, 465, 24, 16);
-- ### ORDER 456
INSERT INTO PAYMENT_DETAIL(ID, AMOUNT, PROVIDER, PROVIDER_PAYMENT_UUID)
VALUES (466, 3656.0, 'MASTERCARD', '562552473');
INSERT INTO ORDERS (ID, CUST_ID, PAYMENT_ID, STATUS, AMOUNT, CREATED_ON, UPDATED_ON)
VALUES (466, 777, 466, 'DELIVERED', 3656.0, LOCALTIMESTAMP, LOCALTIMESTAMP);
INSERT INTO ORDER_ITEM (ID, ORDER_ID, PRODUCT_ID, QUANTITY)
VALUES (11188, 466, 60, 8);
INSERT INTO ORDER_ITEM (ID, ORDER_ID, PRODUCT_ID, QUANTITY)
VALUES (11189, 466, 37, 20);
INSERT INTO ORDER_ITEM (ID, ORDER_ID, PRODUCT_ID, QUANTITY)
VALUES (11190, 466, 40, 10);
INSERT INTO ORDER_ITEM (ID, ORDER_ID, PRODUCT_ID, QUANTITY)
VALUES (11191, 466, 12, 10);
INSERT INTO ORDER_ITEM (ID, ORDER_ID, PRODUCT_ID, QUANTITY)
VALUES (11192, 466, 21, 10);
INSERT INTO ORDER_ITEM (ID, ORDER_ID, PRODUCT_ID, QUANTITY)
VALUES (11193, 466, 30, 5);
INSERT INTO ORDER_ITEM (ID, ORDER_ID, PRODUCT_ID, QUANTITY)
VALUES (11194, 466, 22, 6);
INSERT INTO ORDER_ITEM (ID, ORDER_ID, PRODUCT_ID, QUANTITY)
VALUES (11195, 466, 55, 13);
INSERT INTO ORDER_ITEM (ID, ORDER_ID, PRODUCT_ID, QUANTITY)
VALUES (11196, 466, 51, 1);
INSERT INTO ORDER_ITEM (ID, ORDER_ID, PRODUCT_ID, QUANTITY)
VALUES (11197, 466, 34, 17);
INSERT INTO ORDER_ITEM (ID, ORDER_ID, PRODUCT_ID, QUANTITY)
VALUES (11198, 466, 39, 15);
INSERT INTO ORDER_ITEM (ID, ORDER_ID, PRODUCT_ID, QUANTITY)
VALUES (11199, 466, 13, 19);
INSERT INTO ORDER_ITEM (ID, ORDER_ID, PRODUCT_ID, QUANTITY)
VALUES (11200, 466, 54, 13);
INSERT INTO ORDER_ITEM (ID, ORDER_ID, PRODUCT_ID, QUANTITY)
VALUES (11201, 466, 33, 13);
INSERT INTO ORDER_ITEM (ID, ORDER_ID, PRODUCT_ID, QUANTITY)
VALUES (11202, 466, 28, 13);
INSERT INTO ORDER_ITEM (ID, ORDER_ID, PRODUCT_ID, QUANTITY)
VALUES (11203, 466, 52, 12);
INSERT INTO ORDER_ITEM (ID, ORDER_ID, PRODUCT_ID, QUANTITY)
VALUES (11204, 466, 23, 4);
INSERT INTO ORDER_ITEM (ID, ORDER_ID, PRODUCT_ID, QUANTITY)
VALUES (11205, 466, 49, 3);
INSERT INTO ORDER_ITEM (ID, ORDER_ID, PRODUCT_ID, QUANTITY)
VALUES (11206, 466, 15, 20);
INSERT INTO ORDER_ITEM (ID, ORDER_ID, PRODUCT_ID, QUANTITY)
VALUES (11207, 466, 27, 13);
INSERT INTO ORDER_ITEM (ID, ORDER_ID, PRODUCT_ID, QUANTITY)
VALUES (11208, 466, 43, 20);
INSERT INTO ORDER_ITEM (ID, ORDER_ID, PRODUCT_ID, QUANTITY)
VALUES (11209, 466, 58, 0);
INSERT INTO ORDER_ITEM (ID, ORDER_ID, PRODUCT_ID, QUANTITY)
VALUES (11210, 466, 19, 4);
INSERT INTO ORDER_ITEM (ID, ORDER_ID, PRODUCT_ID, QUANTITY)
VALUES (11211, 466, 47, 8);
INSERT INTO ORDER_ITEM (ID, ORDER_ID, PRODUCT_ID, QUANTITY)
VALUES (11212, 466, 18, 2);
INSERT INTO ORDER_ITEM (ID, ORDER_ID, PRODUCT_ID, QUANTITY)
VALUES (11213, 466, 14, 20);
INSERT INTO ORDER_ITEM (ID, ORDER_ID, PRODUCT_ID, QUANTITY)
VALUES (11214, 466, 53, 8);
INSERT INTO ORDER_ITEM (ID, ORDER_ID, PRODUCT_ID, QUANTITY)
VALUES (11215, 466, 57, 15);
INSERT INTO ORDER_ITEM (ID, ORDER_ID, PRODUCT_ID, QUANTITY)
VALUES (11216, 466, 24, 16);
INSERT INTO ORDER_ITEM (ID, ORDER_ID, PRODUCT_ID, QUANTITY)
VALUES (11217, 466, 38, 16);
INSERT INTO ORDER_ITEM (ID, ORDER_ID, PRODUCT_ID, QUANTITY)
VALUES (11218, 466, 44, 9);
INSERT INTO ORDER_ITEM (ID, ORDER_ID, PRODUCT_ID, QUANTITY)
VALUES (11219, 466, 46, 5);
INSERT INTO ORDER_ITEM (ID, ORDER_ID, PRODUCT_ID, QUANTITY)
VALUES (11220, 466, 16, 11);
INSERT INTO ORDER_ITEM (ID, ORDER_ID, PRODUCT_ID, QUANTITY)
VALUES (11221, 466, 36, 7);
INSERT INTO ORDER_ITEM (ID, ORDER_ID, PRODUCT_ID, QUANTITY)
VALUES (11222, 466, 48, 15);
INSERT INTO ORDER_ITEM (ID, ORDER_ID, PRODUCT_ID, QUANTITY)
VALUES (11223, 466, 32, 14);
INSERT INTO ORDER_ITEM (ID, ORDER_ID, PRODUCT_ID, QUANTITY)
VALUES (11224, 466, 17, 20);
INSERT INTO ORDER_ITEM (ID, ORDER_ID, PRODUCT_ID, QUANTITY)
VALUES (11225, 466, 50, 6);
INSERT INTO ORDER_ITEM (ID, ORDER_ID, PRODUCT_ID, QUANTITY)
VALUES (11226, 466, 56, 18);
INSERT INTO ORDER_ITEM (ID, ORDER_ID, PRODUCT_ID, QUANTITY)
VALUES (11227, 466, 41, 19);
INSERT INTO ORDER_ITEM (ID, ORDER_ID, PRODUCT_ID, QUANTITY)
VALUES (11228, 466, 59, 15);
INSERT INTO ORDER_ITEM (ID, ORDER_ID, PRODUCT_ID, QUANTITY)
VALUES (11229, 466, 35, 7);
INSERT INTO ORDER_ITEM (ID, ORDER_ID, PRODUCT_ID, QUANTITY)
VALUES (11230, 466, 25, 7);
-- ### ORDER 457
INSERT INTO PAYMENT_DETAIL(ID, AMOUNT, PROVIDER, PROVIDER_PAYMENT_UUID)
VALUES (467, 703.0, 'MASTERCARD', '364831062');
INSERT INTO ORDERS (ID, CUST_ID, PAYMENT_ID, STATUS, AMOUNT, CREATED_ON, UPDATED_ON)
VALUES (467, 777, 467, 'DELIVERED', 703.0, LOCALTIMESTAMP, LOCALTIMESTAMP);
INSERT INTO ORDER_ITEM (ID, ORDER_ID, PRODUCT_ID, QUANTITY)
VALUES (11231, 467, 12, 14);
INSERT INTO ORDER_ITEM (ID, ORDER_ID, PRODUCT_ID, QUANTITY)
VALUES (11232, 467, 23, 0);
INSERT INTO ORDER_ITEM (ID, ORDER_ID, PRODUCT_ID, QUANTITY)
VALUES (11233, 467, 54, 19);
INSERT INTO ORDER_ITEM (ID, ORDER_ID, PRODUCT_ID, QUANTITY)
VALUES (11234, 467, 15, 1);
INSERT INTO ORDER_ITEM (ID, ORDER_ID, PRODUCT_ID, QUANTITY)
VALUES (11235, 467, 24, 0);
INSERT INTO ORDER_ITEM (ID, ORDER_ID, PRODUCT_ID, QUANTITY)
VALUES (11236, 467, 26, 10);
INSERT INTO ORDER_ITEM (ID, ORDER_ID, PRODUCT_ID, QUANTITY)
VALUES (11237, 467, 33, 11);
INSERT INTO ORDER_ITEM (ID, ORDER_ID, PRODUCT_ID, QUANTITY)
VALUES (11238, 467, 20, 9);
INSERT INTO ORDER_ITEM (ID, ORDER_ID, PRODUCT_ID, QUANTITY)
VALUES (11239, 467, 31, 20);
INSERT INTO ORDER_ITEM (ID, ORDER_ID, PRODUCT_ID, QUANTITY)
VALUES (11240, 467, 59, 16);
INSERT INTO ORDER_ITEM (ID, ORDER_ID, PRODUCT_ID, QUANTITY)
VALUES (11241, 467, 45, 10);
INSERT INTO ORDER_ITEM (ID, ORDER_ID, PRODUCT_ID, QUANTITY)
VALUES (11242, 467, 56, 5);
INSERT INTO ORDER_ITEM (ID, ORDER_ID, PRODUCT_ID, QUANTITY)
VALUES (11243, 467, 32, 3);
INSERT INTO ORDER_ITEM (ID, ORDER_ID, PRODUCT_ID, QUANTITY)
VALUES (11244, 467, 13, 0);
INSERT INTO ORDER_ITEM (ID, ORDER_ID, PRODUCT_ID, QUANTITY)
VALUES (11245, 467, 36, 16);
INSERT INTO ORDER_ITEM (ID, ORDER_ID, PRODUCT_ID, QUANTITY)
VALUES (11246, 467, 34, 17);
INSERT INTO ORDER_ITEM (ID, ORDER_ID, PRODUCT_ID, QUANTITY)
VALUES (11247, 467, 27, 17);
INSERT INTO ORDER_ITEM (ID, ORDER_ID, PRODUCT_ID, QUANTITY)
VALUES (11248, 467, 60, 0);
INSERT INTO ORDER_ITEM (ID, ORDER_ID, PRODUCT_ID, QUANTITY)
VALUES (11249, 467, 48, 7);
INSERT INTO ORDER_ITEM (ID, ORDER_ID, PRODUCT_ID, QUANTITY)
VALUES (11250, 467, 16, 4);
INSERT INTO ORDER_ITEM (ID, ORDER_ID, PRODUCT_ID, QUANTITY)
VALUES (11251, 467, 50, 6);
INSERT INTO ORDER_ITEM (ID, ORDER_ID, PRODUCT_ID, QUANTITY)
VALUES (11252, 467, 49, 0);
INSERT INTO ORDER_ITEM (ID, ORDER_ID, PRODUCT_ID, QUANTITY)
VALUES (11253, 467, 52, 15);
INSERT INTO ORDER_ITEM (ID, ORDER_ID, PRODUCT_ID, QUANTITY)
VALUES (11254, 467, 14, 8);
INSERT INTO ORDER_ITEM (ID, ORDER_ID, PRODUCT_ID, QUANTITY)
VALUES (11255, 467, 41, 18);
INSERT INTO ORDER_ITEM (ID, ORDER_ID, PRODUCT_ID, QUANTITY)
VALUES (11256, 467, 22, 7);
INSERT INTO ORDER_ITEM (ID, ORDER_ID, PRODUCT_ID, QUANTITY)
VALUES (11257, 467, 18, 14);
INSERT INTO ORDER_ITEM (ID, ORDER_ID, PRODUCT_ID, QUANTITY)
VALUES (11258, 467, 30, 18);
INSERT INTO ORDER_ITEM (ID, ORDER_ID, PRODUCT_ID, QUANTITY)
VALUES (11259, 467, 29, 19);
-- ### ORDER 458
INSERT INTO PAYMENT_DETAIL(ID, AMOUNT, PROVIDER, PROVIDER_PAYMENT_UUID)
VALUES (468, 1670.0, 'PAYPAL', '313372564');
INSERT INTO ORDERS (ID, CUST_ID, PAYMENT_ID, STATUS, AMOUNT, CREATED_ON, UPDATED_ON)
VALUES (468, 777, 468, 'DELIVERED', 1670.0, LOCALTIMESTAMP, LOCALTIMESTAMP);
INSERT INTO ORDER_ITEM (ID, ORDER_ID, PRODUCT_ID, QUANTITY)
VALUES (11260, 468, 27, 9);
INSERT INTO ORDER_ITEM (ID, ORDER_ID, PRODUCT_ID, QUANTITY)
VALUES (11261, 468, 42, 11);
INSERT INTO ORDER_ITEM (ID, ORDER_ID, PRODUCT_ID, QUANTITY)
VALUES (11262, 468, 30, 3);
INSERT INTO ORDER_ITEM (ID, ORDER_ID, PRODUCT_ID, QUANTITY)
VALUES (11263, 468, 21, 14);
INSERT INTO ORDER_ITEM (ID, ORDER_ID, PRODUCT_ID, QUANTITY)
VALUES (11264, 468, 19, 15);
INSERT INTO ORDER_ITEM (ID, ORDER_ID, PRODUCT_ID, QUANTITY)
VALUES (11265, 468, 59, 11);
INSERT INTO ORDER_ITEM (ID, ORDER_ID, PRODUCT_ID, QUANTITY)
VALUES (11266, 468, 13, 4);
INSERT INTO ORDER_ITEM (ID, ORDER_ID, PRODUCT_ID, QUANTITY)
VALUES (11267, 468, 35, 11);
INSERT INTO ORDER_ITEM (ID, ORDER_ID, PRODUCT_ID, QUANTITY)
VALUES (11268, 468, 20, 16);
INSERT INTO ORDER_ITEM (ID, ORDER_ID, PRODUCT_ID, QUANTITY)
VALUES (11269, 468, 47, 0);
INSERT INTO ORDER_ITEM (ID, ORDER_ID, PRODUCT_ID, QUANTITY)
VALUES (11270, 468, 31, 1);
INSERT INTO ORDER_ITEM (ID, ORDER_ID, PRODUCT_ID, QUANTITY)
VALUES (11271, 468, 14, 5);
INSERT INTO ORDER_ITEM (ID, ORDER_ID, PRODUCT_ID, QUANTITY)
VALUES (11272, 468, 11, 17);
INSERT INTO ORDER_ITEM (ID, ORDER_ID, PRODUCT_ID, QUANTITY)
VALUES (11273, 468, 39, 4);
INSERT INTO ORDER_ITEM (ID, ORDER_ID, PRODUCT_ID, QUANTITY)
VALUES (11274, 468, 52, 13);
INSERT INTO ORDER_ITEM (ID, ORDER_ID, PRODUCT_ID, QUANTITY)
VALUES (11275, 468, 44, 5);
INSERT INTO ORDER_ITEM (ID, ORDER_ID, PRODUCT_ID, QUANTITY)
VALUES (11276, 468, 33, 5);
INSERT INTO ORDER_ITEM (ID, ORDER_ID, PRODUCT_ID, QUANTITY)
VALUES (11277, 468, 16, 13);
INSERT INTO ORDER_ITEM (ID, ORDER_ID, PRODUCT_ID, QUANTITY)
VALUES (11278, 468, 37, 2);
INSERT INTO ORDER_ITEM (ID, ORDER_ID, PRODUCT_ID, QUANTITY)
VALUES (11279, 468, 17, 18);
INSERT INTO ORDER_ITEM (ID, ORDER_ID, PRODUCT_ID, QUANTITY)
VALUES (11280, 468, 36, 8);
INSERT INTO ORDER_ITEM (ID, ORDER_ID, PRODUCT_ID, QUANTITY)
VALUES (11281, 468, 38, 0);
INSERT INTO ORDER_ITEM (ID, ORDER_ID, PRODUCT_ID, QUANTITY)
VALUES (11282, 468, 54, 10);
INSERT INTO ORDER_ITEM (ID, ORDER_ID, PRODUCT_ID, QUANTITY)
VALUES (11283, 468, 55, 1);
INSERT INTO ORDER_ITEM (ID, ORDER_ID, PRODUCT_ID, QUANTITY)
VALUES (11284, 468, 12, 9);
INSERT INTO ORDER_ITEM (ID, ORDER_ID, PRODUCT_ID, QUANTITY)
VALUES (11285, 468, 34, 19);
INSERT INTO ORDER_ITEM (ID, ORDER_ID, PRODUCT_ID, QUANTITY)
VALUES (11286, 468, 43, 0);
INSERT INTO ORDER_ITEM (ID, ORDER_ID, PRODUCT_ID, QUANTITY)
VALUES (11287, 468, 46, 13);
INSERT INTO ORDER_ITEM (ID, ORDER_ID, PRODUCT_ID, QUANTITY)
VALUES (11288, 468, 24, 0);
INSERT INTO ORDER_ITEM (ID, ORDER_ID, PRODUCT_ID, QUANTITY)
VALUES (11289, 468, 57, 8);
INSERT INTO ORDER_ITEM (ID, ORDER_ID, PRODUCT_ID, QUANTITY)
VALUES (11290, 468, 53, 13);
INSERT INTO ORDER_ITEM (ID, ORDER_ID, PRODUCT_ID, QUANTITY)
VALUES (11291, 468, 40, 3);
INSERT INTO ORDER_ITEM (ID, ORDER_ID, PRODUCT_ID, QUANTITY)
VALUES (11292, 468, 26, 17);
INSERT INTO ORDER_ITEM (ID, ORDER_ID, PRODUCT_ID, QUANTITY)
VALUES (11293, 468, 45, 5);
INSERT INTO ORDER_ITEM (ID, ORDER_ID, PRODUCT_ID, QUANTITY)
VALUES (11294, 468, 22, 17);
INSERT INTO ORDER_ITEM (ID, ORDER_ID, PRODUCT_ID, QUANTITY)
VALUES (11295, 468, 32, 17);
INSERT INTO ORDER_ITEM (ID, ORDER_ID, PRODUCT_ID, QUANTITY)
VALUES (11296, 468, 41, 0);
INSERT INTO ORDER_ITEM (ID, ORDER_ID, PRODUCT_ID, QUANTITY)
VALUES (11297, 468, 15, 1);
INSERT INTO ORDER_ITEM (ID, ORDER_ID, PRODUCT_ID, QUANTITY)
VALUES (11298, 468, 56, 1);
INSERT INTO ORDER_ITEM (ID, ORDER_ID, PRODUCT_ID, QUANTITY)
VALUES (11299, 468, 18, 14);
INSERT INTO ORDER_ITEM (ID, ORDER_ID, PRODUCT_ID, QUANTITY)
VALUES (11300, 468, 51, 0);
INSERT INTO ORDER_ITEM (ID, ORDER_ID, PRODUCT_ID, QUANTITY)
VALUES (11301, 468, 25, 10);
INSERT INTO ORDER_ITEM (ID, ORDER_ID, PRODUCT_ID, QUANTITY)
VALUES (11302, 468, 23, 13);
INSERT INTO ORDER_ITEM (ID, ORDER_ID, PRODUCT_ID, QUANTITY)
VALUES (11303, 468, 28, 5);
INSERT INTO ORDER_ITEM (ID, ORDER_ID, PRODUCT_ID, QUANTITY)
VALUES (11304, 468, 60, 3);
INSERT INTO ORDER_ITEM (ID, ORDER_ID, PRODUCT_ID, QUANTITY)
VALUES (11305, 468, 29, 6);
INSERT INTO ORDER_ITEM (ID, ORDER_ID, PRODUCT_ID, QUANTITY)
VALUES (11306, 468, 50, 16);
INSERT INTO ORDER_ITEM (ID, ORDER_ID, PRODUCT_ID, QUANTITY)
VALUES (11307, 468, 49, 10);
-- ### ORDER 459
INSERT INTO PAYMENT_DETAIL(ID, AMOUNT, PROVIDER, PROVIDER_PAYMENT_UUID)
VALUES (469, 2794.0, 'PAYPAL', '590637661');
INSERT INTO ORDERS (ID, CUST_ID, PAYMENT_ID, STATUS, AMOUNT, CREATED_ON, UPDATED_ON)
VALUES (469, 777, 469, 'DELIVERED', 2794.0, LOCALTIMESTAMP, LOCALTIMESTAMP);
INSERT INTO ORDER_ITEM (ID, ORDER_ID, PRODUCT_ID, QUANTITY)
VALUES (11308, 469, 39, 8);
INSERT INTO ORDER_ITEM (ID, ORDER_ID, PRODUCT_ID, QUANTITY)
VALUES (11309, 469, 58, 9);
INSERT INTO ORDER_ITEM (ID, ORDER_ID, PRODUCT_ID, QUANTITY)
VALUES (11310, 469, 28, 4);
INSERT INTO ORDER_ITEM (ID, ORDER_ID, PRODUCT_ID, QUANTITY)
VALUES (11311, 469, 21, 8);
INSERT INTO ORDER_ITEM (ID, ORDER_ID, PRODUCT_ID, QUANTITY)
VALUES (11312, 469, 30, 9);
INSERT INTO ORDER_ITEM (ID, ORDER_ID, PRODUCT_ID, QUANTITY)
VALUES (11313, 469, 22, 13);
INSERT INTO ORDER_ITEM (ID, ORDER_ID, PRODUCT_ID, QUANTITY)
VALUES (11314, 469, 18, 1);
INSERT INTO ORDER_ITEM (ID, ORDER_ID, PRODUCT_ID, QUANTITY)
VALUES (11315, 469, 59, 13);
INSERT INTO ORDER_ITEM (ID, ORDER_ID, PRODUCT_ID, QUANTITY)
VALUES (11316, 469, 54, 15);
INSERT INTO ORDER_ITEM (ID, ORDER_ID, PRODUCT_ID, QUANTITY)
VALUES (11317, 469, 53, 4);
INSERT INTO ORDER_ITEM (ID, ORDER_ID, PRODUCT_ID, QUANTITY)
VALUES (11318, 469, 13, 6);
INSERT INTO ORDER_ITEM (ID, ORDER_ID, PRODUCT_ID, QUANTITY)
VALUES (11319, 469, 19, 18);
INSERT INTO ORDER_ITEM (ID, ORDER_ID, PRODUCT_ID, QUANTITY)
VALUES (11320, 469, 46, 11);
INSERT INTO ORDER_ITEM (ID, ORDER_ID, PRODUCT_ID, QUANTITY)
VALUES (11321, 469, 60, 11);
INSERT INTO ORDER_ITEM (ID, ORDER_ID, PRODUCT_ID, QUANTITY)
VALUES (11322, 469, 27, 14);
INSERT INTO ORDER_ITEM (ID, ORDER_ID, PRODUCT_ID, QUANTITY)
VALUES (11323, 469, 48, 19);
INSERT INTO ORDER_ITEM (ID, ORDER_ID, PRODUCT_ID, QUANTITY)
VALUES (11324, 469, 20, 11);
INSERT INTO ORDER_ITEM (ID, ORDER_ID, PRODUCT_ID, QUANTITY)
VALUES (11325, 469, 25, 10);
INSERT INTO ORDER_ITEM (ID, ORDER_ID, PRODUCT_ID, QUANTITY)
VALUES (11326, 469, 16, 4);
INSERT INTO ORDER_ITEM (ID, ORDER_ID, PRODUCT_ID, QUANTITY)
VALUES (11327, 469, 44, 17);
INSERT INTO ORDER_ITEM (ID, ORDER_ID, PRODUCT_ID, QUANTITY)
VALUES (11328, 469, 40, 6);
INSERT INTO ORDER_ITEM (ID, ORDER_ID, PRODUCT_ID, QUANTITY)
VALUES (11329, 469, 55, 11);
INSERT INTO ORDER_ITEM (ID, ORDER_ID, PRODUCT_ID, QUANTITY)
VALUES (11330, 469, 31, 17);
INSERT INTO ORDER_ITEM (ID, ORDER_ID, PRODUCT_ID, QUANTITY)
VALUES (11331, 469, 41, 8);
INSERT INTO ORDER_ITEM (ID, ORDER_ID, PRODUCT_ID, QUANTITY)
VALUES (11332, 469, 38, 1);
INSERT INTO ORDER_ITEM (ID, ORDER_ID, PRODUCT_ID, QUANTITY)
VALUES (11333, 469, 33, 17);
INSERT INTO ORDER_ITEM (ID, ORDER_ID, PRODUCT_ID, QUANTITY)
VALUES (11334, 469, 11, 20);
INSERT INTO ORDER_ITEM (ID, ORDER_ID, PRODUCT_ID, QUANTITY)
VALUES (11335, 469, 23, 2);
INSERT INTO ORDER_ITEM (ID, ORDER_ID, PRODUCT_ID, QUANTITY)
VALUES (11336, 469, 37, 0);
INSERT INTO ORDER_ITEM (ID, ORDER_ID, PRODUCT_ID, QUANTITY)
VALUES (11337, 469, 34, 8);
INSERT INTO ORDER_ITEM (ID, ORDER_ID, PRODUCT_ID, QUANTITY)
VALUES (11338, 469, 47, 3);
INSERT INTO ORDER_ITEM (ID, ORDER_ID, PRODUCT_ID, QUANTITY)
VALUES (11339, 469, 43, 1);
INSERT INTO ORDER_ITEM (ID, ORDER_ID, PRODUCT_ID, QUANTITY)
VALUES (11340, 469, 24, 16);
INSERT INTO ORDER_ITEM (ID, ORDER_ID, PRODUCT_ID, QUANTITY)
VALUES (11341, 469, 17, 1);
INSERT INTO ORDER_ITEM (ID, ORDER_ID, PRODUCT_ID, QUANTITY)
VALUES (11342, 469, 50, 4);
INSERT INTO ORDER_ITEM (ID, ORDER_ID, PRODUCT_ID, QUANTITY)
VALUES (11343, 469, 26, 0);
INSERT INTO ORDER_ITEM (ID, ORDER_ID, PRODUCT_ID, QUANTITY)
VALUES (11344, 469, 15, 8);
INSERT INTO ORDER_ITEM (ID, ORDER_ID, PRODUCT_ID, QUANTITY)
VALUES (11345, 469, 32, 11);
INSERT INTO ORDER_ITEM (ID, ORDER_ID, PRODUCT_ID, QUANTITY)
VALUES (11346, 469, 35, 12);
INSERT INTO ORDER_ITEM (ID, ORDER_ID, PRODUCT_ID, QUANTITY)
VALUES (11347, 469, 52, 7);
INSERT INTO ORDER_ITEM (ID, ORDER_ID, PRODUCT_ID, QUANTITY)
VALUES (11348, 469, 56, 9);
INSERT INTO ORDER_ITEM (ID, ORDER_ID, PRODUCT_ID, QUANTITY)
VALUES (11349, 469, 45, 17);
INSERT INTO ORDER_ITEM (ID, ORDER_ID, PRODUCT_ID, QUANTITY)
VALUES (11350, 469, 49, 19);
INSERT INTO ORDER_ITEM (ID, ORDER_ID, PRODUCT_ID, QUANTITY)
VALUES (11351, 469, 57, 15);
INSERT INTO ORDER_ITEM (ID, ORDER_ID, PRODUCT_ID, QUANTITY)
VALUES (11352, 469, 36, 10);
INSERT INTO ORDER_ITEM (ID, ORDER_ID, PRODUCT_ID, QUANTITY)
VALUES (11353, 469, 14, 14);
INSERT INTO ORDER_ITEM (ID, ORDER_ID, PRODUCT_ID, QUANTITY)
VALUES (11354, 469, 42, 4);
INSERT INTO ORDER_ITEM (ID, ORDER_ID, PRODUCT_ID, QUANTITY)
VALUES (11355, 469, 51, 0);
INSERT INTO ORDER_ITEM (ID, ORDER_ID, PRODUCT_ID, QUANTITY)
VALUES (11356, 469, 29, 16);
-- ### ORDER 460
INSERT INTO PAYMENT_DETAIL(ID, AMOUNT, PROVIDER, PROVIDER_PAYMENT_UUID)
VALUES (470, 565.0, 'ICARD', '603054554');
INSERT INTO ORDERS (ID, CUST_ID, PAYMENT_ID, STATUS, AMOUNT, CREATED_ON, UPDATED_ON)
VALUES (470, 777, 470, 'DELIVERED', 565.0, LOCALTIMESTAMP, LOCALTIMESTAMP);
INSERT INTO ORDER_ITEM (ID, ORDER_ID, PRODUCT_ID, QUANTITY)
VALUES (11357, 470, 55, 5);
INSERT INTO ORDER_ITEM (ID, ORDER_ID, PRODUCT_ID, QUANTITY)
VALUES (11358, 470, 11, 13);
INSERT INTO ORDER_ITEM (ID, ORDER_ID, PRODUCT_ID, QUANTITY)
VALUES (11359, 470, 47, 11);
INSERT INTO ORDER_ITEM (ID, ORDER_ID, PRODUCT_ID, QUANTITY)
VALUES (11360, 470, 12, 11);
INSERT INTO ORDER_ITEM (ID, ORDER_ID, PRODUCT_ID, QUANTITY)
VALUES (11361, 470, 46, 5);
INSERT INTO ORDER_ITEM (ID, ORDER_ID, PRODUCT_ID, QUANTITY)
VALUES (11362, 470, 19, 2);
INSERT INTO ORDER_ITEM (ID, ORDER_ID, PRODUCT_ID, QUANTITY)
VALUES (11363, 470, 59, 4);
INSERT INTO ORDER_ITEM (ID, ORDER_ID, PRODUCT_ID, QUANTITY)
VALUES (11364, 470, 33, 1);
INSERT INTO ORDER_ITEM (ID, ORDER_ID, PRODUCT_ID, QUANTITY)
VALUES (11365, 470, 40, 14);
INSERT INTO ORDER_ITEM (ID, ORDER_ID, PRODUCT_ID, QUANTITY)
VALUES (11366, 470, 22, 5);
INSERT INTO ORDER_ITEM (ID, ORDER_ID, PRODUCT_ID, QUANTITY)
VALUES (11367, 470, 13, 12);
INSERT INTO ORDER_ITEM (ID, ORDER_ID, PRODUCT_ID, QUANTITY)
VALUES (11368, 470, 29, 5);
INSERT INTO ORDER_ITEM (ID, ORDER_ID, PRODUCT_ID, QUANTITY)
VALUES (11369, 470, 44, 7);
INSERT INTO ORDER_ITEM (ID, ORDER_ID, PRODUCT_ID, QUANTITY)
VALUES (11370, 470, 42, 15);
INSERT INTO ORDER_ITEM (ID, ORDER_ID, PRODUCT_ID, QUANTITY)
VALUES (11371, 470, 25, 14);
INSERT INTO ORDER_ITEM (ID, ORDER_ID, PRODUCT_ID, QUANTITY)
VALUES (11372, 470, 15, 8);
INSERT INTO ORDER_ITEM (ID, ORDER_ID, PRODUCT_ID, QUANTITY)
VALUES (11373, 470, 45, 18);
-- ### ORDER 461
INSERT INTO PAYMENT_DETAIL(ID, AMOUNT, PROVIDER, PROVIDER_PAYMENT_UUID)
VALUES (471, 1859.0, 'VISA', '695122703');
INSERT INTO ORDERS (ID, CUST_ID, PAYMENT_ID, STATUS, AMOUNT, CREATED_ON, UPDATED_ON)
VALUES (471, 777, 471, 'DELIVERED', 1859.0, LOCALTIMESTAMP, LOCALTIMESTAMP);
INSERT INTO ORDER_ITEM (ID, ORDER_ID, PRODUCT_ID, QUANTITY)
VALUES (11374, 471, 37, 6);
INSERT INTO ORDER_ITEM (ID, ORDER_ID, PRODUCT_ID, QUANTITY)
VALUES (11375, 471, 42, 1);
INSERT INTO ORDER_ITEM (ID, ORDER_ID, PRODUCT_ID, QUANTITY)
VALUES (11376, 471, 20, 15);
INSERT INTO ORDER_ITEM (ID, ORDER_ID, PRODUCT_ID, QUANTITY)
VALUES (11377, 471, 13, 9);
INSERT INTO ORDER_ITEM (ID, ORDER_ID, PRODUCT_ID, QUANTITY)
VALUES (11378, 471, 15, 17);
INSERT INTO ORDER_ITEM (ID, ORDER_ID, PRODUCT_ID, QUANTITY)
VALUES (11379, 471, 23, 1);
INSERT INTO ORDER_ITEM (ID, ORDER_ID, PRODUCT_ID, QUANTITY)
VALUES (11380, 471, 19, 18);
INSERT INTO ORDER_ITEM (ID, ORDER_ID, PRODUCT_ID, QUANTITY)
VALUES (11381, 471, 54, 10);
INSERT INTO ORDER_ITEM (ID, ORDER_ID, PRODUCT_ID, QUANTITY)
VALUES (11382, 471, 47, 2);
INSERT INTO ORDER_ITEM (ID, ORDER_ID, PRODUCT_ID, QUANTITY)
VALUES (11383, 471, 25, 16);
-- ### ORDER 462
INSERT INTO PAYMENT_DETAIL(ID, AMOUNT, PROVIDER, PROVIDER_PAYMENT_UUID)
VALUES (472, 2691.0, 'VISA', '719392603');
INSERT INTO ORDERS (ID, CUST_ID, PAYMENT_ID, STATUS, AMOUNT, CREATED_ON, UPDATED_ON)
VALUES (472, 777, 472, 'DELIVERED', 2691.0, LOCALTIMESTAMP, LOCALTIMESTAMP);
INSERT INTO ORDER_ITEM (ID, ORDER_ID, PRODUCT_ID, QUANTITY)
VALUES (11384, 472, 12, 13);
INSERT INTO ORDER_ITEM (ID, ORDER_ID, PRODUCT_ID, QUANTITY)
VALUES (11385, 472, 17, 20);
INSERT INTO ORDER_ITEM (ID, ORDER_ID, PRODUCT_ID, QUANTITY)
VALUES (11386, 472, 60, 10);
INSERT INTO ORDER_ITEM (ID, ORDER_ID, PRODUCT_ID, QUANTITY)
VALUES (11387, 472, 16, 17);
INSERT INTO ORDER_ITEM (ID, ORDER_ID, PRODUCT_ID, QUANTITY)
VALUES (11388, 472, 20, 8);
INSERT INTO ORDER_ITEM (ID, ORDER_ID, PRODUCT_ID, QUANTITY)
VALUES (11389, 472, 29, 12);
INSERT INTO ORDER_ITEM (ID, ORDER_ID, PRODUCT_ID, QUANTITY)
VALUES (11390, 472, 44, 18);
INSERT INTO ORDER_ITEM (ID, ORDER_ID, PRODUCT_ID, QUANTITY)
VALUES (11391, 472, 42, 11);
INSERT INTO ORDER_ITEM (ID, ORDER_ID, PRODUCT_ID, QUANTITY)
VALUES (11392, 472, 31, 4);
INSERT INTO ORDER_ITEM (ID, ORDER_ID, PRODUCT_ID, QUANTITY)
VALUES (11393, 472, 43, 6);
INSERT INTO ORDER_ITEM (ID, ORDER_ID, PRODUCT_ID, QUANTITY)
VALUES (11394, 472, 56, 17);
INSERT INTO ORDER_ITEM (ID, ORDER_ID, PRODUCT_ID, QUANTITY)
VALUES (11395, 472, 27, 13);
INSERT INTO ORDER_ITEM (ID, ORDER_ID, PRODUCT_ID, QUANTITY)
VALUES (11396, 472, 40, 0);
INSERT INTO ORDER_ITEM (ID, ORDER_ID, PRODUCT_ID, QUANTITY)
VALUES (11397, 472, 58, 12);
-- ### ORDER 463
INSERT INTO PAYMENT_DETAIL(ID, AMOUNT, PROVIDER, PROVIDER_PAYMENT_UUID)
VALUES (473, 1687.0, 'ICARD', '266263504');
INSERT INTO ORDERS (ID, CUST_ID, PAYMENT_ID, STATUS, AMOUNT, CREATED_ON, UPDATED_ON)
VALUES (473, 777, 473, 'DELIVERED', 1687.0, LOCALTIMESTAMP, LOCALTIMESTAMP);
INSERT INTO ORDER_ITEM (ID, ORDER_ID, PRODUCT_ID, QUANTITY)
VALUES (11398, 473, 11, 18);
INSERT INTO ORDER_ITEM (ID, ORDER_ID, PRODUCT_ID, QUANTITY)
VALUES (11399, 473, 18, 6);
INSERT INTO ORDER_ITEM (ID, ORDER_ID, PRODUCT_ID, QUANTITY)
VALUES (11400, 473, 39, 19);
INSERT INTO ORDER_ITEM (ID, ORDER_ID, PRODUCT_ID, QUANTITY)
VALUES (11401, 473, 31, 16);
INSERT INTO ORDER_ITEM (ID, ORDER_ID, PRODUCT_ID, QUANTITY)
VALUES (11402, 473, 34, 13);
INSERT INTO ORDER_ITEM (ID, ORDER_ID, PRODUCT_ID, QUANTITY)
VALUES (11403, 473, 24, 1);
INSERT INTO ORDER_ITEM (ID, ORDER_ID, PRODUCT_ID, QUANTITY)
VALUES (11404, 473, 59, 5);
INSERT INTO ORDER_ITEM (ID, ORDER_ID, PRODUCT_ID, QUANTITY)
VALUES (11405, 473, 49, 18);
INSERT INTO ORDER_ITEM (ID, ORDER_ID, PRODUCT_ID, QUANTITY)
VALUES (11406, 473, 32, 11);
INSERT INTO ORDER_ITEM (ID, ORDER_ID, PRODUCT_ID, QUANTITY)
VALUES (11407, 473, 54, 15);
INSERT INTO ORDER_ITEM (ID, ORDER_ID, PRODUCT_ID, QUANTITY)
VALUES (11408, 473, 46, 8);
INSERT INTO ORDER_ITEM (ID, ORDER_ID, PRODUCT_ID, QUANTITY)
VALUES (11409, 473, 50, 14);
-- ### ORDER 464
INSERT INTO PAYMENT_DETAIL(ID, AMOUNT, PROVIDER, PROVIDER_PAYMENT_UUID)
VALUES (474, 372.0, 'VISA', '994431952');
INSERT INTO ORDERS (ID, CUST_ID, PAYMENT_ID, STATUS, AMOUNT, CREATED_ON, UPDATED_ON)
VALUES (474, 777, 474, 'DELIVERED', 372.0, LOCALTIMESTAMP, LOCALTIMESTAMP);
INSERT INTO ORDER_ITEM (ID, ORDER_ID, PRODUCT_ID, QUANTITY)
VALUES (11410, 474, 22, 7);
INSERT INTO ORDER_ITEM (ID, ORDER_ID, PRODUCT_ID, QUANTITY)
VALUES (11411, 474, 37, 20);
INSERT INTO ORDER_ITEM (ID, ORDER_ID, PRODUCT_ID, QUANTITY)
VALUES (11412, 474, 48, 18);
INSERT INTO ORDER_ITEM (ID, ORDER_ID, PRODUCT_ID, QUANTITY)
VALUES (11413, 474, 45, 2);
INSERT INTO ORDER_ITEM (ID, ORDER_ID, PRODUCT_ID, QUANTITY)
VALUES (11414, 474, 27, 15);
INSERT INTO ORDER_ITEM (ID, ORDER_ID, PRODUCT_ID, QUANTITY)
VALUES (11415, 474, 23, 0);
INSERT INTO ORDER_ITEM (ID, ORDER_ID, PRODUCT_ID, QUANTITY)
VALUES (11416, 474, 32, 1);
INSERT INTO ORDER_ITEM (ID, ORDER_ID, PRODUCT_ID, QUANTITY)
VALUES (11417, 474, 39, 16);
INSERT INTO ORDER_ITEM (ID, ORDER_ID, PRODUCT_ID, QUANTITY)
VALUES (11418, 474, 31, 6);
INSERT INTO ORDER_ITEM (ID, ORDER_ID, PRODUCT_ID, QUANTITY)
VALUES (11419, 474, 52, 1);
INSERT INTO ORDER_ITEM (ID, ORDER_ID, PRODUCT_ID, QUANTITY)
VALUES (11420, 474, 58, 0);
INSERT INTO ORDER_ITEM (ID, ORDER_ID, PRODUCT_ID, QUANTITY)
VALUES (11421, 474, 46, 7);
INSERT INTO ORDER_ITEM (ID, ORDER_ID, PRODUCT_ID, QUANTITY)
VALUES (11422, 474, 21, 12);
INSERT INTO ORDER_ITEM (ID, ORDER_ID, PRODUCT_ID, QUANTITY)
VALUES (11423, 474, 42, 2);
INSERT INTO ORDER_ITEM (ID, ORDER_ID, PRODUCT_ID, QUANTITY)
VALUES (11424, 474, 11, 3);
INSERT INTO ORDER_ITEM (ID, ORDER_ID, PRODUCT_ID, QUANTITY)
VALUES (11425, 474, 59, 5);
INSERT INTO ORDER_ITEM (ID, ORDER_ID, PRODUCT_ID, QUANTITY)
VALUES (11426, 474, 12, 11);
INSERT INTO ORDER_ITEM (ID, ORDER_ID, PRODUCT_ID, QUANTITY)
VALUES (11427, 474, 36, 8);
INSERT INTO ORDER_ITEM (ID, ORDER_ID, PRODUCT_ID, QUANTITY)
VALUES (11428, 474, 17, 13);
INSERT INTO ORDER_ITEM (ID, ORDER_ID, PRODUCT_ID, QUANTITY)
VALUES (11429, 474, 20, 16);
INSERT INTO ORDER_ITEM (ID, ORDER_ID, PRODUCT_ID, QUANTITY)
VALUES (11430, 474, 44, 20);
INSERT INTO ORDER_ITEM (ID, ORDER_ID, PRODUCT_ID, QUANTITY)
VALUES (11431, 474, 38, 6);
INSERT INTO ORDER_ITEM (ID, ORDER_ID, PRODUCT_ID, QUANTITY)
VALUES (11432, 474, 18, 5);
INSERT INTO ORDER_ITEM (ID, ORDER_ID, PRODUCT_ID, QUANTITY)
VALUES (11433, 474, 33, 16);
INSERT INTO ORDER_ITEM (ID, ORDER_ID, PRODUCT_ID, QUANTITY)
VALUES (11434, 474, 14, 16);
INSERT INTO ORDER_ITEM (ID, ORDER_ID, PRODUCT_ID, QUANTITY)
VALUES (11435, 474, 50, 11);
INSERT INTO ORDER_ITEM (ID, ORDER_ID, PRODUCT_ID, QUANTITY)
VALUES (11436, 474, 49, 8);
INSERT INTO ORDER_ITEM (ID, ORDER_ID, PRODUCT_ID, QUANTITY)
VALUES (11437, 474, 43, 1);
INSERT INTO ORDER_ITEM (ID, ORDER_ID, PRODUCT_ID, QUANTITY)
VALUES (11438, 474, 13, 1);
INSERT INTO ORDER_ITEM (ID, ORDER_ID, PRODUCT_ID, QUANTITY)
VALUES (11439, 474, 60, 16);
INSERT INTO ORDER_ITEM (ID, ORDER_ID, PRODUCT_ID, QUANTITY)
VALUES (11440, 474, 40, 7);
INSERT INTO ORDER_ITEM (ID, ORDER_ID, PRODUCT_ID, QUANTITY)
VALUES (11441, 474, 51, 6);
INSERT INTO ORDER_ITEM (ID, ORDER_ID, PRODUCT_ID, QUANTITY)
VALUES (11442, 474, 53, 6);
INSERT INTO ORDER_ITEM (ID, ORDER_ID, PRODUCT_ID, QUANTITY)
VALUES (11443, 474, 16, 8);
INSERT INTO ORDER_ITEM (ID, ORDER_ID, PRODUCT_ID, QUANTITY)
VALUES (11444, 474, 19, 13);
INSERT INTO ORDER_ITEM (ID, ORDER_ID, PRODUCT_ID, QUANTITY)
VALUES (11445, 474, 54, 17);
INSERT INTO ORDER_ITEM (ID, ORDER_ID, PRODUCT_ID, QUANTITY)
VALUES (11446, 474, 26, 3);
INSERT INTO ORDER_ITEM (ID, ORDER_ID, PRODUCT_ID, QUANTITY)
VALUES (11447, 474, 30, 18);
INSERT INTO ORDER_ITEM (ID, ORDER_ID, PRODUCT_ID, QUANTITY)
VALUES (11448, 474, 34, 2);
INSERT INTO ORDER_ITEM (ID, ORDER_ID, PRODUCT_ID, QUANTITY)
VALUES (11449, 474, 25, 11);
INSERT INTO ORDER_ITEM (ID, ORDER_ID, PRODUCT_ID, QUANTITY)
VALUES (11450, 474, 56, 20);
INSERT INTO ORDER_ITEM (ID, ORDER_ID, PRODUCT_ID, QUANTITY)
VALUES (11451, 474, 41, 1);
-- ### ORDER 465
INSERT INTO PAYMENT_DETAIL(ID, AMOUNT, PROVIDER, PROVIDER_PAYMENT_UUID)
VALUES (475, 3589.0, 'MASTERCARD', '353170063');
INSERT INTO ORDERS (ID, CUST_ID, PAYMENT_ID, STATUS, AMOUNT, CREATED_ON, UPDATED_ON)
VALUES (475, 777, 475, 'DELIVERED', 3589.0, LOCALTIMESTAMP, LOCALTIMESTAMP);
INSERT INTO ORDER_ITEM (ID, ORDER_ID, PRODUCT_ID, QUANTITY)
VALUES (11452, 475, 21, 7);
INSERT INTO ORDER_ITEM (ID, ORDER_ID, PRODUCT_ID, QUANTITY)
VALUES (11453, 475, 26, 15);
INSERT INTO ORDER_ITEM (ID, ORDER_ID, PRODUCT_ID, QUANTITY)
VALUES (11454, 475, 43, 5);
INSERT INTO ORDER_ITEM (ID, ORDER_ID, PRODUCT_ID, QUANTITY)
VALUES (11455, 475, 40, 16);
INSERT INTO ORDER_ITEM (ID, ORDER_ID, PRODUCT_ID, QUANTITY)
VALUES (11456, 475, 24, 10);
INSERT INTO ORDER_ITEM (ID, ORDER_ID, PRODUCT_ID, QUANTITY)
VALUES (11457, 475, 32, 19);
INSERT INTO ORDER_ITEM (ID, ORDER_ID, PRODUCT_ID, QUANTITY)
VALUES (11458, 475, 16, 1);
INSERT INTO ORDER_ITEM (ID, ORDER_ID, PRODUCT_ID, QUANTITY)
VALUES (11459, 475, 29, 20);
INSERT INTO ORDER_ITEM (ID, ORDER_ID, PRODUCT_ID, QUANTITY)
VALUES (11460, 475, 37, 6);
INSERT INTO ORDER_ITEM (ID, ORDER_ID, PRODUCT_ID, QUANTITY)
VALUES (11461, 475, 46, 11);
INSERT INTO ORDER_ITEM (ID, ORDER_ID, PRODUCT_ID, QUANTITY)
VALUES (11462, 475, 42, 10);
INSERT INTO ORDER_ITEM (ID, ORDER_ID, PRODUCT_ID, QUANTITY)
VALUES (11463, 475, 52, 18);
INSERT INTO ORDER_ITEM (ID, ORDER_ID, PRODUCT_ID, QUANTITY)
VALUES (11464, 475, 25, 5);
INSERT INTO ORDER_ITEM (ID, ORDER_ID, PRODUCT_ID, QUANTITY)
VALUES (11465, 475, 58, 10);
INSERT INTO ORDER_ITEM (ID, ORDER_ID, PRODUCT_ID, QUANTITY)
VALUES (11466, 475, 54, 14);
INSERT INTO ORDER_ITEM (ID, ORDER_ID, PRODUCT_ID, QUANTITY)
VALUES (11467, 475, 45, 1);
INSERT INTO ORDER_ITEM (ID, ORDER_ID, PRODUCT_ID, QUANTITY)
VALUES (11468, 475, 38, 3);
INSERT INTO ORDER_ITEM (ID, ORDER_ID, PRODUCT_ID, QUANTITY)
VALUES (11469, 475, 17, 18);
INSERT INTO ORDER_ITEM (ID, ORDER_ID, PRODUCT_ID, QUANTITY)
VALUES (11470, 475, 49, 17);
INSERT INTO ORDER_ITEM (ID, ORDER_ID, PRODUCT_ID, QUANTITY)
VALUES (11471, 475, 41, 4);
INSERT INTO ORDER_ITEM (ID, ORDER_ID, PRODUCT_ID, QUANTITY)
VALUES (11472, 475, 30, 5);
INSERT INTO ORDER_ITEM (ID, ORDER_ID, PRODUCT_ID, QUANTITY)
VALUES (11473, 475, 20, 7);
INSERT INTO ORDER_ITEM (ID, ORDER_ID, PRODUCT_ID, QUANTITY)
VALUES (11474, 475, 34, 8);
INSERT INTO ORDER_ITEM (ID, ORDER_ID, PRODUCT_ID, QUANTITY)
VALUES (11475, 475, 60, 10);
INSERT INTO ORDER_ITEM (ID, ORDER_ID, PRODUCT_ID, QUANTITY)
VALUES (11476, 475, 53, 9);
INSERT INTO ORDER_ITEM (ID, ORDER_ID, PRODUCT_ID, QUANTITY)
VALUES (11477, 475, 51, 11);
INSERT INTO ORDER_ITEM (ID, ORDER_ID, PRODUCT_ID, QUANTITY)
VALUES (11478, 475, 55, 12);
INSERT INTO ORDER_ITEM (ID, ORDER_ID, PRODUCT_ID, QUANTITY)
VALUES (11479, 475, 48, 11);
INSERT INTO ORDER_ITEM (ID, ORDER_ID, PRODUCT_ID, QUANTITY)
VALUES (11480, 475, 12, 6);
INSERT INTO ORDER_ITEM (ID, ORDER_ID, PRODUCT_ID, QUANTITY)
VALUES (11481, 475, 18, 12);
INSERT INTO ORDER_ITEM (ID, ORDER_ID, PRODUCT_ID, QUANTITY)
VALUES (11482, 475, 47, 17);
INSERT INTO ORDER_ITEM (ID, ORDER_ID, PRODUCT_ID, QUANTITY)
VALUES (11483, 475, 31, 4);
INSERT INTO ORDER_ITEM (ID, ORDER_ID, PRODUCT_ID, QUANTITY)
VALUES (11484, 475, 44, 9);
INSERT INTO ORDER_ITEM (ID, ORDER_ID, PRODUCT_ID, QUANTITY)
VALUES (11485, 475, 28, 2);
-- ### ORDER 466
INSERT INTO PAYMENT_DETAIL(ID, AMOUNT, PROVIDER, PROVIDER_PAYMENT_UUID)
VALUES (476, 2522.0, 'ICARD', '139007925');
INSERT INTO ORDERS (ID, CUST_ID, PAYMENT_ID, STATUS, AMOUNT, CREATED_ON, UPDATED_ON)
VALUES (476, 777, 476, 'DELIVERED', 2522.0, LOCALTIMESTAMP, LOCALTIMESTAMP);
INSERT INTO ORDER_ITEM (ID, ORDER_ID, PRODUCT_ID, QUANTITY)
VALUES (11486, 476, 41, 14);
INSERT INTO ORDER_ITEM (ID, ORDER_ID, PRODUCT_ID, QUANTITY)
VALUES (11487, 476, 22, 4);
INSERT INTO ORDER_ITEM (ID, ORDER_ID, PRODUCT_ID, QUANTITY)
VALUES (11488, 476, 25, 8);
INSERT INTO ORDER_ITEM (ID, ORDER_ID, PRODUCT_ID, QUANTITY)
VALUES (11489, 476, 19, 17);
INSERT INTO ORDER_ITEM (ID, ORDER_ID, PRODUCT_ID, QUANTITY)
VALUES (11490, 476, 37, 10);
INSERT INTO ORDER_ITEM (ID, ORDER_ID, PRODUCT_ID, QUANTITY)
VALUES (11491, 476, 54, 3);
INSERT INTO ORDER_ITEM (ID, ORDER_ID, PRODUCT_ID, QUANTITY)
VALUES (11492, 476, 24, 17);
INSERT INTO ORDER_ITEM (ID, ORDER_ID, PRODUCT_ID, QUANTITY)
VALUES (11493, 476, 15, 12);
INSERT INTO ORDER_ITEM (ID, ORDER_ID, PRODUCT_ID, QUANTITY)
VALUES (11494, 476, 60, 16);
INSERT INTO ORDER_ITEM (ID, ORDER_ID, PRODUCT_ID, QUANTITY)
VALUES (11495, 476, 30, 9);
INSERT INTO ORDER_ITEM (ID, ORDER_ID, PRODUCT_ID, QUANTITY)
VALUES (11496, 476, 39, 0);
INSERT INTO ORDER_ITEM (ID, ORDER_ID, PRODUCT_ID, QUANTITY)
VALUES (11497, 476, 26, 19);
INSERT INTO ORDER_ITEM (ID, ORDER_ID, PRODUCT_ID, QUANTITY)
VALUES (11498, 476, 11, 14);
INSERT INTO ORDER_ITEM (ID, ORDER_ID, PRODUCT_ID, QUANTITY)
VALUES (11499, 476, 16, 11);
INSERT INTO ORDER_ITEM (ID, ORDER_ID, PRODUCT_ID, QUANTITY)
VALUES (11500, 476, 45, 8);
INSERT INTO ORDER_ITEM (ID, ORDER_ID, PRODUCT_ID, QUANTITY)
VALUES (11501, 476, 36, 0);
INSERT INTO ORDER_ITEM (ID, ORDER_ID, PRODUCT_ID, QUANTITY)
VALUES (11502, 476, 53, 10);
INSERT INTO ORDER_ITEM (ID, ORDER_ID, PRODUCT_ID, QUANTITY)
VALUES (11503, 476, 17, 19);
INSERT INTO ORDER_ITEM (ID, ORDER_ID, PRODUCT_ID, QUANTITY)
VALUES (11504, 476, 57, 4);
INSERT INTO ORDER_ITEM (ID, ORDER_ID, PRODUCT_ID, QUANTITY)
VALUES (11505, 476, 47, 7);
INSERT INTO ORDER_ITEM (ID, ORDER_ID, PRODUCT_ID, QUANTITY)
VALUES (11506, 476, 13, 10);
INSERT INTO ORDER_ITEM (ID, ORDER_ID, PRODUCT_ID, QUANTITY)
VALUES (11507, 476, 32, 15);
INSERT INTO ORDER_ITEM (ID, ORDER_ID, PRODUCT_ID, QUANTITY)
VALUES (11508, 476, 28, 6);
INSERT INTO ORDER_ITEM (ID, ORDER_ID, PRODUCT_ID, QUANTITY)
VALUES (11509, 476, 29, 18);
INSERT INTO ORDER_ITEM (ID, ORDER_ID, PRODUCT_ID, QUANTITY)
VALUES (11510, 476, 46, 4);
INSERT INTO ORDER_ITEM (ID, ORDER_ID, PRODUCT_ID, QUANTITY)
VALUES (11511, 476, 34, 12);
INSERT INTO ORDER_ITEM (ID, ORDER_ID, PRODUCT_ID, QUANTITY)
VALUES (11512, 476, 48, 17);
INSERT INTO ORDER_ITEM (ID, ORDER_ID, PRODUCT_ID, QUANTITY)
VALUES (11513, 476, 38, 11);
INSERT INTO ORDER_ITEM (ID, ORDER_ID, PRODUCT_ID, QUANTITY)
VALUES (11514, 476, 40, 9);
INSERT INTO ORDER_ITEM (ID, ORDER_ID, PRODUCT_ID, QUANTITY)
VALUES (11515, 476, 56, 4);
INSERT INTO ORDER_ITEM (ID, ORDER_ID, PRODUCT_ID, QUANTITY)
VALUES (11516, 476, 33, 1);
INSERT INTO ORDER_ITEM (ID, ORDER_ID, PRODUCT_ID, QUANTITY)
VALUES (11517, 476, 44, 3);
INSERT INTO ORDER_ITEM (ID, ORDER_ID, PRODUCT_ID, QUANTITY)
VALUES (11518, 476, 51, 8);
INSERT INTO ORDER_ITEM (ID, ORDER_ID, PRODUCT_ID, QUANTITY)
VALUES (11519, 476, 59, 5);
INSERT INTO ORDER_ITEM (ID, ORDER_ID, PRODUCT_ID, QUANTITY)
VALUES (11520, 476, 58, 17);
-- ### ORDER 467
INSERT INTO PAYMENT_DETAIL(ID, AMOUNT, PROVIDER, PROVIDER_PAYMENT_UUID)
VALUES (477, 4221.0, 'CRYPTO', '439550599');
INSERT INTO ORDERS (ID, CUST_ID, PAYMENT_ID, STATUS, AMOUNT, CREATED_ON, UPDATED_ON)
VALUES (477, 777, 477, 'DELIVERED', 4221.0, LOCALTIMESTAMP, LOCALTIMESTAMP);
INSERT INTO ORDER_ITEM (ID, ORDER_ID, PRODUCT_ID, QUANTITY)
VALUES (11521, 477, 22, 5);
-- ### ORDER 468
INSERT INTO PAYMENT_DETAIL(ID, AMOUNT, PROVIDER, PROVIDER_PAYMENT_UUID)
VALUES (478, 1116.0, 'VISA', '493320940');
INSERT INTO ORDERS (ID, CUST_ID, PAYMENT_ID, STATUS, AMOUNT, CREATED_ON, UPDATED_ON)
VALUES (478, 777, 478, 'DELIVERED', 1116.0, LOCALTIMESTAMP, LOCALTIMESTAMP);
INSERT INTO ORDER_ITEM (ID, ORDER_ID, PRODUCT_ID, QUANTITY)
VALUES (11522, 478, 57, 18);
INSERT INTO ORDER_ITEM (ID, ORDER_ID, PRODUCT_ID, QUANTITY)
VALUES (11523, 478, 43, 15);
INSERT INTO ORDER_ITEM (ID, ORDER_ID, PRODUCT_ID, QUANTITY)
VALUES (11524, 478, 24, 14);
INSERT INTO ORDER_ITEM (ID, ORDER_ID, PRODUCT_ID, QUANTITY)
VALUES (11525, 478, 47, 5);
INSERT INTO ORDER_ITEM (ID, ORDER_ID, PRODUCT_ID, QUANTITY)
VALUES (11526, 478, 41, 13);
INSERT INTO ORDER_ITEM (ID, ORDER_ID, PRODUCT_ID, QUANTITY)
VALUES (11527, 478, 12, 16);
INSERT INTO ORDER_ITEM (ID, ORDER_ID, PRODUCT_ID, QUANTITY)
VALUES (11528, 478, 21, 13);
INSERT INTO ORDER_ITEM (ID, ORDER_ID, PRODUCT_ID, QUANTITY)
VALUES (11529, 478, 11, 15);
INSERT INTO ORDER_ITEM (ID, ORDER_ID, PRODUCT_ID, QUANTITY)
VALUES (11530, 478, 56, 16);
INSERT INTO ORDER_ITEM (ID, ORDER_ID, PRODUCT_ID, QUANTITY)
VALUES (11531, 478, 18, 16);
INSERT INTO ORDER_ITEM (ID, ORDER_ID, PRODUCT_ID, QUANTITY)
VALUES (11532, 478, 15, 1);
INSERT INTO ORDER_ITEM (ID, ORDER_ID, PRODUCT_ID, QUANTITY)
VALUES (11533, 478, 17, 3);
INSERT INTO ORDER_ITEM (ID, ORDER_ID, PRODUCT_ID, QUANTITY)
VALUES (11534, 478, 59, 12);
INSERT INTO ORDER_ITEM (ID, ORDER_ID, PRODUCT_ID, QUANTITY)
VALUES (11535, 478, 55, 7);
INSERT INTO ORDER_ITEM (ID, ORDER_ID, PRODUCT_ID, QUANTITY)
VALUES (11536, 478, 60, 11);
INSERT INTO ORDER_ITEM (ID, ORDER_ID, PRODUCT_ID, QUANTITY)
VALUES (11537, 478, 27, 6);
INSERT INTO ORDER_ITEM (ID, ORDER_ID, PRODUCT_ID, QUANTITY)
VALUES (11538, 478, 14, 8);
INSERT INTO ORDER_ITEM (ID, ORDER_ID, PRODUCT_ID, QUANTITY)
VALUES (11539, 478, 48, 15);
INSERT INTO ORDER_ITEM (ID, ORDER_ID, PRODUCT_ID, QUANTITY)
VALUES (11540, 478, 22, 18);
INSERT INTO ORDER_ITEM (ID, ORDER_ID, PRODUCT_ID, QUANTITY)
VALUES (11541, 478, 28, 3);
INSERT INTO ORDER_ITEM (ID, ORDER_ID, PRODUCT_ID, QUANTITY)
VALUES (11542, 478, 50, 14);
INSERT INTO ORDER_ITEM (ID, ORDER_ID, PRODUCT_ID, QUANTITY)
VALUES (11543, 478, 25, 17);
INSERT INTO ORDER_ITEM (ID, ORDER_ID, PRODUCT_ID, QUANTITY)
VALUES (11544, 478, 37, 2);
INSERT INTO ORDER_ITEM (ID, ORDER_ID, PRODUCT_ID, QUANTITY)
VALUES (11545, 478, 26, 13);
INSERT INTO ORDER_ITEM (ID, ORDER_ID, PRODUCT_ID, QUANTITY)
VALUES (11546, 478, 49, 10);
INSERT INTO ORDER_ITEM (ID, ORDER_ID, PRODUCT_ID, QUANTITY)
VALUES (11547, 478, 23, 20);
INSERT INTO ORDER_ITEM (ID, ORDER_ID, PRODUCT_ID, QUANTITY)
VALUES (11548, 478, 46, 11);
INSERT INTO ORDER_ITEM (ID, ORDER_ID, PRODUCT_ID, QUANTITY)
VALUES (11549, 478, 19, 12);
INSERT INTO ORDER_ITEM (ID, ORDER_ID, PRODUCT_ID, QUANTITY)
VALUES (11550, 478, 53, 10);
INSERT INTO ORDER_ITEM (ID, ORDER_ID, PRODUCT_ID, QUANTITY)
VALUES (11551, 478, 16, 7);
INSERT INTO ORDER_ITEM (ID, ORDER_ID, PRODUCT_ID, QUANTITY)
VALUES (11552, 478, 34, 2);
INSERT INTO ORDER_ITEM (ID, ORDER_ID, PRODUCT_ID, QUANTITY)
VALUES (11553, 478, 31, 12);
INSERT INTO ORDER_ITEM (ID, ORDER_ID, PRODUCT_ID, QUANTITY)
VALUES (11554, 478, 30, 8);
INSERT INTO ORDER_ITEM (ID, ORDER_ID, PRODUCT_ID, QUANTITY)
VALUES (11555, 478, 45, 16);
INSERT INTO ORDER_ITEM (ID, ORDER_ID, PRODUCT_ID, QUANTITY)
VALUES (11556, 478, 35, 8);
INSERT INTO ORDER_ITEM (ID, ORDER_ID, PRODUCT_ID, QUANTITY)
VALUES (11557, 478, 52, 12);
INSERT INTO ORDER_ITEM (ID, ORDER_ID, PRODUCT_ID, QUANTITY)
VALUES (11558, 478, 42, 11);
INSERT INTO ORDER_ITEM (ID, ORDER_ID, PRODUCT_ID, QUANTITY)
VALUES (11559, 478, 38, 2);
INSERT INTO ORDER_ITEM (ID, ORDER_ID, PRODUCT_ID, QUANTITY)
VALUES (11560, 478, 39, 13);
INSERT INTO ORDER_ITEM (ID, ORDER_ID, PRODUCT_ID, QUANTITY)
VALUES (11561, 478, 33, 19);
INSERT INTO ORDER_ITEM (ID, ORDER_ID, PRODUCT_ID, QUANTITY)
VALUES (11562, 478, 40, 18);
INSERT INTO ORDER_ITEM (ID, ORDER_ID, PRODUCT_ID, QUANTITY)
VALUES (11563, 478, 32, 9);
-- ### ORDER 469
INSERT INTO PAYMENT_DETAIL(ID, AMOUNT, PROVIDER, PROVIDER_PAYMENT_UUID)
VALUES (479, 2970.0, 'PAYPAL', '810985821');
INSERT INTO ORDERS (ID, CUST_ID, PAYMENT_ID, STATUS, AMOUNT, CREATED_ON, UPDATED_ON)
VALUES (479, 777, 479, 'DELIVERED', 2970.0, LOCALTIMESTAMP, LOCALTIMESTAMP);
INSERT INTO ORDER_ITEM (ID, ORDER_ID, PRODUCT_ID, QUANTITY)
VALUES (11564, 479, 21, 10);
INSERT INTO ORDER_ITEM (ID, ORDER_ID, PRODUCT_ID, QUANTITY)
VALUES (11565, 479, 14, 14);
INSERT INTO ORDER_ITEM (ID, ORDER_ID, PRODUCT_ID, QUANTITY)
VALUES (11566, 479, 39, 17);
INSERT INTO ORDER_ITEM (ID, ORDER_ID, PRODUCT_ID, QUANTITY)
VALUES (11567, 479, 52, 6);
INSERT INTO ORDER_ITEM (ID, ORDER_ID, PRODUCT_ID, QUANTITY)
VALUES (11568, 479, 57, 6);
INSERT INTO ORDER_ITEM (ID, ORDER_ID, PRODUCT_ID, QUANTITY)
VALUES (11569, 479, 24, 10);
INSERT INTO ORDER_ITEM (ID, ORDER_ID, PRODUCT_ID, QUANTITY)
VALUES (11570, 479, 42, 4);
INSERT INTO ORDER_ITEM (ID, ORDER_ID, PRODUCT_ID, QUANTITY)
VALUES (11571, 479, 49, 13);
INSERT INTO ORDER_ITEM (ID, ORDER_ID, PRODUCT_ID, QUANTITY)
VALUES (11572, 479, 40, 10);
INSERT INTO ORDER_ITEM (ID, ORDER_ID, PRODUCT_ID, QUANTITY)
VALUES (11573, 479, 59, 18);
INSERT INTO ORDER_ITEM (ID, ORDER_ID, PRODUCT_ID, QUANTITY)
VALUES (11574, 479, 28, 19);
INSERT INTO ORDER_ITEM (ID, ORDER_ID, PRODUCT_ID, QUANTITY)
VALUES (11575, 479, 46, 9);
INSERT INTO ORDER_ITEM (ID, ORDER_ID, PRODUCT_ID, QUANTITY)
VALUES (11576, 479, 11, 7);
INSERT INTO ORDER_ITEM (ID, ORDER_ID, PRODUCT_ID, QUANTITY)
VALUES (11577, 479, 27, 4);
INSERT INTO ORDER_ITEM (ID, ORDER_ID, PRODUCT_ID, QUANTITY)
VALUES (11578, 479, 34, 12);
INSERT INTO ORDER_ITEM (ID, ORDER_ID, PRODUCT_ID, QUANTITY)
VALUES (11579, 479, 56, 1);
INSERT INTO ORDER_ITEM (ID, ORDER_ID, PRODUCT_ID, QUANTITY)
VALUES (11580, 479, 38, 5);
INSERT INTO ORDER_ITEM (ID, ORDER_ID, PRODUCT_ID, QUANTITY)
VALUES (11581, 479, 32, 12);
INSERT INTO ORDER_ITEM (ID, ORDER_ID, PRODUCT_ID, QUANTITY)
VALUES (11582, 479, 41, 18);
INSERT INTO ORDER_ITEM (ID, ORDER_ID, PRODUCT_ID, QUANTITY)
VALUES (11583, 479, 31, 16);
INSERT INTO ORDER_ITEM (ID, ORDER_ID, PRODUCT_ID, QUANTITY)
VALUES (11584, 479, 44, 0);
INSERT INTO ORDER_ITEM (ID, ORDER_ID, PRODUCT_ID, QUANTITY)
VALUES (11585, 479, 47, 20);
INSERT INTO ORDER_ITEM (ID, ORDER_ID, PRODUCT_ID, QUANTITY)
VALUES (11586, 479, 15, 2);
INSERT INTO ORDER_ITEM (ID, ORDER_ID, PRODUCT_ID, QUANTITY)
VALUES (11587, 479, 13, 10);
INSERT INTO ORDER_ITEM (ID, ORDER_ID, PRODUCT_ID, QUANTITY)
VALUES (11588, 479, 45, 20);
INSERT INTO ORDER_ITEM (ID, ORDER_ID, PRODUCT_ID, QUANTITY)
VALUES (11589, 479, 54, 7);
INSERT INTO ORDER_ITEM (ID, ORDER_ID, PRODUCT_ID, QUANTITY)
VALUES (11590, 479, 36, 6);
INSERT INTO ORDER_ITEM (ID, ORDER_ID, PRODUCT_ID, QUANTITY)
VALUES (11591, 479, 16, 8);
-- ### ORDER 470
INSERT INTO PAYMENT_DETAIL(ID, AMOUNT, PROVIDER, PROVIDER_PAYMENT_UUID)
VALUES (480, 2440.0, 'MASTERCARD', '699155059');
INSERT INTO ORDERS (ID, CUST_ID, PAYMENT_ID, STATUS, AMOUNT, CREATED_ON, UPDATED_ON)
VALUES (480, 777, 480, 'DELIVERED', 2440.0, LOCALTIMESTAMP, LOCALTIMESTAMP);
-- ### ORDER 471
INSERT INTO PAYMENT_DETAIL(ID, AMOUNT, PROVIDER, PROVIDER_PAYMENT_UUID)
VALUES (481, 4271.0, 'ICARD', '666189820');
INSERT INTO ORDERS (ID, CUST_ID, PAYMENT_ID, STATUS, AMOUNT, CREATED_ON, UPDATED_ON)
VALUES (481, 777, 481, 'DELIVERED', 4271.0, LOCALTIMESTAMP, LOCALTIMESTAMP);
INSERT INTO ORDER_ITEM (ID, ORDER_ID, PRODUCT_ID, QUANTITY)
VALUES (11592, 481, 54, 19);
INSERT INTO ORDER_ITEM (ID, ORDER_ID, PRODUCT_ID, QUANTITY)
VALUES (11593, 481, 59, 1);
INSERT INTO ORDER_ITEM (ID, ORDER_ID, PRODUCT_ID, QUANTITY)
VALUES (11594, 481, 35, 15);
INSERT INTO ORDER_ITEM (ID, ORDER_ID, PRODUCT_ID, QUANTITY)
VALUES (11595, 481, 19, 1);
INSERT INTO ORDER_ITEM (ID, ORDER_ID, PRODUCT_ID, QUANTITY)
VALUES (11596, 481, 22, 1);
INSERT INTO ORDER_ITEM (ID, ORDER_ID, PRODUCT_ID, QUANTITY)
VALUES (11597, 481, 37, 17);
INSERT INTO ORDER_ITEM (ID, ORDER_ID, PRODUCT_ID, QUANTITY)
VALUES (11598, 481, 28, 10);
INSERT INTO ORDER_ITEM (ID, ORDER_ID, PRODUCT_ID, QUANTITY)
VALUES (11599, 481, 24, 2);
-- ### ORDER 472
INSERT INTO PAYMENT_DETAIL(ID, AMOUNT, PROVIDER, PROVIDER_PAYMENT_UUID)
VALUES (482, 4489.0, 'ICARD', '531170446');
INSERT INTO ORDERS (ID, CUST_ID, PAYMENT_ID, STATUS, AMOUNT, CREATED_ON, UPDATED_ON)
VALUES (482, 777, 482, 'DELIVERED', 4489.0, LOCALTIMESTAMP, LOCALTIMESTAMP);
INSERT INTO ORDER_ITEM (ID, ORDER_ID, PRODUCT_ID, QUANTITY)
VALUES (11600, 482, 48, 1);
INSERT INTO ORDER_ITEM (ID, ORDER_ID, PRODUCT_ID, QUANTITY)
VALUES (11601, 482, 28, 1);
INSERT INTO ORDER_ITEM (ID, ORDER_ID, PRODUCT_ID, QUANTITY)
VALUES (11602, 482, 47, 7);
INSERT INTO ORDER_ITEM (ID, ORDER_ID, PRODUCT_ID, QUANTITY)
VALUES (11603, 482, 59, 0);
INSERT INTO ORDER_ITEM (ID, ORDER_ID, PRODUCT_ID, QUANTITY)
VALUES (11604, 482, 58, 15);
INSERT INTO ORDER_ITEM (ID, ORDER_ID, PRODUCT_ID, QUANTITY)
VALUES (11605, 482, 21, 15);
INSERT INTO ORDER_ITEM (ID, ORDER_ID, PRODUCT_ID, QUANTITY)
VALUES (11606, 482, 26, 17);
INSERT INTO ORDER_ITEM (ID, ORDER_ID, PRODUCT_ID, QUANTITY)
VALUES (11607, 482, 14, 13);
INSERT INTO ORDER_ITEM (ID, ORDER_ID, PRODUCT_ID, QUANTITY)
VALUES (11608, 482, 40, 1);
-- ### ORDER 473
INSERT INTO PAYMENT_DETAIL(ID, AMOUNT, PROVIDER, PROVIDER_PAYMENT_UUID)
VALUES (483, 925.0, 'CRYPTO', '292850307');
INSERT INTO ORDERS (ID, CUST_ID, PAYMENT_ID, STATUS, AMOUNT, CREATED_ON, UPDATED_ON)
VALUES (483, 777, 483, 'DELIVERED', 925.0, LOCALTIMESTAMP, LOCALTIMESTAMP);
INSERT INTO ORDER_ITEM (ID, ORDER_ID, PRODUCT_ID, QUANTITY)
VALUES (11609, 483, 51, 8);
INSERT INTO ORDER_ITEM (ID, ORDER_ID, PRODUCT_ID, QUANTITY)
VALUES (11610, 483, 32, 1);
INSERT INTO ORDER_ITEM (ID, ORDER_ID, PRODUCT_ID, QUANTITY)
VALUES (11611, 483, 31, 6);
INSERT INTO ORDER_ITEM (ID, ORDER_ID, PRODUCT_ID, QUANTITY)
VALUES (11612, 483, 39, 8);
INSERT INTO ORDER_ITEM (ID, ORDER_ID, PRODUCT_ID, QUANTITY)
VALUES (11613, 483, 25, 15);
INSERT INTO ORDER_ITEM (ID, ORDER_ID, PRODUCT_ID, QUANTITY)
VALUES (11614, 483, 58, 14);
INSERT INTO ORDER_ITEM (ID, ORDER_ID, PRODUCT_ID, QUANTITY)
VALUES (11615, 483, 16, 12);
INSERT INTO ORDER_ITEM (ID, ORDER_ID, PRODUCT_ID, QUANTITY)
VALUES (11616, 483, 14, 3);
INSERT INTO ORDER_ITEM (ID, ORDER_ID, PRODUCT_ID, QUANTITY)
VALUES (11617, 483, 29, 10);
INSERT INTO ORDER_ITEM (ID, ORDER_ID, PRODUCT_ID, QUANTITY)
VALUES (11618, 483, 11, 3);
INSERT INTO ORDER_ITEM (ID, ORDER_ID, PRODUCT_ID, QUANTITY)
VALUES (11619, 483, 26, 15);
INSERT INTO ORDER_ITEM (ID, ORDER_ID, PRODUCT_ID, QUANTITY)
VALUES (11620, 483, 59, 19);
INSERT INTO ORDER_ITEM (ID, ORDER_ID, PRODUCT_ID, QUANTITY)
VALUES (11621, 483, 52, 0);
INSERT INTO ORDER_ITEM (ID, ORDER_ID, PRODUCT_ID, QUANTITY)
VALUES (11622, 483, 17, 6);
INSERT INTO ORDER_ITEM (ID, ORDER_ID, PRODUCT_ID, QUANTITY)
VALUES (11623, 483, 57, 17);
INSERT INTO ORDER_ITEM (ID, ORDER_ID, PRODUCT_ID, QUANTITY)
VALUES (11624, 483, 44, 5);
INSERT INTO ORDER_ITEM (ID, ORDER_ID, PRODUCT_ID, QUANTITY)
VALUES (11625, 483, 46, 14);
INSERT INTO ORDER_ITEM (ID, ORDER_ID, PRODUCT_ID, QUANTITY)
VALUES (11626, 483, 60, 10);
INSERT INTO ORDER_ITEM (ID, ORDER_ID, PRODUCT_ID, QUANTITY)
VALUES (11627, 483, 56, 12);
INSERT INTO ORDER_ITEM (ID, ORDER_ID, PRODUCT_ID, QUANTITY)
VALUES (11628, 483, 55, 17);
INSERT INTO ORDER_ITEM (ID, ORDER_ID, PRODUCT_ID, QUANTITY)
VALUES (11629, 483, 41, 7);
INSERT INTO ORDER_ITEM (ID, ORDER_ID, PRODUCT_ID, QUANTITY)
VALUES (11630, 483, 28, 8);
INSERT INTO ORDER_ITEM (ID, ORDER_ID, PRODUCT_ID, QUANTITY)
VALUES (11631, 483, 36, 12);
INSERT INTO ORDER_ITEM (ID, ORDER_ID, PRODUCT_ID, QUANTITY)
VALUES (11632, 483, 37, 9);
INSERT INTO ORDER_ITEM (ID, ORDER_ID, PRODUCT_ID, QUANTITY)
VALUES (11633, 483, 19, 13);
INSERT INTO ORDER_ITEM (ID, ORDER_ID, PRODUCT_ID, QUANTITY)
VALUES (11634, 483, 27, 16);
INSERT INTO ORDER_ITEM (ID, ORDER_ID, PRODUCT_ID, QUANTITY)
VALUES (11635, 483, 22, 18);
INSERT INTO ORDER_ITEM (ID, ORDER_ID, PRODUCT_ID, QUANTITY)
VALUES (11636, 483, 53, 8);
INSERT INTO ORDER_ITEM (ID, ORDER_ID, PRODUCT_ID, QUANTITY)
VALUES (11637, 483, 50, 20);
INSERT INTO ORDER_ITEM (ID, ORDER_ID, PRODUCT_ID, QUANTITY)
VALUES (11638, 483, 13, 8);
INSERT INTO ORDER_ITEM (ID, ORDER_ID, PRODUCT_ID, QUANTITY)
VALUES (11639, 483, 23, 11);
INSERT INTO ORDER_ITEM (ID, ORDER_ID, PRODUCT_ID, QUANTITY)
VALUES (11640, 483, 38, 20);
INSERT INTO ORDER_ITEM (ID, ORDER_ID, PRODUCT_ID, QUANTITY)
VALUES (11641, 483, 48, 9);
INSERT INTO ORDER_ITEM (ID, ORDER_ID, PRODUCT_ID, QUANTITY)
VALUES (11642, 483, 18, 16);
INSERT INTO ORDER_ITEM (ID, ORDER_ID, PRODUCT_ID, QUANTITY)
VALUES (11643, 483, 15, 14);
INSERT INTO ORDER_ITEM (ID, ORDER_ID, PRODUCT_ID, QUANTITY)
VALUES (11644, 483, 24, 20);
INSERT INTO ORDER_ITEM (ID, ORDER_ID, PRODUCT_ID, QUANTITY)
VALUES (11645, 483, 47, 17);
INSERT INTO ORDER_ITEM (ID, ORDER_ID, PRODUCT_ID, QUANTITY)
VALUES (11646, 483, 54, 1);
INSERT INTO ORDER_ITEM (ID, ORDER_ID, PRODUCT_ID, QUANTITY)
VALUES (11647, 483, 43, 18);
-- ### ORDER 474
INSERT INTO PAYMENT_DETAIL(ID, AMOUNT, PROVIDER, PROVIDER_PAYMENT_UUID)
VALUES (484, 1535.0, 'MASTERCARD', '229020634');
INSERT INTO ORDERS (ID, CUST_ID, PAYMENT_ID, STATUS, AMOUNT, CREATED_ON, UPDATED_ON)
VALUES (484, 777, 484, 'DELIVERED', 1535.0, LOCALTIMESTAMP, LOCALTIMESTAMP);
INSERT INTO ORDER_ITEM (ID, ORDER_ID, PRODUCT_ID, QUANTITY)
VALUES (11648, 484, 20, 10);
INSERT INTO ORDER_ITEM (ID, ORDER_ID, PRODUCT_ID, QUANTITY)
VALUES (11649, 484, 30, 8);
INSERT INTO ORDER_ITEM (ID, ORDER_ID, PRODUCT_ID, QUANTITY)
VALUES (11650, 484, 28, 8);
INSERT INTO ORDER_ITEM (ID, ORDER_ID, PRODUCT_ID, QUANTITY)
VALUES (11651, 484, 48, 8);
INSERT INTO ORDER_ITEM (ID, ORDER_ID, PRODUCT_ID, QUANTITY)
VALUES (11652, 484, 46, 5);
INSERT INTO ORDER_ITEM (ID, ORDER_ID, PRODUCT_ID, QUANTITY)
VALUES (11653, 484, 26, 11);
INSERT INTO ORDER_ITEM (ID, ORDER_ID, PRODUCT_ID, QUANTITY)
VALUES (11654, 484, 19, 19);
INSERT INTO ORDER_ITEM (ID, ORDER_ID, PRODUCT_ID, QUANTITY)
VALUES (11655, 484, 39, 7);
INSERT INTO ORDER_ITEM (ID, ORDER_ID, PRODUCT_ID, QUANTITY)
VALUES (11656, 484, 35, 2);
INSERT INTO ORDER_ITEM (ID, ORDER_ID, PRODUCT_ID, QUANTITY)
VALUES (11657, 484, 34, 6);
INSERT INTO ORDER_ITEM (ID, ORDER_ID, PRODUCT_ID, QUANTITY)
VALUES (11658, 484, 52, 12);
INSERT INTO ORDER_ITEM (ID, ORDER_ID, PRODUCT_ID, QUANTITY)
VALUES (11659, 484, 50, 13);
INSERT INTO ORDER_ITEM (ID, ORDER_ID, PRODUCT_ID, QUANTITY)
VALUES (11660, 484, 42, 7);
INSERT INTO ORDER_ITEM (ID, ORDER_ID, PRODUCT_ID, QUANTITY)
VALUES (11661, 484, 36, 18);
INSERT INTO ORDER_ITEM (ID, ORDER_ID, PRODUCT_ID, QUANTITY)
VALUES (11662, 484, 27, 0);
INSERT INTO ORDER_ITEM (ID, ORDER_ID, PRODUCT_ID, QUANTITY)
VALUES (11663, 484, 47, 11);
INSERT INTO ORDER_ITEM (ID, ORDER_ID, PRODUCT_ID, QUANTITY)
VALUES (11664, 484, 41, 3);
INSERT INTO ORDER_ITEM (ID, ORDER_ID, PRODUCT_ID, QUANTITY)
VALUES (11665, 484, 14, 7);
INSERT INTO ORDER_ITEM (ID, ORDER_ID, PRODUCT_ID, QUANTITY)
VALUES (11666, 484, 29, 3);
INSERT INTO ORDER_ITEM (ID, ORDER_ID, PRODUCT_ID, QUANTITY)
VALUES (11667, 484, 21, 19);
INSERT INTO ORDER_ITEM (ID, ORDER_ID, PRODUCT_ID, QUANTITY)
VALUES (11668, 484, 38, 13);
INSERT INTO ORDER_ITEM (ID, ORDER_ID, PRODUCT_ID, QUANTITY)
VALUES (11669, 484, 53, 0);
INSERT INTO ORDER_ITEM (ID, ORDER_ID, PRODUCT_ID, QUANTITY)
VALUES (11670, 484, 18, 9);
INSERT INTO ORDER_ITEM (ID, ORDER_ID, PRODUCT_ID, QUANTITY)
VALUES (11671, 484, 44, 19);
INSERT INTO ORDER_ITEM (ID, ORDER_ID, PRODUCT_ID, QUANTITY)
VALUES (11672, 484, 22, 15);
INSERT INTO ORDER_ITEM (ID, ORDER_ID, PRODUCT_ID, QUANTITY)
VALUES (11673, 484, 16, 13);
INSERT INTO ORDER_ITEM (ID, ORDER_ID, PRODUCT_ID, QUANTITY)
VALUES (11674, 484, 57, 5);
INSERT INTO ORDER_ITEM (ID, ORDER_ID, PRODUCT_ID, QUANTITY)
VALUES (11675, 484, 11, 4);
INSERT INTO ORDER_ITEM (ID, ORDER_ID, PRODUCT_ID, QUANTITY)
VALUES (11676, 484, 17, 3);
INSERT INTO ORDER_ITEM (ID, ORDER_ID, PRODUCT_ID, QUANTITY)
VALUES (11677, 484, 43, 2);
INSERT INTO ORDER_ITEM (ID, ORDER_ID, PRODUCT_ID, QUANTITY)
VALUES (11678, 484, 31, 8);
INSERT INTO ORDER_ITEM (ID, ORDER_ID, PRODUCT_ID, QUANTITY)
VALUES (11679, 484, 13, 5);
INSERT INTO ORDER_ITEM (ID, ORDER_ID, PRODUCT_ID, QUANTITY)
VALUES (11680, 484, 49, 13);
INSERT INTO ORDER_ITEM (ID, ORDER_ID, PRODUCT_ID, QUANTITY)
VALUES (11681, 484, 58, 8);
INSERT INTO ORDER_ITEM (ID, ORDER_ID, PRODUCT_ID, QUANTITY)
VALUES (11682, 484, 55, 20);
INSERT INTO ORDER_ITEM (ID, ORDER_ID, PRODUCT_ID, QUANTITY)
VALUES (11683, 484, 37, 9);
INSERT INTO ORDER_ITEM (ID, ORDER_ID, PRODUCT_ID, QUANTITY)
VALUES (11684, 484, 15, 18);
INSERT INTO ORDER_ITEM (ID, ORDER_ID, PRODUCT_ID, QUANTITY)
VALUES (11685, 484, 45, 4);
INSERT INTO ORDER_ITEM (ID, ORDER_ID, PRODUCT_ID, QUANTITY)
VALUES (11686, 484, 25, 15);
INSERT INTO ORDER_ITEM (ID, ORDER_ID, PRODUCT_ID, QUANTITY)
VALUES (11687, 484, 40, 1);
INSERT INTO ORDER_ITEM (ID, ORDER_ID, PRODUCT_ID, QUANTITY)
VALUES (11688, 484, 60, 9);
INSERT INTO ORDER_ITEM (ID, ORDER_ID, PRODUCT_ID, QUANTITY)
VALUES (11689, 484, 12, 3);
-- ### ORDER 475
INSERT INTO PAYMENT_DETAIL(ID, AMOUNT, PROVIDER, PROVIDER_PAYMENT_UUID)
VALUES (485, 2022.0, 'MASTERCARD', '474679747');
INSERT INTO ORDERS (ID, CUST_ID, PAYMENT_ID, STATUS, AMOUNT, CREATED_ON, UPDATED_ON)
VALUES (485, 777, 485, 'DELIVERED', 2022.0, LOCALTIMESTAMP, LOCALTIMESTAMP);
INSERT INTO ORDER_ITEM (ID, ORDER_ID, PRODUCT_ID, QUANTITY)
VALUES (11690, 485, 28, 0);
INSERT INTO ORDER_ITEM (ID, ORDER_ID, PRODUCT_ID, QUANTITY)
VALUES (11691, 485, 17, 7);
INSERT INTO ORDER_ITEM (ID, ORDER_ID, PRODUCT_ID, QUANTITY)
VALUES (11692, 485, 27, 18);
INSERT INTO ORDER_ITEM (ID, ORDER_ID, PRODUCT_ID, QUANTITY)
VALUES (11693, 485, 57, 15);
INSERT INTO ORDER_ITEM (ID, ORDER_ID, PRODUCT_ID, QUANTITY)
VALUES (11694, 485, 30, 6);
INSERT INTO ORDER_ITEM (ID, ORDER_ID, PRODUCT_ID, QUANTITY)
VALUES (11695, 485, 54, 0);
INSERT INTO ORDER_ITEM (ID, ORDER_ID, PRODUCT_ID, QUANTITY)
VALUES (11696, 485, 26, 4);
INSERT INTO ORDER_ITEM (ID, ORDER_ID, PRODUCT_ID, QUANTITY)
VALUES (11697, 485, 18, 13);
INSERT INTO ORDER_ITEM (ID, ORDER_ID, PRODUCT_ID, QUANTITY)
VALUES (11698, 485, 20, 19);
INSERT INTO ORDER_ITEM (ID, ORDER_ID, PRODUCT_ID, QUANTITY)
VALUES (11699, 485, 41, 17);
INSERT INTO ORDER_ITEM (ID, ORDER_ID, PRODUCT_ID, QUANTITY)
VALUES (11700, 485, 21, 6);
INSERT INTO ORDER_ITEM (ID, ORDER_ID, PRODUCT_ID, QUANTITY)
VALUES (11701, 485, 33, 0);
INSERT INTO ORDER_ITEM (ID, ORDER_ID, PRODUCT_ID, QUANTITY)
VALUES (11702, 485, 22, 17);
INSERT INTO ORDER_ITEM (ID, ORDER_ID, PRODUCT_ID, QUANTITY)
VALUES (11703, 485, 11, 11);
INSERT INTO ORDER_ITEM (ID, ORDER_ID, PRODUCT_ID, QUANTITY)
VALUES (11704, 485, 19, 1);
INSERT INTO ORDER_ITEM (ID, ORDER_ID, PRODUCT_ID, QUANTITY)
VALUES (11705, 485, 34, 0);
INSERT INTO ORDER_ITEM (ID, ORDER_ID, PRODUCT_ID, QUANTITY)
VALUES (11706, 485, 44, 8);
INSERT INTO ORDER_ITEM (ID, ORDER_ID, PRODUCT_ID, QUANTITY)
VALUES (11707, 485, 58, 15);
INSERT INTO ORDER_ITEM (ID, ORDER_ID, PRODUCT_ID, QUANTITY)
VALUES (11708, 485, 56, 16);
INSERT INTO ORDER_ITEM (ID, ORDER_ID, PRODUCT_ID, QUANTITY)
VALUES (11709, 485, 35, 20);
INSERT INTO ORDER_ITEM (ID, ORDER_ID, PRODUCT_ID, QUANTITY)
VALUES (11710, 485, 37, 11);
INSERT INTO ORDER_ITEM (ID, ORDER_ID, PRODUCT_ID, QUANTITY)
VALUES (11711, 485, 31, 7);
INSERT INTO ORDER_ITEM (ID, ORDER_ID, PRODUCT_ID, QUANTITY)
VALUES (11712, 485, 32, 19);
INSERT INTO ORDER_ITEM (ID, ORDER_ID, PRODUCT_ID, QUANTITY)
VALUES (11713, 485, 55, 16);
INSERT INTO ORDER_ITEM (ID, ORDER_ID, PRODUCT_ID, QUANTITY)
VALUES (11714, 485, 14, 15);
INSERT INTO ORDER_ITEM (ID, ORDER_ID, PRODUCT_ID, QUANTITY)
VALUES (11715, 485, 40, 4);
INSERT INTO ORDER_ITEM (ID, ORDER_ID, PRODUCT_ID, QUANTITY)
VALUES (11716, 485, 60, 0);
INSERT INTO ORDER_ITEM (ID, ORDER_ID, PRODUCT_ID, QUANTITY)
VALUES (11717, 485, 25, 7);
INSERT INTO ORDER_ITEM (ID, ORDER_ID, PRODUCT_ID, QUANTITY)
VALUES (11718, 485, 29, 3);
INSERT INTO ORDER_ITEM (ID, ORDER_ID, PRODUCT_ID, QUANTITY)
VALUES (11719, 485, 15, 1);
INSERT INTO ORDER_ITEM (ID, ORDER_ID, PRODUCT_ID, QUANTITY)
VALUES (11720, 485, 45, 5);
INSERT INTO ORDER_ITEM (ID, ORDER_ID, PRODUCT_ID, QUANTITY)
VALUES (11721, 485, 52, 0);
INSERT INTO ORDER_ITEM (ID, ORDER_ID, PRODUCT_ID, QUANTITY)
VALUES (11722, 485, 38, 8);
INSERT INTO ORDER_ITEM (ID, ORDER_ID, PRODUCT_ID, QUANTITY)
VALUES (11723, 485, 51, 10);
INSERT INTO ORDER_ITEM (ID, ORDER_ID, PRODUCT_ID, QUANTITY)
VALUES (11724, 485, 47, 15);
INSERT INTO ORDER_ITEM (ID, ORDER_ID, PRODUCT_ID, QUANTITY)
VALUES (11725, 485, 43, 8);
INSERT INTO ORDER_ITEM (ID, ORDER_ID, PRODUCT_ID, QUANTITY)
VALUES (11726, 485, 12, 5);
INSERT INTO ORDER_ITEM (ID, ORDER_ID, PRODUCT_ID, QUANTITY)
VALUES (11727, 485, 49, 18);
INSERT INTO ORDER_ITEM (ID, ORDER_ID, PRODUCT_ID, QUANTITY)
VALUES (11728, 485, 42, 20);
INSERT INTO ORDER_ITEM (ID, ORDER_ID, PRODUCT_ID, QUANTITY)
VALUES (11729, 485, 36, 10);
INSERT INTO ORDER_ITEM (ID, ORDER_ID, PRODUCT_ID, QUANTITY)
VALUES (11730, 485, 46, 12);
INSERT INTO ORDER_ITEM (ID, ORDER_ID, PRODUCT_ID, QUANTITY)
VALUES (11731, 485, 13, 3);
INSERT INTO ORDER_ITEM (ID, ORDER_ID, PRODUCT_ID, QUANTITY)
VALUES (11732, 485, 39, 0);
INSERT INTO ORDER_ITEM (ID, ORDER_ID, PRODUCT_ID, QUANTITY)
VALUES (11733, 485, 50, 1);
-- ### ORDER 476
INSERT INTO PAYMENT_DETAIL(ID, AMOUNT, PROVIDER, PROVIDER_PAYMENT_UUID)
VALUES (486, 1291.0, 'MASTERCARD', '194970397');
INSERT INTO ORDERS (ID, CUST_ID, PAYMENT_ID, STATUS, AMOUNT, CREATED_ON, UPDATED_ON)
VALUES (486, 777, 486, 'DELIVERED', 1291.0, LOCALTIMESTAMP, LOCALTIMESTAMP);
INSERT INTO ORDER_ITEM (ID, ORDER_ID, PRODUCT_ID, QUANTITY)
VALUES (11734, 486, 52, 3);
INSERT INTO ORDER_ITEM (ID, ORDER_ID, PRODUCT_ID, QUANTITY)
VALUES (11735, 486, 48, 0);
INSERT INTO ORDER_ITEM (ID, ORDER_ID, PRODUCT_ID, QUANTITY)
VALUES (11736, 486, 49, 7);
INSERT INTO ORDER_ITEM (ID, ORDER_ID, PRODUCT_ID, QUANTITY)
VALUES (11737, 486, 39, 14);
INSERT INTO ORDER_ITEM (ID, ORDER_ID, PRODUCT_ID, QUANTITY)
VALUES (11738, 486, 45, 0);
INSERT INTO ORDER_ITEM (ID, ORDER_ID, PRODUCT_ID, QUANTITY)
VALUES (11739, 486, 36, 14);
INSERT INTO ORDER_ITEM (ID, ORDER_ID, PRODUCT_ID, QUANTITY)
VALUES (11740, 486, 14, 19);
INSERT INTO ORDER_ITEM (ID, ORDER_ID, PRODUCT_ID, QUANTITY)
VALUES (11741, 486, 18, 7);
INSERT INTO ORDER_ITEM (ID, ORDER_ID, PRODUCT_ID, QUANTITY)
VALUES (11742, 486, 31, 20);
INSERT INTO ORDER_ITEM (ID, ORDER_ID, PRODUCT_ID, QUANTITY)
VALUES (11743, 486, 34, 4);
INSERT INTO ORDER_ITEM (ID, ORDER_ID, PRODUCT_ID, QUANTITY)
VALUES (11744, 486, 29, 11);
INSERT INTO ORDER_ITEM (ID, ORDER_ID, PRODUCT_ID, QUANTITY)
VALUES (11745, 486, 11, 20);
INSERT INTO ORDER_ITEM (ID, ORDER_ID, PRODUCT_ID, QUANTITY)
VALUES (11746, 486, 40, 7);
INSERT INTO ORDER_ITEM (ID, ORDER_ID, PRODUCT_ID, QUANTITY)
VALUES (11747, 486, 25, 6);
INSERT INTO ORDER_ITEM (ID, ORDER_ID, PRODUCT_ID, QUANTITY)
VALUES (11748, 486, 50, 1);
INSERT INTO ORDER_ITEM (ID, ORDER_ID, PRODUCT_ID, QUANTITY)
VALUES (11749, 486, 44, 2);
INSERT INTO ORDER_ITEM (ID, ORDER_ID, PRODUCT_ID, QUANTITY)
VALUES (11750, 486, 16, 1);
INSERT INTO ORDER_ITEM (ID, ORDER_ID, PRODUCT_ID, QUANTITY)
VALUES (11751, 486, 53, 15);
INSERT INTO ORDER_ITEM (ID, ORDER_ID, PRODUCT_ID, QUANTITY)
VALUES (11752, 486, 17, 9);
INSERT INTO ORDER_ITEM (ID, ORDER_ID, PRODUCT_ID, QUANTITY)
VALUES (11753, 486, 33, 16);
INSERT INTO ORDER_ITEM (ID, ORDER_ID, PRODUCT_ID, QUANTITY)
VALUES (11754, 486, 55, 6);
INSERT INTO ORDER_ITEM (ID, ORDER_ID, PRODUCT_ID, QUANTITY)
VALUES (11755, 486, 38, 13);
INSERT INTO ORDER_ITEM (ID, ORDER_ID, PRODUCT_ID, QUANTITY)
VALUES (11756, 486, 28, 4);
INSERT INTO ORDER_ITEM (ID, ORDER_ID, PRODUCT_ID, QUANTITY)
VALUES (11757, 486, 58, 13);
INSERT INTO ORDER_ITEM (ID, ORDER_ID, PRODUCT_ID, QUANTITY)
VALUES (11758, 486, 57, 0);
INSERT INTO ORDER_ITEM (ID, ORDER_ID, PRODUCT_ID, QUANTITY)
VALUES (11759, 486, 32, 10);
INSERT INTO ORDER_ITEM (ID, ORDER_ID, PRODUCT_ID, QUANTITY)
VALUES (11760, 486, 59, 18);
INSERT INTO ORDER_ITEM (ID, ORDER_ID, PRODUCT_ID, QUANTITY)
VALUES (11761, 486, 42, 1);
INSERT INTO ORDER_ITEM (ID, ORDER_ID, PRODUCT_ID, QUANTITY)
VALUES (11762, 486, 46, 5);
INSERT INTO ORDER_ITEM (ID, ORDER_ID, PRODUCT_ID, QUANTITY)
VALUES (11763, 486, 56, 0);
INSERT INTO ORDER_ITEM (ID, ORDER_ID, PRODUCT_ID, QUANTITY)
VALUES (11764, 486, 35, 20);
INSERT INTO ORDER_ITEM (ID, ORDER_ID, PRODUCT_ID, QUANTITY)
VALUES (11765, 486, 15, 7);
INSERT INTO ORDER_ITEM (ID, ORDER_ID, PRODUCT_ID, QUANTITY)
VALUES (11766, 486, 54, 9);
INSERT INTO ORDER_ITEM (ID, ORDER_ID, PRODUCT_ID, QUANTITY)
VALUES (11767, 486, 24, 10);
INSERT INTO ORDER_ITEM (ID, ORDER_ID, PRODUCT_ID, QUANTITY)
VALUES (11768, 486, 47, 20);
INSERT INTO ORDER_ITEM (ID, ORDER_ID, PRODUCT_ID, QUANTITY)
VALUES (11769, 486, 13, 14);
INSERT INTO ORDER_ITEM (ID, ORDER_ID, PRODUCT_ID, QUANTITY)
VALUES (11770, 486, 37, 6);
INSERT INTO ORDER_ITEM (ID, ORDER_ID, PRODUCT_ID, QUANTITY)
VALUES (11771, 486, 27, 3);
INSERT INTO ORDER_ITEM (ID, ORDER_ID, PRODUCT_ID, QUANTITY)
VALUES (11772, 486, 43, 16);
INSERT INTO ORDER_ITEM (ID, ORDER_ID, PRODUCT_ID, QUANTITY)
VALUES (11773, 486, 51, 18);
-- ### ORDER 477
INSERT INTO PAYMENT_DETAIL(ID, AMOUNT, PROVIDER, PROVIDER_PAYMENT_UUID)
VALUES (487, 3464.0, 'MASTERCARD', '773880090');
INSERT INTO ORDERS (ID, CUST_ID, PAYMENT_ID, STATUS, AMOUNT, CREATED_ON, UPDATED_ON)
VALUES (487, 777, 487, 'DELIVERED', 3464.0, LOCALTIMESTAMP, LOCALTIMESTAMP);
INSERT INTO ORDER_ITEM (ID, ORDER_ID, PRODUCT_ID, QUANTITY)
VALUES (11774, 487, 21, 4);
INSERT INTO ORDER_ITEM (ID, ORDER_ID, PRODUCT_ID, QUANTITY)
VALUES (11775, 487, 55, 14);
INSERT INTO ORDER_ITEM (ID, ORDER_ID, PRODUCT_ID, QUANTITY)
VALUES (11776, 487, 33, 17);
INSERT INTO ORDER_ITEM (ID, ORDER_ID, PRODUCT_ID, QUANTITY)
VALUES (11777, 487, 24, 18);
INSERT INTO ORDER_ITEM (ID, ORDER_ID, PRODUCT_ID, QUANTITY)
VALUES (11778, 487, 45, 3);
INSERT INTO ORDER_ITEM (ID, ORDER_ID, PRODUCT_ID, QUANTITY)
VALUES (11779, 487, 39, 15);
INSERT INTO ORDER_ITEM (ID, ORDER_ID, PRODUCT_ID, QUANTITY)
VALUES (11780, 487, 22, 7);
INSERT INTO ORDER_ITEM (ID, ORDER_ID, PRODUCT_ID, QUANTITY)
VALUES (11781, 487, 59, 20);
INSERT INTO ORDER_ITEM (ID, ORDER_ID, PRODUCT_ID, QUANTITY)
VALUES (11782, 487, 11, 17);
INSERT INTO ORDER_ITEM (ID, ORDER_ID, PRODUCT_ID, QUANTITY)
VALUES (11783, 487, 31, 3);
INSERT INTO ORDER_ITEM (ID, ORDER_ID, PRODUCT_ID, QUANTITY)
VALUES (11784, 487, 58, 9);
INSERT INTO ORDER_ITEM (ID, ORDER_ID, PRODUCT_ID, QUANTITY)
VALUES (11785, 487, 30, 11);
INSERT INTO ORDER_ITEM (ID, ORDER_ID, PRODUCT_ID, QUANTITY)
VALUES (11786, 487, 25, 17);
INSERT INTO ORDER_ITEM (ID, ORDER_ID, PRODUCT_ID, QUANTITY)
VALUES (11787, 487, 49, 15);
INSERT INTO ORDER_ITEM (ID, ORDER_ID, PRODUCT_ID, QUANTITY)
VALUES (11788, 487, 27, 16);
INSERT INTO ORDER_ITEM (ID, ORDER_ID, PRODUCT_ID, QUANTITY)
VALUES (11789, 487, 52, 19);
INSERT INTO ORDER_ITEM (ID, ORDER_ID, PRODUCT_ID, QUANTITY)
VALUES (11790, 487, 14, 5);
INSERT INTO ORDER_ITEM (ID, ORDER_ID, PRODUCT_ID, QUANTITY)
VALUES (11791, 487, 42, 20);
INSERT INTO ORDER_ITEM (ID, ORDER_ID, PRODUCT_ID, QUANTITY)
VALUES (11792, 487, 35, 13);
INSERT INTO ORDER_ITEM (ID, ORDER_ID, PRODUCT_ID, QUANTITY)
VALUES (11793, 487, 60, 18);
INSERT INTO ORDER_ITEM (ID, ORDER_ID, PRODUCT_ID, QUANTITY)
VALUES (11794, 487, 50, 0);
INSERT INTO ORDER_ITEM (ID, ORDER_ID, PRODUCT_ID, QUANTITY)
VALUES (11795, 487, 44, 4);
INSERT INTO ORDER_ITEM (ID, ORDER_ID, PRODUCT_ID, QUANTITY)
VALUES (11796, 487, 43, 17);
INSERT INTO ORDER_ITEM (ID, ORDER_ID, PRODUCT_ID, QUANTITY)
VALUES (11797, 487, 51, 5);
INSERT INTO ORDER_ITEM (ID, ORDER_ID, PRODUCT_ID, QUANTITY)
VALUES (11798, 487, 16, 17);
INSERT INTO ORDER_ITEM (ID, ORDER_ID, PRODUCT_ID, QUANTITY)
VALUES (11799, 487, 17, 10);
INSERT INTO ORDER_ITEM (ID, ORDER_ID, PRODUCT_ID, QUANTITY)
VALUES (11800, 487, 53, 5);
INSERT INTO ORDER_ITEM (ID, ORDER_ID, PRODUCT_ID, QUANTITY)
VALUES (11801, 487, 29, 8);
INSERT INTO ORDER_ITEM (ID, ORDER_ID, PRODUCT_ID, QUANTITY)
VALUES (11802, 487, 48, 1);
INSERT INTO ORDER_ITEM (ID, ORDER_ID, PRODUCT_ID, QUANTITY)
VALUES (11803, 487, 54, 18);
INSERT INTO ORDER_ITEM (ID, ORDER_ID, PRODUCT_ID, QUANTITY)
VALUES (11804, 487, 15, 7);
INSERT INTO ORDER_ITEM (ID, ORDER_ID, PRODUCT_ID, QUANTITY)
VALUES (11805, 487, 38, 1);
INSERT INTO ORDER_ITEM (ID, ORDER_ID, PRODUCT_ID, QUANTITY)
VALUES (11806, 487, 56, 2);
INSERT INTO ORDER_ITEM (ID, ORDER_ID, PRODUCT_ID, QUANTITY)
VALUES (11807, 487, 26, 4);
INSERT INTO ORDER_ITEM (ID, ORDER_ID, PRODUCT_ID, QUANTITY)
VALUES (11808, 487, 18, 15);
INSERT INTO ORDER_ITEM (ID, ORDER_ID, PRODUCT_ID, QUANTITY)
VALUES (11809, 487, 23, 3);
INSERT INTO ORDER_ITEM (ID, ORDER_ID, PRODUCT_ID, QUANTITY)
VALUES (11810, 487, 41, 13);
INSERT INTO ORDER_ITEM (ID, ORDER_ID, PRODUCT_ID, QUANTITY)
VALUES (11811, 487, 47, 14);
INSERT INTO ORDER_ITEM (ID, ORDER_ID, PRODUCT_ID, QUANTITY)
VALUES (11812, 487, 20, 8);
INSERT INTO ORDER_ITEM (ID, ORDER_ID, PRODUCT_ID, QUANTITY)
VALUES (11813, 487, 13, 4);
INSERT INTO ORDER_ITEM (ID, ORDER_ID, PRODUCT_ID, QUANTITY)
VALUES (11814, 487, 37, 6);
-- ### ORDER 478
INSERT INTO PAYMENT_DETAIL(ID, AMOUNT, PROVIDER, PROVIDER_PAYMENT_UUID)
VALUES (488, 3763.0, 'MASTERCARD', '487979320');
INSERT INTO ORDERS (ID, CUST_ID, PAYMENT_ID, STATUS, AMOUNT, CREATED_ON, UPDATED_ON)
VALUES (488, 777, 488, 'DELIVERED', 3763.0, LOCALTIMESTAMP, LOCALTIMESTAMP);
INSERT INTO ORDER_ITEM (ID, ORDER_ID, PRODUCT_ID, QUANTITY)
VALUES (11815, 488, 60, 15);
INSERT INTO ORDER_ITEM (ID, ORDER_ID, PRODUCT_ID, QUANTITY)
VALUES (11816, 488, 44, 10);
INSERT INTO ORDER_ITEM (ID, ORDER_ID, PRODUCT_ID, QUANTITY)
VALUES (11817, 488, 58, 10);
INSERT INTO ORDER_ITEM (ID, ORDER_ID, PRODUCT_ID, QUANTITY)
VALUES (11818, 488, 41, 20);
INSERT INTO ORDER_ITEM (ID, ORDER_ID, PRODUCT_ID, QUANTITY)
VALUES (11819, 488, 13, 15);
INSERT INTO ORDER_ITEM (ID, ORDER_ID, PRODUCT_ID, QUANTITY)
VALUES (11820, 488, 46, 0);
INSERT INTO ORDER_ITEM (ID, ORDER_ID, PRODUCT_ID, QUANTITY)
VALUES (11821, 488, 54, 12);
INSERT INTO ORDER_ITEM (ID, ORDER_ID, PRODUCT_ID, QUANTITY)
VALUES (11822, 488, 31, 20);
INSERT INTO ORDER_ITEM (ID, ORDER_ID, PRODUCT_ID, QUANTITY)
VALUES (11823, 488, 33, 9);
INSERT INTO ORDER_ITEM (ID, ORDER_ID, PRODUCT_ID, QUANTITY)
VALUES (11824, 488, 59, 7);
INSERT INTO ORDER_ITEM (ID, ORDER_ID, PRODUCT_ID, QUANTITY)
VALUES (11825, 488, 48, 6);
INSERT INTO ORDER_ITEM (ID, ORDER_ID, PRODUCT_ID, QUANTITY)
VALUES (11826, 488, 49, 9);
INSERT INTO ORDER_ITEM (ID, ORDER_ID, PRODUCT_ID, QUANTITY)
VALUES (11827, 488, 11, 14);
INSERT INTO ORDER_ITEM (ID, ORDER_ID, PRODUCT_ID, QUANTITY)
VALUES (11828, 488, 42, 20);
INSERT INTO ORDER_ITEM (ID, ORDER_ID, PRODUCT_ID, QUANTITY)
VALUES (11829, 488, 14, 18);
INSERT INTO ORDER_ITEM (ID, ORDER_ID, PRODUCT_ID, QUANTITY)
VALUES (11830, 488, 53, 20);
INSERT INTO ORDER_ITEM (ID, ORDER_ID, PRODUCT_ID, QUANTITY)
VALUES (11831, 488, 29, 13);
INSERT INTO ORDER_ITEM (ID, ORDER_ID, PRODUCT_ID, QUANTITY)
VALUES (11832, 488, 18, 9);
INSERT INTO ORDER_ITEM (ID, ORDER_ID, PRODUCT_ID, QUANTITY)
VALUES (11833, 488, 28, 14);
INSERT INTO ORDER_ITEM (ID, ORDER_ID, PRODUCT_ID, QUANTITY)
VALUES (11834, 488, 19, 4);
INSERT INTO ORDER_ITEM (ID, ORDER_ID, PRODUCT_ID, QUANTITY)
VALUES (11835, 488, 27, 0);
INSERT INTO ORDER_ITEM (ID, ORDER_ID, PRODUCT_ID, QUANTITY)
VALUES (11836, 488, 22, 7);
INSERT INTO ORDER_ITEM (ID, ORDER_ID, PRODUCT_ID, QUANTITY)
VALUES (11837, 488, 12, 15);
INSERT INTO ORDER_ITEM (ID, ORDER_ID, PRODUCT_ID, QUANTITY)
VALUES (11838, 488, 35, 4);
INSERT INTO ORDER_ITEM (ID, ORDER_ID, PRODUCT_ID, QUANTITY)
VALUES (11839, 488, 43, 11);
INSERT INTO ORDER_ITEM (ID, ORDER_ID, PRODUCT_ID, QUANTITY)
VALUES (11840, 488, 21, 2);
INSERT INTO ORDER_ITEM (ID, ORDER_ID, PRODUCT_ID, QUANTITY)
VALUES (11841, 488, 56, 14);
INSERT INTO ORDER_ITEM (ID, ORDER_ID, PRODUCT_ID, QUANTITY)
VALUES (11842, 488, 52, 12);
INSERT INTO ORDER_ITEM (ID, ORDER_ID, PRODUCT_ID, QUANTITY)
VALUES (11843, 488, 25, 7);
INSERT INTO ORDER_ITEM (ID, ORDER_ID, PRODUCT_ID, QUANTITY)
VALUES (11844, 488, 55, 11);
INSERT INTO ORDER_ITEM (ID, ORDER_ID, PRODUCT_ID, QUANTITY)
VALUES (11845, 488, 17, 12);
INSERT INTO ORDER_ITEM (ID, ORDER_ID, PRODUCT_ID, QUANTITY)
VALUES (11846, 488, 32, 10);
INSERT INTO ORDER_ITEM (ID, ORDER_ID, PRODUCT_ID, QUANTITY)
VALUES (11847, 488, 47, 8);
INSERT INTO ORDER_ITEM (ID, ORDER_ID, PRODUCT_ID, QUANTITY)
VALUES (11848, 488, 50, 18);
INSERT INTO ORDER_ITEM (ID, ORDER_ID, PRODUCT_ID, QUANTITY)
VALUES (11849, 488, 15, 13);
INSERT INTO ORDER_ITEM (ID, ORDER_ID, PRODUCT_ID, QUANTITY)
VALUES (11850, 488, 57, 19);
INSERT INTO ORDER_ITEM (ID, ORDER_ID, PRODUCT_ID, QUANTITY)
VALUES (11851, 488, 16, 5);
INSERT INTO ORDER_ITEM (ID, ORDER_ID, PRODUCT_ID, QUANTITY)
VALUES (11852, 488, 51, 19);
INSERT INTO ORDER_ITEM (ID, ORDER_ID, PRODUCT_ID, QUANTITY)
VALUES (11853, 488, 38, 19);
INSERT INTO ORDER_ITEM (ID, ORDER_ID, PRODUCT_ID, QUANTITY)
VALUES (11854, 488, 23, 2);
INSERT INTO ORDER_ITEM (ID, ORDER_ID, PRODUCT_ID, QUANTITY)
VALUES (11855, 488, 45, 14);
-- ### ORDER 479
INSERT INTO PAYMENT_DETAIL(ID, AMOUNT, PROVIDER, PROVIDER_PAYMENT_UUID)
VALUES (489, 3596.0, 'VISA', '20199233');
INSERT INTO ORDERS (ID, CUST_ID, PAYMENT_ID, STATUS, AMOUNT, CREATED_ON, UPDATED_ON)
VALUES (489, 777, 489, 'DELIVERED', 3596.0, LOCALTIMESTAMP, LOCALTIMESTAMP);
INSERT INTO ORDER_ITEM (ID, ORDER_ID, PRODUCT_ID, QUANTITY)
VALUES (11856, 489, 31, 7);
INSERT INTO ORDER_ITEM (ID, ORDER_ID, PRODUCT_ID, QUANTITY)
VALUES (11857, 489, 60, 2);
INSERT INTO ORDER_ITEM (ID, ORDER_ID, PRODUCT_ID, QUANTITY)
VALUES (11858, 489, 43, 5);
INSERT INTO ORDER_ITEM (ID, ORDER_ID, PRODUCT_ID, QUANTITY)
VALUES (11859, 489, 13, 1);
INSERT INTO ORDER_ITEM (ID, ORDER_ID, PRODUCT_ID, QUANTITY)
VALUES (11860, 489, 55, 15);
INSERT INTO ORDER_ITEM (ID, ORDER_ID, PRODUCT_ID, QUANTITY)
VALUES (11861, 489, 56, 20);
INSERT INTO ORDER_ITEM (ID, ORDER_ID, PRODUCT_ID, QUANTITY)
VALUES (11862, 489, 33, 16);
INSERT INTO ORDER_ITEM (ID, ORDER_ID, PRODUCT_ID, QUANTITY)
VALUES (11863, 489, 52, 3);
INSERT INTO ORDER_ITEM (ID, ORDER_ID, PRODUCT_ID, QUANTITY)
VALUES (11864, 489, 28, 20);
INSERT INTO ORDER_ITEM (ID, ORDER_ID, PRODUCT_ID, QUANTITY)
VALUES (11865, 489, 38, 13);
INSERT INTO ORDER_ITEM (ID, ORDER_ID, PRODUCT_ID, QUANTITY)
VALUES (11866, 489, 39, 8);
INSERT INTO ORDER_ITEM (ID, ORDER_ID, PRODUCT_ID, QUANTITY)
VALUES (11867, 489, 17, 16);
INSERT INTO ORDER_ITEM (ID, ORDER_ID, PRODUCT_ID, QUANTITY)
VALUES (11868, 489, 34, 8);
INSERT INTO ORDER_ITEM (ID, ORDER_ID, PRODUCT_ID, QUANTITY)
VALUES (11869, 489, 49, 2);
INSERT INTO ORDER_ITEM (ID, ORDER_ID, PRODUCT_ID, QUANTITY)
VALUES (11870, 489, 44, 9);
INSERT INTO ORDER_ITEM (ID, ORDER_ID, PRODUCT_ID, QUANTITY)
VALUES (11871, 489, 15, 9);
INSERT INTO ORDER_ITEM (ID, ORDER_ID, PRODUCT_ID, QUANTITY)
VALUES (11872, 489, 54, 8);
INSERT INTO ORDER_ITEM (ID, ORDER_ID, PRODUCT_ID, QUANTITY)
VALUES (11873, 489, 22, 16);
INSERT INTO ORDER_ITEM (ID, ORDER_ID, PRODUCT_ID, QUANTITY)
VALUES (11874, 489, 14, 14);
INSERT INTO ORDER_ITEM (ID, ORDER_ID, PRODUCT_ID, QUANTITY)
VALUES (11875, 489, 41, 4);
INSERT INTO ORDER_ITEM (ID, ORDER_ID, PRODUCT_ID, QUANTITY)
VALUES (11876, 489, 51, 13);
INSERT INTO ORDER_ITEM (ID, ORDER_ID, PRODUCT_ID, QUANTITY)
VALUES (11877, 489, 26, 6);
INSERT INTO ORDER_ITEM (ID, ORDER_ID, PRODUCT_ID, QUANTITY)
VALUES (11878, 489, 21, 16);
INSERT INTO ORDER_ITEM (ID, ORDER_ID, PRODUCT_ID, QUANTITY)
VALUES (11879, 489, 29, 9);
INSERT INTO ORDER_ITEM (ID, ORDER_ID, PRODUCT_ID, QUANTITY)
VALUES (11880, 489, 40, 17);
INSERT INTO ORDER_ITEM (ID, ORDER_ID, PRODUCT_ID, QUANTITY)
VALUES (11881, 489, 59, 3);
INSERT INTO ORDER_ITEM (ID, ORDER_ID, PRODUCT_ID, QUANTITY)
VALUES (11882, 489, 18, 9);
INSERT INTO ORDER_ITEM (ID, ORDER_ID, PRODUCT_ID, QUANTITY)
VALUES (11883, 489, 12, 14);
INSERT INTO ORDER_ITEM (ID, ORDER_ID, PRODUCT_ID, QUANTITY)
VALUES (11884, 489, 27, 12);
INSERT INTO ORDER_ITEM (ID, ORDER_ID, PRODUCT_ID, QUANTITY)
VALUES (11885, 489, 19, 7);
INSERT INTO ORDER_ITEM (ID, ORDER_ID, PRODUCT_ID, QUANTITY)
VALUES (11886, 489, 57, 7);
INSERT INTO ORDER_ITEM (ID, ORDER_ID, PRODUCT_ID, QUANTITY)
VALUES (11887, 489, 46, 18);
INSERT INTO ORDER_ITEM (ID, ORDER_ID, PRODUCT_ID, QUANTITY)
VALUES (11888, 489, 45, 6);
INSERT INTO ORDER_ITEM (ID, ORDER_ID, PRODUCT_ID, QUANTITY)
VALUES (11889, 489, 48, 14);
INSERT INTO ORDER_ITEM (ID, ORDER_ID, PRODUCT_ID, QUANTITY)
VALUES (11890, 489, 32, 16);
INSERT INTO ORDER_ITEM (ID, ORDER_ID, PRODUCT_ID, QUANTITY)
VALUES (11891, 489, 37, 20);
INSERT INTO ORDER_ITEM (ID, ORDER_ID, PRODUCT_ID, QUANTITY)
VALUES (11892, 489, 42, 8);
INSERT INTO ORDER_ITEM (ID, ORDER_ID, PRODUCT_ID, QUANTITY)
VALUES (11893, 489, 20, 14);
INSERT INTO ORDER_ITEM (ID, ORDER_ID, PRODUCT_ID, QUANTITY)
VALUES (11894, 489, 58, 16);
INSERT INTO ORDER_ITEM (ID, ORDER_ID, PRODUCT_ID, QUANTITY)
VALUES (11895, 489, 53, 12);
-- ### ORDER 480
INSERT INTO PAYMENT_DETAIL(ID, AMOUNT, PROVIDER, PROVIDER_PAYMENT_UUID)
VALUES (490, 29.0, 'MASTERCARD', '774936192');
INSERT INTO ORDERS (ID, CUST_ID, PAYMENT_ID, STATUS, AMOUNT, CREATED_ON, UPDATED_ON)
VALUES (490, 777, 490, 'DELIVERED', 29.0, LOCALTIMESTAMP, LOCALTIMESTAMP);
-- ### ORDER 481
INSERT INTO PAYMENT_DETAIL(ID, AMOUNT, PROVIDER, PROVIDER_PAYMENT_UUID)
VALUES (491, 1404.0, 'PAYPAL', '85204988');
INSERT INTO ORDERS (ID, CUST_ID, PAYMENT_ID, STATUS, AMOUNT, CREATED_ON, UPDATED_ON)
VALUES (491, 777, 491, 'DELIVERED', 1404.0, LOCALTIMESTAMP, LOCALTIMESTAMP);
INSERT INTO ORDER_ITEM (ID, ORDER_ID, PRODUCT_ID, QUANTITY)
VALUES (11896, 491, 17, 2);
INSERT INTO ORDER_ITEM (ID, ORDER_ID, PRODUCT_ID, QUANTITY)
VALUES (11897, 491, 11, 1);
INSERT INTO ORDER_ITEM (ID, ORDER_ID, PRODUCT_ID, QUANTITY)
VALUES (11898, 491, 25, 17);
INSERT INTO ORDER_ITEM (ID, ORDER_ID, PRODUCT_ID, QUANTITY)
VALUES (11899, 491, 14, 0);
INSERT INTO ORDER_ITEM (ID, ORDER_ID, PRODUCT_ID, QUANTITY)
VALUES (11900, 491, 56, 4);
INSERT INTO ORDER_ITEM (ID, ORDER_ID, PRODUCT_ID, QUANTITY)
VALUES (11901, 491, 40, 13);
INSERT INTO ORDER_ITEM (ID, ORDER_ID, PRODUCT_ID, QUANTITY)
VALUES (11902, 491, 50, 5);
INSERT INTO ORDER_ITEM (ID, ORDER_ID, PRODUCT_ID, QUANTITY)
VALUES (11903, 491, 18, 5);
INSERT INTO ORDER_ITEM (ID, ORDER_ID, PRODUCT_ID, QUANTITY)
VALUES (11904, 491, 15, 14);
INSERT INTO ORDER_ITEM (ID, ORDER_ID, PRODUCT_ID, QUANTITY)
VALUES (11905, 491, 54, 2);
INSERT INTO ORDER_ITEM (ID, ORDER_ID, PRODUCT_ID, QUANTITY)
VALUES (11906, 491, 23, 8);
INSERT INTO ORDER_ITEM (ID, ORDER_ID, PRODUCT_ID, QUANTITY)
VALUES (11907, 491, 58, 16);
INSERT INTO ORDER_ITEM (ID, ORDER_ID, PRODUCT_ID, QUANTITY)
VALUES (11908, 491, 20, 6);
INSERT INTO ORDER_ITEM (ID, ORDER_ID, PRODUCT_ID, QUANTITY)
VALUES (11909, 491, 47, 16);
INSERT INTO ORDER_ITEM (ID, ORDER_ID, PRODUCT_ID, QUANTITY)
VALUES (11910, 491, 46, 18);
INSERT INTO ORDER_ITEM (ID, ORDER_ID, PRODUCT_ID, QUANTITY)
VALUES (11911, 491, 31, 17);
INSERT INTO ORDER_ITEM (ID, ORDER_ID, PRODUCT_ID, QUANTITY)
VALUES (11912, 491, 41, 7);
INSERT INTO ORDER_ITEM (ID, ORDER_ID, PRODUCT_ID, QUANTITY)
VALUES (11913, 491, 37, 3);
INSERT INTO ORDER_ITEM (ID, ORDER_ID, PRODUCT_ID, QUANTITY)
VALUES (11914, 491, 59, 17);
INSERT INTO ORDER_ITEM (ID, ORDER_ID, PRODUCT_ID, QUANTITY)
VALUES (11915, 491, 51, 11);
INSERT INTO ORDER_ITEM (ID, ORDER_ID, PRODUCT_ID, QUANTITY)
VALUES (11916, 491, 55, 5);
INSERT INTO ORDER_ITEM (ID, ORDER_ID, PRODUCT_ID, QUANTITY)
VALUES (11917, 491, 44, 6);
INSERT INTO ORDER_ITEM (ID, ORDER_ID, PRODUCT_ID, QUANTITY)
VALUES (11918, 491, 35, 16);
INSERT INTO ORDER_ITEM (ID, ORDER_ID, PRODUCT_ID, QUANTITY)
VALUES (11919, 491, 29, 12);
INSERT INTO ORDER_ITEM (ID, ORDER_ID, PRODUCT_ID, QUANTITY)
VALUES (11920, 491, 60, 3);
INSERT INTO ORDER_ITEM (ID, ORDER_ID, PRODUCT_ID, QUANTITY)
VALUES (11921, 491, 52, 16);
INSERT INTO ORDER_ITEM (ID, ORDER_ID, PRODUCT_ID, QUANTITY)
VALUES (11922, 491, 24, 3);
INSERT INTO ORDER_ITEM (ID, ORDER_ID, PRODUCT_ID, QUANTITY)
VALUES (11923, 491, 38, 9);
INSERT INTO ORDER_ITEM (ID, ORDER_ID, PRODUCT_ID, QUANTITY)
VALUES (11924, 491, 27, 2);
-- ### ORDER 482
INSERT INTO PAYMENT_DETAIL(ID, AMOUNT, PROVIDER, PROVIDER_PAYMENT_UUID)
VALUES (492, 4422.0, 'MASTERCARD', '385459209');
INSERT INTO ORDERS (ID, CUST_ID, PAYMENT_ID, STATUS, AMOUNT, CREATED_ON, UPDATED_ON)
VALUES (492, 777, 492, 'DELIVERED', 4422.0, LOCALTIMESTAMP, LOCALTIMESTAMP);
INSERT INTO ORDER_ITEM (ID, ORDER_ID, PRODUCT_ID, QUANTITY)
VALUES (11925, 492, 44, 3);
INSERT INTO ORDER_ITEM (ID, ORDER_ID, PRODUCT_ID, QUANTITY)
VALUES (11926, 492, 23, 10);
INSERT INTO ORDER_ITEM (ID, ORDER_ID, PRODUCT_ID, QUANTITY)
VALUES (11927, 492, 50, 11);
INSERT INTO ORDER_ITEM (ID, ORDER_ID, PRODUCT_ID, QUANTITY)
VALUES (11928, 492, 40, 13);
INSERT INTO ORDER_ITEM (ID, ORDER_ID, PRODUCT_ID, QUANTITY)
VALUES (11929, 492, 54, 7);
INSERT INTO ORDER_ITEM (ID, ORDER_ID, PRODUCT_ID, QUANTITY)
VALUES (11930, 492, 56, 1);
INSERT INTO ORDER_ITEM (ID, ORDER_ID, PRODUCT_ID, QUANTITY)
VALUES (11931, 492, 37, 11);
INSERT INTO ORDER_ITEM (ID, ORDER_ID, PRODUCT_ID, QUANTITY)
VALUES (11932, 492, 32, 20);
INSERT INTO ORDER_ITEM (ID, ORDER_ID, PRODUCT_ID, QUANTITY)
VALUES (11933, 492, 21, 12);
INSERT INTO ORDER_ITEM (ID, ORDER_ID, PRODUCT_ID, QUANTITY)
VALUES (11934, 492, 19, 2);
INSERT INTO ORDER_ITEM (ID, ORDER_ID, PRODUCT_ID, QUANTITY)
VALUES (11935, 492, 16, 1);
INSERT INTO ORDER_ITEM (ID, ORDER_ID, PRODUCT_ID, QUANTITY)
VALUES (11936, 492, 45, 11);
INSERT INTO ORDER_ITEM (ID, ORDER_ID, PRODUCT_ID, QUANTITY)
VALUES (11937, 492, 41, 6);
INSERT INTO ORDER_ITEM (ID, ORDER_ID, PRODUCT_ID, QUANTITY)
VALUES (11938, 492, 14, 15);
INSERT INTO ORDER_ITEM (ID, ORDER_ID, PRODUCT_ID, QUANTITY)
VALUES (11939, 492, 49, 17);
INSERT INTO ORDER_ITEM (ID, ORDER_ID, PRODUCT_ID, QUANTITY)
VALUES (11940, 492, 29, 20);
INSERT INTO ORDER_ITEM (ID, ORDER_ID, PRODUCT_ID, QUANTITY)
VALUES (11941, 492, 22, 14);
INSERT INTO ORDER_ITEM (ID, ORDER_ID, PRODUCT_ID, QUANTITY)
VALUES (11942, 492, 24, 19);
INSERT INTO ORDER_ITEM (ID, ORDER_ID, PRODUCT_ID, QUANTITY)
VALUES (11943, 492, 15, 15);
INSERT INTO ORDER_ITEM (ID, ORDER_ID, PRODUCT_ID, QUANTITY)
VALUES (11944, 492, 47, 3);
INSERT INTO ORDER_ITEM (ID, ORDER_ID, PRODUCT_ID, QUANTITY)
VALUES (11945, 492, 20, 3);
INSERT INTO ORDER_ITEM (ID, ORDER_ID, PRODUCT_ID, QUANTITY)
VALUES (11946, 492, 52, 7);
INSERT INTO ORDER_ITEM (ID, ORDER_ID, PRODUCT_ID, QUANTITY)
VALUES (11947, 492, 26, 12);
INSERT INTO ORDER_ITEM (ID, ORDER_ID, PRODUCT_ID, QUANTITY)
VALUES (11948, 492, 60, 15);
INSERT INTO ORDER_ITEM (ID, ORDER_ID, PRODUCT_ID, QUANTITY)
VALUES (11949, 492, 59, 5);
INSERT INTO ORDER_ITEM (ID, ORDER_ID, PRODUCT_ID, QUANTITY)
VALUES (11950, 492, 58, 15);
-- ### ORDER 483
INSERT INTO PAYMENT_DETAIL(ID, AMOUNT, PROVIDER, PROVIDER_PAYMENT_UUID)
VALUES (493, 2630.0, 'PAYPAL', '636614876');
INSERT INTO ORDERS (ID, CUST_ID, PAYMENT_ID, STATUS, AMOUNT, CREATED_ON, UPDATED_ON)
VALUES (493, 777, 493, 'DELIVERED', 2630.0, LOCALTIMESTAMP, LOCALTIMESTAMP);
INSERT INTO ORDER_ITEM (ID, ORDER_ID, PRODUCT_ID, QUANTITY)
VALUES (11951, 493, 46, 14);
INSERT INTO ORDER_ITEM (ID, ORDER_ID, PRODUCT_ID, QUANTITY)
VALUES (11952, 493, 14, 8);
INSERT INTO ORDER_ITEM (ID, ORDER_ID, PRODUCT_ID, QUANTITY)
VALUES (11953, 493, 29, 5);
INSERT INTO ORDER_ITEM (ID, ORDER_ID, PRODUCT_ID, QUANTITY)
VALUES (11954, 493, 49, 19);
INSERT INTO ORDER_ITEM (ID, ORDER_ID, PRODUCT_ID, QUANTITY)
VALUES (11955, 493, 43, 18);
INSERT INTO ORDER_ITEM (ID, ORDER_ID, PRODUCT_ID, QUANTITY)
VALUES (11956, 493, 24, 1);
INSERT INTO ORDER_ITEM (ID, ORDER_ID, PRODUCT_ID, QUANTITY)
VALUES (11957, 493, 22, 8);
INSERT INTO ORDER_ITEM (ID, ORDER_ID, PRODUCT_ID, QUANTITY)
VALUES (11958, 493, 58, 5);
INSERT INTO ORDER_ITEM (ID, ORDER_ID, PRODUCT_ID, QUANTITY)
VALUES (11959, 493, 25, 20);
INSERT INTO ORDER_ITEM (ID, ORDER_ID, PRODUCT_ID, QUANTITY)
VALUES (11960, 493, 54, 16);
INSERT INTO ORDER_ITEM (ID, ORDER_ID, PRODUCT_ID, QUANTITY)
VALUES (11961, 493, 12, 12);
INSERT INTO ORDER_ITEM (ID, ORDER_ID, PRODUCT_ID, QUANTITY)
VALUES (11962, 493, 13, 6);
-- ### ORDER 484
INSERT INTO PAYMENT_DETAIL(ID, AMOUNT, PROVIDER, PROVIDER_PAYMENT_UUID)
VALUES (494, 2838.0, 'ICARD', '805854524');
INSERT INTO ORDERS (ID, CUST_ID, PAYMENT_ID, STATUS, AMOUNT, CREATED_ON, UPDATED_ON)
VALUES (494, 777, 494, 'DELIVERED', 2838.0, LOCALTIMESTAMP, LOCALTIMESTAMP);
INSERT INTO ORDER_ITEM (ID, ORDER_ID, PRODUCT_ID, QUANTITY)
VALUES (11963, 494, 26, 9);
INSERT INTO ORDER_ITEM (ID, ORDER_ID, PRODUCT_ID, QUANTITY)
VALUES (11964, 494, 23, 13);
-- ### ORDER 485
INSERT INTO PAYMENT_DETAIL(ID, AMOUNT, PROVIDER, PROVIDER_PAYMENT_UUID)
VALUES (495, 2238.0, 'CRYPTO', '372164475');
INSERT INTO ORDERS (ID, CUST_ID, PAYMENT_ID, STATUS, AMOUNT, CREATED_ON, UPDATED_ON)
VALUES (495, 777, 495, 'DELIVERED', 2238.0, LOCALTIMESTAMP, LOCALTIMESTAMP);
INSERT INTO ORDER_ITEM (ID, ORDER_ID, PRODUCT_ID, QUANTITY)
VALUES (11965, 495, 25, 15);
INSERT INTO ORDER_ITEM (ID, ORDER_ID, PRODUCT_ID, QUANTITY)
VALUES (11966, 495, 34, 4);
INSERT INTO ORDER_ITEM (ID, ORDER_ID, PRODUCT_ID, QUANTITY)
VALUES (11967, 495, 55, 19);
INSERT INTO ORDER_ITEM (ID, ORDER_ID, PRODUCT_ID, QUANTITY)
VALUES (11968, 495, 59, 16);
INSERT INTO ORDER_ITEM (ID, ORDER_ID, PRODUCT_ID, QUANTITY)
VALUES (11969, 495, 31, 1);
INSERT INTO ORDER_ITEM (ID, ORDER_ID, PRODUCT_ID, QUANTITY)
VALUES (11970, 495, 24, 10);
INSERT INTO ORDER_ITEM (ID, ORDER_ID, PRODUCT_ID, QUANTITY)
VALUES (11971, 495, 44, 5);
INSERT INTO ORDER_ITEM (ID, ORDER_ID, PRODUCT_ID, QUANTITY)
VALUES (11972, 495, 52, 4);
INSERT INTO ORDER_ITEM (ID, ORDER_ID, PRODUCT_ID, QUANTITY)
VALUES (11973, 495, 45, 12);
INSERT INTO ORDER_ITEM (ID, ORDER_ID, PRODUCT_ID, QUANTITY)
VALUES (11974, 495, 17, 8);
INSERT INTO ORDER_ITEM (ID, ORDER_ID, PRODUCT_ID, QUANTITY)
VALUES (11975, 495, 42, 12);
INSERT INTO ORDER_ITEM (ID, ORDER_ID, PRODUCT_ID, QUANTITY)
VALUES (11976, 495, 43, 19);
INSERT INTO ORDER_ITEM (ID, ORDER_ID, PRODUCT_ID, QUANTITY)
VALUES (11977, 495, 38, 13);
INSERT INTO ORDER_ITEM (ID, ORDER_ID, PRODUCT_ID, QUANTITY)
VALUES (11978, 495, 30, 8);
INSERT INTO ORDER_ITEM (ID, ORDER_ID, PRODUCT_ID, QUANTITY)
VALUES (11979, 495, 28, 15);
INSERT INTO ORDER_ITEM (ID, ORDER_ID, PRODUCT_ID, QUANTITY)
VALUES (11980, 495, 12, 0);
INSERT INTO ORDER_ITEM (ID, ORDER_ID, PRODUCT_ID, QUANTITY)
VALUES (11981, 495, 58, 9);
INSERT INTO ORDER_ITEM (ID, ORDER_ID, PRODUCT_ID, QUANTITY)
VALUES (11982, 495, 41, 7);
INSERT INTO ORDER_ITEM (ID, ORDER_ID, PRODUCT_ID, QUANTITY)
VALUES (11983, 495, 27, 16);
INSERT INTO ORDER_ITEM (ID, ORDER_ID, PRODUCT_ID, QUANTITY)
VALUES (11984, 495, 33, 2);
INSERT INTO ORDER_ITEM (ID, ORDER_ID, PRODUCT_ID, QUANTITY)
VALUES (11985, 495, 48, 10);
INSERT INTO ORDER_ITEM (ID, ORDER_ID, PRODUCT_ID, QUANTITY)
VALUES (11986, 495, 15, 6);
INSERT INTO ORDER_ITEM (ID, ORDER_ID, PRODUCT_ID, QUANTITY)
VALUES (11987, 495, 20, 12);
INSERT INTO ORDER_ITEM (ID, ORDER_ID, PRODUCT_ID, QUANTITY)
VALUES (11988, 495, 32, 8);
INSERT INTO ORDER_ITEM (ID, ORDER_ID, PRODUCT_ID, QUANTITY)
VALUES (11989, 495, 11, 20);
INSERT INTO ORDER_ITEM (ID, ORDER_ID, PRODUCT_ID, QUANTITY)
VALUES (11990, 495, 56, 1);
INSERT INTO ORDER_ITEM (ID, ORDER_ID, PRODUCT_ID, QUANTITY)
VALUES (11991, 495, 13, 10);
INSERT INTO ORDER_ITEM (ID, ORDER_ID, PRODUCT_ID, QUANTITY)
VALUES (11992, 495, 36, 13);
INSERT INTO ORDER_ITEM (ID, ORDER_ID, PRODUCT_ID, QUANTITY)
VALUES (11993, 495, 21, 12);
INSERT INTO ORDER_ITEM (ID, ORDER_ID, PRODUCT_ID, QUANTITY)
VALUES (11994, 495, 40, 1);
-- ### ORDER 486
INSERT INTO PAYMENT_DETAIL(ID, AMOUNT, PROVIDER, PROVIDER_PAYMENT_UUID)
VALUES (496, 2718.0, 'CRYPTO', '750035182');
INSERT INTO ORDERS (ID, CUST_ID, PAYMENT_ID, STATUS, AMOUNT, CREATED_ON, UPDATED_ON)
VALUES (496, 777, 496, 'DELIVERED', 2718.0, LOCALTIMESTAMP, LOCALTIMESTAMP);
INSERT INTO ORDER_ITEM (ID, ORDER_ID, PRODUCT_ID, QUANTITY)
VALUES (11995, 496, 40, 12);
INSERT INTO ORDER_ITEM (ID, ORDER_ID, PRODUCT_ID, QUANTITY)
VALUES (11996, 496, 49, 16);
INSERT INTO ORDER_ITEM (ID, ORDER_ID, PRODUCT_ID, QUANTITY)
VALUES (11997, 496, 17, 5);
INSERT INTO ORDER_ITEM (ID, ORDER_ID, PRODUCT_ID, QUANTITY)
VALUES (11998, 496, 16, 6);
INSERT INTO ORDER_ITEM (ID, ORDER_ID, PRODUCT_ID, QUANTITY)
VALUES (11999, 496, 44, 9);
INSERT INTO ORDER_ITEM (ID, ORDER_ID, PRODUCT_ID, QUANTITY)
VALUES (12000, 496, 39, 10);
INSERT INTO ORDER_ITEM (ID, ORDER_ID, PRODUCT_ID, QUANTITY)
VALUES (12001, 496, 30, 14);
INSERT INTO ORDER_ITEM (ID, ORDER_ID, PRODUCT_ID, QUANTITY)
VALUES (12002, 496, 52, 12);
INSERT INTO ORDER_ITEM (ID, ORDER_ID, PRODUCT_ID, QUANTITY)
VALUES (12003, 496, 36, 12);
INSERT INTO ORDER_ITEM (ID, ORDER_ID, PRODUCT_ID, QUANTITY)
VALUES (12004, 496, 42, 5);
INSERT INTO ORDER_ITEM (ID, ORDER_ID, PRODUCT_ID, QUANTITY)
VALUES (12005, 496, 28, 17);
INSERT INTO ORDER_ITEM (ID, ORDER_ID, PRODUCT_ID, QUANTITY)
VALUES (12006, 496, 38, 19);
INSERT INTO ORDER_ITEM (ID, ORDER_ID, PRODUCT_ID, QUANTITY)
VALUES (12007, 496, 55, 11);
INSERT INTO ORDER_ITEM (ID, ORDER_ID, PRODUCT_ID, QUANTITY)
VALUES (12008, 496, 25, 14);
INSERT INTO ORDER_ITEM (ID, ORDER_ID, PRODUCT_ID, QUANTITY)
VALUES (12009, 496, 19, 18);
INSERT INTO ORDER_ITEM (ID, ORDER_ID, PRODUCT_ID, QUANTITY)
VALUES (12010, 496, 12, 17);
INSERT INTO ORDER_ITEM (ID, ORDER_ID, PRODUCT_ID, QUANTITY)
VALUES (12011, 496, 59, 10);
INSERT INTO ORDER_ITEM (ID, ORDER_ID, PRODUCT_ID, QUANTITY)
VALUES (12012, 496, 50, 18);
INSERT INTO ORDER_ITEM (ID, ORDER_ID, PRODUCT_ID, QUANTITY)
VALUES (12013, 496, 11, 8);
INSERT INTO ORDER_ITEM (ID, ORDER_ID, PRODUCT_ID, QUANTITY)
VALUES (12014, 496, 29, 16);
INSERT INTO ORDER_ITEM (ID, ORDER_ID, PRODUCT_ID, QUANTITY)
VALUES (12015, 496, 46, 14);
INSERT INTO ORDER_ITEM (ID, ORDER_ID, PRODUCT_ID, QUANTITY)
VALUES (12016, 496, 31, 16);
INSERT INTO ORDER_ITEM (ID, ORDER_ID, PRODUCT_ID, QUANTITY)
VALUES (12017, 496, 48, 2);
INSERT INTO ORDER_ITEM (ID, ORDER_ID, PRODUCT_ID, QUANTITY)
VALUES (12018, 496, 18, 12);
INSERT INTO ORDER_ITEM (ID, ORDER_ID, PRODUCT_ID, QUANTITY)
VALUES (12019, 496, 27, 0);
INSERT INTO ORDER_ITEM (ID, ORDER_ID, PRODUCT_ID, QUANTITY)
VALUES (12020, 496, 37, 12);
INSERT INTO ORDER_ITEM (ID, ORDER_ID, PRODUCT_ID, QUANTITY)
VALUES (12021, 496, 43, 1);
INSERT INTO ORDER_ITEM (ID, ORDER_ID, PRODUCT_ID, QUANTITY)
VALUES (12022, 496, 60, 5);
INSERT INTO ORDER_ITEM (ID, ORDER_ID, PRODUCT_ID, QUANTITY)
VALUES (12023, 496, 47, 14);
INSERT INTO ORDER_ITEM (ID, ORDER_ID, PRODUCT_ID, QUANTITY)
VALUES (12024, 496, 23, 19);
INSERT INTO ORDER_ITEM (ID, ORDER_ID, PRODUCT_ID, QUANTITY)
VALUES (12025, 496, 51, 9);
INSERT INTO ORDER_ITEM (ID, ORDER_ID, PRODUCT_ID, QUANTITY)
VALUES (12026, 496, 32, 8);
INSERT INTO ORDER_ITEM (ID, ORDER_ID, PRODUCT_ID, QUANTITY)
VALUES (12027, 496, 24, 19);
-- ### ORDER 487
INSERT INTO PAYMENT_DETAIL(ID, AMOUNT, PROVIDER, PROVIDER_PAYMENT_UUID)
VALUES (497, 3255.0, 'ICARD', '99830818');
INSERT INTO ORDERS (ID, CUST_ID, PAYMENT_ID, STATUS, AMOUNT, CREATED_ON, UPDATED_ON)
VALUES (497, 777, 497, 'DELIVERED', 3255.0, LOCALTIMESTAMP, LOCALTIMESTAMP);
INSERT INTO ORDER_ITEM (ID, ORDER_ID, PRODUCT_ID, QUANTITY)
VALUES (12028, 497, 49, 8);
INSERT INTO ORDER_ITEM (ID, ORDER_ID, PRODUCT_ID, QUANTITY)
VALUES (12029, 497, 14, 3);
INSERT INTO ORDER_ITEM (ID, ORDER_ID, PRODUCT_ID, QUANTITY)
VALUES (12030, 497, 25, 15);
INSERT INTO ORDER_ITEM (ID, ORDER_ID, PRODUCT_ID, QUANTITY)
VALUES (12031, 497, 48, 11);
INSERT INTO ORDER_ITEM (ID, ORDER_ID, PRODUCT_ID, QUANTITY)
VALUES (12032, 497, 52, 14);
INSERT INTO ORDER_ITEM (ID, ORDER_ID, PRODUCT_ID, QUANTITY)
VALUES (12033, 497, 29, 11);
INSERT INTO ORDER_ITEM (ID, ORDER_ID, PRODUCT_ID, QUANTITY)
VALUES (12034, 497, 18, 1);
INSERT INTO ORDER_ITEM (ID, ORDER_ID, PRODUCT_ID, QUANTITY)
VALUES (12035, 497, 54, 9);
INSERT INTO ORDER_ITEM (ID, ORDER_ID, PRODUCT_ID, QUANTITY)
VALUES (12036, 497, 15, 3);
INSERT INTO ORDER_ITEM (ID, ORDER_ID, PRODUCT_ID, QUANTITY)
VALUES (12037, 497, 21, 10);
-- ### ORDER 488
INSERT INTO PAYMENT_DETAIL(ID, AMOUNT, PROVIDER, PROVIDER_PAYMENT_UUID)
VALUES (498, 2149.0, 'VISA', '355771059');
INSERT INTO ORDERS (ID, CUST_ID, PAYMENT_ID, STATUS, AMOUNT, CREATED_ON, UPDATED_ON)
VALUES (498, 777, 498, 'DELIVERED', 2149.0, LOCALTIMESTAMP, LOCALTIMESTAMP);
INSERT INTO ORDER_ITEM (ID, ORDER_ID, PRODUCT_ID, QUANTITY)
VALUES (12038, 498, 34, 9);
INSERT INTO ORDER_ITEM (ID, ORDER_ID, PRODUCT_ID, QUANTITY)
VALUES (12039, 498, 31, 4);
INSERT INTO ORDER_ITEM (ID, ORDER_ID, PRODUCT_ID, QUANTITY)
VALUES (12040, 498, 22, 13);
INSERT INTO ORDER_ITEM (ID, ORDER_ID, PRODUCT_ID, QUANTITY)
VALUES (12041, 498, 29, 1);
INSERT INTO ORDER_ITEM (ID, ORDER_ID, PRODUCT_ID, QUANTITY)
VALUES (12042, 498, 11, 18);
INSERT INTO ORDER_ITEM (ID, ORDER_ID, PRODUCT_ID, QUANTITY)
VALUES (12043, 498, 36, 19);
-- ### ORDER 489
INSERT INTO PAYMENT_DETAIL(ID, AMOUNT, PROVIDER, PROVIDER_PAYMENT_UUID)
VALUES (499, 458.0, 'VISA', '113374013');
INSERT INTO ORDERS (ID, CUST_ID, PAYMENT_ID, STATUS, AMOUNT, CREATED_ON, UPDATED_ON)
VALUES (499, 777, 499, 'DELIVERED', 458.0, LOCALTIMESTAMP, LOCALTIMESTAMP);
INSERT INTO ORDER_ITEM (ID, ORDER_ID, PRODUCT_ID, QUANTITY)
VALUES (12044, 499, 38, 10);
INSERT INTO ORDER_ITEM (ID, ORDER_ID, PRODUCT_ID, QUANTITY)
VALUES (12045, 499, 47, 5);
INSERT INTO ORDER_ITEM (ID, ORDER_ID, PRODUCT_ID, QUANTITY)
VALUES (12046, 499, 14, 11);
INSERT INTO ORDER_ITEM (ID, ORDER_ID, PRODUCT_ID, QUANTITY)
VALUES (12047, 499, 29, 13);
INSERT INTO ORDER_ITEM (ID, ORDER_ID, PRODUCT_ID, QUANTITY)
VALUES (12048, 499, 41, 14);
INSERT INTO ORDER_ITEM (ID, ORDER_ID, PRODUCT_ID, QUANTITY)
VALUES (12049, 499, 20, 12);
INSERT INTO ORDER_ITEM (ID, ORDER_ID, PRODUCT_ID, QUANTITY)
VALUES (12050, 499, 54, 10);
INSERT INTO ORDER_ITEM (ID, ORDER_ID, PRODUCT_ID, QUANTITY)
VALUES (12051, 499, 57, 15);
INSERT INTO ORDER_ITEM (ID, ORDER_ID, PRODUCT_ID, QUANTITY)
VALUES (12052, 499, 24, 7);
INSERT INTO ORDER_ITEM (ID, ORDER_ID, PRODUCT_ID, QUANTITY)
VALUES (12053, 499, 52, 18);
INSERT INTO ORDER_ITEM (ID, ORDER_ID, PRODUCT_ID, QUANTITY)
VALUES (12054, 499, 15, 5);
INSERT INTO ORDER_ITEM (ID, ORDER_ID, PRODUCT_ID, QUANTITY)
VALUES (12055, 499, 19, 20);
INSERT INTO ORDER_ITEM (ID, ORDER_ID, PRODUCT_ID, QUANTITY)
VALUES (12056, 499, 50, 8);
-- ### ORDER 490
INSERT INTO PAYMENT_DETAIL(ID, AMOUNT, PROVIDER, PROVIDER_PAYMENT_UUID)
VALUES (500, 1956.0, 'PAYPAL', '265533512');
INSERT INTO ORDERS (ID, CUST_ID, PAYMENT_ID, STATUS, AMOUNT, CREATED_ON, UPDATED_ON)
VALUES (500, 777, 500, 'DELIVERED', 1956.0, LOCALTIMESTAMP, LOCALTIMESTAMP);
INSERT INTO ORDER_ITEM (ID, ORDER_ID, PRODUCT_ID, QUANTITY)
VALUES (12057, 500, 34, 4);
INSERT INTO ORDER_ITEM (ID, ORDER_ID, PRODUCT_ID, QUANTITY)
VALUES (12058, 500, 40, 6);
INSERT INTO ORDER_ITEM (ID, ORDER_ID, PRODUCT_ID, QUANTITY)
VALUES (12059, 500, 11, 20);
INSERT INTO ORDER_ITEM (ID, ORDER_ID, PRODUCT_ID, QUANTITY)
VALUES (12060, 500, 55, 4);
INSERT INTO ORDER_ITEM (ID, ORDER_ID, PRODUCT_ID, QUANTITY)
VALUES (12061, 500, 37, 19);
INSERT INTO ORDER_ITEM (ID, ORDER_ID, PRODUCT_ID, QUANTITY)
VALUES (12062, 500, 48, 5);
INSERT INTO ORDER_ITEM (ID, ORDER_ID, PRODUCT_ID, QUANTITY)
VALUES (12063, 500, 18, 17);
INSERT INTO ORDER_ITEM (ID, ORDER_ID, PRODUCT_ID, QUANTITY)
VALUES (12064, 500, 23, 17);
INSERT INTO ORDER_ITEM (ID, ORDER_ID, PRODUCT_ID, QUANTITY)
VALUES (12065, 500, 21, 7);
INSERT INTO ORDER_ITEM (ID, ORDER_ID, PRODUCT_ID, QUANTITY)
VALUES (12066, 500, 60, 10);
INSERT INTO ORDER_ITEM (ID, ORDER_ID, PRODUCT_ID, QUANTITY)
VALUES (12067, 500, 25, 16);
INSERT INTO ORDER_ITEM (ID, ORDER_ID, PRODUCT_ID, QUANTITY)
VALUES (12068, 500, 16, 10);
INSERT INTO ORDER_ITEM (ID, ORDER_ID, PRODUCT_ID, QUANTITY)
VALUES (12069, 500, 42, 0);
INSERT INTO ORDER_ITEM (ID, ORDER_ID, PRODUCT_ID, QUANTITY)
VALUES (12070, 500, 33, 18);
INSERT INTO ORDER_ITEM (ID, ORDER_ID, PRODUCT_ID, QUANTITY)
VALUES (12071, 500, 44, 20);
INSERT INTO ORDER_ITEM (ID, ORDER_ID, PRODUCT_ID, QUANTITY)
VALUES (12072, 500, 28, 6);
INSERT INTO ORDER_ITEM (ID, ORDER_ID, PRODUCT_ID, QUANTITY)
VALUES (12073, 500, 49, 6);
INSERT INTO ORDER_ITEM (ID, ORDER_ID, PRODUCT_ID, QUANTITY)
VALUES (12074, 500, 36, 9);
INSERT INTO ORDER_ITEM (ID, ORDER_ID, PRODUCT_ID, QUANTITY)
VALUES (12075, 500, 58, 2);
INSERT INTO ORDER_ITEM (ID, ORDER_ID, PRODUCT_ID, QUANTITY)
VALUES (12076, 500, 53, 14);
INSERT INTO ORDER_ITEM (ID, ORDER_ID, PRODUCT_ID, QUANTITY)
VALUES (12077, 500, 46, 3);
INSERT INTO ORDER_ITEM (ID, ORDER_ID, PRODUCT_ID, QUANTITY)
VALUES (12078, 500, 54, 5);
INSERT INTO ORDER_ITEM (ID, ORDER_ID, PRODUCT_ID, QUANTITY)
VALUES (12079, 500, 39, 1);
INSERT INTO ORDER_ITEM (ID, ORDER_ID, PRODUCT_ID, QUANTITY)
VALUES (12080, 500, 15, 0);
INSERT INTO ORDER_ITEM (ID, ORDER_ID, PRODUCT_ID, QUANTITY)
VALUES (12081, 500, 29, 3);
INSERT INTO ORDER_ITEM (ID, ORDER_ID, PRODUCT_ID, QUANTITY)
VALUES (12082, 500, 17, 9);
INSERT INTO ORDER_ITEM (ID, ORDER_ID, PRODUCT_ID, QUANTITY)
VALUES (12083, 500, 35, 16);
INSERT INTO ORDER_ITEM (ID, ORDER_ID, PRODUCT_ID, QUANTITY)
VALUES (12084, 500, 30, 10);
INSERT INTO ORDER_ITEM (ID, ORDER_ID, PRODUCT_ID, QUANTITY)
VALUES (12085, 500, 14, 14);
INSERT INTO ORDER_ITEM (ID, ORDER_ID, PRODUCT_ID, QUANTITY)
VALUES (12086, 500, 19, 11);
INSERT INTO ORDER_ITEM (ID, ORDER_ID, PRODUCT_ID, QUANTITY)
VALUES (12087, 500, 50, 4);
INSERT INTO ORDER_ITEM (ID, ORDER_ID, PRODUCT_ID, QUANTITY)
VALUES (12088, 500, 12, 17);
INSERT INTO ORDER_ITEM (ID, ORDER_ID, PRODUCT_ID, QUANTITY)
VALUES (12089, 500, 27, 3);
INSERT INTO ORDER_ITEM (ID, ORDER_ID, PRODUCT_ID, QUANTITY)
VALUES (12090, 500, 45, 13);
-- ### ORDER 491
INSERT INTO PAYMENT_DETAIL(ID, AMOUNT, PROVIDER, PROVIDER_PAYMENT_UUID)
VALUES (501, 4166.0, 'ICARD', '695125267');
INSERT INTO ORDERS (ID, CUST_ID, PAYMENT_ID, STATUS, AMOUNT, CREATED_ON, UPDATED_ON)
VALUES (501, 777, 501, 'DELIVERED', 4166.0, LOCALTIMESTAMP, LOCALTIMESTAMP);
INSERT INTO ORDER_ITEM (ID, ORDER_ID, PRODUCT_ID, QUANTITY)
VALUES (12091, 501, 20, 6);
INSERT INTO ORDER_ITEM (ID, ORDER_ID, PRODUCT_ID, QUANTITY)
VALUES (12092, 501, 45, 16);
INSERT INTO ORDER_ITEM (ID, ORDER_ID, PRODUCT_ID, QUANTITY)
VALUES (12093, 501, 14, 5);
INSERT INTO ORDER_ITEM (ID, ORDER_ID, PRODUCT_ID, QUANTITY)
VALUES (12094, 501, 19, 12);
INSERT INTO ORDER_ITEM (ID, ORDER_ID, PRODUCT_ID, QUANTITY)
VALUES (12095, 501, 58, 16);
INSERT INTO ORDER_ITEM (ID, ORDER_ID, PRODUCT_ID, QUANTITY)
VALUES (12096, 501, 59, 15);
INSERT INTO ORDER_ITEM (ID, ORDER_ID, PRODUCT_ID, QUANTITY)
VALUES (12097, 501, 60, 10);
INSERT INTO ORDER_ITEM (ID, ORDER_ID, PRODUCT_ID, QUANTITY)
VALUES (12098, 501, 34, 10);
INSERT INTO ORDER_ITEM (ID, ORDER_ID, PRODUCT_ID, QUANTITY)
VALUES (12099, 501, 47, 19);
INSERT INTO ORDER_ITEM (ID, ORDER_ID, PRODUCT_ID, QUANTITY)
VALUES (12100, 501, 24, 8);
INSERT INTO ORDER_ITEM (ID, ORDER_ID, PRODUCT_ID, QUANTITY)
VALUES (12101, 501, 42, 19);
INSERT INTO ORDER_ITEM (ID, ORDER_ID, PRODUCT_ID, QUANTITY)
VALUES (12102, 501, 46, 3);
INSERT INTO ORDER_ITEM (ID, ORDER_ID, PRODUCT_ID, QUANTITY)
VALUES (12103, 501, 23, 10);
-- ### ORDER 492
INSERT INTO PAYMENT_DETAIL(ID, AMOUNT, PROVIDER, PROVIDER_PAYMENT_UUID)
VALUES (502, 3677.0, 'MASTERCARD', '703268846');
INSERT INTO ORDERS (ID, CUST_ID, PAYMENT_ID, STATUS, AMOUNT, CREATED_ON, UPDATED_ON)
VALUES (502, 777, 502, 'DELIVERED', 3677.0, LOCALTIMESTAMP, LOCALTIMESTAMP);
INSERT INTO ORDER_ITEM (ID, ORDER_ID, PRODUCT_ID, QUANTITY)
VALUES (12104, 502, 43, 18);
INSERT INTO ORDER_ITEM (ID, ORDER_ID, PRODUCT_ID, QUANTITY)
VALUES (12105, 502, 23, 13);
INSERT INTO ORDER_ITEM (ID, ORDER_ID, PRODUCT_ID, QUANTITY)
VALUES (12106, 502, 53, 20);
INSERT INTO ORDER_ITEM (ID, ORDER_ID, PRODUCT_ID, QUANTITY)
VALUES (12107, 502, 25, 15);
INSERT INTO ORDER_ITEM (ID, ORDER_ID, PRODUCT_ID, QUANTITY)
VALUES (12108, 502, 44, 6);
INSERT INTO ORDER_ITEM (ID, ORDER_ID, PRODUCT_ID, QUANTITY)
VALUES (12109, 502, 17, 8);
INSERT INTO ORDER_ITEM (ID, ORDER_ID, PRODUCT_ID, QUANTITY)
VALUES (12110, 502, 16, 6);
INSERT INTO ORDER_ITEM (ID, ORDER_ID, PRODUCT_ID, QUANTITY)
VALUES (12111, 502, 14, 4);
INSERT INTO ORDER_ITEM (ID, ORDER_ID, PRODUCT_ID, QUANTITY)
VALUES (12112, 502, 48, 7);
INSERT INTO ORDER_ITEM (ID, ORDER_ID, PRODUCT_ID, QUANTITY)
VALUES (12113, 502, 49, 14);
INSERT INTO ORDER_ITEM (ID, ORDER_ID, PRODUCT_ID, QUANTITY)
VALUES (12114, 502, 20, 11);
INSERT INTO ORDER_ITEM (ID, ORDER_ID, PRODUCT_ID, QUANTITY)
VALUES (12115, 502, 13, 1);
INSERT INTO ORDER_ITEM (ID, ORDER_ID, PRODUCT_ID, QUANTITY)
VALUES (12116, 502, 50, 2);
INSERT INTO ORDER_ITEM (ID, ORDER_ID, PRODUCT_ID, QUANTITY)
VALUES (12117, 502, 36, 2);
INSERT INTO ORDER_ITEM (ID, ORDER_ID, PRODUCT_ID, QUANTITY)
VALUES (12118, 502, 57, 8);
INSERT INTO ORDER_ITEM (ID, ORDER_ID, PRODUCT_ID, QUANTITY)
VALUES (12119, 502, 37, 17);
INSERT INTO ORDER_ITEM (ID, ORDER_ID, PRODUCT_ID, QUANTITY)
VALUES (12120, 502, 56, 19);
-- ### ORDER 493
INSERT INTO PAYMENT_DETAIL(ID, AMOUNT, PROVIDER, PROVIDER_PAYMENT_UUID)
VALUES (503, 1988.0, 'CRYPTO', '680072321');
INSERT INTO ORDERS (ID, CUST_ID, PAYMENT_ID, STATUS, AMOUNT, CREATED_ON, UPDATED_ON)
VALUES (503, 777, 503, 'DELIVERED', 1988.0, LOCALTIMESTAMP, LOCALTIMESTAMP);
INSERT INTO ORDER_ITEM (ID, ORDER_ID, PRODUCT_ID, QUANTITY)
VALUES (12121, 503, 13, 13);
INSERT INTO ORDER_ITEM (ID, ORDER_ID, PRODUCT_ID, QUANTITY)
VALUES (12122, 503, 57, 20);
INSERT INTO ORDER_ITEM (ID, ORDER_ID, PRODUCT_ID, QUANTITY)
VALUES (12123, 503, 47, 9);
INSERT INTO ORDER_ITEM (ID, ORDER_ID, PRODUCT_ID, QUANTITY)
VALUES (12124, 503, 55, 16);
INSERT INTO ORDER_ITEM (ID, ORDER_ID, PRODUCT_ID, QUANTITY)
VALUES (12125, 503, 58, 6);
INSERT INTO ORDER_ITEM (ID, ORDER_ID, PRODUCT_ID, QUANTITY)
VALUES (12126, 503, 11, 18);
INSERT INTO ORDER_ITEM (ID, ORDER_ID, PRODUCT_ID, QUANTITY)
VALUES (12127, 503, 17, 9);
INSERT INTO ORDER_ITEM (ID, ORDER_ID, PRODUCT_ID, QUANTITY)
VALUES (12128, 503, 45, 12);
INSERT INTO ORDER_ITEM (ID, ORDER_ID, PRODUCT_ID, QUANTITY)
VALUES (12129, 503, 34, 1);
INSERT INTO ORDER_ITEM (ID, ORDER_ID, PRODUCT_ID, QUANTITY)
VALUES (12130, 503, 31, 10);
-- ### ORDER 494
INSERT INTO PAYMENT_DETAIL(ID, AMOUNT, PROVIDER, PROVIDER_PAYMENT_UUID)
VALUES (504, 2171.0, 'PAYPAL', '420279620');
INSERT INTO ORDERS (ID, CUST_ID, PAYMENT_ID, STATUS, AMOUNT, CREATED_ON, UPDATED_ON)
VALUES (504, 777, 504, 'DELIVERED', 2171.0, LOCALTIMESTAMP, LOCALTIMESTAMP);
INSERT INTO ORDER_ITEM (ID, ORDER_ID, PRODUCT_ID, QUANTITY)
VALUES (12131, 504, 59, 14);
INSERT INTO ORDER_ITEM (ID, ORDER_ID, PRODUCT_ID, QUANTITY)
VALUES (12132, 504, 23, 4);
INSERT INTO ORDER_ITEM (ID, ORDER_ID, PRODUCT_ID, QUANTITY)
VALUES (12133, 504, 21, 4);
INSERT INTO ORDER_ITEM (ID, ORDER_ID, PRODUCT_ID, QUANTITY)
VALUES (12134, 504, 32, 8);
INSERT INTO ORDER_ITEM (ID, ORDER_ID, PRODUCT_ID, QUANTITY)
VALUES (12135, 504, 43, 2);
INSERT INTO ORDER_ITEM (ID, ORDER_ID, PRODUCT_ID, QUANTITY)
VALUES (12136, 504, 56, 18);
INSERT INTO ORDER_ITEM (ID, ORDER_ID, PRODUCT_ID, QUANTITY)
VALUES (12137, 504, 15, 1);
INSERT INTO ORDER_ITEM (ID, ORDER_ID, PRODUCT_ID, QUANTITY)
VALUES (12138, 504, 12, 6);
INSERT INTO ORDER_ITEM (ID, ORDER_ID, PRODUCT_ID, QUANTITY)
VALUES (12139, 504, 37, 7);
INSERT INTO ORDER_ITEM (ID, ORDER_ID, PRODUCT_ID, QUANTITY)
VALUES (12140, 504, 60, 20);
INSERT INTO ORDER_ITEM (ID, ORDER_ID, PRODUCT_ID, QUANTITY)
VALUES (12141, 504, 27, 6);
INSERT INTO ORDER_ITEM (ID, ORDER_ID, PRODUCT_ID, QUANTITY)
VALUES (12142, 504, 44, 12);
INSERT INTO ORDER_ITEM (ID, ORDER_ID, PRODUCT_ID, QUANTITY)
VALUES (12143, 504, 13, 11);
INSERT INTO ORDER_ITEM (ID, ORDER_ID, PRODUCT_ID, QUANTITY)
VALUES (12144, 504, 53, 10);
INSERT INTO ORDER_ITEM (ID, ORDER_ID, PRODUCT_ID, QUANTITY)
VALUES (12145, 504, 11, 1);
INSERT INTO ORDER_ITEM (ID, ORDER_ID, PRODUCT_ID, QUANTITY)
VALUES (12146, 504, 34, 12);
INSERT INTO ORDER_ITEM (ID, ORDER_ID, PRODUCT_ID, QUANTITY)
VALUES (12147, 504, 45, 4);
INSERT INTO ORDER_ITEM (ID, ORDER_ID, PRODUCT_ID, QUANTITY)
VALUES (12148, 504, 28, 6);
INSERT INTO ORDER_ITEM (ID, ORDER_ID, PRODUCT_ID, QUANTITY)
VALUES (12149, 504, 33, 19);
INSERT INTO ORDER_ITEM (ID, ORDER_ID, PRODUCT_ID, QUANTITY)
VALUES (12150, 504, 46, 5);
INSERT INTO ORDER_ITEM (ID, ORDER_ID, PRODUCT_ID, QUANTITY)
VALUES (12151, 504, 54, 5);
INSERT INTO ORDER_ITEM (ID, ORDER_ID, PRODUCT_ID, QUANTITY)
VALUES (12152, 504, 31, 2);
INSERT INTO ORDER_ITEM (ID, ORDER_ID, PRODUCT_ID, QUANTITY)
VALUES (12153, 504, 40, 8);
INSERT INTO ORDER_ITEM (ID, ORDER_ID, PRODUCT_ID, QUANTITY)
VALUES (12154, 504, 47, 3);
INSERT INTO ORDER_ITEM (ID, ORDER_ID, PRODUCT_ID, QUANTITY)
VALUES (12155, 504, 55, 20);
INSERT INTO ORDER_ITEM (ID, ORDER_ID, PRODUCT_ID, QUANTITY)
VALUES (12156, 504, 30, 7);
INSERT INTO ORDER_ITEM (ID, ORDER_ID, PRODUCT_ID, QUANTITY)
VALUES (12157, 504, 39, 18);
INSERT INTO ORDER_ITEM (ID, ORDER_ID, PRODUCT_ID, QUANTITY)
VALUES (12158, 504, 19, 17);
INSERT INTO ORDER_ITEM (ID, ORDER_ID, PRODUCT_ID, QUANTITY)
VALUES (12159, 504, 22, 4);
INSERT INTO ORDER_ITEM (ID, ORDER_ID, PRODUCT_ID, QUANTITY)
VALUES (12160, 504, 17, 2);
INSERT INTO ORDER_ITEM (ID, ORDER_ID, PRODUCT_ID, QUANTITY)
VALUES (12161, 504, 52, 6);
-- ### ORDER 495
INSERT INTO PAYMENT_DETAIL(ID, AMOUNT, PROVIDER, PROVIDER_PAYMENT_UUID)
VALUES (505, 3474.0, 'VISA', '823734882');
INSERT INTO ORDERS (ID, CUST_ID, PAYMENT_ID, STATUS, AMOUNT, CREATED_ON, UPDATED_ON)
VALUES (505, 777, 505, 'DELIVERED', 3474.0, LOCALTIMESTAMP, LOCALTIMESTAMP);
INSERT INTO ORDER_ITEM (ID, ORDER_ID, PRODUCT_ID, QUANTITY)
VALUES (12162, 505, 21, 5);
INSERT INTO ORDER_ITEM (ID, ORDER_ID, PRODUCT_ID, QUANTITY)
VALUES (12163, 505, 34, 3);
INSERT INTO ORDER_ITEM (ID, ORDER_ID, PRODUCT_ID, QUANTITY)
VALUES (12164, 505, 43, 14);
INSERT INTO ORDER_ITEM (ID, ORDER_ID, PRODUCT_ID, QUANTITY)
VALUES (12165, 505, 47, 17);
INSERT INTO ORDER_ITEM (ID, ORDER_ID, PRODUCT_ID, QUANTITY)
VALUES (12166, 505, 45, 1);
INSERT INTO ORDER_ITEM (ID, ORDER_ID, PRODUCT_ID, QUANTITY)
VALUES (12167, 505, 23, 9);
INSERT INTO ORDER_ITEM (ID, ORDER_ID, PRODUCT_ID, QUANTITY)
VALUES (12168, 505, 44, 7);
INSERT INTO ORDER_ITEM (ID, ORDER_ID, PRODUCT_ID, QUANTITY)
VALUES (12169, 505, 48, 0);
INSERT INTO ORDER_ITEM (ID, ORDER_ID, PRODUCT_ID, QUANTITY)
VALUES (12170, 505, 20, 18);
INSERT INTO ORDER_ITEM (ID, ORDER_ID, PRODUCT_ID, QUANTITY)
VALUES (12171, 505, 38, 7);
INSERT INTO ORDER_ITEM (ID, ORDER_ID, PRODUCT_ID, QUANTITY)
VALUES (12172, 505, 32, 18);
INSERT INTO ORDER_ITEM (ID, ORDER_ID, PRODUCT_ID, QUANTITY)
VALUES (12173, 505, 14, 13);
INSERT INTO ORDER_ITEM (ID, ORDER_ID, PRODUCT_ID, QUANTITY)
VALUES (12174, 505, 27, 13);
INSERT INTO ORDER_ITEM (ID, ORDER_ID, PRODUCT_ID, QUANTITY)
VALUES (12175, 505, 11, 2);
INSERT INTO ORDER_ITEM (ID, ORDER_ID, PRODUCT_ID, QUANTITY)
VALUES (12176, 505, 12, 16);
INSERT INTO ORDER_ITEM (ID, ORDER_ID, PRODUCT_ID, QUANTITY)
VALUES (12177, 505, 31, 13);
INSERT INTO ORDER_ITEM (ID, ORDER_ID, PRODUCT_ID, QUANTITY)
VALUES (12178, 505, 25, 2);
INSERT INTO ORDER_ITEM (ID, ORDER_ID, PRODUCT_ID, QUANTITY)
VALUES (12179, 505, 15, 5);
INSERT INTO ORDER_ITEM (ID, ORDER_ID, PRODUCT_ID, QUANTITY)
VALUES (12180, 505, 57, 1);
INSERT INTO ORDER_ITEM (ID, ORDER_ID, PRODUCT_ID, QUANTITY)
VALUES (12181, 505, 40, 4);
INSERT INTO ORDER_ITEM (ID, ORDER_ID, PRODUCT_ID, QUANTITY)
VALUES (12182, 505, 36, 13);
INSERT INTO ORDER_ITEM (ID, ORDER_ID, PRODUCT_ID, QUANTITY)
VALUES (12183, 505, 53, 14);
INSERT INTO ORDER_ITEM (ID, ORDER_ID, PRODUCT_ID, QUANTITY)
VALUES (12184, 505, 55, 3);
INSERT INTO ORDER_ITEM (ID, ORDER_ID, PRODUCT_ID, QUANTITY)
VALUES (12185, 505, 60, 13);
INSERT INTO ORDER_ITEM (ID, ORDER_ID, PRODUCT_ID, QUANTITY)
VALUES (12186, 505, 13, 2);
INSERT INTO ORDER_ITEM (ID, ORDER_ID, PRODUCT_ID, QUANTITY)
VALUES (12187, 505, 35, 1);
INSERT INTO ORDER_ITEM (ID, ORDER_ID, PRODUCT_ID, QUANTITY)
VALUES (12188, 505, 24, 11);
INSERT INTO ORDER_ITEM (ID, ORDER_ID, PRODUCT_ID, QUANTITY)
VALUES (12189, 505, 22, 8);
INSERT INTO ORDER_ITEM (ID, ORDER_ID, PRODUCT_ID, QUANTITY)
VALUES (12190, 505, 59, 20);
INSERT INTO ORDER_ITEM (ID, ORDER_ID, PRODUCT_ID, QUANTITY)
VALUES (12191, 505, 58, 5);
INSERT INTO ORDER_ITEM (ID, ORDER_ID, PRODUCT_ID, QUANTITY)
VALUES (12192, 505, 56, 4);
INSERT INTO ORDER_ITEM (ID, ORDER_ID, PRODUCT_ID, QUANTITY)
VALUES (12193, 505, 52, 7);
INSERT INTO ORDER_ITEM (ID, ORDER_ID, PRODUCT_ID, QUANTITY)
VALUES (12194, 505, 42, 4);
INSERT INTO ORDER_ITEM (ID, ORDER_ID, PRODUCT_ID, QUANTITY)
VALUES (12195, 505, 46, 5);
INSERT INTO ORDER_ITEM (ID, ORDER_ID, PRODUCT_ID, QUANTITY)
VALUES (12196, 505, 19, 9);
INSERT INTO ORDER_ITEM (ID, ORDER_ID, PRODUCT_ID, QUANTITY)
VALUES (12197, 505, 33, 12);
INSERT INTO ORDER_ITEM (ID, ORDER_ID, PRODUCT_ID, QUANTITY)
VALUES (12198, 505, 39, 17);
INSERT INTO ORDER_ITEM (ID, ORDER_ID, PRODUCT_ID, QUANTITY)
VALUES (12199, 505, 50, 16);
INSERT INTO ORDER_ITEM (ID, ORDER_ID, PRODUCT_ID, QUANTITY)
VALUES (12200, 505, 18, 1);
INSERT INTO ORDER_ITEM (ID, ORDER_ID, PRODUCT_ID, QUANTITY)
VALUES (12201, 505, 51, 7);
INSERT INTO ORDER_ITEM (ID, ORDER_ID, PRODUCT_ID, QUANTITY)
VALUES (12202, 505, 49, 0);
INSERT INTO ORDER_ITEM (ID, ORDER_ID, PRODUCT_ID, QUANTITY)
VALUES (12203, 505, 30, 10);
-- ### ORDER 496
INSERT INTO PAYMENT_DETAIL(ID, AMOUNT, PROVIDER, PROVIDER_PAYMENT_UUID)
VALUES (506, 3118.0, 'VISA', '879649160');
INSERT INTO ORDERS (ID, CUST_ID, PAYMENT_ID, STATUS, AMOUNT, CREATED_ON, UPDATED_ON)
VALUES (506, 777, 506, 'DELIVERED', 3118.0, LOCALTIMESTAMP, LOCALTIMESTAMP);
INSERT INTO ORDER_ITEM (ID, ORDER_ID, PRODUCT_ID, QUANTITY)
VALUES (12204, 506, 32, 12);
INSERT INTO ORDER_ITEM (ID, ORDER_ID, PRODUCT_ID, QUANTITY)
VALUES (12205, 506, 14, 2);
INSERT INTO ORDER_ITEM (ID, ORDER_ID, PRODUCT_ID, QUANTITY)
VALUES (12206, 506, 40, 9);
INSERT INTO ORDER_ITEM (ID, ORDER_ID, PRODUCT_ID, QUANTITY)
VALUES (12207, 506, 45, 11);
INSERT INTO ORDER_ITEM (ID, ORDER_ID, PRODUCT_ID, QUANTITY)
VALUES (12208, 506, 48, 15);
INSERT INTO ORDER_ITEM (ID, ORDER_ID, PRODUCT_ID, QUANTITY)
VALUES (12209, 506, 46, 4);
INSERT INTO ORDER_ITEM (ID, ORDER_ID, PRODUCT_ID, QUANTITY)
VALUES (12210, 506, 26, 20);
INSERT INTO ORDER_ITEM (ID, ORDER_ID, PRODUCT_ID, QUANTITY)
VALUES (12211, 506, 50, 14);
INSERT INTO ORDER_ITEM (ID, ORDER_ID, PRODUCT_ID, QUANTITY)
VALUES (12212, 506, 56, 2);
INSERT INTO ORDER_ITEM (ID, ORDER_ID, PRODUCT_ID, QUANTITY)
VALUES (12213, 506, 19, 8);
INSERT INTO ORDER_ITEM (ID, ORDER_ID, PRODUCT_ID, QUANTITY)
VALUES (12214, 506, 47, 20);
INSERT INTO ORDER_ITEM (ID, ORDER_ID, PRODUCT_ID, QUANTITY)
VALUES (12215, 506, 25, 2);
INSERT INTO ORDER_ITEM (ID, ORDER_ID, PRODUCT_ID, QUANTITY)
VALUES (12216, 506, 49, 11);
INSERT INTO ORDER_ITEM (ID, ORDER_ID, PRODUCT_ID, QUANTITY)
VALUES (12217, 506, 57, 19);
INSERT INTO ORDER_ITEM (ID, ORDER_ID, PRODUCT_ID, QUANTITY)
VALUES (12218, 506, 17, 18);
INSERT INTO ORDER_ITEM (ID, ORDER_ID, PRODUCT_ID, QUANTITY)
VALUES (12219, 506, 59, 4);
INSERT INTO ORDER_ITEM (ID, ORDER_ID, PRODUCT_ID, QUANTITY)
VALUES (12220, 506, 21, 8);
-- ### ORDER 497
INSERT INTO PAYMENT_DETAIL(ID, AMOUNT, PROVIDER, PROVIDER_PAYMENT_UUID)
VALUES (507, 2405.0, 'VISA', '233055457');
INSERT INTO ORDERS (ID, CUST_ID, PAYMENT_ID, STATUS, AMOUNT, CREATED_ON, UPDATED_ON)
VALUES (507, 777, 507, 'DELIVERED', 2405.0, LOCALTIMESTAMP, LOCALTIMESTAMP);
INSERT INTO ORDER_ITEM (ID, ORDER_ID, PRODUCT_ID, QUANTITY)
VALUES (12221, 507, 20, 12);
INSERT INTO ORDER_ITEM (ID, ORDER_ID, PRODUCT_ID, QUANTITY)
VALUES (12222, 507, 16, 17);
INSERT INTO ORDER_ITEM (ID, ORDER_ID, PRODUCT_ID, QUANTITY)
VALUES (12223, 507, 14, 15);
INSERT INTO ORDER_ITEM (ID, ORDER_ID, PRODUCT_ID, QUANTITY)
VALUES (12224, 507, 49, 18);
INSERT INTO ORDER_ITEM (ID, ORDER_ID, PRODUCT_ID, QUANTITY)
VALUES (12225, 507, 35, 16);
INSERT INTO ORDER_ITEM (ID, ORDER_ID, PRODUCT_ID, QUANTITY)
VALUES (12226, 507, 29, 7);
INSERT INTO ORDER_ITEM (ID, ORDER_ID, PRODUCT_ID, QUANTITY)
VALUES (12227, 507, 32, 10);
INSERT INTO ORDER_ITEM (ID, ORDER_ID, PRODUCT_ID, QUANTITY)
VALUES (12228, 507, 43, 1);
INSERT INTO ORDER_ITEM (ID, ORDER_ID, PRODUCT_ID, QUANTITY)
VALUES (12229, 507, 18, 13);
INSERT INTO ORDER_ITEM (ID, ORDER_ID, PRODUCT_ID, QUANTITY)
VALUES (12230, 507, 23, 4);
INSERT INTO ORDER_ITEM (ID, ORDER_ID, PRODUCT_ID, QUANTITY)
VALUES (12231, 507, 55, 1);
INSERT INTO ORDER_ITEM (ID, ORDER_ID, PRODUCT_ID, QUANTITY)
VALUES (12232, 507, 11, 4);
INSERT INTO ORDER_ITEM (ID, ORDER_ID, PRODUCT_ID, QUANTITY)
VALUES (12233, 507, 22, 9);
INSERT INTO ORDER_ITEM (ID, ORDER_ID, PRODUCT_ID, QUANTITY)
VALUES (12234, 507, 13, 19);
INSERT INTO ORDER_ITEM (ID, ORDER_ID, PRODUCT_ID, QUANTITY)
VALUES (12235, 507, 34, 11);
INSERT INTO ORDER_ITEM (ID, ORDER_ID, PRODUCT_ID, QUANTITY)
VALUES (12236, 507, 60, 18);
INSERT INTO ORDER_ITEM (ID, ORDER_ID, PRODUCT_ID, QUANTITY)
VALUES (12237, 507, 46, 11);
INSERT INTO ORDER_ITEM (ID, ORDER_ID, PRODUCT_ID, QUANTITY)
VALUES (12238, 507, 17, 4);
INSERT INTO ORDER_ITEM (ID, ORDER_ID, PRODUCT_ID, QUANTITY)
VALUES (12239, 507, 28, 11);
INSERT INTO ORDER_ITEM (ID, ORDER_ID, PRODUCT_ID, QUANTITY)
VALUES (12240, 507, 44, 9);
INSERT INTO ORDER_ITEM (ID, ORDER_ID, PRODUCT_ID, QUANTITY)
VALUES (12241, 507, 54, 4);
INSERT INTO ORDER_ITEM (ID, ORDER_ID, PRODUCT_ID, QUANTITY)
VALUES (12242, 507, 50, 20);
INSERT INTO ORDER_ITEM (ID, ORDER_ID, PRODUCT_ID, QUANTITY)
VALUES (12243, 507, 21, 0);
INSERT INTO ORDER_ITEM (ID, ORDER_ID, PRODUCT_ID, QUANTITY)
VALUES (12244, 507, 38, 2);
INSERT INTO ORDER_ITEM (ID, ORDER_ID, PRODUCT_ID, QUANTITY)
VALUES (12245, 507, 12, 16);
INSERT INTO ORDER_ITEM (ID, ORDER_ID, PRODUCT_ID, QUANTITY)
VALUES (12246, 507, 42, 9);
INSERT INTO ORDER_ITEM (ID, ORDER_ID, PRODUCT_ID, QUANTITY)
VALUES (12247, 507, 48, 10);
INSERT INTO ORDER_ITEM (ID, ORDER_ID, PRODUCT_ID, QUANTITY)
VALUES (12248, 507, 41, 10);
INSERT INTO ORDER_ITEM (ID, ORDER_ID, PRODUCT_ID, QUANTITY)
VALUES (12249, 507, 24, 5);
INSERT INTO ORDER_ITEM (ID, ORDER_ID, PRODUCT_ID, QUANTITY)
VALUES (12250, 507, 39, 7);
INSERT INTO ORDER_ITEM (ID, ORDER_ID, PRODUCT_ID, QUANTITY)
VALUES (12251, 507, 51, 18);
INSERT INTO ORDER_ITEM (ID, ORDER_ID, PRODUCT_ID, QUANTITY)
VALUES (12252, 507, 30, 11);
INSERT INTO ORDER_ITEM (ID, ORDER_ID, PRODUCT_ID, QUANTITY)
VALUES (12253, 507, 52, 10);
INSERT INTO ORDER_ITEM (ID, ORDER_ID, PRODUCT_ID, QUANTITY)
VALUES (12254, 507, 57, 8);
INSERT INTO ORDER_ITEM (ID, ORDER_ID, PRODUCT_ID, QUANTITY)
VALUES (12255, 507, 45, 15);
INSERT INTO ORDER_ITEM (ID, ORDER_ID, PRODUCT_ID, QUANTITY)
VALUES (12256, 507, 53, 9);
INSERT INTO ORDER_ITEM (ID, ORDER_ID, PRODUCT_ID, QUANTITY)
VALUES (12257, 507, 19, 8);
INSERT INTO ORDER_ITEM (ID, ORDER_ID, PRODUCT_ID, QUANTITY)
VALUES (12258, 507, 33, 13);
INSERT INTO ORDER_ITEM (ID, ORDER_ID, PRODUCT_ID, QUANTITY)
VALUES (12259, 507, 15, 15);
INSERT INTO ORDER_ITEM (ID, ORDER_ID, PRODUCT_ID, QUANTITY)
VALUES (12260, 507, 59, 10);
INSERT INTO ORDER_ITEM (ID, ORDER_ID, PRODUCT_ID, QUANTITY)
VALUES (12261, 507, 47, 18);
INSERT INTO ORDER_ITEM (ID, ORDER_ID, PRODUCT_ID, QUANTITY)
VALUES (12262, 507, 58, 3);
INSERT INTO ORDER_ITEM (ID, ORDER_ID, PRODUCT_ID, QUANTITY)
VALUES (12263, 507, 56, 2);
INSERT INTO ORDER_ITEM (ID, ORDER_ID, PRODUCT_ID, QUANTITY)
VALUES (12264, 507, 27, 4);
INSERT INTO ORDER_ITEM (ID, ORDER_ID, PRODUCT_ID, QUANTITY)
VALUES (12265, 507, 31, 18);
-- ### ORDER 498
INSERT INTO PAYMENT_DETAIL(ID, AMOUNT, PROVIDER, PROVIDER_PAYMENT_UUID)
VALUES (508, 94.0, 'MASTERCARD', '230845426');
INSERT INTO ORDERS (ID, CUST_ID, PAYMENT_ID, STATUS, AMOUNT, CREATED_ON, UPDATED_ON)
VALUES (508, 777, 508, 'DELIVERED', 94.0, LOCALTIMESTAMP, LOCALTIMESTAMP);
INSERT INTO ORDER_ITEM (ID, ORDER_ID, PRODUCT_ID, QUANTITY)
VALUES (12266, 508, 17, 20);
INSERT INTO ORDER_ITEM (ID, ORDER_ID, PRODUCT_ID, QUANTITY)
VALUES (12267, 508, 49, 12);
INSERT INTO ORDER_ITEM (ID, ORDER_ID, PRODUCT_ID, QUANTITY)
VALUES (12268, 508, 12, 18);
INSERT INTO ORDER_ITEM (ID, ORDER_ID, PRODUCT_ID, QUANTITY)
VALUES (12269, 508, 22, 8);
INSERT INTO ORDER_ITEM (ID, ORDER_ID, PRODUCT_ID, QUANTITY)
VALUES (12270, 508, 16, 15);
INSERT INTO ORDER_ITEM (ID, ORDER_ID, PRODUCT_ID, QUANTITY)
VALUES (12271, 508, 35, 17);
INSERT INTO ORDER_ITEM (ID, ORDER_ID, PRODUCT_ID, QUANTITY)
VALUES (12272, 508, 31, 7);
-- ### ORDER 499
INSERT INTO PAYMENT_DETAIL(ID, AMOUNT, PROVIDER, PROVIDER_PAYMENT_UUID)
VALUES (509, 3071.0, 'MASTERCARD', '638608569');
INSERT INTO ORDERS (ID, CUST_ID, PAYMENT_ID, STATUS, AMOUNT, CREATED_ON, UPDATED_ON)
VALUES (509, 777, 509, 'DELIVERED', 3071.0, LOCALTIMESTAMP, LOCALTIMESTAMP);
INSERT INTO ORDER_ITEM (ID, ORDER_ID, PRODUCT_ID, QUANTITY)
VALUES (12273, 509, 18, 6);
INSERT INTO ORDER_ITEM (ID, ORDER_ID, PRODUCT_ID, QUANTITY)
VALUES (12274, 509, 20, 16);
INSERT INTO ORDER_ITEM (ID, ORDER_ID, PRODUCT_ID, QUANTITY)
VALUES (12275, 509, 46, 7);
INSERT INTO ORDER_ITEM (ID, ORDER_ID, PRODUCT_ID, QUANTITY)
VALUES (12276, 509, 52, 11);
INSERT INTO ORDER_ITEM (ID, ORDER_ID, PRODUCT_ID, QUANTITY)
VALUES (12277, 509, 38, 11);
INSERT INTO ORDER_ITEM (ID, ORDER_ID, PRODUCT_ID, QUANTITY)
VALUES (12278, 509, 32, 12);
INSERT INTO ORDER_ITEM (ID, ORDER_ID, PRODUCT_ID, QUANTITY)
VALUES (12279, 509, 37, 7);
-- ### ORDER 500
INSERT INTO PAYMENT_DETAIL(ID, AMOUNT, PROVIDER, PROVIDER_PAYMENT_UUID)
VALUES (510, 3835.0, 'MASTERCARD', '993351981');
INSERT INTO ORDERS (ID, CUST_ID, PAYMENT_ID, STATUS, AMOUNT, CREATED_ON, UPDATED_ON)
VALUES (510, 777, 510, 'DELIVERED', 3835.0, LOCALTIMESTAMP, LOCALTIMESTAMP);
INSERT INTO ORDER_ITEM (ID, ORDER_ID, PRODUCT_ID, QUANTITY)
VALUES (12280, 510, 16, 9);
INSERT INTO ORDER_ITEM (ID, ORDER_ID, PRODUCT_ID, QUANTITY)
VALUES (12281, 510, 48, 13);
INSERT INTO ORDER_ITEM (ID, ORDER_ID, PRODUCT_ID, QUANTITY)
VALUES (12282, 510, 49, 18);
INSERT INTO ORDER_ITEM (ID, ORDER_ID, PRODUCT_ID, QUANTITY)
VALUES (12283, 510, 17, 20);
INSERT INTO ORDER_ITEM (ID, ORDER_ID, PRODUCT_ID, QUANTITY)
VALUES (12284, 510, 57, 19);
INSERT INTO ORDER_ITEM (ID, ORDER_ID, PRODUCT_ID, QUANTITY)
VALUES (12285, 510, 28, 19);
INSERT INTO ORDER_ITEM (ID, ORDER_ID, PRODUCT_ID, QUANTITY)
VALUES (12286, 510, 27, 4);
INSERT INTO ORDER_ITEM (ID, ORDER_ID, PRODUCT_ID, QUANTITY)
VALUES (12287, 510, 22, 14);
INSERT INTO ORDER_ITEM (ID, ORDER_ID, PRODUCT_ID, QUANTITY)
VALUES (12288, 510, 18, 17);
INSERT INTO ORDER_ITEM (ID, ORDER_ID, PRODUCT_ID, QUANTITY)
VALUES (12289, 510, 25, 18);
INSERT INTO ORDER_ITEM (ID, ORDER_ID, PRODUCT_ID, QUANTITY)
VALUES (12290, 510, 59, 5);
INSERT INTO ORDER_ITEM (ID, ORDER_ID, PRODUCT_ID, QUANTITY)
VALUES (12291, 510, 55, 6);
INSERT INTO ORDER_ITEM (ID, ORDER_ID, PRODUCT_ID, QUANTITY)
VALUES (12292, 510, 40, 19);
INSERT INTO ORDER_ITEM (ID, ORDER_ID, PRODUCT_ID, QUANTITY)
VALUES (12293, 510, 60, 14);
INSERT INTO ORDER_ITEM (ID, ORDER_ID, PRODUCT_ID, QUANTITY)
VALUES (12294, 510, 30, 4);
INSERT INTO ORDER_ITEM (ID, ORDER_ID, PRODUCT_ID, QUANTITY)
VALUES (12295, 510, 35, 5);
INSERT INTO ORDER_ITEM (ID, ORDER_ID, PRODUCT_ID, QUANTITY)
VALUES (12296, 510, 36, 3);
INSERT INTO ORDER_ITEM (ID, ORDER_ID, PRODUCT_ID, QUANTITY)
VALUES (12297, 510, 37, 1);
INSERT INTO ORDER_ITEM (ID, ORDER_ID, PRODUCT_ID, QUANTITY)
VALUES (12298, 510, 58, 0);
INSERT INTO ORDER_ITEM (ID, ORDER_ID, PRODUCT_ID, QUANTITY)
VALUES (12299, 510, 21, 8);
INSERT INTO ORDER_ITEM (ID, ORDER_ID, PRODUCT_ID, QUANTITY)
VALUES (12300, 510, 43, 2);
INSERT INTO ORDER_ITEM (ID, ORDER_ID, PRODUCT_ID, QUANTITY)
VALUES (12301, 510, 39, 8);
INSERT INTO ORDER_ITEM (ID, ORDER_ID, PRODUCT_ID, QUANTITY)
VALUES (12302, 510, 41, 16);
INSERT INTO ORDER_ITEM (ID, ORDER_ID, PRODUCT_ID, QUANTITY)
VALUES (12303, 510, 54, 16);
INSERT INTO ORDER_ITEM (ID, ORDER_ID, PRODUCT_ID, QUANTITY)
VALUES (12304, 510, 23, 13);
INSERT INTO ORDER_ITEM (ID, ORDER_ID, PRODUCT_ID, QUANTITY)
VALUES (12305, 510, 44, 11);
INSERT INTO ORDER_ITEM (ID, ORDER_ID, PRODUCT_ID, QUANTITY)
VALUES (12306, 510, 33, 5);
INSERT INTO ORDER_ITEM (ID, ORDER_ID, PRODUCT_ID, QUANTITY)
VALUES (12307, 510, 13, 1);
INSERT INTO ORDER_ITEM (ID, ORDER_ID, PRODUCT_ID, QUANTITY)
VALUES (12308, 510, 26, 10);
INSERT INTO ORDER_ITEM (ID, ORDER_ID, PRODUCT_ID, QUANTITY)
VALUES (12309, 510, 46, 15);
INSERT INTO ORDER_ITEM (ID, ORDER_ID, PRODUCT_ID, QUANTITY)
VALUES (12310, 510, 29, 16);
INSERT INTO ORDER_ITEM (ID, ORDER_ID, PRODUCT_ID, QUANTITY)
VALUES (12311, 510, 31, 10);
INSERT INTO ORDER_ITEM (ID, ORDER_ID, PRODUCT_ID, QUANTITY)
VALUES (12312, 510, 50, 6);
INSERT INTO ORDER_ITEM (ID, ORDER_ID, PRODUCT_ID, QUANTITY)
VALUES (12313, 510, 47, 4);
INSERT INTO ORDER_ITEM (ID, ORDER_ID, PRODUCT_ID, QUANTITY)
VALUES (12314, 510, 53, 11);
INSERT INTO ORDER_ITEM (ID, ORDER_ID, PRODUCT_ID, QUANTITY)
VALUES (12315, 510, 52, 2);
INSERT INTO ORDER_ITEM (ID, ORDER_ID, PRODUCT_ID, QUANTITY)
VALUES (12316, 510, 32, 16);
INSERT INTO ORDER_ITEM (ID, ORDER_ID, PRODUCT_ID, QUANTITY)
VALUES (12317, 510, 15, 11);
INSERT INTO ORDER_ITEM (ID, ORDER_ID, PRODUCT_ID, QUANTITY)
VALUES (12318, 510, 11, 4);
INSERT INTO ORDER_ITEM (ID, ORDER_ID, PRODUCT_ID, QUANTITY)
VALUES (12319, 510, 12, 3);